node,degree_centrality,in_degree_centrality,out_degree_centrality,betweenness_centrality,closeness_centrality,eigenvector_centrality,pagerank,raw_in_degree,raw_out_degree,raw_total_degree
tdn.com,0.029197080291970802,0.006256517205422315,0.022940563086548488,0.005394157399177384,0.2015863493606013,0.029790294095557203,0.0009196163194459774,6,22,28
azstarnet.com,0.00521376433785193,0.00521376433785193,0.0,0.0,0.19330383563960205,0.023026881829048187,0.0008371840468593382,5,0,5
wikio.com,0.06256517205422316,0.008342022940563087,0.054223149113660066,0.020972133748192772,0.210102981949867,0.05602409646203599,0.0010826004364766807,8,52,60
thestate.com,0.009384775808133473,0.00521376433785193,0.004171011470281543,0.00299752934987058,0.19147498884869552,0.02447196614094999,0.0016920230796767213,5,4,9
ctv.ca,0.013555787278415016,0.011470281543274244,0.0020855057351407717,0.0022342984922896275,0.20424479782617067,0.0385306926726769,0.0014266599925062949,11,2,13
cnsnews.com,0.022940563086548488,0.01042752867570386,0.01251303441084463,0.005763825371292662,0.2119099661574108,0.04796517670278186,0.0017895266137976963,10,12,22
seattletimes.nwsource.com,0.040667361835245046,0.013555787278415016,0.027111574556830033,0.017077849779082718,0.22427211147317205,0.07934224787923543,0.001827126535366368,13,26,39
cnn.com,0.035453597497393116,0.01251303441084463,0.022940563086548488,0.010918395854203533,0.21240818708097842,0.05273486207580787,0.0021033698991470297,12,22,34
edition.cnn.com,0.016684045881126174,0.0072992700729927005,0.009384775808133473,0.00181239586984321,0.20302085896279287,0.03854855613072299,0.0008506619367073396,7,9,16
aikenstandard.com,0.0031282586027111575,0.0031282586027111575,0.0,0.0,0.19099451363969117,0.019876520357592325,0.0006514977825024812,3,0,3
startribune.com,0.11366006256517205,0.01564129301355579,0.09801876955161627,0.0464749058416465,0.23135539625721593,0.08385999246981009,0.001894538021068321,15,94,109
baltimoresun.com,0.027111574556830033,0.01042752867570386,0.016684045881126174,0.00845398016384963,0.21831079074935839,0.05157662508198293,0.0023147379197601585,10,16,26
northjersey.com,0.027111574556830033,0.01564129301355579,0.011470281543274244,0.010501826128553285,0.2239015668858558,0.06280667269720794,0.002463175034695532,15,11,26
gazette.com,0.013555787278415016,0.009384775808133473,0.004171011470281543,0.0023963851264764855,0.2054057193750121,0.04760338630965005,0.0010531099219185528,9,4,13
mysinchew.com,0.013555787278415016,0.009384775808133473,0.004171011470281543,0.002919311121467964,0.20650121654501216,0.04453309149164572,0.0015920408133848207,9,4,13
bismarcktribune.com,0.016684045881126174,0.0072992700729927005,0.009384775808133473,0.002369129727580786,0.20370751350268956,0.04932807391410577,0.0008226488774779519,7,9,16
usatoday.com,0.026068821689259645,0.01042752867570386,0.01564129301355579,0.007732335829272781,0.21149656396045918,0.05307992151355527,0.001374410186205625,10,15,25
foxnews.com,0.016684045881126174,0.009384775808133473,0.0072992700729927005,0.0019906882039914886,0.20792700169952316,0.044310130157999866,0.0009973742775623328,9,7,16
msnbc.msn.com,0.01981230448383733,0.01564129301355579,0.004171011470281543,0.004967411835489007,0.22998120213434742,0.08403890822333067,0.003758080555421919,15,4,19
stltoday.com,0.021897810218978103,0.01251303441084463,0.009384775808133473,0.005997800922024818,0.21673958153964692,0.05638460282273264,0.0019996833565116196,12,9,21
celebitchy.com,0.01251303441084463,0.0072992700729927005,0.00521376433785193,0.0012005612749636106,0.20302085896279287,0.04034340183012039,0.0013128333735106155,7,5,12
celebritymound.com,0.01042752867570386,0.009384775808133473,0.0010427528675703858,6.414533987888288e-05,0.20419623809863297,0.04284101786640572,0.0025574424376376445,9,1,10
whatsonwinnipeg.com,0.006256517205422315,0.004171011470281543,0.0020855057351407717,0.000338471901254368,0.18913666902674703,0.022161459332880294,0.0007075723863845114,4,2,6
64.90.166.18,0.03232533889468196,0.00521376433785193,0.027111574556830033,0.0037705649074369824,0.19324980157955682,0.028501423328135607,0.0009862103011821543,5,26,31
celebrityblend.com,0.01251303441084463,0.008342022940563087,0.004171011470281543,0.0009037213420488911,0.20888851384611057,0.05574130866128655,0.0010247108222547583,8,4,12
nydailynews.com,0.028154327424400417,0.01981230448383733,0.008342022940563087,0.012905517273324743,0.23455893268310554,0.09317338676002228,0.0032141580566676293,19,8,27
salon.com,0.045881126173096975,0.009384775808133473,0.03649635036496351,0.013072154790989948,0.2131599266341553,0.056374892558675886,0.0009230327074258913,9,35,44
wyomingnews.com,0.028154327424400417,0.0031282586027111575,0.02502606882168926,0.007594170958644322,0.191881661391383,0.022861905937263068,0.000538984511579375,3,24,27
kolotv.com,0.0031282586027111575,0.0031282586027111575,0.0,0.0,0.17540186699534074,0.009102913715426158,0.00040682234732080535,3,0,3
abluteau.wordpress.com,0.01981230448383733,0.009384775808133473,0.01042752867570386,0.0035794211206762686,0.2081665489365042,0.04668974271317529,0.000955004594330782,9,10,19
publicbroadcasting.net,0.027111574556830033,0.006256517205422315,0.02085505735140772,0.002217155598088243,0.1982683589724422,0.029871483703077725,0.0006894108299027072,6,20,26
mobile.reuters.com,0.016684045881126174,0.0072992700729927005,0.009384775808133473,0.0011666108258761342,0.20031991627149182,0.034432777131355105,0.0006731489876964089,7,9,16
news.com.au,0.035453597497393116,0.017726798748696558,0.017726798748696558,0.010815192927068226,0.23284608824340933,0.1087235429791577,0.003091695710626013,17,17,34
iafrica.com,0.013555787278415016,0.008342022940563087,0.00521376433785193,0.0009218990682852164,0.20173639502443502,0.04604363435022852,0.0013574114946318648,8,5,13
washingtontimes.com,0.022940563086548488,0.01251303441084463,0.01042752867570386,0.00892636883589826,0.21476453780929353,0.06020872430057141,0.0029427391928624385,12,10,22
timesleader.com,0.009384775808133473,0.004171011470281543,0.00521376433785193,0.0008534555105100214,0.18532160459167757,0.016313494177646486,0.0005876561368814951,4,5,9
philly.com,0.03232533889468196,0.014598540145985401,0.017726798748696558,0.012382563261456403,0.2287197018694755,0.07422972802422725,0.002205144984566236,14,17,31
bostonherald.com,0.02502606882168926,0.016684045881126174,0.008342022940563087,0.00983421167497956,0.22690066698646166,0.08231524743400945,0.003224239008233651,16,8,24
livenews.com.au,0.013555787278415016,0.0072992700729927005,0.006256517205422315,0.004418651000503445,0.20681636529212397,0.03988495296777412,0.0024083404695412194,7,6,13
www2.journalnow.com,0.02502606882168926,0.01042752867570386,0.014598540145985401,0.010345135769993932,0.2041678694654075,0.03772750494217355,0.0017437057643349563,10,14,24
topics.cnn.com,0.0020855057351407717,0.0020855057351407717,0.0,0.0,0.16834016284253978,0.007060083545045419,0.00046723831734254593,2,0,2
boston.com,0.029197080291970802,0.01042752867570386,0.018769551616266946,0.009650772650453294,0.21207577990244794,0.06735766871678306,0.0011210585188162181,10,18,28
bloomberg.com,0.023983315954118876,0.008342022940563087,0.01564129301355579,0.006620687696444125,0.20610862868085814,0.03441416752353503,0.0028551405913784613,8,15,23
theautomaticearth.blogspot.com,0.013555787278415016,0.006256517205422315,0.0072992700729927005,0.0022377811983650795,0.2110847715851468,0.03567277774295527,0.0024279692533665845,6,7,13
indybay.org,0.01251303441084463,0.006256517205422315,0.006256517205422315,0.00046882429340744635,0.1991424296218431,0.031117325170503477,0.0010219445419808926,6,6,12
globalresearch.ca,0.022940563086548488,0.009384775808133473,0.013555787278415016,0.002912485750619729,0.20031991627149182,0.03850840605753419,0.0023981370732663637,9,13,22
washingtonpost.com,0.05318039624608968,0.013555787278415016,0.03962460896767466,0.02523964443885716,0.21553307889886955,0.057560536722441207,0.0020914544484826833,13,38,51
wral.com,0.06465067778936393,0.00521376433785193,0.059436913451511995,0.026767942679494304,0.19533898862366017,0.023873746174150813,0.0008245414927904156,5,57,62
apnews.myway.com,0.0020855057351407717,0.0020855057351407717,0.0,0.0,0.1690206423565177,0.0068991108845275935,0.0004231504973965234,2,0,2
seattlepi.com,0.023983315954118876,0.00521376433785193,0.018769551616266946,0.010620775893795197,0.19569158607604942,0.028659661641737118,0.0005870347734371731,5,18,23
myfox47.com,0.0031282586027111575,0.0031282586027111575,0.0,0.0,0.17125721040282324,0.007291049204487941,0.0005441289541482132,3,0,3
fox47news.com,0.0031282586027111575,0.0031282586027111575,0.0,0.0,0.17125721040282324,0.007291049204487941,0.0005441289541482132,3,0,3
clkurl.com,0.021897810218978103,0.006256517205422315,0.01564129301355579,0.005042410078662849,0.18756598388604045,0.016337918309227026,0.0009688207979786543,6,15,21
nashuatelegraph.com,0.00521376433785193,0.004171011470281543,0.0010427528675703858,0.0015736208522965037,0.1819012394062607,0.010506322815159706,0.00127006869887296,4,1,5
thehawkeye.com,0.0031282586027111575,0.0031282586027111575,0.0,0.0,0.17405391796943998,0.012091867273061746,0.0005030209256498188,3,0,3
showhype.com,0.04171011470281544,0.014598540145985401,0.027111574556830033,0.01423412537047349,0.2237167533762513,0.08564100016450295,0.002001865174735119,14,26,40
instablogs.com,0.006256517205422315,0.0031282586027111575,0.0031282586027111575,0.00021803435478402915,0.17884054550665027,0.011006920837195509,0.00043447462125464556,3,3,6
tucsoncitizen.com,0.026068821689259645,0.01042752867570386,0.01564129301355579,0.0135676974415933,0.21224185334011628,0.037685040544576706,0.0026506132110320573,10,15,25
chron.com,0.022940563086548488,0.01042752867570386,0.01251303441084463,0.004825723867562081,0.22234031723981004,0.06710282345503843,0.001332139526393477,10,12,22
theledger.com,0.016684045881126174,0.01042752867570386,0.006256517205422315,0.0036192511613812707,0.21002157823737191,0.049462901136511715,0.0017220370278632257,10,6,16
kentucky.com,0.014598540145985401,0.0072992700729927005,0.0072992700729927005,0.0029304147869470367,0.19661432478442395,0.0375446898846559,0.0014141672879033986,7,7,14
postchronicle.com,0.02502606882168926,0.014598540145985401,0.01042752867570386,0.0067917140609840936,0.22316413891752032,0.06677053812482957,0.0022449230908946566,14,10,24
truthout.org,0.03128258602711158,0.009384775808133473,0.021897810218978103,0.0058097857366716495,0.2046303108458501,0.04160811570009633,0.0026367716631907384,9,21,30
news.ninemsn.com.au,0.013555787278415016,0.0072992700729927005,0.006256517205422315,0.0007756632868289844,0.1903320552776183,0.03063434855195659,0.0008742314198929876,7,6,13
abc.net.au,0.01564129301355579,0.008342022940563087,0.0072992700729927005,0.0026034455434265458,0.20579563152264882,0.045421106090935866,0.0022875018003878146,8,7,15
wbt.com,0.054223149113660066,0.0020855057351407717,0.05213764337851929,0.0073370379551710154,0.16829111873041194,0.007635980409756013,0.00035811863163439956,2,50,52
feeds.cbsnews.com,0.008342022940563087,0.006256517205422315,0.0020855057351407717,0.00026516841088863126,0.20024591556359694,0.032493575423241515,0.0009031542691002028,6,2,8
countercurrents.org,0.018769551616266946,0.008342022940563087,0.01042752867570386,0.0028226658840786773,0.20009807804749238,0.03498568702032639,0.0017275770595175841,8,10,18
afterdowningstreet.org,0.013555787278415016,0.009384775808133473,0.004171011470281543,0.0010027418649621103,0.206658670770361,0.04280621665895505,0.0022241104993781413,9,4,13
rss.cnn.com,0.022940563086548488,0.0072992700729927005,0.01564129301355579,0.004848545677750142,0.20493977067321623,0.03983809563815461,0.0019822776189945893,7,15,22
bulletin.aarp.org,0.03023983315954119,0.017726798748696558,0.01251303441084463,0.00978697042866536,0.21682627737226276,0.05220747794680723,0.00408717332332924,17,12,29
archives.cnn.com,0.004171011470281543,0.0031282586027111575,0.0010427528675703858,0.0001841898607824318,0.18730673580879645,0.016674086448551027,0.0005587121244963734,3,1,4
denverpost.com,0.01981230448383733,0.0072992700729927005,0.01251303441084463,0.003646401860743077,0.20896904141505662,0.046826704365348304,0.0007255834618767039,7,12,19
cbsnews.com,0.02502606882168926,0.014598540145985401,0.01042752867570386,0.0068134186395523,0.23047010775112967,0.08584399246387395,0.0015797151497975296,14,10,24
freerepublic.com,0.08550573514077164,0.01981230448383733,0.06569343065693431,0.05702629084986619,0.24199361313868614,0.11477298890723694,0.003282790800050593,19,63,82
patdollard.com,0.016684045881126174,0.006256517205422315,0.01042752867570386,0.0026802012707905563,0.20286889724201232,0.0333335050628542,0.0014507012383272932,6,10,16
transcripts.cnn.com,0.0020855057351407717,0.0020855057351407717,0.0,0.0,0.1856456235719129,0.015519915728169704,0.0005060556074902938,2,0,2
wattpad.com,0.02502606882168926,0.011470281543274244,0.013555787278415016,0.007836294529596489,0.211992840606436,0.04279436416033214,0.002477356064141141,11,13,24
blogs.myspace.com,0.056308654848800835,0.017726798748696558,0.03858185610010428,0.030937227595494377,0.23096109647663268,0.08704401496826124,0.005809537092552494,17,37,54
eonline.com,0.013555787278415016,0.0072992700729927005,0.006256517205422315,0.000635377672276016,0.20626548456265484,0.04060116286954645,0.0006958869876731335,7,6,13
southcoasttoday.com,0.04483837330552659,0.0072992700729927005,0.03753910323253389,0.009483221502467208,0.19725825816253892,0.024077833033268606,0.0011235340768400554,7,36,43
columbian.com,0.0020855057351407717,0.0020855057351407717,0.0,0.0,0.16347981528377772,0.004664932140133825,0.00047401033305869447,2,0,2
uk.news.yahoo.com,0.04692387904066736,0.01564129301355579,0.03128258602711158,0.01694984395197921,0.22520386100151926,0.0856092887977278,0.0016580467747826133,15,30,45
iol.co.za,0.016684045881126174,0.01042752867570386,0.006256517205422315,0.004437654273017413,0.21026597883268308,0.06143895646449196,0.0021349891683311363,10,6,16
thehour.com,0.011470281543274244,0.006256517205422315,0.00521376433785193,0.0017838784530558236,0.19421916640295842,0.02324689860416111,0.0011496668136758135,6,5,11
stuff.co.nz,0.028154327424400417,0.018769551616266946,0.009384775808133473,0.004016453594474551,0.226143384827141,0.1016194523673253,0.0021454170073634034,18,9,27
kansascity.com,0.03858185610010428,0.013555787278415016,0.02502606882168926,0.021900143019435166,0.23224751218108694,0.09205672797057045,0.002386071070662645,13,24,37
fox14tv.com,0.004171011470281543,0.004171011470281543,0.0,0.0,0.16256402138747397,0.0058029309106693155,0.001197442621763735,4,0,4
timesdispatch.com,0.00521376433785193,0.00521376433785193,0.0,0.0,0.19078654662660138,0.017962755243038663,0.0010068909241400777,5,0,5
reuters.com,0.040667361835245046,0.01251303441084463,0.028154327424400417,0.008726850304353346,0.21708678151007485,0.06348987040381521,0.0013017344512305548,12,27,39
news.smh.com.au,0.021897810218978103,0.008342022940563087,0.013555787278415016,0.002156588234150075,0.19863162089800546,0.047707181449870587,0.000854799693447194,8,13,21
eldiariomontanes.es,0.011470281543274244,0.00521376433785193,0.006256517205422315,9.369679219200521e-05,0.16190731583950324,0.008170446204949092,0.0010751467049517774,5,6,11
farodevigo.es,0.014598540145985401,0.008342022940563087,0.006256517205422315,0.0007526553379837958,0.18165740396469734,0.01711309983781356,0.00194726203123375,8,6,14
diariovasco.com,0.006256517205422315,0.004171011470281543,0.0020855057351407717,0.00013483414694922472,0.1571660462251832,0.006768573567527654,0.0008106054384845816,4,2,6
semissourian.com,0.013555787278415016,0.0072992700729927005,0.006256517205422315,0.002339815284823772,0.19304333811633081,0.01781588197779546,0.0012002201186942065,7,6,13
timesoftheinternet.com,0.01981230448383733,0.011470281543274244,0.008342022940563087,0.0029823676693725163,0.21544741392315458,0.05886263265552444,0.0015813466408593733,11,8,19
topics.edition.cnn.com,0.0031282586027111575,0.0031282586027111575,0.0,0.0,0.18906796028471687,0.019981407901087832,0.0008528188497285793,3,0,3
upi.com,0.03128258602711158,0.01042752867570386,0.02085505735140772,0.00884908673291516,0.22134164697046016,0.06261951720073895,0.0021942520035621933,10,20,30
am1070wdia.com,0.009384775808133473,0.008342022940563087,0.0010427528675703858,0.00037481172836395597,0.20046808189003584,0.03598545897568808,0.0011693462239209958,8,1,9
uk.reuters.com,0.04796663190823775,0.01042752867570386,0.03753910323253389,0.013308163334466355,0.2140859768683479,0.04781502882566331,0.0014632347235290365,10,36,46
pantagraph.com,0.009384775808133473,0.004171011470281543,0.00521376433785193,0.0014753570750973709,0.18319219108842746,0.015164553035751439,0.0008758485633930151,4,5,9
in.news.yahoo.com,0.022940563086548488,0.013555787278415016,0.009384775808133473,0.005465753484458461,0.22116103363143896,0.07886835329821622,0.0013018350157632287,13,9,22
blog.taragana.com,0.03128258602711158,0.01251303441084463,0.018769551616266946,0.008985321488916348,0.21972666940845437,0.07507054697871218,0.0014271771174809602,12,18,30
isavesmart.com,0.004171011470281543,0.004171011470281543,0.0,0.0,0.18834732678375957,0.02236947555263057,0.0008836801019859778,4,0,4
wikio.co.uk,0.023983315954118876,0.011470281543274244,0.01251303441084463,0.0037304150387881814,0.21743509564005492,0.06400955123456495,0.0015121215523603618,11,12,23
icelebz.com,0.011470281543274244,0.0072992700729927005,0.004171011470281543,0.0008922361383857729,0.20370751350268956,0.043641852657898064,0.0009523606610417004,7,4,11
hosted.ap.org,0.0020855057351407717,0.0020855057351407717,0.0,0.0,0.18271273472892807,0.01570566444104412,0.00030956257109478614,2,0,2
wibw.com,0.00521376433785193,0.004171011470281543,0.0010427528675703858,5.81729697963989e-05,0.18570904879349537,0.02448611749792211,0.0004840743416895932,4,1,5
mercurynews.com,0.027111574556830033,0.01564129301355579,0.011470281543274244,0.010705754126112871,0.228238186707645,0.07831954933683818,0.0038221510689287557,15,11,26
us.cnn.com,0.008342022940563087,0.0010427528675703858,0.0072992700729927005,0.00020187564923942656,0.16576932520815196,0.005905912824664095,0.00037403445269605033,1,7,8
cgi.cnn.com,0.0020855057351407717,0.0020855057351407717,0.0,0.0,0.1856456235719129,0.015519915728169704,0.00048709664041039926,2,0,2
rutlandherald.com,0.011470281543274244,0.009384775808133473,0.0020855057351407717,0.00221741950596443,0.20076507164098403,0.033415580236719866,0.0013449004060393033,9,2,11
cbs4.com,0.00521376433785193,0.004171011470281543,0.0010427528675703858,4.849825523085644e-05,0.19526862155283028,0.025754910561950325,0.0006746361743354178,4,1,5
feeds.reuters.com,0.0072992700729927005,0.006256517205422315,0.0010427528675703858,0.00048219954970167296,0.19456772915673257,0.022546482596656727,0.0008474137467467909,6,1,7
kdka.com,0.0031282586027111575,0.0031282586027111575,0.0,0.0,0.18660157425971882,0.015538985264017945,0.00037065347814445033,3,0,3
premium.cnn.com,0.0020855057351407717,0.0020855057351407717,0.0,0.0,0.1856456235719129,0.015519915728169704,0.0004844672269297723,2,0,2
dynamic.cnn.com,0.0010427528675703858,0.0010427528675703858,0.0,0.0,0.16602638540579137,0.005905912824664095,0.00037140503921542344,1,0,1
dandelionsalad.wordpress.com,0.011470281543274244,0.0072992700729927005,0.004171011470281543,0.0008693559279870005,0.20896904141505662,0.04210936511065015,0.002104885937416755,7,4,11
elpais.com,0.01251303441084463,0.00521376433785193,0.0072992700729927005,0.0008537833359994936,0.17949195146710495,0.014790433370684093,0.0015667263875350948,5,7,12
diarioinformacion.com,0.01564129301355579,0.008342022940563087,0.0072992700729927005,0.0012210057002724724,0.17872261570414008,0.016104882561294512,0.0017914952503482314,8,7,15
people.com,0.023983315954118876,0.00521376433785193,0.018769551616266946,0.004153808511274937,0.18973247932469617,0.023265105240290174,0.0007812245866246774,5,18,23
huffingtonpost.com,0.056308654848800835,0.017726798748696558,0.03858185610010428,0.02720000552005836,0.23284608824340933,0.10893483725438252,0.0031297122373154136,17,37,54
dailypress.com,0.009384775808133473,0.008342022940563087,0.0010427528675703858,0.0004294195120938346,0.2112492959589466,0.04484919871521124,0.0009916353653514638,8,1,9
examiner.com,0.03232533889468196,0.011470281543274244,0.02085505735140772,0.010929236531019168,0.21442472050263328,0.05081315045714795,0.0016441250403741968,11,20,31
cbs11tv.com,0.00521376433785193,0.004171011470281543,0.0010427528675703858,9.400190308849785e-05,0.20069074173663712,0.030078968760710586,0.0011789442389677123,4,1,5
news.theage.com.au,0.02085505735140772,0.011470281543274244,0.009384775808133473,0.0013948526277506583,0.21002157823737191,0.057749740181591666,0.0013185327702703157,11,9,20
newsinfo.inquirer.net,0.004171011470281543,0.0031282586027111575,0.0010427528675703858,8.564832916880193e-05,0.1868547719512778,0.021015664580379206,0.0006987582713420314,3,1,4
chicagotribune.com,0.02085505735140772,0.013555787278415016,0.0072992700729927005,0.007651664212221792,0.21795966764401162,0.06253722285970363,0.0019974494167987163,13,7,20
wtkr.com,0.006256517205422315,0.0020855057351407717,0.004171011470281543,0.0008184489857139515,0.1904658093572231,0.01906101953925176,0.0003389770051985969,2,4,6
news24.com,0.011470281543274244,0.009384775808133473,0.0020855057351407717,0.0006131990832500586,0.20455309186062523,0.048083359314192185,0.0010978758378813879,9,2,11
cbs13.com,0.00521376433785193,0.004171011470281543,0.0010427528675703858,0.001458263226861252,0.18926874770623497,0.023622338852805094,0.0007239175272059747,4,1,5
brisbanetimes.com.au,0.011470281543274244,0.008342022940563087,0.0031282586027111575,0.0008352919900083053,0.19470750482423022,0.04298249227555137,0.001071245641127986,8,3,11
wsbradio.com,0.00521376433785193,0.0031282586027111575,0.0020855057351407717,6.0346920606194787e-05,0.1586378968190392,0.004156044760132201,0.00032975793609407174,3,2,5
winnipegsun.com,0.01251303441084463,0.006256517205422315,0.006256517205422315,0.001727544537323822,0.19093543269836452,0.024213325789506853,0.0008196377096413185,6,6,12
sfgate.com,0.04796663190823775,0.022940563086548488,0.02502606882168926,0.01858349718841863,0.24275221380683248,0.11671200686749103,0.003925490384999397,22,24,46
capecodonline.com,0.00521376433785193,0.0031282586027111575,0.0020855057351407717,0.000246264668441421,0.17967043202872288,0.011977930100025498,0.0004576826343139312,3,2,5
themoneytimes.com,0.021897810218978103,0.01564129301355579,0.006256517205422315,0.004328471120836387,0.22436493933388119,0.07634294533274544,0.003258244034981981,15,6,21
twocircles.net,0.017726798748696558,0.014598540145985401,0.0031282586027111575,0.0015655162613957677,0.21630714023569708,0.05883338406245334,0.0016391406466369717,14,3,17
thestar.com,0.02502606882168926,0.011470281543274244,0.013555787278415016,0.006888759270730849,0.20856702325150323,0.055604036593129,0.0017183889735099592,11,13,24
thechronicleherald.ca,0.016684045881126174,0.01042752867570386,0.006256517205422315,0.0059545609724393385,0.20776760959396587,0.04334991486674455,0.003412148633532106,10,6,16
theglobeandmail.com,0.06256517205422316,0.01981230448383733,0.04275286757038582,0.031948254360793016,0.22417936039315833,0.07496484239212087,0.003995627590932649,19,41,60
edmontonsun.com,0.008342022940563087,0.006256517205422315,0.0020855057351407717,0.0012270406239278788,0.19435844153125023,0.022579180370996307,0.0012530697384505736,6,2,8
sports.yahoo.com,0.040667361835245046,0.009384775808133473,0.03128258602711158,0.014669979546024236,0.2141705623985211,0.04289706056395358,0.0026430161346822374,9,30,39
wrex.com,0.006256517205422315,0.0031282586027111575,0.0031282586027111575,0.002664862552557835,0.18062835502521057,0.011792124713251449,0.0005707442720326572,3,3,6
ktnv.com,0.004171011470281543,0.0031282586027111575,0.0010427528675703858,0.00011828361827780815,0.17927783173435388,0.012372296394687099,0.0005698005280613314,3,1,4
kivitv.com,0.00521376433785193,0.004171011470281543,0.0010427528675703858,0.0008664043932796602,0.17743557886437214,0.010192985547444381,0.0005503238338923644,4,1,5
cbs8.com,0.0020855057351407717,0.0020855057351407717,0.0,0.0,0.17125721040282324,0.009483822509203169,0.0003147857850773877,2,0,2
miamiherald.com,0.006256517205422315,0.004171011470281543,0.0020855057351407717,0.0005139891319982328,0.1850685194368921,0.0172186245802728,0.00046266772917323416,4,2,6
ksdk.com,0.008342022940563087,0.00521376433785193,0.0031282586027111575,0.001251728675520622,0.20386073464861107,0.032936901004497365,0.0008471235359372909,5,3,8
gopusa.com,0.009384775808133473,0.0072992700729927005,0.0020855057351407717,0.0006080675197522961,0.20332546640309712,0.03287938941684522,0.0007516943067933546,7,2,9
smh.com.au,0.09071949947862357,0.014598540145985401,0.07612095933263817,0.027620649044231664,0.21928223844282238,0.0703169493065287,0.0022936259952519213,14,73,87
investorsiraq.com,0.01251303441084463,0.009384775808133473,0.0031282586027111575,0.0029100823273334976,0.20355452250494063,0.03530130954691322,0.00190882976288525,9,3,12
othersiderainbow.blogspot.com,0.01981230448383733,0.009384775808133473,0.01042752867570386,0.005895480654140978,0.19928885787891798,0.02726224735867585,0.0020425559030475527,9,10,19
prevuze.blogspot.com,0.011470281543274244,0.00521376433785193,0.006256517205422315,0.0018684318546623216,0.19113740953126124,0.017507826165538195,0.001608595402588771,5,6,11
news.yahoo.com,0.03232533889468196,0.013555787278415016,0.018769551616266946,0.010586474588209844,0.21743509564005492,0.05206908749562198,0.0016175220099809797,13,18,31
theadvertiser.com,0.0020855057351407717,0.0020855057351407717,0.0,0.0,0.17185279349306387,0.00671969663193558,0.0005417022313275164,2,0,2
sefermpost.com,0.01042752867570386,0.006256517205422315,0.004171011470281543,0.0007602440688153294,0.20929177352535014,0.04445933752901196,0.0006490585658045658,6,4,10
newsmax.com,0.017726798748696558,0.009384775808133473,0.008342022940563087,0.0028129868492009105,0.2081665489365042,0.04124816132157298,0.001130731196582256,9,8,17
thedaily.com.au,0.00521376433785193,0.00521376433785193,0.0,0.0,0.18946336208384837,0.02618543868022504,0.0006421056911613355,5,0,5
news.sympatico.msn.ctv.ca,0.0031282586027111575,0.0010427528675703858,0.0020855057351407717,0.00043198498803980715,0.16210098487758878,0.005586414153665416,0.0007801328857112276,1,2,3
winnipegfreepress.com,0.017726798748696558,0.00521376433785193,0.01251303441084463,0.007239078489295199,0.18350226588715535,0.018377930474233344,0.001772243799829569,5,12,17
muscatinejournal.com,0.006256517205422315,0.0031282586027111575,0.0031282586027111575,0.00039505074326178397,0.17307333762153798,0.007367466580900692,0.00072859305119227,3,3,6
heraldextra.com,0.004171011470281543,0.0020855057351407717,0.0020855057351407717,0.0003936492487058523,0.16486182890226792,0.005368121320702164,0.0008631352213209373,2,2,4
mirror.co.uk,0.03858185610010428,0.008342022940563087,0.03023983315954119,0.0031917903023541212,0.20370751350268956,0.0413004077752669,0.0007938941698557006,8,29,37
chroniclelive.co.uk,0.006256517205422315,0.00521376433785193,0.0010427528675703858,0.0001882724183290977,0.1871773803282655,0.02357370079723927,0.00048057132785785935,5,1,6
chesterchronicle.co.uk,0.006256517205422315,0.006256517205422315,0.0,0.0,0.1876969564290611,0.027035311026761887,0.0005161135137708151,6,0,6
liverpooldailypost.co.uk,0.009384775808133473,0.006256517205422315,0.0031282586027111575,0.00018603164083956923,0.19555039445550396,0.028378024424877087,0.00045099103305293005,6,3,9
icscotland.icnetwork.co.uk,0.0072992700729927005,0.0072992700729927005,0.0,0.0,0.18946336208384837,0.02939158827431922,0.0008552010837794077,7,0,7
journallive.co.uk,0.0072992700729927005,0.00521376433785193,0.0020855057351407717,0.0,0.18724203572734263,0.02357370079723927,0.0004296900183285088,5,2,7
iht.com,0.026068821689259645,0.009384775808133473,0.016684045881126174,0.005834609925094252,0.20953447755340432,0.040821607252303736,0.0014352316278159459,9,16,25
news-record.com,0.017726798748696558,0.008342022940563087,0.009384775808133473,0.0034393111174158882,0.20937261237182575,0.04465118149464863,0.002089353184438896,8,9,17
ibtimes.com,0.01042752867570386,0.0072992700729927005,0.0031282586027111575,0.0014696814507968298,0.20286889724201232,0.03049316043313657,0.001821888034017203,7,3,10
irishtimes.com,0.01042752867570386,0.008342022940563087,0.0020855057351407717,0.0018107164030802033,0.2101844487904835,0.04249336458590451,0.0015478977898859677,8,2,10
gle.am,0.011470281543274244,0.0072992700729927005,0.004171011470281543,0.0011963989966614537,0.1995823613514937,0.02984490777783136,0.0009789591703206252,7,4,11
aceshowbiz.com,0.006256517205422315,0.006256517205422315,0.0,0.0,0.19845578160590033,0.03304298012015581,0.0013524275193534784,6,0,6
forbes.com,0.01981230448383733,0.01251303441084463,0.0072992700729927005,0.0042621516981947785,0.21332770304236792,0.04392552427444638,0.0020248862591478226,12,7,19
newsobserver.com,0.013555787278415016,0.009384775808133473,0.004171011470281543,0.0034913547459812216,0.21459449462813024,0.046454383677274266,0.0016476073861603113,9,4,13
wsvn.com,0.006256517205422315,0.006256517205422315,0.0,0.0,0.20707443269278514,0.041271714447673254,0.0006304692724208821,6,0,6
wusa9.com,0.02085505735140772,0.004171011470281543,0.016684045881126174,0.003571737127465588,0.17973000445313558,0.009892958476614012,0.0005382167881830128,4,16,20
abcnews.go.com,0.01042752867570386,0.006256517205422315,0.004171011470281543,0.002066926915436146,0.20937261237182575,0.039807791517541276,0.0008881184878311018,6,4,10
thejakartapost.com,0.008342022940563087,0.004171011470281543,0.004171011470281543,0.0005993860406690958,0.19290594072265368,0.022208755895824616,0.001093904085930629,4,4,8
chinapost.com.tw,0.0010427528675703858,0.0010427528675703858,0.0,0.0,0.17201594487929145,0.007515128731316001,0.0004120503506435148,1,0,1
feeds.washingtonpost.com,0.006256517205422315,0.0031282586027111575,0.0031282586027111575,0.0003383692063425402,0.18141422136233498,0.014433542169507863,0.0005721811938320187,3,3,6
belfasttelegraph.co.uk,0.03858185610010428,0.006256517205422315,0.03232533889468196,0.003738482801098917,0.19449791655208354,0.03149725423564528,0.0011786307110253865,6,31,37
sundaysun.co.uk,0.008342022940563087,0.006256517205422315,0.0020855057351407717,1.2919085010533785e-05,0.1876969564290611,0.026213602695773674,0.000593823707116024,6,2,8
examiner.co.uk,0.00521376433785193,0.00521376433785193,0.0,0.0,0.18750272018577474,0.02357370079723927,0.00044359634184430307,5,0,5
buckinghamshireadvertiser.co.uk,0.006256517205422315,0.006256517205422315,0.0,0.0,0.19545860691066558,0.03191148087321971,0.00055992432710116,6,0,6
birminghammail.net,0.006256517205422315,0.00521376433785193,0.0010427528675703858,6.300262769213319e-05,0.1871773803282655,0.02357370079723927,0.00044359634184430307,5,1,6
thevelvethottub.com,0.026068821689259645,0.009384775808133473,0.016684045881126174,0.0054013137958620425,0.21282516428372866,0.060949955175716004,0.0012583729595427363,9,16,25
960werc.com,0.00521376433785193,0.004171011470281543,0.0010427528675703858,0.0005653523078310515,0.19242658623736492,0.022961684276510786,0.0013095003890765517,4,1,5
600wrec.com,0.008342022940563087,0.008342022940563087,0.0,0.0,0.20504352539364806,0.04423442854021205,0.0013292304079541677,8,0,8
eurweb.com,0.014598540145985401,0.006256517205422315,0.008342022940563087,0.0015095349019634934,0.2000242411183236,0.03663453813639393,0.0009672619369234775,6,8,14
taipeitimes.com,0.014598540145985401,0.011470281543274244,0.0031282586027111575,0.001631634583076196,0.22197612343597747,0.07357925178108932,0.0019235371341629428,11,3,14
couriermail.news.com.au,0.006256517205422315,0.006256517205422315,0.0,0.0,0.1964475554096715,0.03575487914801443,0.0010880783035448532,6,0,6
nytimes.com,0.035453597497393116,0.009384775808133473,0.026068821689259645,0.013328724634774653,0.21265817710108154,0.049457811110566935,0.0022575233650396083,9,25,34
tuscaloosanews.com,0.00521376433785193,0.0031282586027111575,0.0020855057351407717,0.00022669444947156727,0.17795984682556037,0.011909900915640467,0.0007908497836678444,3,2,5
elections.foxnews.com,0.00521376433785193,0.0031282586027111575,0.0020855057351407717,0.0005437193084983962,0.18691920463126102,0.014863324422099011,0.0007482050776635105,3,2,5
clipmarks.com,0.03649635036496351,0.018769551616266946,0.017726798748696558,0.01280573481812343,0.2287197018694755,0.08817962234999803,0.002886505834796694,18,17,35
allvoices.com,0.01251303441084463,0.008342022940563087,0.004171011470281543,0.0020777067782021346,0.2050172819329262,0.03421808269845712,0.0011792923660280726,8,4,12
topnews.in,0.05005213764337852,0.01251303441084463,0.03753910323253389,0.015883307374693123,0.2160485027623184,0.0554243836782739,0.002059079549366645,12,36,48
abc.es,0.014598540145985401,0.0072992700729927005,0.0072992700729927005,0.004622395794092765,0.1769721493407303,0.013261200502071297,0.0014907071619752682,7,7,14
cbs2.com,0.004171011470281543,0.004171011470281543,0.0,0.0,0.2065237028186022,0.035670575255055986,0.0004281995990961219,4,0,4
newsvine.com,0.029197080291970802,0.013555787278415016,0.01564129301355579,0.007517397551494627,0.2185748763833294,0.07065342979062852,0.0015334477707871345,13,15,28
feeds.feedblitz.com,0.01564129301355579,0.004171011470281543,0.011470281543274244,0.003815331333387389,0.20046808189003584,0.030960794630519702,0.0016790668403637464,4,11,15
alternet.org,0.026068821689259645,0.014598540145985401,0.011470281543274244,0.007922679702081725,0.2239015668858558,0.06919253465896887,0.003149963315519099,14,11,25
kansas.com,0.0072992700729927005,0.0031282586027111575,0.004171011470281543,0.0008273415785093437,0.1845015974917144,0.014916539555591066,0.0008627533506641831,3,4,7
elecodiario.es,0.01042752867570386,0.006256517205422315,0.004171011470281543,0.00048608369351692623,0.18068856447688564,0.016183747189103814,0.0015644374193333503,6,4,10
toledoblade.com,0.0072992700729927005,0.00521376433785193,0.0020855057351407717,0.00038964524029678983,0.19242658623736492,0.022360135612402254,0.000994807539459509,5,2,7
dailymail.com,0.0072992700729927005,0.0031282586027111575,0.004171011470281543,0.0004630555262971479,0.17889956878899568,0.015382838956062812,0.0005092884367029438,3,4,7
dprogram.net,0.016684045881126174,0.01251303441084463,0.004171011470281543,0.0036747964139079896,0.20896904141505662,0.054137556379704584,0.0030701040952296494,12,4,16
sott.net,0.059436913451511995,0.022940563086548488,0.03649635036496351,0.02935914719729828,0.23785243239607587,0.11223600751740594,0.005618637874712677,22,35,57
sacbee.com,0.03649635036496351,0.014598540145985401,0.021897810218978103,0.01063849823892735,0.22455082577906255,0.06906913380771428,0.0025907848553944125,14,21,35
cedarcreekvoice.wordpress.com,0.004171011470281543,0.0031282586027111575,0.0010427528675703858,9.34333365777887e-05,0.19140737762381954,0.021140279773345306,0.0003912655281718023,3,1,4
wcbstv.com,0.01042752867570386,0.00521376433785193,0.00521376433785193,0.0009930701120687768,0.21075649044737826,0.04045476885283334,0.001108286582019673,5,5,10
sportsillustrated.cnn.com,0.004171011470281543,0.0031282586027111575,0.0010427528675703858,8.039665622869293e-05,0.1915426478553558,0.019048016528282346,0.0005146345018190231,3,1,4
money.cnn.com,0.008342022940563087,0.00521376433785193,0.0031282586027111575,0.00042027143303769885,0.204321784180421,0.0348242958018765,0.0006214796613054383,5,3,8
feedproxy.google.com,0.05005213764337852,0.022940563086548488,0.027111574556830033,0.04920798300553083,0.23879545966108234,0.11622186218620117,0.004551341448827102,22,26,48
ireport.com,0.03336809176225235,0.016684045881126174,0.016684045881126174,0.017043193212622956,0.22852685220516733,0.07838930901384035,0.0038790328069506007,16,16,32
blueridgenow.com,0.01042752867570386,0.0072992700729927005,0.0031282586027111575,0.0022444653503981738,0.18874153670983876,0.02531100460343802,0.0012394857792429829,7,3,10
kcra.com,0.016684045881126174,0.006256517205422315,0.01042752867570386,0.0014505393406762067,0.18893889628116312,0.02020794973945584,0.0005809128988071893,6,10,16
channel3000.com,0.0020855057351407717,0.0020855057351407717,0.0,0.0,0.16486817889552957,0.004959670054042871,0.0003790208057209618,2,0,2
buffalonews.com,0.00521376433785193,0.0031282586027111575,0.0020855057351407717,0.00033631616191759193,0.18576617321132863,0.0140202467653437,0.0008237642039170635,3,2,5
wikio.es,0.01251303441084463,0.006256517205422315,0.006256517205422315,0.0017402616780110725,0.17605251491739424,0.012184717869622493,0.0015774151809705055,6,6,12
gadsdentimes.com,0.00521376433785193,0.00521376433785193,0.0,0.0,0.1860268260843809,0.01494164099182119,0.00131663250697636,5,0,5
feeds.newyorkcitynews.net,0.0020855057351407717,0.0020855057351407717,0.0,0.0,0.16813188549909094,0.006937738621785933,0.0007675239018952257,2,0,2
sdpnoticias.com,0.014598540145985401,0.00521376433785193,0.009384775808133473,0.002633651741579985,0.1799089589879379,0.012669530859791937,0.0009892494525129605,5,9,14
congresscheck.com,0.0072992700729927005,0.0072992700729927005,0.0,0.0,0.20343203062071893,0.03290945044190337,0.0018786216109624807,7,0,7
dailyindia.com,0.014598540145985401,0.01251303441084463,0.0020855057351407717,0.0020833868880713972,0.2191049690503868,0.0696990064355239,0.001660293623345536,12,2,14
sunjournal.com,0.0031282586027111575,0.0020855057351407717,0.0010427528675703858,0.00010923295420993435,0.17702994560112897,0.00911254687718163,0.0006406532626867358,2,1,3
feeds.stlouisnews.net,0.014598540145985401,0.0072992700729927005,0.0072992700729927005,0.0036718738425008794,0.20069074173663712,0.03344686999210618,0.0015550373086848108,7,7,14
post-gazette.com,0.03753910323253389,0.018769551616266946,0.018769551616266946,0.013473156757058138,0.2290095874231757,0.08747880230339368,0.0034176043514391173,18,18,36
dissidentvoice.org,0.013555787278415016,0.006256517205422315,0.0072992700729927005,0.0022764764353171082,0.19394121410756954,0.02561888724979197,0.002302608699966849,6,7,13
voices.washingtonpost.com,0.03128258602711158,0.0031282586027111575,0.028154327424400417,0.006809738717615414,0.19936215278803124,0.026116578964070568,0.001391543568196217,3,27,30
telegraph.co.uk,0.035453597497393116,0.01251303441084463,0.022940563086548488,0.01033574030550272,0.21622085896715476,0.06551935237623249,0.0011861426798272369,12,22,34
news.bbc.co.uk,0.05735140771637122,0.014598540145985401,0.04275286757038582,0.017768806962534637,0.2131599266341553,0.04824745948531668,0.0030870253579386477,14,41,55
elmundo.es,0.01042752867570386,0.00521376433785193,0.00521376433785193,0.0007367659287035261,0.1634697507330087,0.009085946099916965,0.0011149861520151063,5,5,10
kdvr.com,0.0010427528675703858,0.0010427528675703858,0.0,0.0,0.16461852992688097,0.006274159063149556,0.0002951427215301081,1,0,1
guardian.co.uk,0.03232533889468196,0.013555787278415016,0.018769551616266946,0.013427608333544547,0.22107083745132827,0.07509765809305959,0.0019067611787008682,13,18,31
counterpunch.org,0.009384775808133473,0.004171011470281543,0.00521376433785193,0.0006069510680237319,0.18769587722668177,0.020932619006173107,0.000874223084261359,4,5,9
sltrib.com,0.027111574556830033,0.011470281543274244,0.01564129301355579,0.009707893487747555,0.21299241392167267,0.0486646185999794,0.0018278583260468166,11,15,26
smartgirlpolitics.ning.com,0.004171011470281543,0.0031282586027111575,0.0010427528675703858,0.0005920783916817972,0.18776089138574886,0.01524138129062449,0.001691511799260474,3,1,4
time.com,0.004171011470281543,0.0031282586027111575,0.0010427528675703858,0.00017349725291662587,0.19263173185169044,0.018869129675860987,0.0004660184122415673,3,1,4
olympics.thestar.com,0.01564129301355579,0.009384775808133473,0.006256517205422315,0.002247110197158129,0.20800678949756599,0.04854171940052214,0.0011839517940685465,9,6,15
independent.co.uk,0.01251303441084463,0.0072992700729927005,0.00521376433785193,0.0020555780042184387,0.1978341946827215,0.03667376834237442,0.0009462273913294065,7,5,12
informador.com.mx,0.013555787278415016,0.006256517205422315,0.0072992700729927005,0.002211342238720738,0.1861489331836047,0.01959998316454335,0.0015808483112081072,6,7,13
gather.com,0.03232533889468196,0.014598540145985401,0.017726798748696558,0.014579319816522232,0.2244578440706654,0.07623272403118586,0.0034225241115278444,14,17,31
gatesofvienna.blogspot.com,0.018769551616266946,0.009384775808133473,0.009384775808133473,0.003822179283231418,0.20650121654501216,0.040421787582927485,0.0019426131706840846,9,9,18
opednews.com,0.014598540145985401,0.008342022940563087,0.006256517205422315,0.003674116089916025,0.20721165651018997,0.03399619329333817,0.0016611855949711612,8,6,14
heraldtribune.com,0.008342022940563087,0.0072992700729927005,0.0010427528675703858,0.0024122958911317917,0.2000242411183236,0.029807560073695363,0.0011894327378750248,7,1,8
cbs5.com,0.0031282586027111575,0.0031282586027111575,0.0,0.0,0.19716009641587268,0.0246352514919591,0.00039658462768511304,3,0,3
cbs3.com,0.004171011470281543,0.004171011470281543,0.0,0.0,0.19467041561150009,0.024073037350694448,0.0007300584949070033,4,0,4
blackamericaweb.com,0.00521376433785193,0.00521376433785193,0.0,0.0,0.18939734697510835,0.020372892272711395,0.00047601699343562446,5,0,5
news.brisbanetimes.com.au,0.008342022940563087,0.006256517205422315,0.0020855057351407717,0.0003420079785603762,0.19401062757002754,0.03415992718235777,0.0009069342070946274,6,2,8
wbbm780.com,0.00521376433785193,0.004171011470281543,0.0010427528675703858,7.727714288070764e-05,0.1975458066438254,0.026064863288222412,0.00043943593561861395,4,1,5
recordpub.com,0.00521376433785193,0.004171011470281543,0.0010427528675703858,4.756208326622062e-05,0.16949497530981011,0.006083029115352651,0.0005949425881542154,4,1,5
myfoxchicago.com,0.0031282586027111575,0.0031282586027111575,0.0,0.0,0.1739982028868633,0.010279165887364597,0.0004270840329759635,3,0,3
greenvilleonline.com,0.0010427528675703858,0.0010427528675703858,0.0,0.0,0.1378570595532744,0.0008551277023774641,0.0002734693298128631,1,0,1
freep.com,0.017726798748696558,0.011470281543274244,0.006256517205422315,0.006145766491964825,0.21673958153964692,0.04537392286122722,0.0022049973561266392,11,6,17
mashget.com,0.03232533889468196,0.01251303441084463,0.01981230448383733,0.012657222539152822,0.22586070559610705,0.07517825267114164,0.0023064369860555005,12,19,31
heraldonline.com,0.008342022940563087,0.006256517205422315,0.0020855057351407717,0.00024979465605125625,0.19740192768778475,0.028791762788906723,0.000777666463251459,6,2,8
thestar.com.my,0.006256517205422315,0.0031282586027111575,0.0031282586027111575,0.00042763750175975416,0.17390622182568397,0.012945694239737087,0.0004413137774040503,3,3,6
timesofmalta.com,0.01251303441084463,0.00521376433785193,0.0072992700729927005,0.0023320219025903355,0.19950890446472466,0.031930202506088856,0.0010311823323724274,5,7,12
independent.ie,0.008342022940563087,0.00521376433785193,0.0031282586027111575,0.0007252891986623833,0.20309692522692277,0.04104182687577747,0.0005135379132606191,5,3,8
english.aljazeera.net,0.01042752867570386,0.0020855057351407717,0.008342022940563087,0.000654492697262561,0.17866370910700624,0.014743825415564816,0.0005001377631460634,2,8,10
bit.ly,0.01251303441084463,0.008342022940563087,0.004171011470281543,0.002154730117801317,0.21026597883268308,0.047434459255103076,0.0014004344332071172,8,4,12
uk.eonline.com,0.01981230448383733,0.0072992700729927005,0.01251303441084463,0.004440865986312116,0.20618702678990375,0.0377040953857415,0.0007481024464889236,7,12,19
digitalspy.co.uk,0.013555787278415016,0.011470281543274244,0.0020855057351407717,0.0008510818998839902,0.20792700169952316,0.048863507745215404,0.0012671953301154758,11,2,13
calgarysun.com,0.0031282586027111575,0.0031282586027111575,0.0,0.0,0.1848250206795515,0.016224666042737177,0.0005124903461753766,3,0,3
wjz.com,0.004171011470281543,0.0031282586027111575,0.0010427528675703858,8.120977016307728e-05,0.18795656494417737,0.01722048130348298,0.00034580639047424743,3,1,4
ca.eonline.com,0.0072992700729927005,0.006256517205422315,0.0010427528675703858,9.788505853321559e-05,0.20985895990346765,0.03958099726870266,0.0007427417730067953,6,1,7
au.eonline.com,0.0072992700729927005,0.0072992700729927005,0.0,0.0,0.2065237028186022,0.0377040953857415,0.0007481024464889236,7,0,7
ichuddersfield.icnetwork.co.uk,0.00521376433785193,0.00521376433785193,0.0,0.0,0.18724739392380632,0.021884045879769276,0.0006557657762838125,5,0,5
iccheshireonline.icnetwork.co.uk,0.00521376433785193,0.00521376433785193,0.0,0.0,0.18724739392380632,0.021884045879769276,0.0006557657762838125,5,0,5
heraldnet.com,0.011470281543274244,0.006256517205422315,0.00521376433785193,0.002686219605109179,0.1829448847217877,0.012783313528997154,0.0012064849851316363,6,5,11
chronicle.augusta.com,0.0072992700729927005,0.00521376433785193,0.0020855057351407717,0.0014412318758293193,0.1968285016088079,0.024549107409449766,0.0009589133722933029,5,2,7
blog.luciolepress.com,0.0031282586027111575,0.0031282586027111575,0.0,0.0,0.18782667098084346,0.01769189720836633,0.0008652812727044703,3,0,3
americanconservativedaily.com,0.0072992700729927005,0.004171011470281543,0.0031282586027111575,0.000978709052594063,0.20486231800100413,0.040182926749319614,0.0006117364493513073,4,3,7
tahoedailytribune.com,0.0031282586027111575,0.0031282586027111575,0.0,0.0,0.18621801501149743,0.017797319244798958,0.0004457056984171123,3,0,3
seattlepi.nwsource.com,0.049009384775808136,0.01251303441084463,0.03649635036496351,0.021960692814566505,0.22417936039315833,0.06334188342313356,0.0020316972589480564,12,35,47
nevadaappeal.com,0.00521376433785193,0.0031282586027111575,0.0020855057351407717,0.00037745668312249496,0.1823295302491278,0.013536335317696303,0.0007493398056479884,3,2,5
king5.com,0.0010427528675703858,0.0010427528675703858,0.0,0.0,0.16648403853554702,0.006313751182471046,0.00028723626327666784,1,0,1
frontpagenews.us,0.0020855057351407717,0.0020855057351407717,0.0,0.0,0.16875826942519745,0.006883033489986659,0.0003718925253474994,2,0,2
durangoherald.com,0.0072992700729927005,0.006256517205422315,0.0010427528675703858,0.0004973009808675999,0.19583298173072866,0.029161636912027288,0.0006945711827519496,6,1,7
clickorlando.com,0.004171011470281543,0.004171011470281543,0.0,0.0,0.18679394701668764,0.01870755555566482,0.0005972810083929715,4,0,4
americanchronicle.com,0.017726798748696558,0.011470281543274244,0.006256517205422315,0.007259089079780173,0.21579048305360546,0.05049773335878041,0.0025099034816879686,11,6,17
timesargus.com,0.0072992700729927005,0.006256517205422315,0.0010427528675703858,0.0020382904193331636,0.18679038367700102,0.016997171006539354,0.0018880719279092697,6,1,7
freshnews.in,0.017726798748696558,0.009384775808133473,0.008342022940563087,0.003079212799205402,0.19790642330436542,0.03266070797006284,0.00143040649775719,9,8,17
goozad.com,0.006256517205422315,0.006256517205422315,0.0,0.0,0.18906796028471687,0.020711112061588165,0.0008530219158891285,6,0,6
politico.com,0.023983315954118876,0.006256517205422315,0.017726798748696558,0.005674986776039717,0.20332546640309712,0.03666626458057207,0.00098864115237055,6,17,23
luxlibertas.com,0.018769551616266946,0.009384775808133473,0.009384775808133473,0.003475494267999164,0.21215878412158784,0.04789796621128823,0.0018553945094519383,9,9,18
firstread.msnbc.msn.com,0.009384775808133473,0.0020855057351407717,0.0072992700729927005,0.0005551363951685406,0.16745928125753998,0.006353585443584996,0.0004716368829600944,2,7,9
beltwayblips.dailyradar.com,0.01042752867570386,0.008342022940563087,0.0020855057351407717,0.0005960119351338436,0.20673748795982338,0.04430181399942004,0.001001151135265826,8,2,10
dispatchpolitics.com,0.0031282586027111575,0.0031282586027111575,0.0,0.0,0.18589958475326981,0.01626501614549501,0.0009747846321184968,3,0,3
khaleejtimes.com,0.0031282586027111575,0.0031282586027111575,0.0,0.0,0.18388713999274728,0.014933664157838724,0.0005774125293577037,3,0,3
news.sky.com,0.013555787278415016,0.0020855057351407717,0.011470281543274244,0.0016597864224347403,0.18640498398578298,0.016076270143282435,0.0003992439715666456,2,11,13
news.scotsman.com,0.03232533889468196,0.0031282586027111575,0.029197080291970802,0.0019304474349077175,0.18815192413420925,0.019137019166625423,0.0006094310346490545,3,28,31
icwolverhampton.icnetwork.co.uk,0.006256517205422315,0.006256517205422315,0.0,0.0,0.18926545467220088,0.02675168637578482,0.0005348130269090695,6,0,6
icnorthwales.icnetwork.co.uk,0.006256517205422315,0.006256517205422315,0.0,0.0,0.1876969564290611,0.027035311026761887,0.0005393307022149587,6,0,6
icnewcastle.icnetwork.co.uk,0.00521376433785193,0.00521376433785193,0.0,0.0,0.18750272018577474,0.02357370079723927,0.00040848148432034883,5,0,5
icbirmingham.icnetwork.co.uk,0.00521376433785193,0.00521376433785193,0.0,0.0,0.18750272018577474,0.02357370079723927,0.0004404336853249532,5,0,5
hounslowchronicle.co.uk,0.00521376433785193,0.00521376433785193,0.0,0.0,0.18750272018577474,0.02357370079723927,0.0004543400088407475,5,0,5
breakingnews.ie,0.01042752867570386,0.0072992700729927005,0.0031282586027111575,0.0008115124150193628,0.20046808189003584,0.042824336795656295,0.0006985924011133897,7,3,10
birminghampost.net,0.008342022940563087,0.0072992700729927005,0.0010427528675703858,0.0001801485602384267,0.20324922888288596,0.03963959177895671,0.0006650517476900819,7,1,8
megite.com,0.017726798748696558,0.01042752867570386,0.0072992700729927005,0.0032794817250856026,0.21357986344785537,0.04902060181512523,0.0021678851357562665,10,7,17
feeds.gawker.com,0.021897810218978103,0.01251303441084463,0.009384775808133473,0.0054881072407515375,0.22325605166007284,0.07067787032686737,0.001750836514364597,12,9,21
liverpoolecho.co.uk,0.0072992700729927005,0.00521376433785193,0.0020855057351407717,3.148532540191201e-05,0.18724203572734263,0.02357370079723927,0.00044201501333943,5,2,7
earthtimes.org,0.02085505735140772,0.008342022940563087,0.01251303441084463,0.007217447504190335,0.21341169032703028,0.04798843249216854,0.0017311710441704881,8,12,20
kirotv.com,0.006256517205422315,0.0031282586027111575,0.0031282586027111575,0.00017977239665448115,0.1740178791109653,0.008231313009770215,0.0005061297888454147,3,3,6
wjactv.com,0.00521376433785193,0.004171011470281543,0.0010427528675703858,0.00099500177152651,0.17186610444852787,0.008805936151678174,0.0005081729829772878,4,1,5
ktvu.com,0.006256517205422315,0.006256517205422315,0.0,0.0,0.17631215887724974,0.011027211570795696,0.0008662356043815003,6,0,6
kfoxtv.com,0.021897810218978103,0.0020855057351407717,0.01981230448383733,0.00017722143625519335,0.16210098487758878,0.004101781231024768,0.00039052754619805553,2,19,21
whiotv.com,0.00521376433785193,0.00521376433785193,0.0,0.0,0.186922416031142,0.016311730741012283,0.00045309752725884375,5,0,5
theksbwchannel.com,0.004171011470281543,0.004171011470281543,0.0,0.0,0.17185279349306387,0.009217884559203915,0.0004133368057366134,4,0,4
foxreno.com,0.0031282586027111575,0.0031282586027111575,0.0,0.0,0.16216300292916497,0.004390263654355237,0.0006146598523471994,3,0,3
ketv.com,0.006256517205422315,0.004171011470281543,0.0020855057351407717,0.0016731983196549623,0.17469084544977664,0.011021565266716462,0.00044755151391875426,4,2,6
kdwn.com,0.009384775808133473,0.00521376433785193,0.004171011470281543,0.0021482613358635404,0.19987673061602396,0.03321237060798597,0.000661620057037598,5,4,9
yorkdispatch.inyork.com,0.0072992700729927005,0.0010427528675703858,0.006256517205422315,0.0011502640398032265,0.15808273357557798,0.0037195617639997525,0.0004521854058300547,1,6,7
walesonline.co.uk,0.01564129301355579,0.0072992700729927005,0.008342022940563087,0.0021369866607749903,0.1901984889230375,0.028773985137455535,0.0005816317105950261,7,8,15
jihadwatch.org,0.011470281543274244,0.0072992700729927005,0.004171011470281543,0.0020483103626534175,0.19892319024978233,0.024958049042937896,0.0025504968592117336,7,4,11
docstalk.blogspot.com,0.018769551616266946,0.01251303441084463,0.006256517205422315,0.0028785320015710363,0.22089066561966458,0.06806273401972694,0.002957731576289058,12,6,18
javno.com,0.011470281543274244,0.00521376433785193,0.006256517205422315,0.002024715435338875,0.20808663855303527,0.037907189279364185,0.0008797668001810632,5,6,11
latimes.com,0.02502606882168926,0.011470281543274244,0.013555787278415016,0.009155447060169061,0.2140014581250126,0.055381642593726355,0.0022380640849949374,11,13,24
infowars.com,0.017726798748696558,0.011470281543274244,0.006256517205422315,0.004569784801469922,0.21067457964658257,0.04987232734608073,0.002760495699681326,11,6,17
belleville.com,0.0031282586027111575,0.0020855057351407717,0.0010427528675703858,0.000407261403031227,0.17474716100279075,0.007440531233110333,0.0007889601123479409,2,1,3
ajc.com,0.014598540145985401,0.01042752867570386,0.004171011470281543,0.003739360299766549,0.20705335883523945,0.036574090021942667,0.0017347751846363995,10,4,14
contactmusic.com,0.011470281543274244,0.00521376433785193,0.006256517205422315,0.0009572812401543708,0.18959975286137,0.020314094342443623,0.000990444897157743,5,6,11
memphisdailynews.com,0.0020855057351407717,0.0020855057351407717,0.0,0.0,0.16034524655414778,0.0035210007188642093,0.00043391059678512975,2,0,2
celebritygossip.epicureforum.com,0.017726798748696558,0.008342022940563087,0.009384775808133473,0.0025964867141304655,0.2050172819329262,0.040045693232592355,0.0014400023744313485,8,9,17
canadianbusiness.com,0.00521376433785193,0.0031282586027111575,0.0020855057351407717,0.00020549322698071963,0.16694354586715643,0.006855047257703889,0.0004628296034488969,3,2,5
turkishpress.com,0.01042752867570386,0.006256517205422315,0.004171011470281543,0.0003043004192882156,0.19747384095834497,0.034432888677978266,0.0007694798741811544,6,4,10
app.com,0.008342022940563087,0.0072992700729927005,0.0010427528675703858,0.00048671665859687484,0.2046303108458501,0.036681096683741976,0.0013395622129930831,7,1,8
delmarvanow.com,0.004171011470281543,0.004171011470281543,0.0,0.0,0.19330383563960205,0.02570306607187115,0.0005682487418408955,4,0,4
dailylocal.com,0.01042752867570386,0.008342022940563087,0.0020855057351407717,0.00410305036948789,0.19747384095834497,0.023047250837130655,0.0031612712978934593,8,2,10
dailyherald.com,0.01564129301355579,0.011470281543274244,0.004171011470281543,0.003916566421076989,0.2146794825467948,0.04967622244828994,0.003269141879281992,11,4,15
bbc.co.uk,0.0072992700729927005,0.00521376433785193,0.0020855057351407717,0.0017312460516253625,0.20069074173663712,0.03478006065480276,0.0010053031928748623,5,2,7
icliverpool.icnetwork.co.uk,0.006256517205422315,0.006256517205422315,0.0,0.0,0.19139802317554963,0.026445910101037206,0.0006846669807519639,6,0,6
online.wsj.com,0.028154327424400417,0.01042752867570386,0.017726798748696558,0.006636818637885754,0.21866304696678376,0.0543773258482331,0.001602534993453102,10,17,27
seekingalpha.com,0.027111574556830033,0.011470281543274244,0.01564129301355579,0.006812747926775631,0.21717375538087214,0.06147038062392529,0.002123195871762809,11,15,26
docudharma.com,0.0072992700729927005,0.00521376433785193,0.0020855057351407717,0.0003697425389437636,0.19505782419239184,0.02817154619013334,0.0006774464725679483,5,2,7
thehimalayantimes.com,0.02085505735140772,0.00521376433785193,0.01564129301355579,0.0018036023872861054,0.19414960366427542,0.028282036962590722,0.0005142369385185948,5,15,20
fremonttribune.com,0.00521376433785193,0.0010427528675703858,0.004171011470281543,0.0008006019941018598,0.1678221961085625,0.006446776042100346,0.0003430668276744694,1,4,5
sportsnet.ca,0.004171011470281543,0.0031282586027111575,0.0010427528675703858,0.00011938053342294899,0.19086820191220313,0.019355932839792013,0.0008456109317807952,3,1,4
sg.news.yahoo.com,0.004171011470281543,0.004171011470281543,0.0,0.0,0.19434050261657526,0.029149308524674983,0.0004947937046304114,4,0,4
crap713three.blogspot.com,0.0031282586027111575,0.0031282586027111575,0.0,0.0,0.17523223269457158,0.01050527383487994,0.0007419821717677016,3,0,3
themonitor.com,0.01251303441084463,0.00521376433785193,0.0072992700729927005,0.0023323717425313708,0.18171830151882565,0.01614226049536234,0.0010067954541945396,5,7,12
newsday.com,0.01564129301355579,0.009384775808133473,0.006256517205422315,0.005360616343456737,0.20872764475574007,0.045306863026504135,0.0013545447773192672,9,6,15
nwotruth.com,0.00521376433785193,0.00521376433785193,0.0,0.0,0.19947537094259118,0.028341317532024752,0.0012266927954334562,5,0,5
dailypost.co.uk,0.01251303441084463,0.006256517205422315,0.006256517205422315,0.0006464341785152057,0.1915426478553558,0.030911238155475397,0.0005103862669943268,6,6,12
dailystar.com.lb,0.0031282586027111575,0.0020855057351407717,0.0010427528675703858,0.0002890574032171513,0.18393813825268304,0.01611494751305966,0.0014274047581686348,2,1,3
abclocal.go.com,0.006256517205422315,0.004171011470281543,0.0020855057351407717,0.0002248089197718998,0.1794325367198467,0.013248334460962886,0.0005035872136567227,4,2,6
hispanicbusiness.com,0.009384775808133473,0.006256517205422315,0.0031282586027111575,0.0010499720503033664,0.1991424296218431,0.028489609732368526,0.001564634538405035,6,3,9
prairiepundit.blogspot.com,0.01564129301355579,0.006256517205422315,0.009384775808133473,0.0013351699061277989,0.20309692522692277,0.037622794743756786,0.0007887960223560411,6,9,15
propeller.com,0.013555787278415016,0.008342022940563087,0.00521376433785193,0.0024243546741956317,0.20697430066080827,0.04047081801970667,0.0020882478200707102,8,5,13
opinionsource.com,0.026068821689259645,0.01251303441084463,0.013555787278415016,0.004484782878877697,0.21519082708640608,0.05460817120951036,0.0016272286799115568,12,13,25
daytondailynews.com,0.018769551616266946,0.01042752867570386,0.008342022940563087,0.005017173824137002,0.20673748795982338,0.03376972254139286,0.00231409922029534,10,8,18
theage.com.au,0.01564129301355579,0.01251303441084463,0.0031282586027111575,0.004886249869893588,0.20166134428223845,0.0420558007671615,0.0013777896768814657,12,3,15
theaustralian.news.com.au,0.018769551616266946,0.009384775808133473,0.009384775808133473,0.003195492386993219,0.20332546640309712,0.04284842375173877,0.0013076577957362116,9,9,18
hindustantimes.com,0.008342022940563087,0.00521376433785193,0.0031282586027111575,0.0003472942682963929,0.19668566525060122,0.03513457368678565,0.0008192038270409065,5,3,8
michaelmoore.com,0.006256517205422315,0.00521376433785193,0.0010427528675703858,0.0002567553815566446,0.20017196950910524,0.029038777611155864,0.00062326176358897,5,1,6
brownpelicanla.com,0.008342022940563087,0.0072992700729927005,0.0010427528675703858,0.00023505068868752164,0.19181376271431594,0.02604700173064674,0.0015443789551889443,7,1,8
darthchaosofrspw.wordpress.com,0.008342022940563087,0.00521376433785193,0.0031282586027111575,0.00035164750961793836,0.19387185029708756,0.025652106787318354,0.0017895292933575373,5,3,8
capitolhillcoffeehouse.com,0.00521376433785193,0.0031282586027111575,0.0020855057351407717,0.0010550167255310465,0.19647179899625117,0.025206025201629546,0.0006646207452682712,3,2,5
columbiatribune.com,0.006256517205422315,0.0031282586027111575,0.0031282586027111575,0.0006628960623826665,0.19161035469447046,0.02016785500139655,0.0008637161727289455,3,3,6
bnd.com,0.006256517205422315,0.0031282586027111575,0.0031282586027111575,0.000690733323285694,0.18966609287286806,0.017125524239654907,0.0008965679965531216,3,3,6
washingtonexaminer.com,0.009384775808133473,0.009384775808133473,0.0,0.0,0.21192735758639197,0.04521521924800832,0.003357196026503702,9,0,9
ktla.com,0.0031282586027111575,0.0020855057351407717,0.0010427528675703858,8.812962027770018e-05,0.18002846012310095,0.01091879921975086,0.0005237153118913384,2,1,3
news4jax.com,0.008342022940563087,0.006256517205422315,0.0020855057351407717,0.0013598474206736183,0.19242658623736492,0.018970678468703213,0.001512528894685848,6,2,8
thebostonchannel.com,0.008342022940563087,0.0072992700729927005,0.0010427528675703858,0.0018747375935980939,0.18769587722668177,0.01568415707208084,0.0015226707566524892,7,1,8
iccoventry.icnetwork.co.uk,0.00521376433785193,0.00521376433785193,0.0,0.0,0.18750272018577474,0.02357370079723927,0.0004518799686526758,5,0,5
economictimes.indiatimes.com,0.009384775808133473,0.008342022940563087,0.0010427528675703858,0.0017800373262759537,0.20784727508844206,0.042733897281248774,0.0015868244417333028,8,1,9
fox8.com,0.0020855057351407717,0.0020855057351407717,0.0,0.0,0.17608370126937511,0.010740876274116306,0.0005461904412517826,2,0,2
pr-inside.com,0.02502606882168926,0.01042752867570386,0.014598540145985401,0.00536495291767742,0.21813508789966074,0.06236552464147749,0.0019111213877417601,10,14,24
democraticunderground.com,0.011470281543274244,0.006256517205422315,0.00521376433785193,0.0008350289170365217,0.20650121654501216,0.033888511038471694,0.0008562875692527449,6,5,11
nctimes.com,0.0031282586027111575,0.0020855057351407717,0.0010427528675703858,8.485021170950537e-05,0.18487915874169744,0.015594356448016914,0.0003867255249147117,2,1,3
washtimes.com,0.004171011470281543,0.004171011470281543,0.0,0.0,0.198673386629591,0.024142815414643394,0.0008832317137401406,4,0,4
news.cnet.com,0.021897810218978103,0.008342022940563087,0.013555787278415016,0.004558333911340121,0.20439882859376202,0.03818793048702766,0.0013053465393069764,8,13,21
alanat.com,0.0072992700729927005,0.00521376433785193,0.0020855057351407717,0.0004730696449625759,0.19512803939188514,0.02472563164561413,0.0008412787272871539,5,2,7
prisonplanet.com,0.03023983315954119,0.013555787278415016,0.016684045881126174,0.010130009052966585,0.22125130344108443,0.060234643454407405,0.0028155679927571774,13,16,29
wpix.com,0.004171011470281543,0.0020855057351407717,0.0020855057351407717,0.000423264872781946,0.15209475124316973,0.0021892868701597194,0.0004137237091973577,2,2,4
politicalticker.blogs.cnn.com,0.022940563086548488,0.004171011470281543,0.018769551616266946,0.0021206431548337406,0.1900651098985473,0.023858214612025565,0.00047459971666736464,4,18,22
marketwatch.com,0.03023983315954119,0.008342022940563087,0.021897810218978103,0.010622889100039046,0.20409099903262684,0.027822683449372585,0.002017301451080046,8,21,29
leftword.blogdig.net,0.02085505735140772,0.014598540145985401,0.006256517205422315,0.005266190055845254,0.226143384827141,0.07771742079790632,0.0020420425709267824,14,6,20
abs-cbnnews.com,0.01042752867570386,0.006256517205422315,0.004171011470281543,0.0013903632202556515,0.1915426478553558,0.026725760407432245,0.0009248288318116269,6,4,10
thewest.com.au,0.021897810218978103,0.0072992700729927005,0.014598540145985401,0.0034105612412957628,0.19892319024978233,0.04198333244576884,0.00108837442972268,7,14,21
in.answers.yahoo.com,0.021897810218978103,0.01251303441084463,0.009384775808133473,0.006490885134351093,0.22852685220516733,0.07521070421601185,0.0020318641880184064,12,9,21
motherjones.com,0.01042752867570386,0.00521376433785193,0.00521376433785193,0.000968449638471217,0.20188666421998394,0.034022542348460014,0.0012707995101478515,5,5,10
magicvalley.com,0.02085505735140772,0.0010427528675703858,0.01981230448383733,0.004307846941520498,0.17285258081334723,0.008885954360721047,0.0003190450725523342,1,19,20
famelist.info,0.02085505735140772,0.009384775808133473,0.011470281543274244,0.006567923323326173,0.20657991365497597,0.04953127803183324,0.0014430896788455846,9,11,20
news.aol.com,0.00521376433785193,0.004171011470281543,0.0010427528675703858,8.68470377205022e-05,0.19013177601917114,0.01961094542221216,0.00048226414552679037,4,1,5
conservapedia.com,0.014598540145985401,0.0072992700729927005,0.0072992700729927005,0.003386363873788718,0.20610862868085814,0.03278105346595844,0.0015941294253932368,7,7,14
vaildaily.com,0.01042752867570386,0.006256517205422315,0.004171011470281543,0.006141780703183033,0.19618736642441437,0.020321182864550497,0.0033192232872945667,6,4,10
townhall.com,0.03023983315954119,0.01042752867570386,0.01981230448383733,0.006776173643140839,0.21743509564005492,0.05903566397046334,0.0014623088740634816,10,19,29
blognetnews.com,0.01564129301355579,0.009384775808133473,0.006256517205422315,0.0047240819650207575,0.20776760959396587,0.0401816561590655,0.002180857354800542,9,6,15
ibdeditorials.com,0.01042752867570386,0.0020855057351407717,0.008342022940563087,0.0006517471731091885,0.17720356110842003,0.01084852945953574,0.000864785344582755,2,8,10
scouty.de,0.03023983315954119,0.011470281543274244,0.018769551616266946,0.013450619138062517,0.20355452250494063,0.03512247973034914,0.0028172187383085747,11,18,29
kvia.com,0.00521376433785193,0.0031282586027111575,0.0020855057351407717,0.0002028148560325176,0.17639625559084182,0.009462107607241919,0.0006327830211922958,3,2,5
fanfiction.net,0.021897810218978103,0.009384775808133473,0.01251303441084463,0.006212676402672525,0.21083846496719444,0.04653205311657935,0.002510849991834362,9,12,21
facebook.com,0.03441084462982273,0.01564129301355579,0.018769551616266946,0.010503319948871095,0.22071078722746618,0.07523444123293653,0.004417909728939926,15,18,33
eluniversal.com,0.01042752867570386,0.00521376433785193,0.00521376433785193,0.0009236078099780745,0.18946721196457775,0.020755383184149268,0.001132762225640863,5,5,10
vnnforum.com,0.01564129301355579,0.008342022940563087,0.0072992700729927005,0.003033475249230209,0.20705335883523945,0.04056545736399997,0.0016469108599221505,8,7,15
amazon.com,0.028154327424400417,0.016684045881126174,0.011470281543274244,0.011791900761886555,0.22548489743371752,0.07079216208002806,0.003035919447364711,16,11,27
youtube.com,0.01251303441084463,0.006256517205422315,0.006256517205422315,0.0023488652244325076,0.20143652673008433,0.032133187433929525,0.0017875603125632128,6,6,12
daily-herald.com,0.0072992700729927005,0.00521376433785193,0.0020855057351407717,0.000257701126883654,0.18940101098206044,0.023066262388871883,0.0005607703477141966,5,2,7
nypost.com,0.011470281543274244,0.0020855057351407717,0.009384775808133473,0.0019500423209405696,0.1841255752142177,0.013750533212888149,0.0003498801319823631,2,9,11
soccerblogs.net,0.01042752867570386,0.006256517205422315,0.004171011470281543,0.00273758464290718,0.1959037562091279,0.02564716020730184,0.0008022055040320369,6,4,10
open.salon.com,0.054223149113660066,0.022940563086548488,0.03128258602711158,0.02673967982406718,0.24373457438428817,0.11456551519184421,0.005242164922067266,22,30,52
newonlinearticles.com,0.01564129301355579,0.0072992700729927005,0.008342022940563087,0.004011418374026763,0.2111670017260058,0.04107020161501601,0.002785157924622228,7,8,15
articleslide.com,0.018769551616266946,0.008342022940563087,0.01042752867570386,0.005476626870437001,0.21257478173751249,0.04628834281842478,0.0016061534052540165,8,10,18
canada.com,0.016684045881126174,0.01042752867570386,0.006256517205422315,0.004105792149272792,0.20642257937191807,0.04988445123236896,0.0021123863115167936,10,6,16
rawstory.com,0.004171011470281543,0.004171011470281543,0.0,0.0,0.17311158784030606,0.010654954600556963,0.0007483560355656826,4,0,4
dailybreeze.com,0.004171011470281543,0.0020855057351407717,0.0020855057351407717,0.0003107430574328402,0.17872261570414008,0.010410886771260064,0.0004278370400379717,2,2,4
usnews.com,0.014598540145985401,0.006256517205422315,0.008342022940563087,0.002783070820540047,0.2058737916561553,0.039290374260349634,0.0014682541238034952,6,8,14
wgnradio.com,0.0072992700729927005,0.0020855057351407717,0.00521376433785193,0.00046484827107717765,0.17241275236344047,0.008368238881864713,0.0005430882266878759,2,5,7
newser.com,0.03232533889468196,0.008342022940563087,0.023983315954118876,0.00876761632337185,0.2046303108458501,0.042219247444445045,0.0013034974382241838,8,23,31
ottawasun.com,0.01042752867570386,0.008342022940563087,0.0020855057351407717,0.0016258930551303688,0.21519082708640608,0.05363833136970285,0.0008957919448063991,8,2,10
news.google.com,0.004171011470281543,0.0020855057351407717,0.0020855057351407717,0.0006624693372702299,0.1915426478553558,0.018417357866142334,0.0007403527150923506,2,2,4
nwi.com,0.008342022940563087,0.00521376433785193,0.0031282586027111575,0.001526547401855567,0.19841350418398862,0.02784231106209235,0.0007085436809771719,5,3,8
macombdaily.com,0.004171011470281543,0.004171011470281543,0.0,0.0,0.18743806407536584,0.023170579934316017,0.0006481763725602139,4,0,4
slam.canoe.ca,0.006256517205422315,0.004171011470281543,0.0020855057351407717,0.0002708716194933264,0.19547987502007103,0.020701372414473746,0.0006958738191385179,4,2,6
techchuck.com,0.03232533889468196,0.006256517205422315,0.026068821689259645,0.00888312034754228,0.1903320552776183,0.019798811565210458,0.0023810368561363185,6,25,31
smallbusiness.itworld.com,0.0031282586027111575,0.0031282586027111575,0.0,0.0,0.17185279349306387,0.006468273677957019,0.0005981667112737551,3,0,3
security.itworld.com,0.00521376433785193,0.004171011470281543,0.0010427528675703858,4.531470644035326e-05,0.17164841463922006,0.007192768907219349,0.0006432700730462943,4,1,5
open.itworld.com,0.004171011470281543,0.004171011470281543,0.0,0.0,0.1719071428901205,0.007192768907219349,0.0006446028610570762,4,0,4
theragblog.blogspot.com,0.011470281543274244,0.00521376433785193,0.006256517205422315,0.0018601218943347126,0.20776760959396587,0.03863877960690126,0.0010545935319302311,5,6,11
cbc.ca,0.013555787278415016,0.008342022940563087,0.00521376433785193,0.001949100126056487,0.20378409527468305,0.036440669954588036,0.0014689976240904422,8,5,13
businessweek.com,0.008342022940563087,0.006256517205422315,0.0020855057351407717,0.00052205488428564,0.18847903109549963,0.018132428691619434,0.0009296075200134298,6,2,8
coventrytelegraph.net,0.006256517205422315,0.00521376433785193,0.0010427528675703858,0.0002122000184871957,0.18724203572734263,0.02357370079723927,0.0004157836948127145,5,1,6
realclearpolitics.com,0.01981230448383733,0.009384775808133473,0.01042752867570386,0.005783460543538645,0.206658670770361,0.04151199710626285,0.0014144411842209508,9,10,19
storage.itworld.com,0.018769551616266946,0.0031282586027111575,0.01564129301355579,0.0023616059245466373,0.17148550883601926,0.006468273677957019,0.0005906070786724188,3,15,18
commondreams.org,0.013555787278415016,0.01042752867570386,0.0031282586027111575,0.0028279028349866685,0.20824652071865424,0.047414077133875465,0.0029964870811395876,10,3,13
nwherald.com,0.011470281543274244,0.0072992700729927005,0.004171011470281543,0.0015591135173871331,0.20961550403351004,0.040180333213408664,0.0011926407683098355,7,4,11
sanluisobispo.com,0.01251303441084463,0.008342022940563087,0.004171011470281543,0.0020173298904153348,0.20211248822917854,0.02858367643949989,0.0013619165977549574,8,4,12
thenewstribune.com,0.01042752867570386,0.006256517205422315,0.004171011470281543,0.0015544181856145818,0.1985588620625117,0.027032806759947448,0.0009255275775908533,6,4,10
redstate.com,0.01251303441084463,0.01042752867570386,0.0020855057351407717,0.0007960455678115151,0.20532791417827914,0.04765285304591514,0.00184381304948795,10,2,12
nowpublic.com,0.027111574556830033,0.008342022940563087,0.018769551616266946,0.00552021606022332,0.20610862868085814,0.04162558374934406,0.0008611165366691472,8,18,26
golivewire.com,0.01981230448383733,0.009384775808133473,0.01042752867570386,0.004986057456744611,0.2156188120249232,0.04538555218178739,0.0017688534716267532,9,10,19
noquarterusa.net,0.014598540145985401,0.0072992700729927005,0.0072992700729927005,0.0019747578106259363,0.20317304851224022,0.030437543828263913,0.0009814715960572151,7,7,14
mahalo.com,0.023983315954118876,0.01042752867570386,0.013555787278415016,0.007327549909609237,0.22215807107813806,0.06900092126095084,0.002205090400153038,10,13,23
indeonline.com,0.004171011470281543,0.0031282586027111575,0.0010427528675703858,0.0002420665161779753,0.19387185029708756,0.019390532051531097,0.0013212596919343405,3,1,4
singaporejobstoday.com,0.011470281543274244,0.006256517205422315,0.00521376433785193,0.004598478914451678,0.19892319024978233,0.025457074089964903,0.0020063669700549442,6,5,11
pheedo.com,0.02085505735140772,0.00521376433785193,0.01564129301355579,0.0040550736450135,0.1904658093572231,0.016145183810356952,0.001470562730195178,5,15,20
newsok.com,0.014598540145985401,0.006256517205422315,0.008342022940563087,0.002265049205955689,0.19906929615521737,0.03346908651759429,0.001279658933412405,6,8,14
newsmeat.com,0.01042752867570386,0.0031282586027111575,0.0072992700729927005,0.0005072776472586069,0.1823295302491278,0.012121864556171551,0.00038364231356918663,3,7,10
japantoday.com,0.004171011470281543,0.0031282586027111575,0.0010427528675703858,0.0001847049636300067,0.17485990110666352,0.00821600179678697,0.0006688986543641663,3,1,4
herald-zeitung.com,0.004171011470281543,0.0010427528675703858,0.0031282586027111575,0.00018150225082278713,0.16771834573968344,0.005082995327660941,0.00036420915213111553,1,3,4
zeenews.com,0.017726798748696558,0.0031282586027111575,0.014598540145985401,0.002456047481945806,0.17548258123362154,0.010305967588865171,0.000883648930939436,3,14,17
wthr.com,0.0010427528675703858,0.0010427528675703858,0.0,0.0,0.15324792382818184,0.002560382441686902,0.00028351398541497227,1,0,1
cbs2chicago.com,0.013555787278415016,0.00521376433785193,0.008342022940563087,0.0034394454218006566,0.19174591207310115,0.024685086691815943,0.0008201348460726946,5,8,13
cbn.com,0.0031282586027111575,0.0031282586027111575,0.0,0.0,0.17366466000593,0.008453135695249922,0.0007031858579071305,3,0,3
bradenton.com,0.0031282586027111575,0.0031282586027111575,0.0,0.0,0.17886488509988846,0.011952295700325487,0.0003095928001338842,3,0,3
wtxl.com,0.009384775808133473,0.0010427528675703858,0.008342022940563087,0.0029583803731189104,0.13008535959459008,0.0003760106808963879,0.0003192066354797239,1,8,9
etaiwannews.com,0.0072992700729927005,0.00521376433785193,0.0020855057351407717,0.000536839719426278,0.17807677182347467,0.009487544473327076,0.0008340804496605979,5,2,7
wtvm.com,0.00521376433785193,0.0010427528675703858,0.004171011470281543,8.561203469932122e-05,0.15531968293142032,0.002673821923390695,0.0002719728841889775,1,4,5
wsls.com,0.023983315954118876,0.0031282586027111575,0.02085505735140772,0.0022274311628082025,0.1899319178103213,0.016909790497469386,0.0005980279451839749,3,20,23
wsbtv.com,0.01042752867570386,0.008342022940563087,0.0020855057351407717,0.0013179183205350195,0.18913666902674703,0.018178607306316638,0.0012377893836762644,8,2,10
msn.foxsports.com,0.011470281543274244,0.0072992700729927005,0.004171011470281543,0.00402844591071116,0.20136169889697508,0.02769179959609649,0.0017296079442290732,7,4,11
wralsportsfan.com,0.0031282586027111575,0.0020855057351407717,0.0010427528675703858,1.3311290692997533e-05,0.16622683024552498,0.006939707872569014,0.0003385685932984867,2,1,3
www1.whdh.com,0.013555787278415016,0.0010427528675703858,0.01251303441084463,0.0028447889873048676,0.15514186990001627,0.002673821923390695,0.00027916792311597296,1,12,13
wcco.com,0.011470281543274244,0.00521376433785193,0.006256517205422315,0.0009722639996486611,0.20226331844427498,0.035629530387423634,0.0005401915440869829,5,6,11
wbztv.com,0.00521376433785193,0.004171011470281543,0.0010427528675703858,0.0003280437101607732,0.18544840692119635,0.02197892834828128,0.0006804960746231465,4,1,5
southernillinoisan.com,0.00521376433785193,0.0031282586027111575,0.0020855057351407717,0.00018268761821124569,0.17519899593751032,0.008270197178324742,0.0008517423486065722,3,2,5
smdailyjournal.com,0.0010427528675703858,0.0010427528675703858,0.0,0.0,0.15543905799787275,0.002673821923390695,0.00027916792311597296,1,0,1
siouxcityjournal.com,0.00521376433785193,0.004171011470281543,0.0010427528675703858,0.0011194851578585807,0.17743557886437214,0.00996843293814597,0.00061829804454948,4,1,5
roguegovernment.com,0.0072992700729927005,0.00521376433785193,0.0020855057351407717,0.001245192490765839,0.18893889628116312,0.018615614888025715,0.0005873761688986073,5,2,7
nwitimes.com,0.004171011470281543,0.0031282586027111575,0.0010427528675703858,7.95556014096012e-05,0.18621287991434451,0.021101217590961924,0.00041804201601678087,3,1,4
nj.com,0.008342022940563087,0.00521376433785193,0.0031282586027111575,0.0013237234077642381,0.2054835835597638,0.03401889938811062,0.0007894546263748006,5,3,8
leadertelegram.com,0.0010427528675703858,0.0010427528675703858,0.0,0.0,0.15543905799787275,0.002673821923390695,0.00027916792311597296,1,0,1
journalgazette.net,0.006256517205422315,0.00521376433785193,0.0010427528675703858,0.00017495635944257242,0.18111115717696522,0.011764296329976371,0.0008970779674551398,5,1,6
htrnews.com,0.0031282586027111575,0.0020855057351407717,0.0010427528675703858,0.00016742813260266521,0.1686576519697128,0.0063736499883838066,0.0010800641965186836,2,1,3
gulflive.com,0.00521376433785193,0.0031282586027111575,0.0020855057351407717,0.00018534810959943855,0.18381339214332212,0.014005441442867464,0.00047547897103664166,3,2,5
greenbaypressgazette.com,0.00521376433785193,0.0031282586027111575,0.0020855057351407717,0.0007623452599500364,0.18086943391079643,0.010933922544360663,0.0007369304002392542,3,2,5
cbs4denver.com,0.004171011470281543,0.004171011470281543,0.0,0.0,0.20035767999209764,0.02719562375811423,0.0008270485480472213,4,0,4
cantonrep.com,0.004171011470281543,0.0020855057351407717,0.0020855057351407717,0.00019600791735136403,0.1757670860670094,0.009120597965486001,0.0003011916350048968,2,2,4
9news.com,0.0020855057351407717,0.0010427528675703858,0.0010427528675703858,7.568484847770137e-06,0.15518628497871656,0.002673821923390695,0.00027916792311597296,1,1,2
3news.co.nz,0.009384775808133473,0.008342022940563087,0.0010427528675703858,0.0022929626526876196,0.20800678949756599,0.0520413095694965,0.0016877667838375468,8,1,9
twincities.com,0.006256517205422315,0.0031282586027111575,0.0031282586027111575,0.0022226246830714296,0.1732392756250102,0.007992156353142987,0.0005135673526399862,3,3,6
goerie.com,0.00521376433785193,0.004171011470281543,0.0010427528675703858,0.00022792695553004665,0.18704820339222114,0.015094001528314145,0.0006364055560118473,4,1,5
zanesvilletimesrecorder.com,0.006256517205422315,0.0020855057351407717,0.004171011470281543,0.0001818272850794094,0.16797821302468452,0.00781411117349689,0.0002963522810537298,2,4,6
tri-cityherald.com,0.0031282586027111575,0.0031282586027111575,0.0,0.0,0.1778117061886035,0.016558333724693924,0.0005967501851513598,3,0,3
theleafchronicle.com,0.01042752867570386,0.006256517205422315,0.004171011470281543,0.0023685604373498144,0.18973247932469617,0.02167917128099243,0.0013925893304020855,6,4,10
seacoastonline.com,0.01251303441084463,0.01042752867570386,0.0020855057351407717,0.0007266038883940369,0.21822290395759136,0.060850602463739134,0.0012700002460034466,10,2,12
newsx.com,0.0020855057351407717,0.0020855057351407717,0.0,0.0,0.16802793997482565,0.009735769292672173,0.00033256726450129974,2,0,2
longislandpress.com,0.0010427528675703858,0.0010427528675703858,0.0,0.0,0.16461852992688097,0.006274159063149556,0.0002831187550725497,1,0,1
idahostatesman.com,0.01042752867570386,0.008342022940563087,0.0020855057351407717,0.0003903588688178704,0.2111670017260058,0.05348817166718639,0.0006380070641628367,8,2,10
wcpo.com:80,0.009384775808133473,0.0031282586027111575,0.006256517205422315,0.0023443295186793335,0.18743627020423823,0.014291823017495823,0.0008291815250905421,3,6,9
wlsam.com,0.0020855057351407717,0.0010427528675703858,0.0010427528675703858,4.914600407034461e-06,0.13775494115137407,0.0008551277023774641,0.0002705721681620507,1,1,2
wctv.tv,0.00521376433785193,0.0010427528675703858,0.004171011470281543,1.6642460487007586e-05,0.13768496150130985,0.0008551277023774641,0.0002705721681620507,1,4,5
rep-am.com,0.0020855057351407717,0.0020855057351407717,0.0,0.0,0.1548633577830658,0.0028955871325684022,0.00039168720729537167,2,0,2
osmoothie.com,0.0031282586027111575,0.0020855057351407717,0.0010427528675703858,7.614455070965685e-05,0.15531968293142032,0.0030729139382443494,0.0003871468516379054,2,1,3
myfoxdfw.com,0.0031282586027111575,0.0031282586027111575,0.0,0.0,0.16886312078861787,0.006126145081063058,0.0004893179582836898,3,0,3
canadaeast.com,0.004171011470281543,0.0020855057351407717,0.0020855057351407717,0.00011968670219171883,0.15581077707118623,0.0028910275634358618,0.0006218319422231678,2,2,4
630wpro.com,0.0010427528675703858,0.0010427528675703858,0.0,0.0,0.1378570595532744,0.0008551277023774641,0.0002705721681620507,1,0,1
wbay.com,0.013555787278415016,0.0010427528675703858,0.01251303441084463,0.001750965333490379,0.15527519147254565,0.002673821923390695,0.0002719728841889775,1,12,13
fox41.com,0.0020855057351407717,0.0020855057351407717,0.0,0.0,0.1345471252026141,0.0004473709199340358,0.00032879015086012856,2,0,2
yidwithlid.blogspot.com,0.006256517205422315,0.00521376433785193,0.0010427528675703858,0.00021409071081884858,0.19470750482423022,0.02653621215013004,0.0012583530726438066,5,1,6
theday.com,0.004171011470281543,0.0010427528675703858,0.0031282586027111575,0.00020338482561568116,0.16771834573968344,0.006446776042100346,0.00031798865376289723,1,3,4
search.japantimes.co.jp,0.01042752867570386,0.004171011470281543,0.006256517205422315,0.0021709956841818004,0.18582985719254608,0.017563661744343578,0.0015518520511781232,4,6,10
mg.co.za,0.008342022940563087,0.006256517205422315,0.0020855057351407717,0.00022609296912427102,0.20386073464861107,0.033347237521071424,0.0010360889651253678,6,2,8
lompocrecord.com,0.0010427528675703858,0.0010427528675703858,0.0,0.0,0.16792412289730027,0.006446776042100346,0.00031798865376289723,1,0,1
journalstar.com,0.011470281543274244,0.0031282586027111575,0.008342022940563087,0.0010820916027602459,0.18776089138574886,0.01550774302728094,0.0007904014266121012,3,8,11
fremontneb.com,0.0020855057351407717,0.0010427528675703858,0.0010427528675703858,9.117267682618311e-05,0.16792412289730027,0.006446776042100346,0.00031798865376289723,1,1,2
charlotteobserver.com,0.006256517205422315,0.00521376433785193,0.0010427528675703858,0.0007340032580009101,0.19053275691762983,0.01926850837828308,0.0010495910948011425,5,1,6
channelnewsasia.com,0.006256517205422315,0.006256517205422315,0.0,0.0,0.20481175049682027,0.03789411250405893,0.0007182902615409102,6,0,6
azcentral.com,0.017726798748696558,0.0072992700729927005,0.01042752867570386,0.004243949581093739,0.1985588620625117,0.02973130503124026,0.0017296762542936646,7,10,17
vh1.com,0.013555787278415016,0.00521376433785193,0.008342022940563087,0.0018360375725813974,0.19987673061602396,0.03157637837684584,0.0008554653512951552,5,8,13
wgntv.com,0.0031282586027111575,0.0020855057351407717,0.0010427528675703858,5.462994358604584e-05,0.17307333762153798,0.007915337441989996,0.0003194388429617013,2,1,3
areavoices.com,0.0072992700729927005,0.004171011470281543,0.0031282586027111575,0.0003314149146679922,0.1959037562091279,0.02356544370295507,0.0004176842719595164,4,3,7
timesonline.co.uk,0.03336809176225235,0.01251303441084463,0.02085505735140772,0.011284610070713331,0.22492352424508585,0.07445010421725612,0.0021142419226704997,12,20,32
allafrica.com,0.004171011470281543,0.0031282586027111575,0.0010427528675703858,0.0001333098363787296,0.18893889628116312,0.020955673922568505,0.0006033474975588004,3,1,4
money.aol.com,0.0010427528675703858,0.0010427528675703858,0.0,0.0,0.1411504507448873,0.0008950256679473772,0.0004999497375448715,1,0,1
d-day.blogspot.com,0.0072992700729927005,0.00521376433785193,0.0020855057351407717,0.0004493922687940425,0.18867584177885727,0.01788560930533707,0.000756428888805886,5,2,7
spokesman.com,0.004171011470281543,0.004171011470281543,0.0,0.0,0.1807082399662769,0.012506922251696828,0.000498948178614491,4,0,4
au.rd.yahoo.com,0.006256517205422315,0.00521376433785193,0.0010427528675703858,0.0003549058706994154,0.18900477455741177,0.028921084962019533,0.0008952833721741288,5,1,6
oanow.com,0.0010427528675703858,0.0010427528675703858,0.0,0.0,0.14671265474185183,0.0018078299114927076,0.0003806685083317453,1,0,1
freeinternetpress.com,0.01042752867570386,0.00521376433785193,0.00521376433785193,0.0006467086036495461,0.20017196950910524,0.03202680592614894,0.0009425818866934522,5,5,10
nbcsports.msnbc.com,0.004171011470281543,0.0031282586027111575,0.0010427528675703858,0.0002742460489066257,0.1851317258984484,0.01442469627097103,0.0006610694385635965,3,1,4
the-two-malcontents.com,0.013555787278415016,0.006256517205422315,0.0072992700729927005,0.0017990830313671252,0.19073388227679697,0.02006528831781488,0.0011198854992104826,6,7,13
capitolhillblue.com,0.0072992700729927005,0.006256517205422315,0.0010427528675703858,0.0004708940805471274,0.19311211023536048,0.027934387381493543,0.0010452832221961024,6,1,7
nzherald.co.nz,0.004171011470281543,0.0020855057351407717,0.0020855057351407717,0.0002557360296785694,0.18400057482371246,0.018717997685948284,0.0005751403677732604,2,2,4
trentonian.com,0.00521376433785193,0.0031282586027111575,0.0020855057351407717,0.0003751368197251775,0.17726150864311868,0.010903912208607527,0.0004699396320886616,3,2,5
lubbockonline.com,0.009384775808133473,0.006256517205422315,0.0031282586027111575,0.0007946959762412483,0.2034017611372071,0.03169847586670738,0.0010348529283195854,6,3,9
statesman.com,0.029197080291970802,0.01251303441084463,0.016684045881126174,0.009908866400984775,0.21536181701655022,0.059065701022175315,0.0016231349635848617,12,16,28
cbs46.com,0.01042752867570386,0.01042752867570386,0.0,0.0,0.2064452661673228,0.03689015335711868,0.0012745298597412256,10,0,10
www2.ljworld.com,0.0072992700729927005,0.00521376433785193,0.0020855057351407717,0.0009949999603549899,0.20302085896279287,0.028327721110884413,0.0012387123272888478,5,2,7
theindychannel.com,0.0072992700729927005,0.006256517205422315,0.0010427528675703858,0.000329212581533693,0.19242658623736492,0.021939386645023994,0.0005537147869161438,6,1,7
star-telegram.com,0.009384775808133473,0.004171011470281543,0.00521376433785193,0.0017323845000417762,0.19675705750659053,0.024956165979176395,0.0006800772085548376,4,5,9
progressivenewsdaily.com,0.009384775808133473,0.0072992700729927005,0.0020855057351407717,0.0013490964578695753,0.20401418646242261,0.03388589748372301,0.0012106915954741043,7,2,9
kxnet.com,0.0020855057351407717,0.0020855057351407717,0.0,0.0,0.18457398499781358,0.016003592885915983,0.0003453985462623157,2,0,2
knx1070.com,0.0031282586027111575,0.0031282586027111575,0.0,0.0,0.1977338617019138,0.029475968415080316,0.0004800511559060845,3,0,3
feeds.foxnews.com,0.00521376433785193,0.0020855057351407717,0.0031282586027111575,0.0001541073492278037,0.18608503035724575,0.014881933316606467,0.00042100694094264127,2,3,5
blackpoliticsontheweb.com,0.0031282586027111575,0.0020855057351407717,0.0010427528675703858,8.691039995779738e-05,0.1845644172389026,0.013310017661783592,0.000355566180900807,2,1,3
starpulse.com,0.014598540145985401,0.00521376433785193,0.009384775808133473,0.0017177336425900063,0.19906929615521737,0.03132718207294025,0.001511621147514896,5,9,14
tsn.ca,0.008342022940563087,0.0031282586027111575,0.00521376433785193,0.0009592668951468413,0.18782595059967322,0.015213544093798766,0.0007358569954208839,3,5,8
thedenverchannel.com,0.01042752867570386,0.008342022940563087,0.0020855057351407717,0.00019485735352438925,0.19526862155283028,0.02401258400091153,0.0008400523699195368,8,2,10
sports.espn.go.com,0.021897810218978103,0.009384775808133473,0.01251303441084463,0.005903785140241105,0.19740192768778475,0.02578288879634825,0.001607237518410405,9,12,21
nationalpost.com,0.011470281543274244,0.008342022940563087,0.0031282586027111575,0.0015729991827209688,0.20657991365497597,0.044454490981251205,0.0009618760956738819,8,3,11
sportingnews.com,0.013555787278415016,0.004171011470281543,0.009384775808133473,0.0027458721255672826,0.18880727740531414,0.0182191674199305,0.0013825595835166818,4,9,13
local10.com,0.008342022940563087,0.0072992700729927005,0.0010427528675703858,0.001443681591839175,0.19401062757002754,0.023549394424269798,0.0008741232848882201,7,1,8
nst.com.my,0.004171011470281543,0.0020855057351407717,0.0020855057351407717,0.00010766631513032895,0.18443882049358862,0.015154041388544696,0.0004179356823821921,2,2,4
azdailysun.com,0.0020855057351407717,0.0020855057351407717,0.0,0.0,0.16896810252364347,0.006391827479118571,0.0004862945233704283,2,0,2
newschannel10.com,0.0010427528675703858,0.0010427528675703858,0.0,0.0,0.17283637068952654,0.009591151650285165,0.00035113798745138803,1,0,1
dailytimes.com.pk,0.00521376433785193,0.004171011470281543,0.0010427528675703858,7.01711209702487e-05,0.18808663894193509,0.019307392109235048,0.0007730940481168565,4,1,5
wrcbtv.com,0.0072992700729927005,0.0020855057351407717,0.00521376433785193,0.004267584685833661,0.15702945927886933,0.003357559707379214,0.0003202067949488498,2,5,7
wjla.com,0.0010427528675703858,0.0010427528675703858,0.0,0.0,0.15566162251390633,0.0032096634460586507,0.0002851965872080024,1,0,1
kmir6.com,0.0020855057351407717,0.0020855057351407717,0.0,0.0,0.17050513984271046,0.007143152943167377,0.0004682812615365437,2,0,2
registercitizen.com,0.0072992700729927005,0.00521376433785193,0.0020855057351407717,0.0004917900160133733,0.19611638691413058,0.024591382435335676,0.001936431272167972,5,2,7
phillyburbs.com,0.008342022940563087,0.00521376433785193,0.0031282586027111575,0.0007452163672891192,0.2114140770010362,0.04888081436150173,0.0010056797823901668,5,3,8
mohavedailynews.com,0.0010427528675703858,0.0010427528675703858,0.0,0.0,0.16648403853554702,0.006313751182471046,0.000279750123743724,1,0,1
kstp.com,0.0031282586027111575,0.0020855057351407717,0.0010427528675703858,2.1425022945277354e-05,0.1719206132035068,0.00785370329281838,0.0003141056126088663,2,1,3
goupstate.com,0.00521376433785193,0.004171011470281543,0.0010427528675703858,0.0022828251852835373,0.17593823220728885,0.009644354638620737,0.0011715047342316614,4,1,5
airamerica.com,0.008342022940563087,0.006256517205422315,0.0020855057351407717,0.00036063557530644375,0.20697430066080827,0.03652852885961951,0.0008117197246755844,6,2,8
adn.com,0.00521376433785193,0.004171011470281543,0.0010427528675703858,0.00011056241746186273,0.18900477455741177,0.016631892483239166,0.00040653203232413564,4,1,5
mcclatchydc.com,0.018769551616266946,0.006256517205422315,0.01251303441084463,0.0037803102962050603,0.20610862868085814,0.04088886780038829,0.0012516994579987281,6,12,18
9wsyr.com:80,0.0020855057351407717,0.0010427528675703858,0.0010427528675703858,0.00010813657146326859,0.1731286149570926,0.007735181852380277,0.00040279200394394805,1,1,2
boards.historychannel.com,0.009384775808133473,0.0072992700729927005,0.0020855057351407717,0.000915908495200577,0.1975458066438254,0.030875847225581777,0.001402765482380813,7,2,9
todayszaman.com,0.008342022940563087,0.0020855057351407717,0.006256517205422315,0.00041636919055398506,0.18117168898083452,0.013557037929336806,0.0003459221607602326,2,6,8
reflector.com,0.008342022940563087,0.0020855057351407717,0.006256517205422315,0.0001405334762757339,0.1712146852276238,0.009199088033266741,0.00031651370398932336,2,6,8
reason.com,0.01042752867570386,0.004171011470281543,0.006256517205422315,0.002578797064276958,0.1753123199969783,0.010491478875132522,0.001479402973630591,4,6,10
collegian.com,0.0020855057351407717,0.0020855057351407717,0.0,0.0,0.1913306532272302,0.020331875940224443,0.0004652995973200957,2,0,2
physorg.com,0.017726798748696558,0.008342022940563087,0.009384775808133473,0.0044611966071711915,0.20888851384611057,0.03790516958674593,0.0015598963481770756,8,9,17
huliq.com,0.01564129301355579,0.0072992700729927005,0.008342022940563087,0.005335793301083746,0.2026413807217409,0.03141255330486991,0.0011818893066540053,7,8,15
omaha.com,0.00521376433785193,0.0020855057351407717,0.0031282586027111575,0.0002640988972900306,0.18763090807568603,0.020354116648799325,0.0004181608596824232,2,3,5
weblogs.chicagotribune.com,0.01042752867570386,0.0031282586027111575,0.0072992700729927005,0.0017208810559000151,0.16023224754083856,0.003953731955494684,0.0006174618113880509,3,7,10
swamppolitics.com,0.0031282586027111575,0.0020855057351407717,0.0010427528675703858,9.607074931465456e-05,0.1617141090186924,0.004601614991213346,0.00033267589067548963,2,1,3
forums.somd.com,0.01251303441084463,0.0072992700729927005,0.00521376433785193,0.004696929675622987,0.20673748795982338,0.03539708214470345,0.0016947969100062307,7,5,12
nymag.com,0.01042752867570386,0.006256517205422315,0.004171011470281543,0.002300123194875041,0.20913028295935837,0.03489551535846631,0.0011991530273307328,6,4,10
fayobserver.com,0.01042752867570386,0.00521376433785193,0.00521376433785193,0.0017952285328359438,0.19654303605172477,0.022510081004856214,0.0012325079353363798,5,5,10
odt.co.nz,0.0031282586027111575,0.0010427528675703858,0.0020855057351407717,0.00010378359448368185,0.16966062392195835,0.007912819831764737,0.00034844811593615494,1,2,3
modernghana.com,0.009384775808133473,0.004171011470281543,0.00521376433785193,0.0016685506544939297,0.1734055321275294,0.007319266231762503,0.0009887561377999433,4,5,9
news1130.com,0.0031282586027111575,0.0020855057351407717,0.0010427528675703858,8.298483575984623e-05,0.15074129405746856,0.0029132698577618906,0.00038945066754191525,2,1,3
nhregister.com,0.008342022940563087,0.004171011470281543,0.004171011470281543,0.0019923077445588105,0.1935948905109489,0.022579786153011493,0.0010215630871435696,4,4,8
pfblogs.org,0.011470281543274244,0.004171011470281543,0.0072992700729927005,0.003580213334620429,0.18776089138574886,0.013779857790750855,0.0016727387566869787,4,7,11
news.xinhuanet.com,0.009384775808133473,0.006256517205422315,0.0031282586027111575,0.001067119246884332,0.20603029016748647,0.03926196461555739,0.0012360834834757475,6,3,9
chinadaily.com.cn,0.006256517205422315,0.00521376433785193,0.0010427528675703858,0.00021874839105336704,0.19304333811633081,0.027935375250585405,0.0011501290330624787,5,1,6
cjad.com,0.0020855057351407717,0.0020855057351407717,0.0,0.0,0.1501160966082742,0.0026837028642147515,0.0006076298510130865,2,0,2
forum.dvdtalk.com,0.017726798748696558,0.01042752867570386,0.0072992700729927005,0.002176196945002883,0.20203715744713263,0.03633110237845033,0.0013110212808110804,10,7,17
mtv.com,0.01042752867570386,0.004171011470281543,0.006256517205422315,0.0022299776314725923,0.19576225837149042,0.026800701646902746,0.0005899141645341167,4,6,10
money.canoe.ca,0.0031282586027111575,0.0020855057351407717,0.0010427528675703858,4.3729862045023385e-05,0.1757101113227413,0.008495283045342684,0.000504626151336663,2,1,3
thehindu.com,0.008342022940563087,0.006256517205422315,0.0020855057351407717,0.0008732565126261578,0.19470750482423022,0.026931868592495453,0.0012728833484269928,6,2,8
icsolihull.icnetwork.co.uk,0.00521376433785193,0.00521376433785193,0.0,0.0,0.18750272018577474,0.02357370079723927,0.00042810868982363573,5,0,5
cleveland.com,0.009384775808133473,0.00521376433785193,0.004171011470281543,0.0012396454517450588,0.18933485624542679,0.01947754283159624,0.0016649207840613621,5,4,9
masslive.com,0.0031282586027111575,0.0020855057351407717,0.0010427528675703858,0.0010621210249559068,0.16787416953566334,0.007634227633373568,0.0006365788822379406,2,1,3
postcrescent.com,0.004171011470281543,0.0031282586027111575,0.0010427528675703858,0.0021720893660736027,0.18973247932469617,0.015385457060219114,0.000956192651720493,3,1,4
wmal.com,0.006256517205422315,0.0010427528675703858,0.00521376433785193,0.00025659354801970644,0.16684077975705044,0.006202443189443839,0.00048782877798530426,1,5,6
ktvz.com,0.0031282586027111575,0.0020855057351407717,0.0010427528675703858,6.92812595545097e-05,0.15603502977278552,0.0027159281545661223,0.00029279636196495725,2,1,3
wsoctv.com,0.01042752867570386,0.0072992700729927005,0.0031282586027111575,0.0023151144519183045,0.17474716100279075,0.009275936148088477,0.0011466770378427793,7,3,10
wftv.com,0.0031282586027111575,0.0031282586027111575,0.0,0.0,0.16367671960811833,0.004497506454354238,0.00050817334263508,3,0,3
local6.com,0.00521376433785193,0.00521376433785193,0.0,0.0,0.17910062135702173,0.01189170648258957,0.0004090818445624066,5,0,5
sunherald.com,0.00521376433785193,0.0031282586027111575,0.0020855057351407717,0.0007286967780352834,0.18946721196457775,0.018745943399232058,0.0007199720358559712,3,2,5
npr.org,0.014598540145985401,0.0031282586027111575,0.011470281543274244,0.0035217156740329327,0.18802139903942314,0.017556425547712612,0.0006997570431810121,3,11,14
blogs.abcnews.com,0.03441084462982273,0.006256517205422315,0.028154327424400417,0.009540956671401847,0.19318093137229397,0.027337317451638542,0.0010295490642457362,6,27,33
jpost.com,0.0072992700729927005,0.0031282586027111575,0.004171011470281543,0.0006386572231002679,0.18275984269408527,0.014695580622736746,0.0005597228096434011,3,4,7
torontosun.com,0.006256517205422315,0.00521376433785193,0.0010427528675703858,5.8327851837746803e-05,0.18400057482371246,0.01581730803804922,0.0009491564212012875,5,1,6
lfpress.ca,0.0031282586027111575,0.0020855057351407717,0.0010427528675703858,5.791419863348745e-05,0.1686576519697128,0.007173274427756619,0.0005586113950433438,2,1,3
greeleytribune.com,0.009384775808133473,0.0072992700729927005,0.0020855057351407717,0.0047464606772606105,0.19776201876346478,0.01978340675631897,0.0021754091000315253,7,2,9
sg.answers.yahoo.com,0.01981230448383733,0.008342022940563087,0.011470281543274244,0.0045681909710488505,0.206658670770361,0.048002772632997334,0.0015652882643350302,8,11,19
squidoo.com,0.01981230448383733,0.008342022940563087,0.011470281543274244,0.007359616848914531,0.21100260546152466,0.05140460063969619,0.001950938643484704,8,11,19
readingeagle.com,0.02085505735140772,0.011470281543274244,0.009384775808133473,0.004062660905023605,0.2112492959589466,0.04692750398276665,0.002281059204079442,11,9,20
grandforksherald.com,0.008342022940563087,0.004171011470281543,0.004171011470281543,0.0006142569104044206,0.18808663894193509,0.016980675495171214,0.0006473901552865865,4,4,8
suntimes.com,0.0031282586027111575,0.0031282586027111575,0.0,0.0,0.17344300760005135,0.007691595899028899,0.0009786922842000337,3,0,3
dnaindia.com,0.0072992700729927005,0.006256517205422315,0.0010427528675703858,0.0002166885372326192,0.1991424296218431,0.03366969104736519,0.0008862420709080352,6,1,7
article.wn.com,0.018769551616266946,0.014598540145985401,0.004171011470281543,0.0062410236507078895,0.22833432747710905,0.07623789797882656,0.004032801780069476,14,4,18
rebellenation.blogspot.com,0.011470281543274244,0.006256517205422315,0.00521376433785193,0.004563604358267281,0.19449791655208354,0.021150008321592518,0.0033286289963735992,6,5,11
cnnwire.blogs.cnn.com,0.009384775808133473,0.0020855057351407717,0.0072992700729927005,0.0014739129140169404,0.18672603976254112,0.01695154026174677,0.00040858107643685856,2,7,9
canadafreepress.com,0.0072992700729927005,0.00521376433785193,0.0020855057351407717,0.0003595439436633377,0.19747384095834497,0.027655092214689262,0.0009593937652866895,5,2,7
michnews.com,0.006256517205422315,0.00521376433785193,0.0010427528675703858,0.0006827296085574482,0.19331872090964938,0.025394684570928343,0.001624088170229319,5,1,6
forum.brokeroutpost.com,0.0072992700729927005,0.004171011470281543,0.0031282586027111575,0.001705428688776696,0.20069074173663712,0.029686939770683554,0.0015421669747246983,4,3,7
dailyreportonline.com,0.00521376433785193,0.00521376433785193,0.0,0.0,0.1807082399662769,0.011463100685366172,0.0009001445311459464,5,0,5
whitesoap.com,0.009384775808133473,0.004171011470281543,0.00521376433785193,0.0010607087536420355,0.19950890446472466,0.02626780768278775,0.0006793434902664261,4,5,9
thedailytimes.com,0.0031282586027111575,0.0020855057351407717,0.0010427528675703858,7.516797119261383e-05,0.17362770449412457,0.008874644480807388,0.0006128146785673984,2,1,3
timesofindia.indiatimes.com,0.013555787278415016,0.004171011470281543,0.009384775808133473,0.0015101847825092019,0.1946375918961066,0.027177151255893685,0.0006556263748233368,4,9,13
jezebel.com,0.009384775808133473,0.0072992700729927005,0.0020855057351407717,0.0006394643870068315,0.21224185334011628,0.05094404819644126,0.0009811593969529415,7,2,9
mlive.com,0.013555787278415016,0.00521376433785193,0.008342022940563087,0.0032099307057578143,0.20517248048094508,0.030407052603910942,0.001258098732579288,5,8,13
insidebayarea.com,0.009384775808133473,0.00521376433785193,0.004171011470281543,0.0019336180588469998,0.21026597883268308,0.03887789478217478,0.001104749037379392,5,4,9
feeds.digg.com/~r/digg/container/world_business,0.014598540145985401,0.00521376433785193,0.009384775808133473,0.001954028552849071,0.20768800514584557,0.03904442403070473,0.0013234427933188565,5,9,14
galesburg.com,0.0020855057351407717,0.0020855057351407717,0.0,0.0,0.1778117061886035,0.01165052031217575,0.00039080522355989925,2,0,2
rgj.com,0.006256517205422315,0.006256517205422315,0.0,0.0,0.19998910442183995,0.029108702761149775,0.0019886131533465353,6,0,6
partisan.blogs.hopelesslypartisan.com,0.006256517205422315,0.00521376433785193,0.0010427528675703858,0.0001860280161014877,0.19387185029708756,0.02323888984506225,0.0008324363406011353,5,1,6
politicalforum.com,0.0072992700729927005,0.004171011470281543,0.0031282586027111575,0.002360929309505856,0.17656862978197294,0.00961780595914485,0.0015753038628806308,4,3,7
medlogs.com,0.01251303441084463,0.004171011470281543,0.008342022940563087,0.004253483860315571,0.1835644068508828,0.014618770489577111,0.0008485121795655685,4,8,12
columbiamissourian.com,0.00521376433785193,0.0031282586027111575,0.0020855057351407717,0.0003480185645219784,0.18724203572734263,0.019836129789473782,0.0006344584758668699,3,2,5
hotair.com,0.02085505735140772,0.008342022940563087,0.01251303441084463,0.004721194719218947,0.21570461338267286,0.0549193630726035,0.0012282868602094452,8,12,20
therearenosunglasses.wordpress.com,0.01564129301355579,0.006256517205422315,0.009384775808133473,0.0017279451760566944,0.20076507164098403,0.033116128771218056,0.0013765264355840865,6,9,15
drudge.com,0.013555787278415016,0.00521376433785193,0.008342022940563087,0.004364976539694616,0.19318093137229397,0.021808036284850785,0.0012267209706656617,5,8,13
thereporteronline.com,0.006256517205422315,0.0031282586027111575,0.0031282586027111575,0.0005378218908091019,0.18776089138574886,0.015140722692672153,0.0017712528626943583,3,3,6
jam.canoe.ca,0.006256517205422315,0.006256517205422315,0.0,0.0,0.1927554559640287,0.021724536762731204,0.0008057855320379274,6,0,6
sandiego.craigslist.org,0.01042752867570386,0.004171011470281543,0.006256517205422315,0.0019237632828829508,0.1851317258984484,0.013438214596034928,0.0009608364848765076,4,6,10
ocala.com,0.00521376433785193,0.0031282586027111575,0.0020855057351407717,0.00042138967953978895,0.17937316129406253,0.012230678577055171,0.0011215504605638527,3,2,5
tennessean.com,0.006256517205422315,0.0031282586027111575,0.0031282586027111575,0.0004997514428029405,0.19147498884869552,0.019133163185860586,0.0008447074060290103,3,3,6
kypost.com,0.004171011470281543,0.0031282586027111575,0.0010427528675703858,0.00017214512808552907,0.1883480519217015,0.019074167281830562,0.000649840167869816,3,1,4
accesshollywood.com,0.011470281543274244,0.008342022940563087,0.0031282586027111575,0.0008645080753691457,0.21002157823737191,0.05151250101852709,0.0009332254964463802,8,3,11
scdfa.org,0.014598540145985401,0.0072992700729927005,0.0072992700729927005,0.0034524380828081986,0.1959037562091279,0.025613961104274652,0.0020735389925468756,7,7,14
39online.com,0.0010427528675703858,0.0010427528675703858,0.0,0.0,0.15324792382818184,0.002560382441686902,0.00028243847405314286,1,0,1
wmtw.com,0.01251303441084463,0.00521376433785193,0.0072992700729927005,0.0018965741873324027,0.1776682049920213,0.012547473386450916,0.0005372878211959639,5,7,12
bellinghamherald.com,0.017726798748696558,0.009384775808133473,0.008342022940563087,0.0044217510703065555,0.20470758815357135,0.03687248365811221,0.0009937117673257411,9,8,17
wtopnews.com,0.006256517205422315,0.0020855057351407717,0.004171011470281543,0.00205136713819787,0.1529530737671154,0.0037359056813585072,0.0008345354422478664,2,4,6
ksat.com,0.00521376433785193,0.00521376433785193,0.0,0.0,0.18647354573535538,0.014832813683029586,0.000722799128517456,5,0,5
lewrockwell.com,0.011470281543274244,0.008342022940563087,0.0031282586027111575,0.0010643566261757656,0.2139170060894463,0.05337387203861094,0.001734118873447286,8,3,11
journaltimes.com,0.0010427528675703858,0.0010427528675703858,0.0,0.0,0.17734759733068875,0.009391913258578114,0.00028026185297576176,1,0,1
kare11.com,0.004171011470281543,0.0020855057351407717,0.0020855057351407717,8.1346778165703e-05,0.1845015974917144,0.012784486536830024,0.0003683510732353988,2,2,4
southernledger.com,0.0010427528675703858,0.0010427528675703858,0.0,0.0,0.16648403853554702,0.006313751182471046,0.00027889066947246256,1,0,1
kctv5.com,0.0072992700729927005,0.0072992700729927005,0.0,0.0,0.1975183088003492,0.024613549354156494,0.0006941331275869908,7,0,7
kuwaittimes.net,0.0010427528675703858,0.0010427528675703858,0.0,0.0,0.1690732148735804,0.005831620838616518,0.00032636002673310026,1,0,1
cnnpoliticalticker.wordpress.com,0.00521376433785193,0.0031282586027111575,0.0020855057351407717,0.00032281316671437297,0.1947774679952055,0.024676788049744956,0.0006202762766604842,3,2,5
themoderatevoice.com,0.014598540145985401,0.0072992700729927005,0.0072992700729927005,0.0026398895259885247,0.19387185029708756,0.024334581405439475,0.001593335003055642,7,7,14
ksawtv.com,0.0020855057351407717,0.0010427528675703858,0.0010427528675703858,1.2339676488464631e-05,0.15527519147254565,0.002673821923390695,0.0002719728841889775,1,1,2
thewbalchannel.com,0.00521376433785193,0.00521376433785193,0.0,0.0,0.17517576081809894,0.011321039925324895,0.00047002405773605203,5,0,5
thepittsburghchannel.com,0.004171011470281543,0.004171011470281543,0.0,0.0,0.17489394653106852,0.011021565266716462,0.0004237871807279182,4,0,4
thehawaiichannel.com,0.00521376433785193,0.00521376433785193,0.0,0.0,0.17517576081809894,0.011321039925324895,0.00047002405773605203,5,0,5
foxcarolina.com,0.004171011470281543,0.004171011470281543,0.0,0.0,0.17489394653106852,0.011021565266716462,0.0004237871807279182,4,0,4
click2houston.com,0.004171011470281543,0.004171011470281543,0.0,0.0,0.17377569879110005,0.009038651680276743,0.00039432251474986015,4,0,4
10news.com,0.0020855057351407717,0.0020855057351407717,0.0,0.0,0.16486817889552957,0.004959670054042871,0.00033558457394620506,2,0,2
gretawire.foxnews.com,0.01251303441084463,0.00521376433785193,0.0072992700729927005,0.0025388310009567764,0.18933485624542679,0.02012625573935458,0.0014923958584047523,5,7,12
ace.new.mu.nu,0.0072992700729927005,0.00521376433785193,0.0020855057351407717,0.0008337037702519655,0.19526862155283028,0.023038356221569228,0.0010724879380360594,5,2,7
thinkprogress.org,0.014598540145985401,0.006256517205422315,0.008342022940563087,0.0032417001490330924,0.20046808189003584,0.029909692092564593,0.0010009623722923564,6,8,14
britanniaradio.blogspot.com,0.009384775808133473,0.006256517205422315,0.0031282586027111575,0.0010429847435757314,0.20509485184663523,0.03329932806338982,0.0013730531239453505,6,3,9
feeds.aol.com,0.008342022940563087,0.006256517205422315,0.0020855057351407717,0.004276133677450142,0.1920856461483547,0.023150243766955094,0.0013231047431667767,6,2,8
mercedsunstar.com,0.0072992700729927005,0.0031282586027111575,0.004171011470281543,0.0008542920191071004,0.18062835502521057,0.014369269880601653,0.0006174804454903341,3,4,7
uncyclopedia.wikia.com,0.022940563086548488,0.01251303441084463,0.01042752867570386,0.010109864481998493,0.21665295500825618,0.06529839693779364,0.00326045838292496,12,10,22
popmatters.com,0.011470281543274244,0.00521376433785193,0.006256517205422315,0.002226907281215082,0.19401062757002754,0.02400380312353874,0.0007696294096439346,5,6,11
x.techwheat.com,0.008342022940563087,0.004171011470281543,0.004171011470281543,0.00041787708242312137,0.1912048301342705,0.0191935170345247,0.00091674203886062,4,4,8
rollingstone.com,0.00521376433785193,0.004171011470281543,0.0010427528675703858,0.00011641925046495902,0.20069074173663712,0.03306980982165355,0.0008713780139049078,4,1,5
voxverax.blogspot.com,0.009384775808133473,0.0072992700729927005,0.0020855057351407717,0.0010769158906026417,0.19318093137229397,0.02185393374859571,0.0014776403756694536,7,2,9
digg.com/politics,0.013555787278415016,0.00521376433785193,0.008342022940563087,0.003178742674227323,0.19512803939188514,0.026199190651616706,0.0009535320708304664,5,8,13
dispatch.com,0.0031282586027111575,0.0020855057351407717,0.0010427528675703858,0.00012684865206226748,0.17105260127190183,0.007110083450121696,0.0004381491585495687,2,1,3
malaysia.news.yahoo.com,0.0031282586027111575,0.0031282586027111575,0.0,0.0,0.19025914799389604,0.022297753848356375,0.00044790783980842055,3,0,3
asia.news.yahoo.com,0.004171011470281543,0.004171011470281543,0.0,0.0,0.19780581725566268,0.027291907722752584,0.0006380394011971424,4,0,4
1800blogger.com,0.01251303441084463,0.0072992700729927005,0.00521376433785193,0.004056022425288892,0.20792700169952316,0.03844605330898463,0.0012638180841145234,7,5,12
macleans.ca,0.0020855057351407717,0.0020855057351407717,0.0,0.0,0.17322192027360134,0.008380147148659135,0.0004693185360143154,2,0,2
brandonsun.com,0.008342022940563087,0.00521376433785193,0.0031282586027111575,0.00044184826832403606,0.19505782419239184,0.027489168515822546,0.0005540868636552305,5,3,8
prnewswire.com,0.027111574556830033,0.011470281543274244,0.01564129301355579,0.007122950970898283,0.2190164417901644,0.053620214271542024,0.0018251935273348296,11,15,26
orlandosentinel.com,0.008342022940563087,0.00521376433785193,0.0031282586027111575,0.0015709554993654962,0.19013177601917114,0.01782032166858162,0.0009947182307303735,5,3,8
news-press.com,0.0072992700729927005,0.004171011470281543,0.0031282586027111575,0.0023241992574382702,0.177551815732282,0.007276811355868676,0.0012169583772692638,4,3,7
iowastatedaily.com,0.0020855057351407717,0.0020855057351407717,0.0,0.0,0.18082847166286126,0.011417949433847259,0.0004061122224989703,2,0,2
weblogs.baltimoresun.com,0.028154327424400417,0.008342022940563087,0.01981230448383733,0.006845690563384676,0.1981234259614974,0.025348604601888806,0.001096237954408753,8,19,27
pajamasmedia.com,0.014598540145985401,0.009384775808133473,0.00521376433785193,0.0029457758248396383,0.21026597883268308,0.0405045875418589,0.0017233583548657058,9,5,14
au.answers.yahoo.com,0.017726798748696558,0.013555787278415016,0.004171011470281543,0.0027430594590537338,0.21630714023569708,0.05830342603580165,0.0021297887711619955,13,4,17
freedomeden.blogspot.com,0.006256517205422315,0.004171011470281543,0.0020855057351407717,0.0002780915260949216,0.19311211023536048,0.020190743320129698,0.0009299829533439872,4,2,6
ecoearth.info,0.006256517205422315,0.006256517205422315,0.0,0.0,0.19991555197446156,0.025772970350448652,0.0009279843094239311,6,0,6
climateark.org,0.00521376433785193,0.00521376433785193,0.0,0.0,0.19588122011479675,0.021962705873119267,0.000667065149247732,5,0,5
avaxhome.ws,0.01251303441084463,0.0072992700729927005,0.00521376433785193,0.0015415536683703128,0.20953447755340432,0.03512915145715948,0.0011304376473619455,7,5,12
ksby.com,0.0031282586027111575,0.0010427528675703858,0.0020855057351407717,3.8120719667544004e-05,0.15518628497871656,0.002673821923390695,0.0002719728841889775,1,2,3
tulsaworld.com,0.01042752867570386,0.00521376433785193,0.00521376433785193,0.0059096918628785055,0.18907069878990473,0.016816390795987998,0.0021829697544190367,5,5,10
abcactionnews.com:80,0.006256517205422315,0.00521376433785193,0.0010427528675703858,0.0010918036623743421,0.18627687059472747,0.015068500626373672,0.0007913098429161896,5,1,6
uspolitics.tribe.net,0.018769551616266946,0.011470281543274244,0.0072992700729927005,0.004951247455295507,0.21374830182596882,0.048846331833063125,0.001842642891274744,11,7,18
blogher.com,0.028154327424400417,0.011470281543274244,0.016684045881126174,0.008596671464802095,0.21299241392167267,0.047673844691446386,0.0018393409809923122,11,16,27
dailyexpress.co.uk,0.00521376433785193,0.00521376433785193,0.0,0.0,0.19241429586497735,0.02073834198565848,0.00048227530361357265,5,0,5
wntp.townhall.com,0.008342022940563087,0.00521376433785193,0.0031282586027111575,0.0005873584504537169,0.19290594072265368,0.02322053351111082,0.0007281817894313305,5,3,8
krla870.townhall.com,0.006256517205422315,0.00521376433785193,0.0010427528675703858,7.48066139473313e-05,0.19330383563960205,0.02322053351111082,0.0007281817894313305,5,1,6
860wgul.townhall.com,0.00521376433785193,0.00521376433785193,0.0,0.0,0.19330383563960205,0.02322053351111082,0.0007281817894313305,5,0,5
560wind.townhall.com,0.009384775808133473,0.0072992700729927005,0.0020855057351407717,0.0029065057696059378,0.19442815402821267,0.02668398349519716,0.0009386299437007376,7,2,9
honoluluadvertiser.com,0.0031282586027111575,0.0020855057351407717,0.0010427528675703858,2.402536118212016e-05,0.1787815611578684,0.009421349086052806,0.00041636993171284206,2,1,3
answerbag.com,0.01042752867570386,0.0072992700729927005,0.0031282586027111575,0.0013087581006664152,0.20595201118186052,0.032936974064636686,0.0016737343390232466,7,3,10
chronwatch-america.com,0.008342022940563087,0.00521376433785193,0.0031282586027111575,0.0009723470120563632,0.20211248822917854,0.031311913805584554,0.0012824064889485308,5,3,8
embeds.blogs.foxnews.com,0.00521376433785193,0.0031282586027111575,0.0020855057351407717,0.0014909175362553904,0.18387574404024998,0.01421680911521449,0.0007890606530582966,3,2,5
nbcchicago.com,0.006256517205422315,0.004171011470281543,0.0020855057351407717,0.0016388005762597066,0.19604545874526472,0.025037576529574036,0.001098872737682085,4,2,6
catholicexchange.com,0.0072992700729927005,0.00521376433785193,0.0020855057351407717,0.002597645672650537,0.20024591556359694,0.024562765094075675,0.0014867317873892062,5,2,7
reddit.com,0.023983315954118876,0.01042752867570386,0.013555787278415016,0.006393983153965759,0.22161312078113526,0.06499499835065888,0.0018033256766146703,10,13,23
feeds.feedburner.com,0.009384775808133473,0.00521376433785193,0.004171011470281543,0.0024835662391237794,0.19470750482423022,0.024206331640403242,0.0019376673685613868,5,4,9
biz.yahoo.com,0.0031282586027111575,0.0,0.0031282586027111575,0.0,0.0,5.0392979177991254e-15,0.0002647778449757004,0,3,3
moneycentral.msn.com,0.004171011470281543,0.0031282586027111575,0.0010427528675703858,0.0003594737641047647,0.1729628887781292,0.008664562278032742,0.0004686141980317396,3,1,4
statesmanjournal.com,0.0072992700729927005,0.0031282586027111575,0.004171011470281543,0.0003169849843554686,0.1794325367198467,0.01221043052084575,0.00039141376979989404,3,4,7
theolympian.com,0.01042752867570386,0.00521376433785193,0.00521376433785193,0.002542496824404888,0.19562096478912191,0.023908280916589454,0.001143821259783758,5,5,10
syracuse.com,0.0020855057351407717,0.0010427528675703858,0.0010427528675703858,5.027519251806991e-05,0.1637166093115847,0.005244282281540246,0.0003597084196214766,1,1,2
q13fox.com,0.0010427528675703858,0.0010427528675703858,0.0,0.0,0.15324792382818184,0.002560382441686902,0.0002792119399676546,1,0,1
broadwayworld.com,0.006256517205422315,0.0031282586027111575,0.0031282586027111575,0.0002770626835962481,0.18044796718730258,0.012507679493928036,0.000623575411400669,3,3,6
ph.answers.yahoo.com,0.008342022940563087,0.006256517205422315,0.0020855057351407717,0.00041430004040382947,0.2026413807217409,0.03275340339737343,0.0009814871008269259,6,2,8
blog.sina.com.cn,0.01251303441084463,0.0072992700729927005,0.00521376433785193,0.0017683191121285594,0.2092109970786017,0.04848176753352857,0.0011612864349589088,7,5,12
demonoid.com,0.0072992700729927005,0.00521376433785193,0.0020855057351407717,0.0016794449310595452,0.1910700364577571,0.017363361506479894,0.0013808587630664425,5,2,7
thenation.com,0.016684045881126174,0.009384775808133473,0.0072992700729927005,0.004238861185938472,0.20302085896279287,0.04000884541745689,0.0015101835858174332,9,7,16
corner.nationalreview.com,0.008342022940563087,0.0031282586027111575,0.00521376433785193,0.0009079738410756929,0.18487915874169744,0.014086852134405763,0.001524202940492026,3,5,8
againstobama.com,0.004171011470281543,0.004171011470281543,0.0,0.0,0.1955289157620723,0.02629617642918235,0.0006905974941535785,4,0,4
timesanddemocrat.com,0.004171011470281543,0.0020855057351407717,0.0020855057351407717,0.0011284922314950797,0.17807677182347467,0.010309971850799904,0.0005841403447346388,2,2,4
g1.globo.com,0.0072992700729927005,0.0031282586027111575,0.004171011470281543,0.00045269039306510515,0.18867584177885727,0.014762064894148946,0.0007982222591846236,3,4,7
pbs.org,0.013555787278415016,0.004171011470281543,0.009384775808133473,0.0012929952341636504,0.19885021769283087,0.027386301506074663,0.0005944255956228202,4,9,13
brownsvilleherald.com,0.0031282586027111575,0.0020855057351407717,0.0010427528675703858,0.0004781103717374443,0.1753123199969783,0.010465355575336692,0.00043735788881588085,2,1,3
wvgazette.com,0.00521376433785193,0.0010427528675703858,0.004171011470281543,0.00029025972247766847,0.16356840477690313,0.0050740607714355465,0.00037739873099797594,1,4,5
feeds.gothamistllc.com,0.0072992700729927005,0.004171011470281543,0.0031282586027111575,0.0005298709281833206,0.19435844153125023,0.021507655815228365,0.0006257489270659,4,3,7
riverdaughter.wordpress.com,0.009384775808133473,0.00521376433785193,0.004171011470281543,0.0007103154117039826,0.19352577416303354,0.02207332467721982,0.0009633281883200363,5,4,9
lonelyplanet.com,0.008342022940563087,0.00521376433785193,0.0031282586027111575,0.0012990809621236466,0.1920856461483547,0.020533699410877553,0.0008977892107142579,5,3,8
sermoncentral.com,0.013555787278415016,0.008342022940563087,0.00521376433785193,0.0013978345294586012,0.20493977067321623,0.031188367584226447,0.0018766674754055798,8,5,13
inforum.com,0.0031282586027111575,0.0020855057351407717,0.0010427528675703858,0.0001494742931545124,0.18344016698160978,0.013090136852683369,0.00038240284861258326,2,1,3
courierpostonline.com,0.0010427528675703858,0.0010427528675703858,0.0,0.0,0.14766921646796005,0.0016983055890751576,0.0004825442017336002,1,0,1
rssjunky.com,0.009384775808133473,0.00521376433785193,0.004171011470281543,0.004004465154774294,0.19583298173072866,0.024242538898628745,0.0011867149683935747,5,4,9
free-ebooks.tistory.com,0.006256517205422315,0.004171011470281543,0.0020855057351407717,0.0002600061949756816,0.19290594072265368,0.02304632904255216,0.0008511758700211145,4,2,6
origin.theaustralian.news.com.au,0.0020855057351407717,0.0020855057351407717,0.0,0.0,0.16689296463572642,0.006151058376299735,0.0007581087183857633,2,0,2
chacha.com,0.016684045881126174,0.006256517205422315,0.01042752867570386,0.0070163537695961545,0.20424479782617067,0.03372752284732146,0.0027313506537899267,6,10,16
ocregister.com,0.014598540145985401,0.009384775808133473,0.00521376433785193,0.006796494260884211,0.20752897910821475,0.036812648530869324,0.0018402284245681044,9,5,14
etonline.com,0.01042752867570386,0.004171011470281543,0.006256517205422315,0.0007756303697808981,0.18275984269408527,0.014228875626641801,0.00044973464176985506,4,6,10
kxan.com,0.004171011470281543,0.0031282586027111575,0.0010427528675703858,0.001194886571081151,0.17056818547220165,0.006272071527965147,0.001001282965874829,3,1,4
411mania.com,0.01564129301355579,0.0072992700729927005,0.008342022940563087,0.0048679807048028064,0.21848677687652435,0.05610024983021538,0.0016360990065626916,7,8,15
southtownstar.com,0.0031282586027111575,0.0020855057351407717,0.0010427528675703858,8.372328271283059e-05,0.16928972312013021,0.005462003299422395,0.0005633280473082816,2,1,3
forums.slickdeals.net,0.006256517205422315,0.00521376433785193,0.0010427528675703858,0.00022434966656436237,0.19387185029708756,0.0238902785980688,0.0011489285461676936,5,1,6
variety.com,0.011470281543274244,0.0072992700729927005,0.004171011470281543,0.0018464010831729394,0.19661432478442395,0.03406176213369145,0.0008061181315558895,7,4,11
area52hkh.net,0.013555787278415016,0.006256517205422315,0.0072992700729927005,0.0068394973206398445,0.1912722983170984,0.016594207153248094,0.0020680699423323637,6,7,13
vosizneias.com,0.016684045881126174,0.006256517205422315,0.01042752867570386,0.0022033280051808805,0.20151141019727023,0.03896549393251326,0.0008812157832462486,6,10,16
forums.catholic.com,0.013555787278415016,0.0072992700729927005,0.006256517205422315,0.0037559852893418707,0.2112492959589466,0.038582527248199466,0.0014685805453911196,7,6,13
wraithbait.com,0.01564129301355579,0.00521376433785193,0.01042752867570386,0.0036944363691309265,0.20218787520725734,0.03244037656462066,0.0010839228345852505,5,10,15
washingtonmonthly.com,0.01042752867570386,0.0031282586027111575,0.0072992700729927005,0.0010048880071669888,0.18275984269408527,0.012679784345867737,0.000558413620429771,3,7,10
cnbc.com,0.008342022940563087,0.006256517205422315,0.0020855057351407717,0.0008826980335245097,0.19885021769283087,0.03303564522444559,0.0021925846821401716,6,2,8
tthfanfic.org,0.009384775808133473,0.004171011470281543,0.00521376433785193,0.0013078546202287737,0.19318093137229397,0.020665031286381905,0.0009057444149109627,4,5,9
tfponline.com,0.00521376433785193,0.0031282586027111575,0.0020855057351407717,0.0012426966575486515,0.17949195146710495,0.01054332136206558,0.0009236004984163152,3,2,5
ca.answers.yahoo.com,0.01564129301355579,0.008342022940563087,0.0072992700729927005,0.004768090952938005,0.20271716283868993,0.03273598827453128,0.001494276427273608,8,7,15
napavalleyregister.com,0.004171011470281543,0.0031282586027111575,0.0010427528675703858,0.0010875266733294312,0.17446594574530316,0.008000011932204147,0.0010430285761587918,3,1,4
thetimesonline.com,0.0031282586027111575,0.0031282586027111575,0.0,0.0,0.17523223269457158,0.009882046649905572,0.0006653684919722195,3,0,3
gainesville.com,0.00521376433785193,0.00521376433785193,0.0,0.0,0.20244707106836535,0.03264292131101781,0.0009980637054974014,5,0,5
alertnet.org,0.0031282586027111575,0.0010427528675703858,0.0020855057351407717,0.00020925148195717326,0.1657186467229156,0.004220563593861992,0.000400797196772095,1,2,3
thenorthwestern.com,0.004171011470281543,0.0031282586027111575,0.0010427528675703858,0.0005175053238632671,0.1761669461913087,0.009252687056200845,0.0007177834742195335,3,1,4
ibloga.blogspot.com,0.011470281543274244,0.008342022940563087,0.0031282586027111575,0.0007503188430888499,0.20424479782617067,0.029715071474153153,0.001486558625351592,8,3,11
wcax.com,0.0031282586027111575,0.0020855057351407717,0.0010427528675703858,0.0007858742905906248,0.15530582451958885,0.002730323549537884,0.0004447134598361578,2,1,3
haaretz.com,0.00521376433785193,0.0031282586027111575,0.0020855057351407717,0.0001588672834897147,0.1757101113227413,0.01370929783640208,0.00047838500197665046,3,2,5
ktvq.com,0.0020855057351407717,0.0020855057351407717,0.0,0.0,0.17433302944790283,0.00903385062204161,0.00032027386305065784,2,0,2
deseretnews.com,0.006256517205422315,0.0031282586027111575,0.0031282586027111575,0.0005920830660407155,0.18099021483494387,0.014329223358015715,0.0008366451714526602,3,3,6
baynews9.com,0.0020855057351407717,0.0020855057351407717,0.0,0.0,0.18161389435969294,0.012775639580443775,0.00046508914231640445,2,0,2
clarionledger.com,0.0020855057351407717,0.0020855057351407717,0.0,0.0,0.1913306532272302,0.019686080421473122,0.000493794993452891,2,0,2
theodoresworld.net,0.00521376433785193,0.004171011470281543,0.0010427528675703858,0.0001736993130940926,0.18418813912016885,0.015935410394744838,0.001184808787603763,4,1,5
media.kentucky.com,0.0031282586027111575,0.0020855057351407717,0.0010427528675703858,7.068747930094069e-05,0.14264886669227814,0.0011541707204518739,0.00033267028019657305,2,1,3
media.idahostatesman.com,0.00521376433785193,0.004171011470281543,0.0010427528675703858,0.00016976660562347947,0.18282148176413388,0.012144870717208418,0.0004267316966440151,4,1,5
ledger-enquirer.com,0.0031282586027111575,0.0031282586027111575,0.0,0.0,0.18873971729811145,0.019130633883718343,0.00046707800263042876,3,0,3
komonews.com,0.0010427528675703858,0.0010427528675703858,0.0,0.0,0.13094926182090122,0.00041656143912421336,0.00033203754631666636,1,0,1
blognetwork.knoxnews.com,0.0072992700729927005,0.00521376433785193,0.0020855057351407717,0.0031332208673133326,0.18393813825268304,0.01359517661289649,0.002188615108020884,5,2,7
newsgazette.com,0.0010427528675703858,0.0010427528675703858,0.0,0.0,0.15324792382818184,0.002560382441686902,0.00027414591538170826,1,0,1
news-gazette.com,0.0010427528675703858,0.0010427528675703858,0.0,0.0,0.15324792382818184,0.002560382441686902,0.00027414591538170826,1,0,1
herald-mail.com,0.006256517205422315,0.004171011470281543,0.0020855057351407717,0.000995338111037011,0.18570253286421956,0.018335458432087066,0.0006647812886868544,4,2,6
dailyprogress.com,0.0031282586027111575,0.0020855057351407717,0.0010427528675703858,8.008798554484903e-05,0.17030024927133425,0.007096659369160437,0.0005888966863168159,2,1,3
actualteam.com,0.004171011470281543,0.004171011470281543,0.0,0.0,0.18363864385762196,0.01724409754394247,0.0005080412773054003,4,0,4
wwww.examiner.com,0.01042752867570386,0.0010427528675703858,0.009384775808133473,0.0034606376638950296,0.17099864146077504,0.008410325502743314,0.0003046502207473214,1,9,10
wvec.com,0.0020855057351407717,0.0010427528675703858,0.0010427528675703858,3.012341282552108e-05,0.1394919437546724,0.0009418660010329485,0.00029550570706345005,1,1,2
whas11.com,0.01042752867570386,0.0010427528675703858,0.009384775808133473,0.00041155546216279493,0.13945605696698146,0.0009418660010329485,0.00029550570706345005,1,9,10
kyivpost.com,0.0031282586027111575,0.0031282586027111575,0.0,0.0,0.17951465846055514,0.012162003464861324,0.00033333359010156673,3,0,3
katu.com,0.0010427528675703858,0.0010427528675703858,0.0,0.0,0.13966351125862306,0.0009418660010329485,0.00029550570706345005,1,0,1
emilianodorego.blogspot.com,0.0010427528675703858,0.0010427528675703858,0.0,0.0,0.13966351125862306,0.0009418660010329485,0.00029550570706345005,1,0,1
www3.signonsandiego.com,0.013555787278415016,0.0,0.013555787278415016,0.0,0.0,5.0392979177991254e-15,0.0002647778449757004,0,13,13
wdnweb.com,0.0010427528675703858,0.0010427528675703858,0.0,0.0,0.0010427528675703858,7.055017084918777e-14,0.0002826431766711203,1,0,1
myrtlebeachonline.com,0.0031282586027111575,0.0031282586027111575,0.0,0.0,0.17168995130087208,0.005637015727959079,0.0005536925728263616,3,0,3
modbee.com,0.0031282586027111575,0.0020855057351407717,0.0010427528675703858,6.30220845804359e-05,0.15548351997098425,0.002465667729779931,0.0004534314238175685,2,1,3
media.sacbee.com,0.00521376433785193,0.004171011470281543,0.0010427528675703858,0.0012008619057269217,0.1868547719512778,0.015494165521150375,0.0010937073970878907,4,1,5
media.adn.com,0.0020855057351407717,0.0020855057351407717,0.0,0.0,0.16105789209438845,0.003115944019175146,0.00035656722356771265,2,0,2
digitalburg.com,0.0010427528675703858,0.0010427528675703858,0.0,0.0,0.0010427528675703858,7.055017084918777e-14,0.0002826431766711203,1,0,1
sfexaminer.com,0.0010427528675703858,0.0010427528675703858,0.0,0.0,0.16096250690511132,0.0042252889611419375,0.00037998026268942396,1,0,1
feeds.huffingtonpost.com,0.0020855057351407717,0.0020855057351407717,0.0,0.0,0.16896810252364347,0.007159428891937212,0.0004632061322724084,2,0,2
citizen-times.com,0.004171011470281543,0.004171011470281543,0.0,0.0,0.19566968531985635,0.020788959644453785,0.0008821435082048471,4,0,4
thisfuckingwar.blogspot.com,0.00521376433785193,0.00521376433785193,0.0,0.0,0.18589958475326981,0.013436191003952514,0.0010308960962147125,5,0,5
thesouthern.com,0.0031282586027111575,0.0020855057351407717,0.0010427528675703858,0.00015719607595839131,0.18425074555766718,0.013370663658155904,0.00036957774148304494,2,1,3
theeagle.com,0.0010427528675703858,0.0010427528675703858,0.0,0.0,0.12893035716759038,0.000299474658613472,0.0002845526887051648,1,0,1
sun-sentinel.com,0.0031282586027111575,0.0020855057351407717,0.0010427528675703858,5.425936080710265e-05,0.16108935911758004,0.003649210925487379,0.0003695320244995042,2,1,3
santamariatimes.com,0.0010427528675703858,0.0010427528675703858,0.0,0.0,0.12893035716759038,0.000299474658613472,0.0002845526887051648,1,0,1
mywesttexas.com,0.0020855057351407717,0.0010427528675703858,0.0010427528675703858,0.0001021578982996951,0.12872612050122462,0.000299474658613472,0.0002845526887051648,1,1,2
military.com,0.0020855057351407717,0.0020855057351407717,0.0,0.0,0.18407395388369827,0.01315349264272359,0.000320169175473231,2,0,2
columbustelegram.com,0.0020855057351407717,0.0020855057351407717,0.0,0.0,0.14300720489833227,0.001021542987704049,0.00035748953874363846,2,0,2
casperstartribune.net,0.0010427528675703858,0.0010427528675703858,0.0,0.0,0.1454174386887536,0.001107977583117904,0.0002935759972802819,1,0,1
timesfreepress.com,0.0020855057351407717,0.0010427528675703858,0.0010427528675703858,7.230511195691128e-05,0.11105627810503113,4.210623118046675e-05,0.0002995893109171709,1,1,2
pheedo.msnbc.msn.com,0.0010427528675703858,0.0010427528675703858,0.0,0.0,0.11118232477368807,4.210623118046675e-05,0.0002995893109171709,1,0,1
onlineathens.com,0.006256517205422315,0.00521376433785193,0.0010427528675703858,0.0001289310806224715,0.18608503035724575,0.015653295303349524,0.00096847420172291,5,1,6
injesus.com,0.01251303441084463,0.00521376433785193,0.0072992700729927005,0.004446067045147149,0.1946375918961066,0.02076271022866357,0.0018003284426694288,5,7,12
wtnh.com,0.0031282586027111575,0.0010427528675703858,0.0020855057351407717,0.0007893181977971846,0.1407231810567645,0.000995195726531958,0.0002790530332046894,1,2,3
profit.ndtv.com,0.0010427528675703858,0.0010427528675703858,0.0,0.0,0.11883917486195036,0.00011146126235118565,0.0003833793125427241,1,0,1
media.star-telegram.com,0.00521376433785193,0.004171011470281543,0.0010427528675703858,0.0012952636373142232,0.18576617321132863,0.014366016757441587,0.0008669602294012972,4,1,5
kptv.com,0.004171011470281543,0.004171011470281543,0.0,0.0,0.18640959733146809,0.013127838781154236,0.0007755751949793661,4,0,4
fox5vegas.com,0.017726798748696558,0.004171011470281543,0.013555787278415016,0.0013657346981060545,0.1836888151239095,0.01190979255907934,0.0006680755215175314,4,13,17
dcexaminer.com,0.0020855057351407717,0.0020855057351407717,0.0,0.0,0.1691784580823408,0.0057480269686951985,0.0003750032732091731,2,0,2
wsbt.com,0.011470281543274244,0.0020855057351407717,0.009384775808133473,0.001150101808720049,0.1812928740570759,0.012559153993538413,0.00029961373296608724,2,9,11
shreveporttimes.com,0.0072992700729927005,0.00521376433785193,0.0020855057351407717,0.00331582985105864,0.1991424296218431,0.02663744327130074,0.0007680112367560775,5,2,7
presstelegram.com,0.0010427528675703858,0.0010427528675703858,0.0,0.0,0.14643598755887957,0.001406522951610446,0.00029307391383988455,1,0,1
wsav.com,0.0010427528675703858,0.0,0.0010427528675703858,0.0,0.0,5.0392979177991254e-15,0.0002647778449757004,0,1,1
wesh.com,0.0072992700729927005,0.00521376433785193,0.0020855057351407717,0.0004906053106355588,0.19133981413012952,0.017696906113824847,0.0005816791357128258,5,2,7
waff.com,0.006256517205422315,0.004171011470281543,0.0020855057351407717,0.002289720628217099,0.1753123199969783,0.008979262779039652,0.000783628585477701,4,2,6
pjstar.com,0.0020855057351407717,0.0010427528675703858,0.0010427528675703858,2.5052631168209047e-05,0.1552307254956062,0.002673821923390695,0.0002719728841889775,1,1,2
mymotherlode.com,0.0010427528675703858,0.0010427528675703858,0.0,0.0,0.15543905799787275,0.002673821923390695,0.0002719728841889775,1,0,1
lansingstatejournal.com,0.00521376433785193,0.0020855057351407717,0.0031282586027111575,0.0002935281974869032,0.1734610218978102,0.007929449207365278,0.0004669667479387501,2,3,5
kttc.com,0.0010427528675703858,0.0010427528675703858,0.0,0.0,0.15543905799787275,0.002673821923390695,0.0002719728841889775,1,0,1
kpax.com,0.0020855057351407717,0.0020855057351407717,0.0,0.0,0.15764802372928102,0.0030498326042820434,0.00032640167469300105,2,0,2
kionrightnow.com,0.0020855057351407717,0.0020855057351407717,0.0,0.0,0.15696517060888276,0.0028217181847112584,0.0003069830919298249,2,0,2
kgun9.com,0.0031282586027111575,0.0031282586027111575,0.0,0.0,0.1782197986290364,0.009256834159418647,0.00036498434814783137,3,0,3
images.salon.com,0.0010427528675703858,0.0010427528675703858,0.0,0.0,0.15543905799787275,0.002673821923390695,0.0002719728841889775,1,0,1
hattiesburgamerican.com,0.01042752867570386,0.006256517205422315,0.004171011470281543,0.0012664992364815662,0.20248998633943105,0.03714301288946517,0.0009685092204165583,6,4,10
fox4now.com,0.0020855057351407717,0.0020855057351407717,0.0,0.0,0.16333244766182722,0.003994434897813523,0.0004191256387417391,2,0,2
abc40.com,0.0020855057351407717,0.0020855057351407717,0.0,0.0,0.15696517060888276,0.0028217181847112584,0.0003069830919298249,2,0,2
570news.com,0.0010427528675703858,0.0010427528675703858,0.0,0.0,0.15543905799787275,0.002673821923390695,0.0002719728841889775,1,0,1
prospect.org,0.011470281543274244,0.0031282586027111575,0.008342022940563087,0.0008051141523164898,0.18014812011653603,0.014101427973962124,0.0004330096212235686,3,8,11
crooksandliars.com,0.01251303441084463,0.0072992700729927005,0.00521376433785193,0.0024138218783798914,0.19689999761375115,0.024763247484155565,0.0009605465654178404,7,5,12
wotarticle.com,0.0072992700729927005,0.0031282586027111575,0.004171011470281543,0.0018616912064810761,0.18679038367700102,0.017358465176497837,0.0008167026097949301,3,4,7
woai.com:80,0.0031282586027111575,0.0010427528675703858,0.0020855057351407717,0.00011452924228407518,0.16061205731278724,0.003688731591379144,0.0004900817009106,1,2,3
news.sympatico.msn.cbc.ca,0.004171011470281543,0.0020855057351407717,0.0020855057351407717,0.00033016800867613933,0.16607404823243166,0.006139327992025188,0.0005643147232611331,2,2,4
abc3340.com,0.0020855057351407717,0.0020855057351407717,0.0,0.0,0.16148852816950712,0.005267805601443077,0.000396762877210363,2,0,2
680news.com,0.0010427528675703858,0.0010427528675703858,0.0,0.0,0.1478700723119045,0.002058142155389466,0.00038655350589110286,1,0,1
thedailynewsonline.com,0.0072992700729927005,0.004171011470281543,0.0031282586027111575,0.000415526318062371,0.19885021769283087,0.03296255028240196,0.0005328911170784902,4,3,7
nashville.metromix.com,0.0010427528675703858,0.0010427528675703858,0.0,0.0,0.16461852992688097,0.006274159063149556,0.00027394830020656554,1,0,1
fox4kc.com,0.0010427528675703858,0.0010427528675703858,0.0,0.0,0.16461852992688097,0.006274159063149556,0.00027394830020656554,1,0,1
entertainment.msn.com,0.0020855057351407717,0.0020855057351407717,0.0,0.0,0.16511858621462971,0.006379633603906246,0.000301856992184307,2,0,2
delcotimes.com,0.008342022940563087,0.00521376433785193,0.0031282586027111575,0.0014709720019556148,0.20642257937191807,0.03716759020990722,0.0018200102188264686,5,3,8
accessatlanta.com,0.00521376433785193,0.00521376433785193,0.0,0.0,0.19896427006535908,0.029129399826876623,0.000810226414844475,5,0,5
590klbj.com,0.0020855057351407717,0.0020855057351407717,0.0,0.0,0.1686535481906798,0.007635980409756013,0.0003489481767684154,2,0,2
popwatch.ew.com,0.016684045881126174,0.008342022940563087,0.008342022940563087,0.007438897749072637,0.20091389674968751,0.033347459922921034,0.0030011426472260324,8,8,16
whotv.com,0.0031282586027111575,0.0010427528675703858,0.0020855057351407717,0.0001415744973408243,0.15549790402485855,0.0032096634460586507,0.0002749872162949605,1,2,3
carnageandculture.blogspot.com,0.0072992700729927005,0.00521376433785193,0.0020855057351407717,0.0010165960828822068,0.19725825816253892,0.02583999569212489,0.0007951470003564779,5,2,7
wfaa.com,0.004171011470281543,0.0010427528675703858,0.0031282586027111575,0.00020651214659854193,0.1729628887781292,0.008395578212585056,0.0003266959120502163,1,3,4
saukvalley.com,0.00521376433785193,0.0031282586027111575,0.0020855057351407717,0.00023421082524792948,0.1809298042158401,0.0094645615870385,0.0009693333105309897,3,2,5
libertylounge.net,0.0020855057351407717,0.0020855057351407717,0.0,0.0,0.13813732803521245,0.0007422534924028042,0.0003561691117560659,2,0,2
detnews.com,0.01564129301355579,0.011470281543274244,0.004171011470281543,0.007062440525306978,0.21981577186969056,0.05191025506449337,0.004872960173202243,11,4,15
localnews8.com,0.0010427528675703858,0.0010427528675703858,0.0,0.0,0.12907344629699272,0.0003057637559725437,0.000642823629446977,1,0,1
nola.com,0.008342022940563087,0.006256517205422315,0.0020855057351407717,0.003228270217557071,0.20046808189003584,0.03388780634532863,0.000971924390428312,6,2,8
fresnobee.com,0.00521376433785193,0.004171011470281543,0.0010427528675703858,0.00012784130086502325,0.18487915874169744,0.013236631733101124,0.0007622231511169726,4,1,5
fox59.com,0.0010427528675703858,0.0010427528675703858,0.0,0.0,0.1378570595532744,0.0008551277023774641,0.0002676750066265128,1,0,1
daily-jeff.com,0.0031282586027111575,0.0020855057351407717,0.0010427528675703858,5.4790023606044124e-05,0.16907850699646193,0.007470019124303115,0.00034915228460009266,2,1,3
cnews.canoe.ca,0.008342022940563087,0.0072992700729927005,0.0010427528675703858,0.0018874331412881279,0.18743627020423823,0.01669732432249788,0.0019868636107608566,7,1,8
sweetness-light.com,0.00521376433785193,0.0031282586027111575,0.0020855057351407717,0.00024046434448649767,0.17252249950052734,0.009340232764175147,0.0004362867546762747,3,2,5
kltv.com,0.0020855057351407717,0.0020855057351407717,0.0,0.0,0.13066595812946177,0.0003415808897888995,0.00030010237211195985,2,0,2
blog.beliefnet.com,0.006256517205422315,0.00521376433785193,0.0010427528675703858,0.000602909089095273,0.1968285016088079,0.026744456383910358,0.0008766964795610116,5,1,6
newsdaily.com,0.0031282586027111575,0.0031282586027111575,0.0,0.0,0.19119605551127716,0.018056475536540304,0.00035788407597000073,3,0,3
gunnyg.wordpress.com,0.0072992700729927005,0.004171011470281543,0.0031282586027111575,0.0011801294340447381,0.19222187710306984,0.02121097057767044,0.0006989377954273213,4,3,7
wcfcourier.com,0.0010427528675703858,0.0010427528675703858,0.0,0.0,0.15796872589902963,0.0029249289701222237,0.00030734324875845824,1,0,1
rockymounttelegram.com,0.004171011470281543,0.0031282586027111575,0.0010427528675703858,9.629441566000199e-05,0.17901773230867138,0.01193661510892641,0.00041340488378945566,3,1,4
primebuzz.kcstar.com,0.0010427528675703858,0.0010427528675703858,0.0,0.0,0.15796872589902963,0.0029249289701222237,0.00030734324875845824,1,0,1
dailyadvance.com,0.0020855057351407717,0.0020855057351407717,0.0,0.0,0.17212488467972165,0.00847196382778962,0.00041097250797455327,2,0,2
connpolitics.tv,0.0010427528675703858,0.0010427528675703858,0.0,0.0,0.15796872589902963,0.0029249289701222237,0.00030734324875845824,1,0,1
beatricedailysun.com,0.0031282586027111575,0.0031282586027111575,0.0,0.0,0.16227364206972317,0.004369065628303377,0.0006506690485773396,3,0,3
eastvalleytribune.com,0.00521376433785193,0.0031282586027111575,0.0020855057351407717,0.0015390352557410633,0.1791360520259937,0.009337709638045253,0.0021485643031120987,3,2,5
newsbusters.org,0.01042752867570386,0.008342022940563087,0.0020855057351407717,0.0005165588428019385,0.21257478173751249,0.04263782067783383,0.0012504466862322547,8,2,10
starnewsonline.com,0.00521376433785193,0.004171011470281543,0.0010427528675703858,0.00034875580814241536,0.18062835502521057,0.015358444101785237,0.0006192150493375503,4,1,5
courant.com,0.0010427528675703858,0.0010427528675703858,0.0,0.0,0.16704683030687184,0.005354955000308133,0.0002879620649078472,1,0,1
pressdemocrat.com,0.00521376433785193,0.0031282586027111575,0.0020855057351407717,0.000296613254868669,0.18730673580879645,0.014760106164417095,0.0006692911373471036,3,2,5
bleacherreport.com,0.01042752867570386,0.008342022940563087,0.0020855057351407717,0.0008836551669472434,0.19965587235014987,0.031189750334880126,0.0011340171981562203,8,2,10
truthseeker2473.blogspot.com,0.01251303441084463,0.00521376433785193,0.0072992700729927005,0.002398100095658585,0.1882826305768173,0.01863779979818323,0.0016115678299034883,5,7,12
mcall.com,0.009384775808133473,0.006256517205422315,0.0031282586027111575,0.0024506311697030762,0.20061646685072426,0.028572349470999438,0.0013969531628452371,6,3,9
groups.google.com,0.01042752867570386,0.006256517205422315,0.004171011470281543,0.003737936346431776,0.2054835835597638,0.03601677062310485,0.0012788136520167155,6,4,10
mycentraljersey.com,0.01251303441084463,0.004171011470281543,0.008342022940563087,0.005021131692842573,0.18627687059472747,0.015100892810995335,0.0011392784707964297,4,8,12
timesdaily.com,0.006256517205422315,0.0020855057351407717,0.004171011470281543,0.0005437629721664195,0.1734055321275294,0.009104275462366744,0.0005830453603171277,2,4,6
theunion.com,0.004171011470281543,0.0010427528675703858,0.0031282586027111575,0.00014488792900126888,0.1621494745529934,0.0046489717700891105,0.00035746292247766583,1,3,4
telegram.com,0.0010427528675703858,0.0010427528675703858,0.0,0.0,0.1529891319500594,0.0027407099548315884,0.000559433165258829,1,0,1
scrippsnews.net,0.01251303441084463,0.006256517205422315,0.006256517205422315,0.0022726386550465873,0.20571753071372179,0.03393910319706397,0.0009067794928967772,6,6,12
scrippsnews.com,0.01042752867570386,0.0072992700729927005,0.0031282586027111575,0.000623677056991453,0.20603029016748647,0.03774006194217409,0.0010444491242345907,7,3,10
thepoliticalcarnival.blogspot.com,0.014598540145985401,0.0020855057351407717,0.01251303441084463,0.0008390458675082669,0.1673558794166894,0.006656070915445014,0.000359830219271225,2,12,14
blogs.chron.com,0.01042752867570386,0.00521376433785193,0.00521376433785193,0.0037680139815055697,0.19899621638423529,0.024522201984226295,0.0029001482669912945,5,5,10
rrstar.com,0.0010427528675703858,0.0010427528675703858,0.0,0.0,0.1518777272474325,0.0024278684387120815,0.0005611311007915257,1,0,1
minx.cc,0.009384775808133473,0.00521376433785193,0.004171011470281543,0.0010922257680974537,0.192974614962854,0.020474745184325682,0.0008537252779120929,5,4,9
clickondetroit.com,0.004171011470281543,0.004171011470281543,0.0,0.0,0.1841987074952765,0.014881156386357343,0.0005110032814887666,4,0,4
the-dispatch.com,0.0020855057351407717,0.0010427528675703858,0.0010427528675703858,0.00015100743021168305,0.16322363548047483,0.005229143451524759,0.00034587836886196797,1,1,2
features.csmonitor.com,0.004171011470281543,0.004171011470281543,0.0,0.0,0.19397763833174386,0.023479606427446387,0.0011867716791792667,4,0,4
californiachronicle.com,0.017726798748696558,0.0072992700729927005,0.01042752867570386,0.005196513437004716,0.21075649044737826,0.04309820413709218,0.001103920307818234,7,10,17
story.seattlebulletin.com,0.0031282586027111575,0.0020855057351407717,0.0010427528675703858,0.00034677748110622874,0.17525563964780372,0.009311512950102204,0.0003722614762216096,2,1,3
minnesota.publicradio.org,0.004171011470281543,0.0020855057351407717,0.0020855057351407717,0.00021991180713939074,0.18847903109549963,0.01667119866946582,0.0003639420710386383,2,2,4
knoxnews.com,0.0031282586027111575,0.0020855057351407717,0.0010427528675703858,0.00013017500988691603,0.18056818568642802,0.01043767364750899,0.0010221953022110683,2,1,3
ap.google.com,0.0020855057351407717,0.0020855057351407717,0.0,0.0,0.18583602933967897,0.019701885109307468,0.00033655718861907665,2,0,2
americannonsense.com,0.0072992700729927005,0.004171011470281543,0.0031282586027111575,0.00039175833826987633,0.18519497554856745,0.01795167510562919,0.0006314867410981621,4,3,7
spectator.org,0.0072992700729927005,0.004171011470281543,0.0031282586027111575,0.0014835773656330725,0.17760999129444852,0.009224281165675464,0.001666491846767839,4,3,7
wsbtv.com.,0.0020855057351407717,0.0020855057351407717,0.0,0.0,0.15847533114243761,0.003155989346530324,0.0003022341986355136,2,0,2
jg-tc.com,0.0031282586027111575,0.0031282586027111575,0.0,0.0,0.18873863009425215,0.018604479745963895,0.0006941924748184668,3,0,3
slate.com,0.004171011470281543,0.0031282586027111575,0.0010427528675703858,0.00011018002225293217,0.18711276956529407,0.01987134525313545,0.00042975929124565887,3,1,4
krdotv.com,0.0010427528675703858,0.0010427528675703858,0.0,0.0,0.17311158784030606,0.0070938461818134055,0.00030453856649793084,1,0,1
kmph.com,0.0031282586027111575,0.0020855057351407717,0.0010427528675703858,0.0009780118995755163,0.16113724537177673,0.00408138575843433,0.00039690521155895386,2,1,3
kduhtv.com,0.0010427528675703858,0.0010427528675703858,0.0,0.0,0.16058209329942716,0.003933489497113766,0.00036189500381810647,1,0,1
pe.com,0.0020855057351407717,0.0010427528675703858,0.0010427528675703858,8.108384608085014e-05,0.1595249244940132,0.003201225555582913,0.0004926889027567492,1,1,2
rightwingnews.com,0.009384775808133473,0.004171011470281543,0.00521376433785193,0.001439227978018561,0.180387917946974,0.013237534385377359,0.0010480256184008277,4,5,9
bsimmons.wordpress.com,0.008342022940563087,0.0031282586027111575,0.00521376433785193,0.0010592592075188108,0.18032790865956652,0.01392943255742165,0.0012921587497119777,3,5,8
lobbytools.com,0.0020855057351407717,0.0020855057351407717,0.0,0.0,0.17585583494615367,0.010063383558490879,0.0004311946704576729,2,0,2
hollywoodreporter.com,0.0031282586027111575,0.0020855057351407717,0.0010427528675703858,7.353359584763984e-05,0.17961089908239128,0.011937049917077435,0.0003924609979467878,2,1,3
pastebin.ca,0.008342022940563087,0.004171011470281543,0.004171011470281543,0.0013317250206350934,0.19147498884869552,0.020333958048377274,0.0010479850621501088,4,4,8
mininova.org,0.0072992700729927005,0.004171011470281543,0.0031282586027111575,0.00032168211604983554,0.18165740396469734,0.012778646472980484,0.0005348066908077901,4,3,7
pheedcontent.com,0.011470281543274244,0.008342022940563087,0.0031282586027111575,0.0010488862957930532,0.2072908961493908,0.04094598204096684,0.0014276638886538077,8,3,11
altweeklies.com,0.011470281543274244,0.0031282586027111575,0.008342022940563087,0.0013610291306488773,0.18808663894193509,0.014609302656623952,0.000838716256257551,3,8,11
truthdig.com,0.0031282586027111575,0.0031282586027111575,0.0,0.0,0.1872443630101829,0.016764195598122013,0.0007337159225380799,3,0,3
nbcsandiego.com,0.004171011470281543,0.0031282586027111575,0.0010427528675703858,0.0003116292200288756,0.18966609287286806,0.01767175974519373,0.0006123581213977108,3,1,4
holycoast.blogspot.com,0.004171011470281543,0.0031282586027111575,0.0010427528675703858,9.127515358686077e-05,0.17067559616834285,0.006447478794120968,0.0006409741217001513,3,1,4
breakingnews.nypost.com,0.0010427528675703858,0.0010427528675703858,0.0,0.0,0.16015627160240453,0.0037332706104051643,0.000357049868473104,1,0,1
blogcritics.org,0.004171011470281543,0.0031282586027111575,0.0010427528675703858,0.00029697172014029493,0.18500535611967814,0.013678976539427467,0.0010132835681632146,3,1,4
blogs.wsj.com,0.0031282586027111575,0.0020855057351407717,0.0010427528675703858,5.185218266258855e-05,0.18986539174453831,0.018944054889094206,0.0003626896121906866,2,1,3
bizjournals.com,0.011470281543274244,0.0031282586027111575,0.008342022940563087,0.003611565858042448,0.18263668916127254,0.01338017297413079,0.0007690474729529994,3,8,11
dailykos.com,0.014598540145985401,0.0072992700729927005,0.0072992700729927005,0.0019444833393004902,0.19740192768778475,0.026369394691175982,0.0010713527714085948,7,7,14
mlb.mlb.com,0.009384775808133473,0.004171011470281543,0.00521376433785193,0.0006260294581576547,0.1912048301342705,0.02071328909652782,0.0008232059875876967,4,5,9
metrowestdailynews.com,0.0072992700729927005,0.00521376433785193,0.0020855057351407717,0.0006618475831368186,0.18050805642046516,0.015252485239840387,0.0011677776528650568,5,2,7
365gay.com,0.00521376433785193,0.004171011470281543,0.0010427528675703858,0.00017302092457948965,0.18847903109549963,0.021588575249433417,0.000856913479372043,4,1,5
charlotte.com,0.0031282586027111575,0.0020855057351407717,0.0010427528675703858,0.0002499637616277759,0.1696075386203557,0.005374615339810924,0.0005676148733321945,2,1,3
wdtn.com,0.0010427528675703858,0.0010427528675703858,0.0,0.0,0.14089434572798365,0.000995195726531958,0.0002790530332046894,1,0,1
krqe.com,0.0031282586027111575,0.0020855057351407717,0.0010427528675703858,0.0001706823331891397,0.1634204683239846,0.004513339738032328,0.00042336901486107016,2,1,3
austin360.com,0.0010427528675703858,0.0010427528675703858,0.0,0.0,0.14089434572798365,0.000995195726531958,0.0002790530332046894,1,0,1
ktla.trb.com,0.0010427528675703858,0.0,0.0010427528675703858,0.0,0.0,5.0392979177991254e-15,0.0002647778449757004,0,1,1
kswo.com,0.011470281543274244,0.0010427528675703858,0.01042752867570386,0.0016176642492894738,0.14587343741406267,0.0013206129744278677,0.000411930599528462,1,10,11
ktvn.com,0.0020855057351407717,0.0010427528675703858,0.0010427528675703858,6.667624103108455e-05,0.12236245901369232,0.00014789626132560307,0.0002997880527165478,1,1,2
sportsnipe.com,0.0072992700729927005,0.004171011470281543,0.0031282586027111575,0.0014816484576489694,0.18595735623693205,0.019679255361581605,0.0008893033711840459,4,3,7
mysanantonio.com,0.004171011470281543,0.0031282586027111575,0.0010427528675703858,7.041702183708828e-05,0.18874153670983876,0.017931973419745232,0.00047443735677940227,3,1,4
kob.com,0.0010427528675703858,0.0010427528675703858,0.0,0.0,0.1600148324458525,0.0035181440115054094,0.0004090938266320811,1,0,1
timesreporter.com,0.00521376433785193,0.0031282586027111575,0.0020855057351407717,0.0004642723263182685,0.18551187317955406,0.01456461710315452,0.0007462360424032077,3,2,5
myfoxatlanta.com,0.0010427528675703858,0.0010427528675703858,0.0,0.0,0.16328338414495674,0.004962546012074041,0.00034519659594627636,1,0,1
courier-journal.com,0.00521376433785193,0.004171011470281543,0.0010427528675703858,0.0001499540009815942,0.18525826843153007,0.014612339049024214,0.0014573230009188418,4,1,5
annistonstar.com,0.0031282586027111575,0.0031282586027111575,0.0,0.0,0.17910062135702173,0.010057119501493869,0.0009223020568570949,3,0,3
sanfranciscosentinel.com,0.0020855057351407717,0.0020855057351407717,0.0,0.0,0.18887087762979882,0.01738831939449408,0.0004548749645787807,2,0,2
gctelegram.com,0.0010427528675703858,0.0010427528675703858,0.0,0.0,0.1540732386107032,0.0024422977095930835,0.0004086203348105889,1,0,1
care2.com,0.01042752867570386,0.00521376433785193,0.00521376433785193,0.0035001587048241064,0.19841350418398862,0.02657263417159706,0.0014464983475762677,5,5,10
cqpolitics.com,0.00521376433785193,0.0020855057351407717,0.0031282586027111575,0.00018340236544076846,0.17485990110666352,0.010043353477314465,0.00037075455804429295,2,3,5
lasvegassun.com,0.006256517205422315,0.004171011470281543,0.0020855057351407717,0.0014851591197368823,0.18691920463126102,0.014982297247740846,0.0015751218834227317,4,2,6
helenair.com,0.0020855057351407717,0.0020855057351407717,0.0,0.0,0.18469941753943628,0.014541165808233546,0.00047845722081557487,2,0,2
quizilla.com,0.01981230448383733,0.009384775808133473,0.01042752867570386,0.006353624114944568,0.2105927324905427,0.04419730088280979,0.0016575702534660773,9,10,19
timesunion.com,0.0031282586027111575,0.0020855057351407717,0.0010427528675703858,5.4034786905469637e-05,0.18135352741072497,0.01207631203780651,0.0006842772911040079,2,1,3
macon.com,0.0020855057351407717,0.0020855057351407717,0.0,0.0,0.1643283580681942,0.0043722267597602555,0.0010319471593023054,2,0,2
feeds.latimes.com,0.0020855057351407717,0.0020855057351407717,0.0,0.0,0.16536975534486187,0.005152881049295985,0.0005101997909422134,2,0,2
jacksonville.com,0.01042752867570386,0.0031282586027111575,0.0072992700729927005,0.003364840214134566,0.18135352741072497,0.012159946050240874,0.0006007926122324715,3,7,10
firstcoastnews.com,0.0010427528675703858,0.0010427528675703858,0.0,0.0,0.16240525420333463,0.004987465503581047,0.00039769122470861135,1,0,1
losangeles.craigslist.org,0.004171011470281543,0.0031282586027111575,0.0010427528675703858,9.268925000506485e-05,0.1922101788608773,0.0202785388092403,0.00046953856083826697,3,1,4
lohud.com,0.009384775808133473,0.004171011470281543,0.00521376433785193,0.0016804431018052465,0.19519830516048145,0.022015637861120037,0.0009631608389280014,4,5,9
beaufortgazette.com,0.0010427528675703858,0.0010427528675703858,0.0,0.0,0.16602638540579137,0.005905912824664095,0.0002863662255362218,1,0,1
wcpo.com,0.0010427528675703858,0.0010427528675703858,0.0,0.0,0.16501833206392258,0.004826788029840975,0.00037170316712011595,1,0,1
2theadvocate.com,0.0020855057351407717,0.0010427528675703858,0.0010427528675703858,6.308872125233562e-05,0.1768566699610626,0.009748531710380025,0.0003753102206237594,1,1,2
chroniclet.com,0.0020855057351407717,0.0010427528675703858,0.0010427528675703858,0.0007856406546652346,0.14714052481831078,0.001498481914239231,0.0003700715841953845,1,1,2
essenceofpolitics.blogspot.com,0.0020855057351407717,0.0020855057351407717,0.0,0.0,0.1642206603681453,0.005187890431902356,0.0005758576872779092,2,0,2
althouse.blogspot.com,0.00521376433785193,0.004171011470281543,0.0010427528675703858,0.00013252456289228773,0.19013177601917114,0.02146761110654275,0.0005220969926238089,4,1,5
journalstandard.com,0.00521376433785193,0.0020855057351407717,0.0031282586027111575,0.000799068469681515,0.1654657183854264,0.004853919473819756,0.0005947461659706825,2,3,5
khou.com,0.0010427528675703858,0.0010427528675703858,0.0,0.0,0.1816745941906955,0.013016579290563199,0.0003962429621096076,1,0,1
theoaklandpress.com,0.0020855057351407717,0.0010427528675703858,0.0010427528675703858,0.0010348999518193247,0.12319674850696748,0.00016781252986783484,0.0005794631949160907,1,1,2
thelife.com,0.00521376433785193,0.004171011470281543,0.0010427528675703858,0.0002100275444444275,0.1850685194368921,0.015211301683311486,0.0012470819143117107,4,1,5
nbc12.com,0.0020855057351407717,0.0010427528675703858,0.0010427528675703858,7.01015157720351e-05,0.16486182890226792,0.005211315421879694,0.00038585176148769646,1,1,2
eagletribune.com,0.0010427528675703858,0.0010427528675703858,0.0,0.0,0.16870589255697113,0.005846840533565387,0.0004895040234541228,1,0,1
islandpacket.com,0.0020855057351407717,0.0020855057351407717,0.0,0.0,0.15196264630096756,0.0024718053846814626,0.0006528777852425306,2,0,2
weht.com,0.0010427528675703858,0.0010427528675703858,0.0,0.0,0.13022769185878316,0.0003760106808963879,0.0003192066354797239,1,0,1
kcbs.com,0.0031282586027111575,0.0010427528675703858,0.0020855057351407717,0.0006079054129730589,0.15762305711853938,0.0029832043965574186,0.0005367647145468296,1,2,3
gjsentinel.com,0.0020855057351407717,0.0020855057351407717,0.0,0.0,0.16058209329942716,0.004180072232120323,0.0009106546146770621,2,0,2
wacotrib.com,0.0010427528675703858,0.0,0.0010427528675703858,0.0,0.0,5.0392979177991254e-15,0.0002647778449757004,0,1,1
marketplace.publicradio.org,0.0010427528675703858,0.0,0.0010427528675703858,0.0,0.0,5.0392979177991254e-15,0.0002647778449757004,0,1,1
ksl.com,0.0010427528675703858,0.0,0.0010427528675703858,0.0,0.0,5.0392979177991254e-15,0.0002647778449757004,0,1,1
wbtv.com,0.0010427528675703858,0.0010427528675703858,0.0,0.0,0.11118232477368807,4.210623118046675e-05,0.0002856013227516802,1,0,1
