cascade_id,observation_level,early_event_count,early_size,early_comm_count,early_duration,early_growth_rate,early_max_out_degree,early_mean_out_degree,early_max_betweenness,early_mean_betweenness,early_max_pagerank,early_mean_pagerank,target_final_size,early_mean_link_score,early_max_link_score,early_preferential_attachment_max
1,0.1,81,124,13,1.0,124.0,0.0980187695516162,0.0101079753775774,0.0464749058416465,0.004406897951466,0.0052421649220672,0.0012553273269672,605,0.015889503818196517,0.05454545454545454,1638.0
1,0.2,161,215,13,1.0,215.0,0.0980187695516162,0.0094138758881586,0.0570262908498661,0.0045043891287021,0.0052421649220672,0.001301447920945,605,0.010679271708683472,0.07142857142857142,969.0
1,0.3,241,298,13,1.0,298.0,0.0980187695516162,0.0091993197612165,0.0570262908498661,0.0041256664612338,0.0052421649220672,0.0012292211417892,605,0.0055072463768115944,0.06666666666666667,312.0
1,0.5,401,416,13,1.666667,249.59995008001,0.0980187695516162,0.0085826582176946,0.0570262908498661,0.0038587910176272,0.0056186378747126,0.0012699053646417,605,0.015529044598812042,0.07142857142857142,448.0
2,0.1,87,128,13,1.0,128.0,0.0980187695516162,0.0131321689259644,0.0464749058416465,0.0058055451133012,0.0056186378747126,0.001338585878655,611,0.016840647561013663,0.10869565217391304,1760.0
2,0.2,173,218,13,1.0,218.0,0.0980187695516162,0.0107767073882388,0.0464749058416465,0.0046562850197304,0.0056186378747126,0.0013328706062616,611,0.07430524070078326,1.0,828.0
2,0.3,259,299,13,1.0,299.0,0.0980187695516162,0.0096812105698173,0.0464749058416465,0.0041609575881859,0.0056186378747126,0.0012862473466424,611,0.012878787878787878,0.16666666666666666,200.0
2,0.5,431,430,13,1.5,286.6666666666667,0.0980187695516162,0.0086936489075344,0.0570262908498661,0.003854156264935,0.0056186378747126,0.001278302578875,611,0.018054672278076535,0.15384615384615385,432.0
3,0.1,81,112,13,1.0,112.0,0.0980187695516162,0.0128482049754207,0.0464749058416465,0.0053918939619832,0.0056186378747126,0.0013436567284758,612,0.011239745584920557,0.06666666666666667,1200.0
3,0.2,162,203,13,1.0,203.0,0.0980187695516162,0.0103607513984702,0.0464749058416465,0.0043385716290247,0.0056186378747126,0.0012593715810811,612,0.003393425238600212,0.043478260869565216,1326.0
3,0.3,243,289,13,1.0,289.0,0.0980187695516162,0.0090925163539008,0.0464749058416465,0.0038062372014112,0.0056186378747126,0.0012247579148919,612,0.008863590113590114,0.047619047619047616,720.0
3,0.5,404,426,13,1.5,284.0,0.0980187695516162,0.0085745617255846,0.0570262908498661,0.0037572900581912,0.0056186378747126,0.0012731785074381,612,0.014785024154589372,0.08888888888888889,1560.0
4,0.1,85,134,12,1.0,134.0,0.0980187695516162,0.0107310164505937,0.0570262908498661,0.0049838251130761,0.0058095370925524,0.0013082231563696,631,0.011345980500429438,0.043478260869565216,580.0
4,0.2,169,228,12,1.0,228.0,0.0980187695516162,0.0093939227631121,0.0570262908498661,0.0041117129837801,0.0058095370925524,0.0012042806288475,631,0.03663274449564772,0.5,1534.0
4,0.3,253,306,13,1.0,306.0,0.0980187695516162,0.0088327301723608,0.0570262908498661,0.0039339834969474,0.0058095370925524,0.0012274590327835,631,0.010186921799825024,0.06666666666666667,1014.0
4,0.5,421,441,13,1.5,294.0,0.0980187695516162,0.0083302003456926,0.0570262908498661,0.0037703061960378,0.0058095370925524,0.0012748094535919,631,0.004982517482517483,0.038461538461538464,310.0
5,0.1,83,117,13,1.0,117.0,0.0980187695516162,0.0118446030854789,0.0492079830055308,0.0050848892427916,0.0056186378747126,0.0012816527270124,620,0.003875746988181835,0.0392156862745098,5900.0
5,0.2,166,217,13,1.0,217.0,0.0980187695516162,0.0103602542971508,0.0492079830055308,0.0045729095651646,0.0056186378747126,0.001324501757247,620,0.008856572159393008,0.06666666666666667,700.0
5,0.3,249,290,13,1.0,290.0,0.0980187695516162,0.009172629535076,0.0492079830055308,0.0039254844849329,0.0056186378747126,0.0012436725382195,620,0.010725806451612903,0.15,608.0
5,0.5,414,432,13,1.5,288.0,0.0980187695516162,0.0085568493415208,0.0570262908498661,0.0038191008751712,0.0058095370925524,0.0012816287704614,620,0.009284188034188035,0.125,520.0
6,0.1,81,123,13,1.0,123.0,0.0980187695516162,0.0121145841281144,0.0570262908498661,0.0052841925331648,0.0034225241115278,0.0013864969694661,604,0.012001712317246296,0.07692307692307693,1300.0
6,0.2,161,216,13,1.0,216.0,0.0980187695516162,0.0103164948055458,0.0570262908498661,0.0043793428145802,0.0044179097289399,0.0013329476631894,604,0.01478517316017316,0.14285714285714285,440.0
6,0.3,242,295,13,1.0,295.0,0.0980187695516162,0.0097594598893621,0.0570262908498661,0.004151809874943,0.0044179097289399,0.0013074734716399,604,0.012679334554334554,0.1111111111111111,880.0
6,0.5,402,414,13,1.75,236.57142857142856,0.0980187695516162,0.0087500566713514,0.0570262908498661,0.0036829523313067,0.0056186378747126,0.0012539358995677,604,0.0023809523809523807,0.047619047619047616,480.0
7,0.1,84,132,13,1.0,132.0,0.0980187695516162,0.0121101526211014,0.0464749058416465,0.0051404562434185,0.0039956275909326,0.0013387717188113,628,0.005578047683310841,0.05555555555555555,805.0
7,0.2,168,232,13,1.0,232.0,0.0980187695516162,0.0103241523138326,0.0570262908498661,0.0044631623611358,0.0056186378747126,0.0012903156619311,628,0.010898248792270531,0.08888888888888889,480.0
7,0.3,252,299,13,1.0,299.0,0.0980187695516162,0.0095138121161605,0.0570262908498661,0.00416243921966,0.0056186378747126,0.0012617571524243,628,0.008074684785893918,0.08571428571428572,1311.0
7,0.5,420,423,13,1.666667,253.79994924001016,0.0980187695516162,0.0085466292951926,0.0570262908498661,0.0037959652583007,0.0056186378747126,0.001273629116711,628,0.0037868162692847123,0.043478260869565216,465.0
8,0.1,84,120,13,1.0,120.0,0.0980187695516162,0.0133472367049008,0.0570262908498661,0.0056589694036734,0.0034225241115278,0.001325592241886,629,0.008062369907820399,0.05263157894736842,800.0
8,0.2,167,217,13,1.0,217.0,0.0980187695516162,0.0106581836878852,0.0570262908498661,0.0049169380882351,0.0056186378747126,0.0013795608243446,629,0.007417582417582417,0.07692307692307693,432.0
8,0.3,250,299,13,1.0,299.0,0.0980187695516162,0.0097300351188005,0.0570262908498661,0.0043561126005266,0.0056186378747126,0.0013237650635451,629,0.010208012326656394,0.13636363636363635,650.0
8,0.5,416,426,13,1.666667,255.59994888001023,0.0980187695516162,0.008929489344828,0.0570262908498661,0.003997377985831,0.0058095370925524,0.0013159140863607,629,0.012512531328320803,0.15,345.0
9,0.1,81,125,12,1.0,125.0,0.0980187695516162,0.0118456725755995,0.0570262908498661,0.005415298488641,0.0045513414488271,0.0013113885565363,626,0.014665644680609763,0.07407407407407407,1560.0
9,0.2,161,215,13,1.0,215.0,0.0980187695516162,0.0101122778087639,0.0570262908498661,0.0045197346847053,0.0045513414488271,0.0012834146637825,626,0.01327192946143975,0.08,1800.0
9,0.3,242,304,13,1.0,304.0,0.0980187695516162,0.0094362274298885,0.0570262908498661,0.0042553413053331,0.0052421649220672,0.0012799704987555,626,0.010622056514913658,0.125,600.0
9,0.5,403,436,13,1.666667,261.5999476800105,0.0980187695516162,0.0083491978456151,0.0570262908498661,0.0037475954989213,0.0058095370925524,0.0012570419650147,626,0.008238011644759858,0.058823529411764705,832.0
10,0.1,88,128,12,1.0,128.0,0.05422314911366,0.0110466631908237,0.031948254360793,0.004774460373478,0.0039956275909326,0.0013451429149251,621,0.013131112395818278,0.1,1250.0
10,0.2,176,235,13,1.0,235.0,0.0980187695516162,0.0107558848978323,0.0570262908498661,0.0048835329757928,0.0058095370925524,0.0014605214270282,621,0.007063668039277796,0.07142857142857142,320.0
10,0.3,264,308,13,1.0,308.0,0.0980187695516162,0.0098452121392684,0.0570262908498661,0.0044065263056526,0.0058095370925524,0.0013511109878835,621,0.013822751322751323,0.16666666666666666,351.0
10,0.5,439,427,13,1.5,284.6666666666667,0.0980187695516162,0.0086814670824653,0.0570262908498661,0.0038925654818586,0.0058095370925524,0.0012791510286762,621,0.05098435007974481,0.6666666666666666,260.0
11,0.1,82,133,12,1.0,133.0,0.0980187695516162,0.009698385693117,0.0464749058416465,0.003769173608648,0.0044179097289399,0.0012294012383678,621,0.02721594892265978,0.23076923076923078,1534.0
11,0.2,164,229,12,1.0,229.0,0.0980187695516162,0.0091980820632845,0.0570262908498661,0.0038727933179502,0.0045513414488271,0.0012232920288322,621,0.023751850264075638,0.17647058823529413,1311.0
11,0.3,246,321,13,1.0,321.0,0.0980187695516162,0.0089494833338205,0.0570262908498661,0.003826692267625,0.0045513414488271,0.0012613466830962,621,0.002492401215805471,0.02857142857142857,512.0
11,0.5,409,442,13,1.666667,265.1999469600106,0.0980187695516162,0.0084930097811162,0.0570262908498661,0.003751060871491,0.0058095370925524,0.0012829461083406,621,0.01899773293155646,0.1,1596.0
12,0.1,80,112,12,1.0,112.0,0.0980187695516162,0.0125409652912259,0.0570262908498661,0.0057612719511196,0.0056186378747126,0.0013766834865339,618,0.01417123417123417,0.1,737.0
12,0.2,160,205,12,1.0,205.0,0.0980187695516162,0.0101274193138177,0.0570262908498661,0.0045432476127819,0.0056186378747126,0.0013419054684705,618,0.01447863247863248,0.1111111111111111,585.0
12,0.3,240,288,13,1.0,288.0,0.0980187695516162,0.008798227320125,0.0570262908498661,0.0038449619609705,0.0056186378747126,0.0012478563106676,618,0.0074866310160427805,0.09090909090909091,756.0
12,0.5,400,426,13,1.666667,255.59994888001023,0.0980187695516162,0.0081951563394967,0.0570262908498661,0.0035731065214798,0.0056186378747126,0.0012602630002438,618,0.008833440904379118,0.05128205128205128,1050.0
13,0.1,84,132,13,1.0,132.0,0.0980187695516162,0.0110200018959142,0.0464749058416465,0.0048112772288364,0.0052421649220672,0.0012648721960282,635,0.032452891338023836,0.2631578947368421,2500.0
13,0.2,167,227,13,1.0,227.0,0.0980187695516162,0.0098303574299586,0.0464749058416465,0.0044303904423253,0.0058095370925524,0.0013048324106835,635,0.01615265961402885,0.0975609756097561,3276.0
13,0.3,250,319,13,1.0,319.0,0.0980187695516162,0.0097247328558679,0.0570262908498661,0.0045089388048233,0.0058095370925524,0.0013616475517219,635,0.013814167510976022,0.1,558.0
13,0.5,416,440,13,1.5,293.3333333333333,0.0980187695516162,0.0084842165134135,0.0570262908498661,0.0037535167721175,0.0058095370925524,0.0012535247141971,635,0.010912979362831764,0.06976744186046512,320.0
14,0.1,82,121,13,1.0,121.0,0.0980187695516162,0.0115909306353897,0.0492079830055308,0.0050987197318738,0.0045513414488271,0.0013590397443475,622,0.010828203452782171,0.08333333333333333,3500.0
14,0.2,164,218,13,1.0,218.0,0.0980187695516162,0.0105901598568845,0.0570262908498661,0.0047343814836282,0.0045513414488271,0.0012938859506531,622,0.014119644470254229,0.07407407407407407,341.0
14,0.3,246,295,13,1.0,295.0,0.0980187695516162,0.0098301549990278,0.0570262908498661,0.0044284232197497,0.0052421649220672,0.0012991287063764,622,0.005463286713286714,0.07692307692307693,500.0
14,0.5,410,416,13,1.75,237.7142857142857,0.0980187695516162,0.0088057471725354,0.0570262908498661,0.0039045162713723,0.0056186378747126,0.0012471384330693,622,0.016785714285714286,0.2857142857142857,221.0
15,0.1,82,132,13,1.0,132.0,0.0761209593326381,0.0111463961828924,0.0570262908498661,0.0046212340446679,0.0037580805554219,0.0012856525221792,624,0.03544417767106843,0.5555555555555556,5226.0
15,0.2,164,224,13,1.0,224.0,0.0980187695516162,0.0098782213615372,0.0570262908498661,0.0042971636589792,0.0052421649220672,0.0012897689543613,624,0.012776292335115864,0.08333333333333333,1280.0
15,0.3,246,304,13,1.0,304.0,0.0980187695516162,0.0095219801328137,0.0570262908498661,0.0040895664015029,0.0056186378747126,0.0012615298381664,624,0.009452607015092155,0.10526315789473684,1003.0
15,0.5,409,428,13,1.5,285.3333333333333,0.0980187695516162,0.0081982789705007,0.0570262908498661,0.0035048302200932,0.0056186378747126,0.0011978719570315,624,0.011944444444444443,0.2222222222222222,910.0
16,0.1,84,137,13,1.0,137.0,0.0980187695516162,0.0119878523096595,0.0570262908498661,0.005539062873271,0.0045513414488271,0.0013363898950881,626,0.007312125431567976,0.08333333333333333,2000.0
16,0.2,168,234,13,1.0,234.0,0.0980187695516162,0.0101556999367217,0.0570262908498661,0.004526472118996,0.0052421649220672,0.0012640168901102,626,0.009294718652080019,0.07042253521126761,1300.0
16,0.3,252,318,13,1.0,318.0,0.0980187695516162,0.0093552639345229,0.0570262908498661,0.0041704119524515,0.0052421649220672,0.0012620757442573,626,0.012088072745967482,0.08333333333333333,529.0
16,0.5,420,454,13,1.5,302.6666666666667,0.0980187695516162,0.0084017400651375,0.0570262908498661,0.0037248151477902,0.0058095370925524,0.0012438328088305,626,0.007891330891330891,0.05555555555555555,273.0
17,0.1,83,120,13,1.0,120.0,0.0980187695516162,0.0115484880083419,0.0464749058416465,0.004777599133838,0.0040871733233292,0.0012897412497652,641,0.012116560898962892,0.043478260869565216,897.0
17,0.2,165,212,13,1.0,212.0,0.0980187695516162,0.0098618844315029,0.0570262908498661,0.0044514687388601,0.0056186378747126,0.0013364611326924,641,0.012977687087594208,0.09090909090909091,300.0
17,0.3,247,309,13,1.0,309.0,0.0980187695516162,0.0087503501152427,0.0570262908498661,0.0039520894418427,0.0056186378747126,0.001267366026543,641,0.01162516229426815,0.08333333333333333,1608.0
17,0.5,411,437,13,1.666667,262.1999475600105,0.0980187695516162,0.0082370318051554,0.0570262908498661,0.0036146938656096,0.0056186378747126,0.0012493207570279,641,0.022397347045234366,0.14285714285714285,493.0
18,0.1,86,122,13,1.0,122.0,0.0980187695516162,0.0119831108224071,0.0570262908498661,0.006019253542799,0.0056186378747126,0.0014095037744595,639,0.019011470985155196,0.08333333333333333,988.0
18,0.2,171,223,13,1.0,223.0,0.0980187695516162,0.0106706818107426,0.0570262908498661,0.005090792876754,0.0056186378747126,0.0013399108831283,639,0.008556816410953858,0.05555555555555555,880.0
18,0.3,256,296,13,1.0,296.0,0.0980187695516162,0.0095961446326409,0.0570262908498661,0.0044950405673073,0.0058095370925524,0.0012910480387091,639,0.008500951821920903,0.045454545454545456,1311.0
18,0.5,426,439,13,1.666667,263.39994732001054,0.0980187695516162,0.0085819273588423,0.0570262908498661,0.0038531217772879,0.0058095370925524,0.001245383140521,639,0.008608058608058609,0.07692307692307693,3200.0
19,0.1,83,130,12,1.0,130.0,0.0761209593326381,0.0112456886179513,0.0276206490442316,0.0045027055083727,0.0038790328069506,0.0012918084014957,606,0.004731343734881471,0.03773584905660377,1311.0
19,0.2,165,218,13,1.0,218.0,0.0980187695516162,0.0104370952157732,0.0464749058416465,0.0042196259895805,0.0039254903849993,0.0012574259433683,606,0.006785714285714286,0.06666666666666667,840.0
19,0.3,247,296,13,1.0,296.0,0.0980187695516162,0.0093354564157483,0.0464749058416465,0.0037632076588541,0.0058095370925524,0.0012085354565849,606,0.006671828623048134,0.04878048780487805,224.0
19,0.5,411,412,13,1.6,257.5,0.0980187695516162,0.008696356439252,0.0570262908498661,0.0038292577483583,0.0058095370925524,0.0012579828417017,606,0.005555555555555555,0.1111111111111111,350.0
20,0.1,82,121,12,1.0,121.0,0.0980187695516162,0.0125302699954325,0.0570262908498661,0.0051986954684078,0.0034176043514391,0.0012221275380629,636,0.017225087290876764,0.07692307692307693,1407.0
20,0.2,163,230,13,1.0,230.0,0.0980187695516162,0.0110078433150473,0.0570262908498661,0.0048802540888095,0.0056186378747126,0.0013300225964704,636,0.008333333333333333,0.09523809523809523,210.0
20,0.3,244,308,13,1.0,308.0,0.0980187695516162,0.0096420784637676,0.0570262908498661,0.0041932708192678,0.0056186378747126,0.0012530119610183,636,0.007417582417582417,0.07692307692307693,469.0
20,0.5,407,447,13,1.5,298.0,0.0980187695516162,0.0081810610885219,0.0570262908498661,0.0035612978440192,0.0058095370925524,0.0012269080211934,636,0.01297672592275291,0.08695652173913043,416.0
21,0.1,84,130,13,1.0,130.0,0.0980187695516162,0.0117430015240233,0.0570262908498661,0.0051368063786259,0.0052421649220672,0.0012805785925466,619,0.019304219668942708,0.1282051282051282,1072.0
21,0.2,168,228,13,1.0,228.0,0.0980187695516162,0.0105830269103415,0.0570262908498661,0.0047685859594081,0.0056186378747126,0.0013468934240525,619,0.010115746322642874,0.09090909090909091,800.0
21,0.3,252,305,13,1.0,305.0,0.0980187695516162,0.0097027299611958,0.0570262908498661,0.0043698282670857,0.0056186378747126,0.0013236406307835,619,0.005014414597747931,0.02857142857142857,988.0
21,0.5,419,418,13,1.75,238.8571428571429,0.0980187695516162,0.0087910552758804,0.0570262908498661,0.0037980646643461,0.0056186378747126,0.0012462115478108,619,0.018914161392405062,0.16666666666666666,456.0
22,0.1,82,121,13,1.0,121.0,0.0980187695516162,0.0123320607726712,0.0464749058416465,0.0050714439641036,0.0058095370925524,0.0012609166969111,615,0.0040472027972027974,0.030303030303030304,531.0
22,0.2,164,221,13,1.0,221.0,0.0980187695516162,0.0109323909238035,0.0570262908498661,0.0047528076687645,0.0058095370925524,0.0013095292363115,615,0.01810962659639299,0.1111111111111111,2200.0
22,0.3,246,293,13,1.0,293.0,0.0980187695516162,0.0096552509546704,0.0570262908498661,0.0041868064629058,0.0058095370925524,0.0012409914578878,615,0.013972138972138972,0.14285714285714285,644.0
22,0.5,409,417,13,1.5,278.0,0.0980187695516162,0.0087996339112234,0.0570262908498661,0.0039875841506336,0.0058095370925524,0.0012715497147499,615,0.004166666666666667,0.08333333333333333,494.0
23,0.1,86,135,13,1.0,135.0,0.0980187695516162,0.0117097284980496,0.0570262908498661,0.005562171783184,0.0056186378747126,0.0013441684583514,638,0.018779649957391276,0.13333333333333333,700.0
23,0.2,171,239,13,1.0,239.0,0.0980187695516162,0.0099912304047538,0.0570262908498661,0.0045779014686879,0.0056186378747126,0.0013218248146534,638,0.0061583577712609975,0.09090909090909091,540.0
23,0.3,256,325,13,1.0,325.0,0.0980187695516162,0.0091601828828105,0.0570262908498661,0.0041335612259067,0.0056186378747126,0.001281261914532,638,0.040853741496598636,0.5,480.0
23,0.5,426,454,13,1.333333,340.50008512502126,0.0980187695516162,0.0081077480672322,0.0570262908498661,0.0035391205359385,0.0056186378747126,0.0012198319686411,638,0.048135198135198135,0.6666666666666666,138.0
24,0.1,87,132,13,1.0,132.0,0.0980187695516162,0.0110595001105949,0.0570262908498661,0.0047890210769231,0.0052421649220672,0.0012440442619139,634,0.01072221496669714,0.10526315789473684,1400.0
24,0.2,174,232,13,1.0,232.0,0.0980187695516162,0.0094207328035668,0.0570262908498661,0.0044247519686465,0.0052421649220672,0.0012739954346552,634,0.013282352941176473,0.11764705882352941,3100.0
24,0.3,261,325,13,1.0,325.0,0.0980187695516162,0.0090767626534049,0.0570262908498661,0.0040918325419713,0.0052421649220672,0.0012667517439274,634,0.01078349790306312,0.047619047619047616,1357.0
24,0.5,434,440,13,1.75,251.42857142857144,0.0980187695516162,0.008612190728979,0.0570262908498661,0.0038627371725446,0.0056186378747126,0.0012696115388684,634,0.007067362016514559,0.0423728813559322,2300.0
25,0.1,79,124,13,1.0,124.0,0.0980187695516162,0.0106882168925964,0.0464749058416465,0.004474289607883,0.0044179097289399,0.0013192809511002,588,0.006407459300951407,0.05555555555555555,1140.0
25,0.2,157,213,13,1.0,213.0,0.0980187695516162,0.0101631687937845,0.0570262908498661,0.004395524697071,0.0044179097289399,0.0012658420935034,588,0.011875788239562738,0.0625,936.0
25,0.3,235,291,13,1.0,291.0,0.0980187695516162,0.0092235253646947,0.0570262908498661,0.0040550259698235,0.0044179097289399,0.0012581433163863,588,0.025060897435897435,0.125,713.0
25,0.5,391,410,13,1.5,273.3333333333333,0.0980187695516162,0.0085429436150461,0.0570262908498661,0.0037528751496451,0.0056186378747126,0.0012445858615454,588,0.0038461538461538464,0.07692307692307693,294.0
26,0.1,85,133,13,1.0,133.0,0.0980187695516162,0.010364806698707,0.0464749058416465,0.0045090168458016,0.0058095370925524,0.0013695480469219,623,0.009640499425947188,0.07692307692307693,627.0
26,0.2,169,241,13,1.0,241.0,0.0980187695516162,0.0097568784911668,0.0570262908498661,0.004311509938524,0.0058095370925524,0.0013231307956102,623,0.018606583486495697,0.2,600.0
26,0.3,253,323,13,1.0,323.0,0.0980187695516162,0.0092717840113378,0.0570262908498661,0.0041865264025854,0.0058095370925524,0.0013294493866731,623,0.008454715219421103,0.1111111111111111,527.0
26,0.5,421,439,13,1.666667,263.39994732001054,0.0980187695516162,0.0084536616302573,0.0570262908498661,0.0038182464645508,0.0058095370925524,0.0013000393245748,623,0.008849206349206348,0.07142857142857142,792.0
27,0.1,79,118,12,1.0,118.0,0.0980187695516162,0.0111698273271945,0.0464749058416465,0.0047355121725224,0.0040871733233292,0.0011884193220746,601,0.010618006993006992,0.10909090909090909,2124.0
27,0.2,158,209,13,1.0,209.0,0.0980187695516162,0.0105023673982567,0.0570262908498661,0.0048167747832169,0.0045513414488271,0.0012678054633977,601,0.015114492731273004,0.07692307692307693,700.0
27,0.3,237,282,13,1.0,282.0,0.0980187695516162,0.0093551941665002,0.0570262908498661,0.0041901801950267,0.0045513414488271,0.0012178565878081,601,0.010984848484848486,0.09090909090909091,544.0
27,0.5,395,413,13,1.5,275.3333333333333,0.0980187695516162,0.0087283212183796,0.0570262908498661,0.003873877998081,0.0056186378747126,0.0012376654932989,601,0.006298872522276777,0.038461538461538464,1200.0
28,0.1,89,131,13,1.0,131.0,0.0980187695516162,0.0108892055178342,0.0464749058416465,0.0047645852096213,0.0056186378747126,0.0013678288995637,616,0.013834712770067462,0.1,756.0
28,0.2,177,231,13,1.0,231.0,0.0980187695516162,0.0098542403026239,0.0570262908498661,0.0044139611123543,0.0056186378747126,0.0013416450509212,616,0.0031754032258064515,0.03225806451612903,960.0
28,0.3,265,313,13,1.0,313.0,0.0980187695516162,0.0092515166557282,0.0570262908498661,0.0040260807688692,0.0056186378747126,0.0012901363885515,616,0.0029411764705882353,0.058823529411764705,550.0
28,0.5,441,433,13,1.666667,259.7999480400104,0.0980187695516162,0.0086839880842004,0.0570262908498661,0.00376323016706,0.0058095370925524,0.0012636203125199,616,0.009015500628403854,0.09090909090909091,1560.0
29,0.1,82,113,11,1.0,113.0,0.0980187695516162,0.0114795094447571,0.0464749058416465,0.004896945393595,0.0040871733233292,0.0012824783214509,608,0.007272727272727273,0.1,504.0
29,0.2,163,213,12,1.0,213.0,0.0980187695516162,0.0102561843077931,0.0464749058416465,0.0044205278156482,0.0040871733233292,0.0012716065375636,608,0.04775285179380007,0.8333333333333334,1092.0
29,0.3,244,297,13,1.0,297.0,0.0980187695516162,0.0090582572334396,0.0464749058416465,0.0037501695930046,0.0044179097289399,0.0012131234936917,608,0.0061805555555555555,0.0625,360.0
29,0.5,407,426,13,1.571429,271.090835157045,0.0980187695516162,0.0087581449769174,0.0570262908498661,0.0038745351936744,0.0058095370925524,0.0012542413262373,608,0.0028846153846153848,0.057692307692307696,646.0
30,0.1,85,118,12,1.0,118.0,0.0980187695516162,0.0119828210883511,0.0464749058416465,0.005194275253567,0.0056186378747126,0.0012603337652417,622,0.014411811661923169,0.07142857142857142,1365.0
30,0.2,169,223,13,1.0,223.0,0.0980187695516162,0.0097214493797256,0.0464749058416465,0.0040635777071299,0.0056186378747126,0.001209904340769,622,0.011219499191882911,0.07142857142857142,360.0
30,0.3,253,305,13,1.0,305.0,0.0980187695516162,0.0091933195439237,0.0570262908498661,0.0040563190042434,0.0058095370925524,0.0012472874392431,622,0.013237373737373737,0.07407407407407407,663.0
30,0.5,421,433,13,1.5,288.6666666666667,0.0980187695516162,0.0084190855081433,0.0570262908498661,0.0037507013295226,0.0058095370925524,0.0012471892092135,622,0.015143557422969186,0.08333333333333333,624.0
31,0.1,82,123,13,1.0,123.0,0.0980187695516162,0.0117839551701043,0.0464749058416465,0.0047638782570046,0.0039956275909326,0.0012490563645644,618,0.008761622476386847,0.04838709677419355,966.0
31,0.2,164,207,13,1.0,207.0,0.0980187695516162,0.0105433901054338,0.0570262908498661,0.0048345179726483,0.0058095370925524,0.0012993787966285,618,0.011459471218411543,0.08333333333333333,938.0
31,0.3,246,287,13,1.0,287.0,0.0980187695516162,0.009548273644512,0.0570262908498661,0.0042727558451949,0.0058095370925524,0.0012527923969285,618,0.0022727272727272726,0.045454545454545456,416.0
31,0.5,410,410,13,1.5,273.3333333333333,0.0980187695516162,0.0086802817976041,0.0570262908498661,0.0039096841659804,0.0058095370925524,0.0012505413696852,618,0.00618624616003384,0.045871559633027525,1400.0
32,0.1,83,128,13,1.0,128.0,0.0980187695516162,0.0104030891553701,0.0464749058416465,0.0043121494098928,0.0058095370925524,0.001218827978281,605,0.03483058608058608,0.625,600.0
32,0.2,166,226,13,1.0,226.0,0.0980187695516162,0.0098415569315381,0.0570262908498661,0.0043296741283419,0.0058095370925524,0.0012368855020361,605,0.006089382064991821,0.037037037037037035,440.0
32,0.3,249,295,13,1.0,295.0,0.0980187695516162,0.0094696099397323,0.0570262908498661,0.0041914602836575,0.0058095370925524,0.0012356595068247,605,0.01223787516501013,0.09090909090909091,2000.0
32,0.5,414,425,13,1.75,242.8571428571429,0.0980187695516162,0.008795927129976,0.0570262908498661,0.0038914901305727,0.0058095370925524,0.0012667312185611,605,0.0048642533936651584,0.058823529411764705,540.0
33,0.1,84,123,13,1.0,123.0,0.0980187695516162,0.0114533262120941,0.0464749058416465,0.0046534768823778,0.0038790328069506,0.0012939128733694,640,0.011946631799572976,0.11363636363636363,700.0
33,0.2,168,232,13,1.0,232.0,0.0980187695516162,0.0097578296357555,0.0570262908498661,0.0043139771207951,0.0058095370925524,0.0013425085110505,640,0.026079789070301403,0.2222222222222222,440.0
33,0.3,252,306,13,1.0,306.0,0.0980187695516162,0.0091973529070995,0.0570262908498661,0.0040714370594957,0.0058095370925524,0.0013142469240359,640,0.018994200244200243,0.15384615384615385,340.0
33,0.5,419,448,13,1.5,298.6666666666667,0.0980187695516162,0.0084816773424697,0.0570262908498661,0.0037833365903878,0.0058095370925524,0.0012805546247311,640,0.004724137931034484,0.04,378.0
34,0.1,79,126,13,1.0,126.0,0.0980187695516162,0.01175165930119,0.0570262908498661,0.0050562830451351,0.0039956275909326,0.0012634691481602,615,0.017517731928550283,0.13636363636363635,1950.0
34,0.2,157,229,13,1.0,229.0,0.0980187695516162,0.0098720009471291,0.0570262908498661,0.0041398330992647,0.0039956275909326,0.0012294477813193,615,0.0032160590154631857,0.02857142857142857,855.0
34,0.3,236,303,13,1.0,303.0,0.0980187695516162,0.0090784886622134,0.0570262908498661,0.0038477362427829,0.0052421649220672,0.001218818214905,615,0.010241617359853626,0.09090909090909091,1995.0
34,0.5,393,422,13,1.5,281.3333333333333,0.0980187695516162,0.0083346100054855,0.0570262908498661,0.0036755887821738,0.0058095370925524,0.0012362278714966,615,0.005524381637606072,0.07692307692307693,1000.0
35,0.1,82,116,12,1.0,116.0,0.0980187695516162,0.0126658516414368,0.0464749058416465,0.0052462514165958,0.0056186378747126,0.0012887154564538,614,0.0077211004390716435,0.043478260869565216,1440.0
35,0.2,163,214,13,1.0,214.0,0.0980187695516162,0.0103593111983861,0.0570262908498661,0.0043688587641958,0.0056186378747126,0.0012826114618504,614,0.024618915548675614,0.1,532.0
35,0.3,245,292,13,1.0,292.0,0.0980187695516162,0.0093383518790977,0.0570262908498661,0.0039798101871535,0.0056186378747126,0.0012295512413056,614,0.020939393939393938,0.2,650.0
35,0.5,408,426,13,1.666667,255.59994888001023,0.0980187695516162,0.0087434583168107,0.0570262908498661,0.0037737647236545,0.0056186378747126,0.0012659195529618,614,0.0,0.0,324.0
36,0.1,83,132,12,1.0,132.0,0.0980187695516162,0.0106013208202988,0.0464749058416465,0.0041676110628621,0.0038790328069506,0.0011789244597375,625,0.04072467320261437,0.5777777777777777,1750.0
36,0.2,166,232,12,1.0,232.0,0.0980187695516162,0.0094611844234295,0.0492079830055308,0.0038834875689672,0.0048729601732022,0.0012346369455784,625,0.015441849816849818,0.11538461538461539,480.0
36,0.3,249,311,12,1.0,311.0,0.0980187695516162,0.0089254280819046,0.0570262908498661,0.0038173783197225,0.0048729601732022,0.0011875886764905,625,0.018103943289672794,0.2,1240.0
36,0.5,414,415,12,1.666667,248.99995020001,0.0980187695516162,0.0085555988291015,0.0570262908498661,0.003811184398904,0.0056186378747126,0.0012662748466668,625,0.017226890756302522,0.2857142857142857,440.0
37,0.1,85,131,12,1.0,131.0,0.0980187695516162,0.0114543616521662,0.0464749058416465,0.0050451666837428,0.0052421649220672,0.0013503254553691,650,0.004025764895330112,0.043478260869565216,1116.0
37,0.2,170,230,12,1.0,230.0,0.0980187695516162,0.0097792084145622,0.0464749058416465,0.0043154503957689,0.0052421649220672,0.001290655809195,650,0.014472142597142598,0.09090909090909091,312.0
37,0.3,255,308,13,1.0,308.0,0.0980187695516162,0.0090191351922321,0.0570262908498661,0.00397999090485,0.0052421649220672,0.0012340608353788,650,0.060665584415584416,1.0,630.0
37,0.5,425,433,13,1.5,288.6666666666667,0.0980187695516162,0.008486515254776,0.0570262908498661,0.0038011523952953,0.0056186378747126,0.0012676630538404,650,0.008333333333333333,0.16666666666666666,660.0
38,0.1,84,130,12,1.0,130.0,0.0980187695516162,0.0113499639047083,0.0464749058416465,0.0043038105970803,0.0039956275909326,0.001195914741857,624,0.01749810198059292,0.1111111111111111,2200.0
38,0.2,168,231,13,1.0,231.0,0.0980187695516162,0.0095698531569229,0.0464749058416465,0.0038662754801322,0.0058095370925524,0.0011865885725466,624,0.009551961823966065,0.0975609756097561,720.0
38,0.3,252,310,13,1.0,310.0,0.0980187695516162,0.0087860338390123,0.0464749058416465,0.0035360609842635,0.0058095370925524,0.0011669636207707,624,0.021154306220095696,0.1875,280.0
38,0.5,420,434,13,1.75,248.0,0.0980187695516162,0.0084309212265079,0.0570262908498661,0.0036277018508418,0.0058095370925524,0.0012369251690761,624,0.009823717948717947,0.06666666666666667,351.0
39,0.1,78,114,13,1.0,114.0,0.0980187695516162,0.011534310228125,0.0570262908498661,0.0050464665687052,0.0040871733233292,0.0012621132990677,598,0.024127206600072233,0.16666666666666666,2223.0
39,0.2,156,212,13,1.0,212.0,0.0980187695516162,0.0101619218132094,0.0570262908498661,0.0044366081515533,0.0040871733233292,0.0012630389642787,598,0.015887061116071455,0.18181818181818182,1482.0
39,0.3,234,280,13,1.0,280.0,0.0980187695516162,0.0095337405035006,0.0570262908498661,0.0041768481062564,0.0058095370925524,0.0012685658285667,598,0.018195311697648146,0.15384615384615385,800.0
39,0.5,390,402,13,1.75,229.7142857142857,0.0980187695516162,0.0086273533272116,0.0570262908498661,0.0037308444992036,0.0058095370925524,0.0012474325958712,598,0.008257618875747311,0.0625,800.0
40,0.1,84,127,12,1.0,127.0,0.0761209593326381,0.0114045963232697,0.031948254360793,0.0046275097264863,0.0039956275909326,0.0012205114387895,624,0.022436705451411333,0.3333333333333333,1092.0
40,0.2,167,227,12,1.0,227.0,0.0980187695516162,0.0102162219272093,0.0464749058416465,0.0042470600137042,0.0058095370925524,0.0012590436035783,624,0.004904306220095694,0.05263157894736842,540.0
40,0.3,250,301,12,1.0,301.0,0.0980187695516162,0.0094990975510896,0.0570262908498661,0.0041854371208053,0.0058095370925524,0.0013015814207871,624,0.015350590850590849,0.08333333333333333,536.0
40,0.5,416,449,13,1.5,299.3333333333333,0.0980187695516162,0.0085789066654899,0.0570262908498661,0.0037228960922967,0.0058095370925524,0.001263510774856,624,0.032893417090410756,0.5,1008.0
41,0.1,85,116,13,1.0,116.0,0.0980187695516162,0.0128276581208873,0.0570262908498661,0.0057674535717596,0.0056186378747126,0.001345944231633,658,0.01132844027564448,0.06557377049180328,1000.0
41,0.2,170,215,13,1.0,215.0,0.0980187695516162,0.010519678929117,0.0570262908498661,0.0046297959223609,0.0056186378747126,0.0012893798346397,658,0.022374194433017962,0.09090909090909091,520.0
41,0.3,255,303,13,1.0,303.0,0.0980187695516162,0.0091507586629361,0.0570262908498661,0.0039552597827216,0.0056186378747126,0.0012257390262543,658,0.0076143059838712016,0.047619047619047616,500.0
41,0.5,425,439,13,1.5,292.6666666666667,0.0980187695516162,0.0086199320191638,0.0570262908498661,0.0038735888734451,0.0058095370925524,0.0012905724972611,658,0.0049127906976744184,0.041666666666666664,750.0
42,0.1,87,128,12,1.0,128.0,0.0980187695516162,0.0113806699687173,0.0464749058416465,0.0045767677529567,0.0056186378747126,0.0011562023124927,652,0.016153120475497027,0.06666666666666667,760.0
42,0.2,173,237,13,1.0,237.0,0.0980187695516162,0.0102999344429631,0.0570262908498661,0.0044882161459328,0.0056186378747126,0.0012435238129035,652,0.012908893271796498,0.07692307692307693,345.0
42,0.3,259,327,13,1.0,327.0,0.0980187695516162,0.0091488011530869,0.0570262908498661,0.0039846041629637,0.0058095370925524,0.0012117951616099,652,0.03486320833942861,0.25,2412.0
42,0.5,432,448,13,1.5,298.6666666666667,0.0980187695516162,0.0082070236853865,0.0570262908498661,0.0035588983024217,0.0058095370925524,0.0012351357754495,652,0.012083333333333331,0.16666666666666666,576.0
43,0.1,80,122,13,1.0,122.0,0.0980187695516162,0.0111027538932289,0.0492079830055308,0.0049107249661704,0.0058095370925524,0.0013554441008037,626,0.01350107309534411,0.058823529411764705,708.0
43,0.2,160,219,13,1.0,219.0,0.0980187695516162,0.0099466243851804,0.0570262908498661,0.0047095509590539,0.0058095370925524,0.0013821785792258,626,0.008577668223490745,0.08333333333333333,696.0
43,0.3,240,307,13,1.0,307.0,0.0980187695516162,0.0093949655755689,0.0570262908498661,0.0044085426068308,0.0058095370925524,0.0013240801195336,626,0.010575489282385834,0.08333333333333333,312.0
43,0.5,399,423,13,1.75,241.7142857142857,0.0980187695516162,0.0084529540966875,0.0570262908498661,0.0038810965194485,0.0058095370925524,0.0013053064623235,626,0.011148978441401308,0.09090909090909091,868.0
44,0.1,80,128,12,1.0,128.0,0.0980187695516162,0.0117961418143899,0.0570262908498661,0.0057219395937805,0.0052421649220672,0.0013806131559972,614,0.002813852813852814,0.030303030303030304,1180.0
44,0.2,159,221,13,1.0,221.0,0.0980187695516162,0.0108238691321559,0.0570262908498661,0.0049180759359926,0.0056186378747126,0.0013611855438458,614,0.019596692966258183,0.2,936.0
44,0.3,238,289,13,1.0,289.0,0.0980187695516162,0.0097961039289051,0.0570262908498661,0.0044307004172347,0.0056186378747126,0.0013032543007956,614,0.012157287157287157,0.1111111111111111,300.0
44,0.5,396,403,13,1.666667,241.79995164000968,0.0980187695516162,0.0086654574528367,0.0570262908498661,0.0038195867350233,0.0056186378747126,0.0012551009514871,614,0.00837052697517814,0.06976744186046512,250.0
45,0.1,85,129,12,1.0,129.0,0.0980187695516162,0.0130061191001608,0.0570262908498661,0.0062140002586451,0.0056186378747126,0.0014671837719261,629,0.013683110367892975,0.08333333333333333,546.0
45,0.2,170,222,12,1.0,222.0,0.0980187695516162,0.0106482916701894,0.0570262908498661,0.0048583995520415,0.0056186378747126,0.001351997476441,629,0.02271374458874459,0.2727272727272727,234.0
45,0.3,255,302,12,1.0,302.0,0.0980187695516162,0.0098923409456594,0.0570262908498661,0.004508096307422,0.0056186378747126,0.0013273583152089,629,0.015093700159489631,0.09090909090909091,828.0
45,0.5,424,440,13,1.5,293.3333333333333,0.0980187695516162,0.0085695326571238,0.0570262908498661,0.0038663170142934,0.0058095370925524,0.0012712215140001,629,0.004292527821939587,0.058823529411764705,1400.0
46,0.1,84,137,13,1.0,137.0,0.0980187695516162,0.0120411316532579,0.0570262908498661,0.0056308689456153,0.0052421649220672,0.0014531198240251,612,0.0028628389154704945,0.042105263157894736,1638.0
46,0.2,167,230,13,1.0,230.0,0.0980187695516162,0.0105272702543409,0.0570262908498661,0.0047805501765979,0.0052421649220672,0.0013431989709482,612,0.013070019680846295,0.0625,2412.0
46,0.3,251,308,13,1.0,308.0,0.0980187695516162,0.0095879094836341,0.0570262908498661,0.0042574860036469,0.0052421649220672,0.0013133635292418,612,0.008849206349206348,0.1111111111111111,399.0
46,0.5,418,433,13,1.333333,324.75008118752027,0.0980187695516162,0.0085635778223562,0.0570262908498661,0.0037162324254375,0.0058095370925524,0.0012469461549415,612,0.005207001278772379,0.043478260869565216,700.0
47,0.1,84,122,12,1.0,122.0,0.0980187695516162,0.0118549035026239,0.0464749058416465,0.0050495860486605,0.0039254903849993,0.0012311005257074,637,0.009464610206390478,0.05555555555555555,1357.0
47,0.2,168,220,12,1.0,220.0,0.0980187695516162,0.009645464025026,0.0464749058416465,0.0042534621466095,0.0040871733233292,0.0012665671833894,637,0.03982007217301335,0.5714285714285714,612.0
47,0.3,252,301,12,1.0,301.0,0.0980187695516162,0.0090037033316126,0.0464749058416465,0.0038690497055586,0.0040871733233292,0.0012492185309264,637,0.002948717948717949,0.03333333333333333,640.0
47,0.5,419,443,13,1.5,295.3333333333333,0.0980187695516162,0.0083467306284527,0.0570262908498661,0.0036505737918514,0.0056186378747126,0.0012300752912969,637,0.006864564007421151,0.07142857142857142,400.0
48,0.1,83,126,13,1.0,126.0,0.0980187695516162,0.0112468345002233,0.0492079830055308,0.0051290739940607,0.0052421649220672,0.0013368129038559,614,0.015413809391681202,0.09375,800.0
48,0.2,165,219,13,1.0,219.0,0.0980187695516162,0.0104465743901799,0.0570262908498661,0.0049407246340519,0.0052421649220672,0.001307156599358,614,0.0017177589852008456,0.022727272727272728,1710.0
48,0.3,247,293,13,1.0,293.0,0.0980187695516162,0.0099186083341933,0.0570262908498661,0.0045441299793778,0.0052421649220672,0.0012759449269041,614,0.013602484472049689,0.1,432.0
48,0.5,412,420,13,1.5,280.0,0.0980187695516162,0.0088559511395798,0.0570262908498661,0.0039053812809621,0.0056186378747126,0.0012333372066541,614,0.008397029397849743,0.07142857142857142,736.0
49,0.1,83,125,13,1.0,125.0,0.0980187695516162,0.0137393117831073,0.0570262908498661,0.0061459876290051,0.0056186378747126,0.0013927207817099,605,0.01283817701659011,0.05714285714285714,900.0
49,0.2,166,216,13,1.0,216.0,0.0980187695516162,0.0108668365967635,0.0570262908498661,0.0050423279382681,0.0056186378747126,0.0013851011504421,605,0.014868276909046425,0.09090909090909091,4000.0
49,0.3,249,300,13,1.0,300.0,0.0980187695516162,0.0095620437956203,0.0570262908498661,0.0042389117451974,0.0056186378747126,0.0012828206309133,605,0.017719343705652025,0.08333333333333333,603.0
49,0.5,414,428,13,1.5,285.3333333333333,0.0980187695516162,0.0086270745422119,0.0570262908498661,0.0039202261126933,0.0056186378747126,0.0012868312702108,605,0.011035688449481553,0.07692307692307693,680.0
50,0.1,82,135,13,1.0,135.0,0.0980187695516162,0.0098173251457922,0.0570262908498661,0.0044675737234261,0.0056186378747126,0.0012683180537474,625,0.007527527527527528,0.1,536.0
50,0.2,164,240,13,1.0,240.0,0.0980187695516162,0.0100625651720541,0.0570262908498661,0.0046576997665254,0.0056186378747126,0.001333844531011,625,0.0036904761904761906,0.03333333333333333,1273.0
50,0.3,246,321,13,1.0,321.0,0.0980187695516162,0.0089982101033331,0.0570262908498661,0.0040745438003261,0.0056186378747126,0.0012839291799276,625,0.006629629629629629,0.08333333333333333,900.0
50,0.5,410,439,13,1.875,234.13333333333333,0.0980187695516162,0.00852254507709,0.0570262908498661,0.0038219794344375,0.0058095370925524,0.0012742143431909,625,0.010275906888810114,0.1,256.0
51,0.1,85,124,13,1.0,124.0,0.0980187695516162,0.0121346160314843,0.0570262908498661,0.0054943880518124,0.0039956275909326,0.001269409975125,623,0.02036175461175461,0.14285714285714285,420.0
51,0.2,169,229,13,1.0,229.0,0.0980187695516162,0.010295477002518,0.0570262908498661,0.0044250028645929,0.0056186378747126,0.0012564044680572,623,0.014114258833753113,0.14285714285714285,840.0
51,0.3,253,311,13,1.0,311.0,0.0980187695516162,0.009250659683687,0.0570262908498661,0.0039865903329092,0.0056186378747126,0.0012308763755192,623,0.021832624452564484,0.1,1280.0
51,0.5,421,433,13,1.333333,324.75008118752027,0.0980187695516162,0.0084479839709858,0.0570262908498661,0.0036472828921146,0.0056186378747126,0.0012323453343264,623,0.010976943346508564,0.09090909090909091,850.0
52,0.1,82,122,13,1.0,122.0,0.0980187695516162,0.0115984888630574,0.0492079830055308,0.0051187414594307,0.0045513414488271,0.0013137350595561,604,0.013429498986367727,0.09090909090909091,1200.0
52,0.2,163,216,13,1.0,216.0,0.0980187695516162,0.0091723631869616,0.0570262908498661,0.0040614263463306,0.0045513414488271,0.0012317283145671,604,0.011111111111111112,0.2,640.0
52,0.3,244,301,13,1.0,301.0,0.0980187695516162,0.008660738102744,0.0570262908498661,0.0037631616489653,0.0045513414488271,0.0012101981771548,604,0.002943485086342229,0.038461538461538464,336.0
52,0.5,407,424,13,1.5,282.6666666666667,0.0980187695516162,0.0083887500737796,0.0570262908498661,0.003677223878722,0.0058095370925524,0.0012390143565751,604,0.011700339050348821,0.1111111111111111,620.0
53,0.1,82,123,12,1.0,123.0,0.0980187695516162,0.0125045567452545,0.0464749058416465,0.0056065656524739,0.0058095370925524,0.0014338846366657,602,0.012108343274935584,0.041666666666666664,720.0
53,0.2,164,228,12,1.0,228.0,0.0980187695516162,0.0113056363536578,0.0570262908498661,0.0052067761951145,0.0058095370925524,0.0014240464855036,602,0.01811003947033359,0.125,1608.0
53,0.3,246,314,13,1.0,314.0,0.0980187695516162,0.0099592861459986,0.0570262908498661,0.004518895053015,0.0058095370925524,0.001350364358397,602,0.010077759043964107,0.0625,850.0
53,0.5,410,430,13,1.666667,257.99994840001034,0.0980187695516162,0.0089967747411304,0.0570262908498661,0.004045306524779,0.0058095370925524,0.0013181941005858,602,0.02492302674494455,0.3333333333333333,1200.0
54,0.1,87,121,13,1.0,121.0,0.0980187695516162,0.0120218202500882,0.0464749058416465,0.0053094733753038,0.0058095370925524,0.0013061662239777,652,0.005917228551499651,0.045454545454545456,520.0
54,0.2,174,221,13,1.0,221.0,0.0980187695516162,0.0101916117373394,0.0570262908498661,0.0047416338014431,0.0058095370925524,0.0012942450267777,652,0.013007246376811592,0.1111111111111111,250.0
54,0.3,261,305,13,1.0,305.0,0.0980187695516162,0.0092582779192806,0.0570262908498661,0.0042718426026799,0.0058095370925524,0.001258101277375,652,0.014639425615035371,0.16666666666666666,320.0
54,0.5,435,443,13,1.666667,265.79994684001065,0.0980187695516162,0.0083184845011145,0.0570262908498661,0.0037402830007038,0.0058095370925524,0.0012179901022518,652,0.007538733196627933,0.07142857142857142,476.0
55,0.1,83,126,12,1.0,126.0,0.0980187695516162,0.0114206266448184,0.0464749058416465,0.0046879577265073,0.0052421649220672,0.001323337824582,619,0.0017543859649122805,0.03508771929824561,780.0
55,0.2,165,211,12,1.0,211.0,0.0980187695516162,0.0104967160697606,0.0464749058416465,0.0044890427774908,0.0052421649220672,0.0013064454467184,619,0.004545454545454545,0.045454545454545456,684.0
55,0.3,247,293,12,1.0,293.0,0.0980187695516162,0.009523572264909,0.0464749058416465,0.00392946791633,0.0052421649220672,0.0012196522709421,619,0.011645299145299146,0.1111111111111111,400.0
55,0.5,411,418,13,1.5,278.6666666666667,0.0980187695516162,0.0086239154621789,0.0570262908498661,0.0037765004415605,0.0056186378747126,0.0012189286284575,619,0.0020833333333333333,0.041666666666666664,294.0
56,0.1,83,134,12,1.0,134.0,0.0980187695516162,0.0112134841952904,0.0570262908498661,0.0051747605792559,0.0052421649220672,0.0013740956693692,627,0.019891495848270366,0.09090909090909091,1608.0
56,0.2,165,232,13,1.0,232.0,0.0980187695516162,0.010310668440545,0.0570262908498661,0.0046468131741775,0.0052421649220672,0.0013423586658394,627,0.027359812812976746,0.14285714285714285,1326.0
56,0.3,247,320,13,1.0,320.0,0.0980187695516162,0.0093228623566214,0.0570262908498661,0.004163277764778,0.0052421649220672,0.0012747962223713,627,0.012229902516047095,0.15384615384615385,612.0
56,0.5,411,437,13,1.5,291.3333333333333,0.0980187695516162,0.0085949561304084,0.0570262908498661,0.0038724132527844,0.0058095370925524,0.0012739165715143,627,0.005012531328320802,0.05263157894736842,252.0
57,0.1,86,132,13,1.0,132.0,0.0980187695516162,0.0107672133219578,0.0570262908498661,0.0046846423560843,0.0058095370925524,0.0013604861382642,629,0.014266293440581298,0.125,1742.0
57,0.2,171,232,13,1.0,232.0,0.0980187695516162,0.0098162597533349,0.0570262908498661,0.0045367656938716,0.0058095370925524,0.0013764626457042,629,0.010886034255599471,0.09090909090909091,252.0
57,0.3,257,319,13,1.0,319.0,0.0980187695516162,0.009286711275133,0.0570262908498661,0.0042264033838581,0.0058095370925524,0.0013368637502586,629,0.024984620642515377,0.25,900.0
57,0.5,427,447,13,1.571429,284.4544678760542,0.0980187695516162,0.0084143391349583,0.0570262908498661,0.0037440777303655,0.0058095370925524,0.0012604973615298,629,0.0030552232854864432,0.022727272727272728,616.0
58,0.1,83,128,13,1.0,128.0,0.0980187695516162,0.010329770594369,0.0464749058416465,0.0039872987435985,0.0044179097289399,0.0012283108681471,621,0.006060606060606061,0.045454545454545456,300.0
58,0.2,166,219,13,1.0,219.0,0.0980187695516162,0.0104132443898466,0.0570262908498661,0.0045796473190386,0.0045513414488271,0.0013123774666234,621,0.023522804809569513,0.08888888888888889,1340.0
58,0.3,249,302,13,1.0,302.0,0.0980187695516162,0.0100062841397978,0.0570262908498661,0.0044535737693746,0.0056186378747126,0.0013335681577519,621,0.038749103912775286,0.5,804.0
58,0.5,415,426,13,1.5,284.0,0.0980187695516162,0.0089711015484634,0.0570262908498661,0.0040368882241377,0.0058095370925524,0.0013100048788954,621,0.009653679653679654,0.07142857142857142,460.0
59,0.1,83,129,12,1.0,129.0,0.0980187695516162,0.0122301169661549,0.0464749058416465,0.0050630872434347,0.0058095370925524,0.0014090960195396,613,0.018603641225923832,0.125,700.0
59,0.2,165,232,13,1.0,232.0,0.0980187695516162,0.010261227571824,0.0570262908498661,0.004622697819123,0.0058095370925524,0.0013577660660205,613,0.026917684648057095,0.2222222222222222,1638.0
59,0.3,247,318,13,1.0,318.0,0.0980187695516162,0.0093585430315907,0.0570262908498661,0.004170042292957,0.0058095370925524,0.0012868773583046,613,0.014908001711596064,0.13333333333333333,620.0
59,0.5,412,436,13,1.5,290.6666666666667,0.0980187695516162,0.0084568214213964,0.0570262908498661,0.0036923018365565,0.0058095370925524,0.0012419164177674,613,0.017492690058479532,0.08333333333333333,400.0
60,0.1,80,120,12,1.0,120.0,0.0980187695516162,0.0135731664928744,0.0464749058416465,0.0059288264617301,0.0056186378747126,0.0013483494469125,597,0.01758440757763513,0.058823529411764705,2280.0
60,0.2,160,208,13,1.0,208.0,0.0980187695516162,0.0107082698323573,0.0464749058416465,0.0046619180854949,0.0056186378747126,0.0013239826519193,597,0.022726817042606515,0.3333333333333333,2340.0
60,0.3,240,291,13,1.0,291.0,0.0980187695516162,0.0094886927605717,0.0464749058416465,0.0040340682358931,0.0056186378747126,0.0012682846167317,597,0.01913028706759357,0.1111111111111111,720.0
60,0.5,400,409,13,1.5,272.6666666666667,0.0980187695516162,0.0088672236513686,0.0570262908498661,0.0039406754045911,0.0056186378747126,0.0012804825800826,597,0.0077861952861952854,0.09090909090909091,826.0
61,0.1,86,127,13,1.0,127.0,0.0980187695516162,0.0115359667632786,0.0492079830055308,0.0047959241757318,0.0045513414488271,0.0012129733239367,633,0.012623438939228413,0.14285714285714285,1000.0
61,0.2,172,225,13,1.0,225.0,0.0980187695516162,0.0111087938825164,0.0570262908498661,0.0049635989350726,0.0045513414488271,0.001305946987749,633,0.017399952336431466,0.10344827586206896,840.0
61,0.3,257,303,13,1.0,303.0,0.0980187695516162,0.0098562515271339,0.0570262908498661,0.0043755501245261,0.0056186378747126,0.0012712100477263,633,0.014606060606060605,0.125,1200.0
61,0.5,428,446,13,1.666667,267.5999464800107,0.0980187695516162,0.0088119631342438,0.0570262908498661,0.0038827084321208,0.0058095370925524,0.0012646989486773,633,0.0055971479500891265,0.05,462.0
62,0.1,83,122,12,1.0,122.0,0.0980187695516162,0.0126925246585411,0.0570262908498661,0.005842018897328,0.0045513414488271,0.0013395531083041,631,0.030865312574237525,0.4166666666666667,1000.0
62,0.2,165,220,13,1.0,220.0,0.0980187695516162,0.0108398900369702,0.0570262908498661,0.0049367553206477,0.0052421649220672,0.0012870183768165,631,0.011002107935403582,0.07142857142857142,936.0
62,0.3,248,300,13,1.0,300.0,0.0980187695516162,0.0095933263816475,0.0570262908498661,0.0043995371943927,0.0056186378747126,0.0012679064600291,631,0.006066176470588235,0.0625,490.0
62,0.5,413,430,13,1.5,286.6666666666667,0.0980187695516162,0.0086475737808278,0.0570262908498661,0.0038580494210206,0.0056186378747126,0.0012861226462969,631,0.0035173160173160175,0.047619047619047616,480.0
63,0.1,83,122,12,1.0,122.0,0.0980187695516162,0.0127010718131933,0.0570262908498661,0.0059007608110526,0.0045513414488271,0.0012949512995064,603,0.024126643155580895,0.16666666666666666,864.0
63,0.2,166,221,13,1.0,221.0,0.0980187695516162,0.0103284435615907,0.0570262908498661,0.0046322675954449,0.0045513414488271,0.0012076003674473,603,0.005806754656170674,0.0625,1248.0
63,0.3,249,310,13,1.0,310.0,0.0980187695516162,0.0094991422516734,0.0570262908498661,0.0043449411444301,0.0056186378747126,0.0012533369363957,603,0.011596563356525407,0.1,268.0
63,0.5,414,425,13,1.5,283.3333333333333,0.0980187695516162,0.0086045513095748,0.0570262908498661,0.0039218532525866,0.0058095370925524,0.0012739713669534,603,0.012569726166328598,0.0625,589.0
64,0.1,83,122,13,1.0,122.0,0.0980187695516162,0.0116412246363185,0.0464749058416465,0.0049070865267788,0.0058095370925524,0.0014132010948772,617,0.010570265308168533,0.07692307692307693,969.0
64,0.2,165,215,13,1.0,215.0,0.0980187695516162,0.0099425273419501,0.0570262908498661,0.0042021543010752,0.0058095370925524,0.0013016273325391,617,0.022492444657499767,0.125,690.0
64,0.3,247,292,13,1.0,292.0,0.0980187695516162,0.0095276186667047,0.0570262908498661,0.0041983179563356,0.0058095370925524,0.001280723371466,617,0.01119551065902364,0.08333333333333333,938.0
64,0.5,411,409,13,1.5,272.6666666666667,0.0980187695516162,0.008556182453707,0.0570262908498661,0.0038095340157183,0.0058095370925524,0.001259515824803,617,0.007125000000000001,0.08,380.0
65,0.1,85,125,13,1.0,125.0,0.0980187695516162,0.0112784150156412,0.0464749058416465,0.0043635493258681,0.0039254903849993,0.001213046667165,641,0.016985748873827502,0.16666666666666666,1534.0
65,0.2,170,228,13,1.0,228.0,0.0980187695516162,0.0095357005652817,0.0464749058416465,0.0038201365056959,0.0058095370925524,0.0012414970455826,641,0.003946493851777999,0.059322033898305086,2500.0
65,0.3,254,312,13,1.0,312.0,0.0980187695516162,0.0090071121093018,0.0570262908498661,0.0039534128767443,0.0058095370925524,0.0012628535688507,641,0.019140951138209367,0.10344827586206896,2394.0
65,0.5,423,444,13,1.5,296.0,0.0980187695516162,0.0083561141955302,0.0570262908498661,0.0037607975028198,0.0058095370925524,0.0012693654414904,641,0.004315476190476191,0.0625,472.0
66,0.1,87,131,13,1.0,131.0,0.0980187695516162,0.0121070771875919,0.0570262908498661,0.0055629440000683,0.0058095370925524,0.0014169565978325,643,0.01922308337749514,0.125,720.0
66,0.2,173,225,13,1.0,225.0,0.0980187695516162,0.0103070327887845,0.0570262908498661,0.0047040947502466,0.0058095370925524,0.0013575625771384,643,0.007696668814593561,0.058823529411764705,880.0
66,0.3,260,313,13,1.0,313.0,0.0980187695516162,0.0092615110921586,0.0570262908498661,0.0043335724999873,0.0058095370925524,0.0013076705020771,643,0.016099303457699766,0.08,1470.0
66,0.5,432,463,13,1.5,308.6666666666667,0.0980187695516162,0.0081415801647233,0.0570262908498661,0.003656890020328,0.0058095370925524,0.0012519275194649,643,0.01527653990889285,0.1111111111111111,590.0
67,0.1,80,124,13,1.0,124.0,0.0980187695516162,0.012546671600121,0.0464749058416465,0.0053068157955687,0.0056186378747126,0.0012948492543263,627,0.012180956298603357,0.08571428571428572,2950.0
67,0.2,160,220,13,1.0,220.0,0.0980187695516162,0.0099819888141055,0.0464749058416465,0.0040908161621556,0.0056186378747126,0.0011998009713874,627,0.006847471127041019,0.08,620.0
67,0.3,239,297,13,1.0,297.0,0.0980187695516162,0.0096516081917541,0.0570262908498661,0.0043011102212038,0.0056186378747126,0.0012699188896746,627,0.017916700699719568,0.1111111111111111,912.0
67,0.5,398,415,13,1.666667,248.99995020001,0.0980187695516162,0.0087390228274934,0.0570262908498661,0.0039273198290918,0.0056186378747126,0.0012808719742867,627,0.0019230769230769232,0.038461538461538464,238.0
68,0.1,85,129,13,1.0,129.0,0.0980187695516162,0.0107104461203934,0.0464749058416465,0.0044831493680749,0.0040871733233292,0.0012187592957758,629,0.006401376401376402,0.09090909090909091,1800.0
68,0.2,170,232,13,1.0,232.0,0.0980187695516162,0.0096095070295925,0.0570262908498661,0.0043580004284679,0.0045513414488271,0.0012352930100348,629,0.006558441558441558,0.05,288.0
68,0.3,255,312,13,1.0,312.0,0.0980187695516162,0.0090305072056896,0.0570262908498661,0.0040234201876334,0.0058095370925524,0.0012241864331545,629,0.0101010101010101,0.09090909090909091,378.0
68,0.5,424,426,13,1.5,284.0,0.0980187695516162,0.0084252473478339,0.0570262908498661,0.0036574684942026,0.0058095370925524,0.0011969129288945,629,0.01421118791808447,0.09090909090909091,378.0
69,0.1,84,138,13,1.0,138.0,0.0980187695516162,0.011545843345272,0.0570262908498661,0.0054568973469459,0.0056186378747126,0.0013394844819269,631,0.013028524641427869,0.09090909090909091,238.0
69,0.2,168,221,13,1.0,221.0,0.0980187695516162,0.0106209805651625,0.0570262908498661,0.0049563165584707,0.0056186378747126,0.0013240890391883,631,0.006659356725146198,0.05555555555555555,500.0
69,0.3,251,308,13,1.0,308.0,0.0980187695516162,0.0095405116260173,0.0570262908498661,0.0043206661576786,0.0056186378747126,0.0012729714946548,631,0.002631578947368421,0.05263157894736842,400.0
69,0.5,418,426,13,1.555556,273.85706461226727,0.0980187695516162,0.0085451884053713,0.0570262908498661,0.0037735279565091,0.0058095370925524,0.0012366574900516,631,0.001282051282051282,0.02564102564102564,572.0
70,0.1,85,133,12,1.0,133.0,0.0980187695516162,0.0106862568308152,0.0464749058416465,0.0046286670109308,0.0058095370925524,0.0014153825788105,617,0.011428571428571429,0.13333333333333333,630.0
70,0.2,170,232,13,1.0,232.0,0.0980187695516162,0.0101533565855236,0.0570262908498661,0.0045415374368118,0.0058095370925524,0.0013383960820268,617,0.014105339105339103,0.1111111111111111,320.0
70,0.3,255,314,13,1.0,314.0,0.0980187695516162,0.0091191062877333,0.0570262908498661,0.0041779727140101,0.0058095370925524,0.0013002392462641,617,0.01065190670021897,0.05263157894736842,644.0
70,0.5,425,432,13,1.571429,274.90901593390475,0.0980187695516162,0.0087909859807669,0.0570262908498661,0.003942874001863,0.0058095370925524,0.0012981495918172,617,0.004166666666666667,0.08333333333333333,150.0
71,0.1,80,125,13,1.0,125.0,0.0980187695516162,0.0137226277372262,0.0570262908498661,0.0063244470631446,0.0052421649220672,0.0014163087588919,607,0.012641052026731136,0.07142857142857142,1326.0
71,0.2,160,215,13,1.0,215.0,0.0980187695516162,0.0112617309697601,0.0570262908498661,0.0049925540003826,0.0052421649220672,0.0013285998391943,607,0.0064438658410222675,0.05263157894736842,527.0
71,0.3,240,286,13,1.0,286.0,0.0980187695516162,0.0102379372452364,0.0570262908498661,0.0046339342014731,0.0056186378747126,0.0013067694196408,607,0.014500661375661375,0.1111111111111111,900.0
71,0.5,400,413,13,1.5,275.3333333333333,0.0980187695516162,0.0086525764580234,0.0570262908498661,0.0037606137160544,0.0056186378747126,0.0012255625515428,607,0.008994708994708995,0.14285714285714285,1800.0
72,0.1,79,130,13,1.0,130.0,0.0980187695516162,0.0120237426806769,0.0464749058416465,0.0054354371863094,0.0058095370925524,0.0014152778303935,612,0.0,0.0,360.0
72,0.2,158,228,13,1.0,228.0,0.0980187695516162,0.0106241882077455,0.0464749058416465,0.0047363519641423,0.0058095370925524,0.001386285872486,612,0.002857142857142857,0.02857142857142857,374.0
72,0.3,237,290,13,1.0,290.0,0.0980187695516162,0.0097910898565315,0.0464749058416465,0.0042425392341394,0.0058095370925524,0.0013004132803519,612,0.010710815784968328,0.0625,2300.0
72,0.5,394,427,13,1.5,284.6666666666667,0.0980187695516162,0.0086790250382789,0.0570262908498661,0.0039556571082426,0.0058095370925524,0.0012861950158462,612,0.020607235142118863,0.3333333333333333,160.0
73,0.1,83,127,12,1.0,127.0,0.0980187695516162,0.0130959907383839,0.0464749058416465,0.0059822600346424,0.0056186378747126,0.0014836388643718,618,0.013277527613645123,0.045454545454545456,1040.0
73,0.2,166,211,13,1.0,211.0,0.0980187695516162,0.0106993362952126,0.0464749058416465,0.0046904676767096,0.0056186378747126,0.0013411026246238,618,0.00907067706144918,0.09302325581395349,1092.0
73,0.3,249,291,13,1.0,291.0,0.0980187695516162,0.0092593587965699,0.0464749058416465,0.0038807078768387,0.0056186378747126,0.0012493494042987,618,0.014540816326530611,0.1,1872.0
73,0.5,414,419,13,1.666667,251.39994972001008,0.0980187695516162,0.0084988091712478,0.0570262908498661,0.0038263439672886,0.0058095370925524,0.0012764047219723,618,0.007128205128205128,0.10256410256410256,468.0
74,0.1,82,110,11,1.0,110.0,0.0980187695516162,0.0132903592757606,0.0570262908498661,0.0058044283742532,0.0039956275909326,0.0012874507586125,617,0.009897207317981967,0.0625,1150.0
74,0.2,164,213,12,1.0,213.0,0.0980187695516162,0.0107653218581561,0.0570262908498661,0.0047579742894646,0.0058095370925524,0.0012926019162307,617,0.013286340852130324,0.07142857142857142,450.0
74,0.3,246,280,13,1.0,280.0,0.0980187695516162,0.0094406375688961,0.0570262908498661,0.0040579102367573,0.0058095370925524,0.0012146114279715,617,0.008718763675660227,0.041666666666666664,560.0
74,0.5,410,409,13,1.5,272.6666666666667,0.0980187695516162,0.0088952683495184,0.0570262908498661,0.0039578329543757,0.0058095370925524,0.0012563471920719,617,0.021726190476190475,0.25,722.0
75,0.1,86,128,13,1.0,128.0,0.0980187695516162,0.0127411366006256,0.0492079830055308,0.0058571228563941,0.0056186378747126,0.0014258539732335,637,0.018068753568264217,0.0967741935483871,2184.0
75,0.2,172,216,13,1.0,216.0,0.0980187695516162,0.0104468389139921,0.0570262908498661,0.0047303741830825,0.0056186378747126,0.0013090880564116,637,0.01134875541125541,0.06666666666666667,468.0
75,0.3,257,300,13,1.0,300.0,0.0980187695516162,0.0097671185262425,0.0570262908498661,0.0043868634804551,0.0056186378747126,0.0012687483920136,637,0.009031986531986533,0.08333333333333333,600.0
75,0.5,428,434,13,1.5,289.3333333333333,0.0980187695516162,0.0084549477902768,0.0570262908498661,0.003729384214574,0.0056186378747126,0.0012447682600868,637,0.0007462686567164179,0.014925373134328358,627.0
76,0.1,88,138,13,1.0,138.0,0.0980187695516162,0.0117498602106662,0.0570262908498661,0.005228133315064,0.0040871733233292,0.0012411267118372,637,0.013296762540714152,0.08333333333333333,1700.0
76,0.2,176,235,13,1.0,235.0,0.0980187695516162,0.0103520954895391,0.0570262908498661,0.0043251536766597,0.0040871733233292,0.0012209853207632,637,0.00625,0.125,160.0
76,0.3,263,308,13,1.0,308.0,0.0980187695516162,0.0090394485597821,0.0570262908498661,0.0038438270284257,0.0052421649220672,0.0011958971882483,637,0.013598597840609048,0.16216216216216217,546.0
76,0.5,438,435,13,1.5,290.0,0.0980187695516162,0.0083468172066208,0.0570262908498661,0.0036476455998045,0.0058095370925524,0.0012451690217911,637,0.013156906906906907,0.125,595.0
77,0.1,85,128,13,1.0,128.0,0.0980187695516162,0.0107859749739311,0.0464749058416465,0.0044917445806704,0.0058095370925524,0.0012454366191331,641,0.008368245027283928,0.06666666666666667,2301.0
77,0.2,169,219,13,1.0,219.0,0.0980187695516162,0.0099561472424185,0.0570262908498661,0.004611639125953,0.0058095370925524,0.0013080348851875,641,0.007898970398970398,0.08333333333333333,336.0
77,0.3,253,299,13,1.0,299.0,0.0980187695516162,0.0092104024189076,0.0570262908498661,0.0042880317736031,0.0058095370925524,0.0012690205455861,641,0.0017857142857142857,0.03571428571428571,600.0
77,0.5,421,430,13,1.666667,257.99994840001034,0.0980187695516162,0.0084875233406891,0.0570262908498661,0.0038327064013193,0.0058095370925524,0.0012609083777936,641,0.005625,0.0625,600.0
78,0.1,89,126,13,1.0,126.0,0.0980187695516162,0.011437178277637,0.0464749058416465,0.0047864499636763,0.0039956275909326,0.0012061168370919,629,0.005429364240839651,0.038461538461538464,1300.0
78,0.2,177,227,13,1.0,227.0,0.0980187695516162,0.0105515565498201,0.0570262908498661,0.0047862904572796,0.0052421649220672,0.0013291545044444,629,0.004470899470899471,0.037037037037037035,1357.0
78,0.3,265,304,13,1.0,304.0,0.0980187695516162,0.0094190768893035,0.0570262908498661,0.0042914430784464,0.0056186378747126,0.0013010431520134,629,0.020134498678108938,0.06666666666666667,2000.0
78,0.5,441,434,13,1.5,289.3333333333333,0.0980187695516162,0.0086399523312974,0.0570262908498661,0.0038682745238376,0.0056186378747126,0.0012986794927984,629,0.0023138297872340426,0.025,560.0
79,0.1,81,124,13,1.0,124.0,0.0980187695516162,0.0112180026237007,0.0464749058416465,0.0047695043034209,0.0058095370925524,0.0013263997785346,610,0.020392867291844273,0.16666666666666666,560.0
79,0.2,161,214,13,1.0,214.0,0.0980187695516162,0.0108027248009511,0.0570262908498661,0.0046882170076695,0.0058095370925524,0.0013165681410643,610,0.015657647437308457,0.09523809523809523,2000.0
79,0.3,241,295,13,1.0,295.0,0.0980187695516162,0.009685230024213,0.0570262908498661,0.0042760872300694,0.0058095370925524,0.001320173014352,610,0.035416666666666666,0.4166666666666667,420.0
79,0.5,401,421,13,1.5,280.6666666666667,0.0980187695516162,0.008901790513178,0.0570262908498661,0.0038736728801463,0.0058095370925524,0.00127202043632,610,0.005555555555555555,0.1111111111111111,350.0
80,0.1,81,125,13,1.0,125.0,0.0980187695516162,0.0127549530761209,0.0570262908498661,0.0055290148431428,0.0045513414488271,0.0013165375142843,599,0.013185475540282082,0.08333333333333333,1560.0
80,0.2,161,216,13,1.0,216.0,0.0980187695516162,0.0109875255860656,0.0570262908498661,0.0049487223000245,0.0056186378747126,0.0013162705924901,599,0.006415979853479853,0.07142857142857142,350.0
80,0.3,242,300,13,1.0,300.0,0.0980187695516162,0.0095133819951337,0.0570262908498661,0.0043303377555224,0.0056186378747126,0.0012990179224783,599,0.019158515776162836,0.07692307692307693,741.0
80,0.5,402,424,13,1.5,282.6666666666667,0.0980187695516162,0.0086592755818757,0.0570262908498661,0.0038596124224285,0.0056186378747126,0.0012715049668023,599,0.015503246753246751,0.16666666666666666,312.0
81,0.1,84,122,13,1.0,122.0,0.0980187695516162,0.0126668831945844,0.0464749058416465,0.0053248490066464,0.0039956275909326,0.0012474688328803,623,0.007449595269395046,0.03571428571428571,1470.0
81,0.2,167,226,13,1.0,226.0,0.0980187695516162,0.0095185803796358,0.0464749058416465,0.0039936557199297,0.0048729601732022,0.0011650310099366,623,0.01412753912753913,0.18181818181818182,472.0
81,0.3,250,299,13,1.0,299.0,0.0980187695516162,0.0087988812203346,0.0570262908498661,0.0037528441649728,0.0048729601732022,0.0011583562531639,623,0.014499999999999999,0.25,176.0
81,0.5,417,440,13,1.5,293.3333333333333,0.0980187695516162,0.0082211584036401,0.0570262908498661,0.0036257329484635,0.0056186378747126,0.0012294575097543,623,0.004700328407224959,0.03571428571428571,360.0
82,0.1,83,124,13,1.0,124.0,0.0980187695516162,0.0107134447845537,0.0464749058416465,0.0043297784741775,0.0044179097289399,0.0013210013366527,620,0.021254569229397603,0.14285714285714285,832.0
82,0.2,166,215,13,1.0,215.0,0.0980187695516162,0.0106894293959307,0.0492079830055308,0.0047865379548856,0.0058095370925524,0.0013825704335114,620,0.004732303732303733,0.047619047619047616,756.0
82,0.3,249,298,13,1.0,298.0,0.0980187695516162,0.0093882749788299,0.0570262908498661,0.0043189230451893,0.0058095370925524,0.0012794717519921,620,0.010398323427984444,0.125,468.0
82,0.5,415,434,13,1.5,289.3333333333333,0.0980187695516162,0.0084357265392617,0.0570262908498661,0.003731494145331,0.0058095370925524,0.0012296430808119,620,0.008630952380952382,0.125,260.0
83,0.1,80,116,13,1.0,116.0,0.0980187695516162,0.0126298946460033,0.0464749058416465,0.0054757263455748,0.0052421649220672,0.0013153761972354,611,0.02828184474214348,0.11320754716981132,3200.0
83,0.2,159,210,13,1.0,210.0,0.0980187695516162,0.0103580118178657,0.0464749058416465,0.0045434188029597,0.0058095370925524,0.001319513112919,611,0.009800037728730428,0.1111111111111111,354.0
83,0.3,239,289,13,1.0,289.0,0.0980187695516162,0.0091646791821064,0.0464749058416465,0.0039678359935477,0.0058095370925524,0.0012811743183531,611,0.031398050974512745,0.5,936.0
83,0.5,397,412,13,1.5,274.6666666666667,0.0980187695516162,0.0086103040181418,0.0570262908498661,0.0039357730173126,0.0058095370925524,0.0012850456470578,611,0.0037679425837320577,0.05263157894736842,450.0
84,0.1,85,124,13,1.0,124.0,0.0980187695516162,0.0119496114904638,0.0570262908498661,0.0052179751016275,0.0040871733233292,0.0012515364140469,625,0.011472070100796023,0.047619047619047616,1767.0
84,0.2,170,224,13,1.0,224.0,0.0980187695516162,0.0100318412036346,0.0570262908498661,0.0044190958683895,0.0045513414488271,0.0012810510461389,625,0.01685291675662182,0.09523809523809523,800.0
84,0.3,255,307,13,1.0,307.0,0.0980187695516162,0.0093711894515527,0.0570262908498661,0.0041791401158419,0.0056186378747126,0.0012807050845619,625,0.012303912303912305,0.13513513513513514,528.0
84,0.5,424,431,13,1.5,287.3333333333333,0.0980187695516162,0.0086323485649445,0.0570262908498661,0.0038363503635208,0.0056186378747126,0.0012826540005773,625,0.008906270084908085,0.058823529411764705,704.0
85,0.1,86,133,13,1.0,133.0,0.0980187695516162,0.011721169451261,0.0570262908498661,0.0050130029572773,0.0040328017800694,0.0013114387631034,640,0.015803064481939827,0.06666666666666667,1700.0
85,0.2,171,237,13,1.0,237.0,0.0980187695516162,0.0104231288745748,0.0570262908498661,0.0046466445823454,0.0056186378747126,0.0013270986508121,640,0.004141414141414142,0.06060606060606061,600.0
85,0.3,257,314,13,1.0,314.0,0.0980187695516162,0.0097268253156485,0.0570262908498661,0.0044684976937664,0.0058095370925524,0.0013412843368352,640,0.02873700074473199,0.16666666666666666,960.0
85,0.5,427,445,13,1.5,296.6666666666667,0.0980187695516162,0.0085201110707548,0.0570262908498661,0.0037991806199839,0.0058095370925524,0.0012661652464962,640,0.0,0.0,468.0
86,0.1,86,145,13,1.0,145.0,0.0980187695516162,0.0111107115889395,0.0464749058416465,0.0047796845368399,0.0040871733233292,0.0014383552466533,635,0.015267908282614165,0.09259259259259259,968.0
86,0.2,172,232,13,1.0,232.0,0.0980187695516162,0.0106657437704504,0.0570262908498661,0.0047494266897428,0.0056186378747126,0.0014005038462833,635,0.0049906588116633045,0.03125,680.0
86,0.3,258,319,13,1.0,319.0,0.0980187695516162,0.0096724317716011,0.0570262908498661,0.0042558744713564,0.0056186378747126,0.0013079943367872,635,0.04471076408576409,0.5,540.0
86,0.5,430,428,13,1.75,244.57142857142856,0.0980187695516162,0.008692855681054,0.0570262908498661,0.0038117821143354,0.0058095370925524,0.0012791211759473,635,0.013247863247863248,0.1111111111111111,500.0
87,0.1,82,124,12,1.0,124.0,0.0980187695516162,0.0111591375424669,0.0570262908498661,0.0045445797957107,0.0048729601732022,0.001251261048645,619,0.016527517593418573,0.08888888888888889,858.0
87,0.2,164,216,13,1.0,216.0,0.0980187695516162,0.0102054609353879,0.0570262908498661,0.0041967931303635,0.0048729601732022,0.0012771913983255,619,0.023234126984126982,0.1111111111111111,525.0
87,0.3,245,297,13,1.0,297.0,0.0980187695516162,0.0092759362832355,0.0570262908498661,0.0038502375343076,0.0048729601732022,0.0012136744479038,619,0.006414156246052798,0.04,1248.0
87,0.5,408,418,13,1.666667,250.79994984001004,0.0980187695516162,0.0084617648966476,0.0570262908498661,0.0035009331450176,0.0048729601732022,0.001201932227989,619,0.0081605222734255,0.08333333333333333,352.0
88,0.1,83,120,12,1.0,120.0,0.0980187695516162,0.0122262773722627,0.0464749058416465,0.0053152102279149,0.0056186378747126,0.0013096511280414,608,0.011234328980634398,0.08333333333333333,780.0
88,0.2,165,220,12,1.0,220.0,0.0980187695516162,0.0105460233197459,0.0464749058416465,0.0045579698371506,0.0058095370925524,0.0012968791826119,608,0.005422077922077922,0.07272727272727272,660.0
88,0.3,247,305,13,1.0,305.0,0.0980187695516162,0.0094052889792987,0.0464749058416465,0.0040015431445713,0.0058095370925524,0.0012323199180301,608,0.0006756756756756757,0.013513513513513514,1404.0
88,0.5,412,426,13,1.5,284.0,0.0980187695516162,0.0088805338111392,0.0570262908498661,0.003964367296045,0.0058095370925524,0.0012851406231831,608,0.016451334016193545,0.06666666666666667,531.0
89,0.1,89,131,13,1.0,131.0,0.0980187695516162,0.0102762897101783,0.0570262908498661,0.0040968316271848,0.0039254903849993,0.0011509218564218,646,0.015741869918699185,0.2,3200.0
89,0.2,177,245,13,1.0,245.0,0.0980187695516162,0.0098189014917749,0.0570262908498661,0.0041209181188049,0.0052421649220672,0.0012617184684256,646,0.008210111144893754,0.05555555555555555,1232.0
89,0.3,265,335,13,1.0,335.0,0.0980187695516162,0.008752898697337,0.0570262908498661,0.0037372565105313,0.0052421649220672,0.0012402470147027,646,0.0064718997967079805,0.07692307692307693,1340.0
89,0.5,441,456,13,1.75,260.57142857142856,0.0980187695516162,0.0082436931745421,0.0570262908498661,0.0036129048710198,0.0056186378747126,0.0012747324680907,646,0.0,0.0,480.0
90,0.1,85,128,13,1.0,128.0,0.0980187695516162,0.0119835114702815,0.0492079830055308,0.0057064122421783,0.0058095370925524,0.0015019543274929,635,0.008423771175358866,0.044444444444444446,1888.0
90,0.2,170,239,13,1.0,239.0,0.0980187695516162,0.0103533579696423,0.0570262908498661,0.0049730180337237,0.0058095370925524,0.0014236301391728,635,0.013634612873743308,0.08695652173913043,1364.0
90,0.3,255,318,13,1.0,318.0,0.0980187695516162,0.0096143126028816,0.0570262908498661,0.0044703576379901,0.0058095370925524,0.0013522722529609,635,0.013546081111870584,0.09090909090909091,589.0
90,0.5,424,443,13,1.5,295.3333333333333,0.0980187695516162,0.008584468866883,0.0570262908498661,0.0038628754466481,0.0058095370925524,0.0012682224767112,635,0.010811167304537999,0.0967741935483871,295.0
91,0.1,86,129,13,1.0,129.0,0.0656934306569343,0.0102820282755777,0.0570262908498661,0.0043346596649465,0.0039956275909326,0.0012209153977746,630,0.004953379953379954,0.06060606060606061,550.0
91,0.2,172,222,13,1.0,222.0,0.0980187695516162,0.0096196300575862,0.0570262908498661,0.0042007803578594,0.0045513414488271,0.0012118578583184,630,0.006707776424127926,0.047619047619047616,780.0
91,0.3,258,314,13,1.0,314.0,0.0980187695516162,0.0095375357823634,0.0570262908498661,0.0042016738108497,0.0052421649220672,0.0012584521184695,630,0.010628541157958925,0.07692307692307693,2100.0
91,0.5,429,443,13,1.5,295.3333333333333,0.0980187695516162,0.0085726996471587,0.0570262908498661,0.0037930209800816,0.0058095370925524,0.0012523647527623,630,0.012215909090909092,0.18181818181818182,378.0
92,0.1,84,130,13,1.0,130.0,0.0761209593326381,0.01001844870458,0.031948254360793,0.00390937488874,0.0058095370925524,0.0011463501890982,640,0.008893557422969187,0.08333333333333333,550.0
92,0.2,167,226,13,1.0,226.0,0.0980187695516162,0.0088772412265726,0.0570262908498661,0.0038238281522,0.0058095370925524,0.0011765162872225,640,0.008447128851540617,0.0625,720.0
92,0.3,251,315,13,1.0,315.0,0.0980187695516162,0.0088253306188655,0.0570262908498661,0.0038160832452628,0.0058095370925524,0.0011909140110037,640,0.021506086506086507,0.13333333333333333,2652.0
92,0.5,417,451,13,1.5,300.6666666666667,0.0980187695516162,0.0083998252059494,0.0570262908498661,0.0036340289602963,0.0058095370925524,0.0012274391567585,640,0.0037426900584795323,0.05263157894736842,651.0
93,0.1,88,127,13,1.0,127.0,0.0656934306569343,0.0115605987207803,0.0570262908498661,0.0052768120670123,0.0056186378747126,0.0013337244353935,639,0.012013888888888888,0.06666666666666667,528.0
93,0.2,176,228,13,1.0,228.0,0.0980187695516162,0.0105601595228947,0.0570262908498661,0.004783956378091,0.0056186378747126,0.0013378461151713,639,0.025560465849939533,0.16,5226.0
93,0.3,264,310,13,1.0,310.0,0.0980187695516162,0.0093645934945675,0.0570262908498661,0.0041338340277699,0.0056186378747126,0.0012741517505495,639,0.010913031799582196,0.07692307692307693,912.0
93,0.5,440,455,13,1.5,303.3333333333333,0.0980187695516162,0.0084474441095921,0.0570262908498661,0.0038152221868015,0.0058095370925524,0.0012959302418417,639,0.016651692728373402,0.07692307692307693,576.0
94,0.1,87,125,13,1.0,125.0,0.0980187695516162,0.0117122002085505,0.0570262908498661,0.0054017211298633,0.0045513414488271,0.0012905403617218,632,0.009740608853512078,0.13636363636363635,1020.0
94,0.2,174,219,13,1.0,219.0,0.0980187695516162,0.0108036815366082,0.0570262908498661,0.005023239600555,0.0058095370925524,0.0013615027784803,632,0.004905946795184815,0.04477611940298507,1200.0
94,0.3,261,306,13,1.0,306.0,0.0980187695516162,0.0097119139626653,0.0570262908498661,0.0045177745645535,0.0058095370925524,0.0013270867138952,632,0.01653746281166236,0.1111111111111111,1584.0
94,0.5,435,447,13,1.5,298.0,0.0980187695516162,0.0085613043042131,0.0570262908498661,0.0038117287824148,0.0058095370925524,0.0012594311598954,632,0.01442818945760122,0.12,708.0
95,0.1,87,126,13,1.0,126.0,0.0980187695516162,0.0118923481801479,0.0464749058416465,0.0048956062482546,0.0039956275909326,0.0012115379412605,625,0.01053217515174037,0.06666666666666667,360.0
95,0.2,174,215,13,1.0,215.0,0.0980187695516162,0.0098988772219123,0.0570262908498661,0.0044014289858067,0.0039956275909326,0.0012359651014786,625,0.013080712211870965,0.09090909090909091,2600.0
95,0.3,261,304,13,1.0,304.0,0.0980187695516162,0.009206410186049,0.0570262908498661,0.0041142806227547,0.0058095370925524,0.0012731509965246,625,0.009283536585365853,0.07317073170731707,351.0
95,0.5,435,442,13,1.5,294.6666666666667,0.0980187695516162,0.0084245938689905,0.0570262908498661,0.003716159909146,0.0058095370925524,0.0012601893841941,625,0.014351851851851852,0.16666666666666666,1700.0
96,0.1,82,124,13,1.0,124.0,0.0980187695516162,0.012622355275993,0.0570262908498661,0.0055460595148412,0.0038221510689287,0.0013633132991948,618,0.016080306390018125,0.125,418.0
96,0.2,164,224,13,1.0,224.0,0.0980187695516162,0.0109582154029494,0.0570262908498661,0.004982004434484,0.0056186378747126,0.0014241086968556,618,0.00125,0.025,300.0
96,0.3,245,296,13,1.0,296.0,0.0980187695516162,0.0095714849364483,0.0570262908498661,0.0042437433968269,0.0056186378747126,0.0013189797509763,618,0.012962962962962963,0.2,900.0
96,0.5,408,433,13,1.6,270.625,0.0980187695516162,0.0085828434642513,0.0570262908498661,0.0037542112717786,0.0058095370925524,0.0012560561759211,618,0.011736103006963084,0.0975609756097561,714.0
97,0.1,84,123,13,1.0,123.0,0.0980187695516162,0.0120128521410344,0.0464749058416465,0.0050688952605183,0.0056186378747126,0.0013581557619166,618,0.011663967955111692,0.047619047619047616,702.0
97,0.2,168,222,13,1.0,222.0,0.0980187695516162,0.0104651053556162,0.0570262908498661,0.0048502954006548,0.0056186378747126,0.0013491141805654,618,0.021826805065935505,0.13513513513513514,720.0
97,0.3,252,303,13,1.0,303.0,0.0980187695516162,0.0095947029530898,0.0570262908498661,0.0044572678620127,0.0056186378747126,0.0013326735472363,618,0.011117365424430642,0.07142857142857142,462.0
97,0.5,419,421,13,1.5,280.6666666666667,0.0980187695516162,0.0081934120805767,0.0570262908498661,0.0037208315154448,0.0056186378747126,0.0012504124573989,618,0.0011627906976744186,0.023255813953488372,1200.0
98,0.1,82,114,13,1.0,114.0,0.0980187695516162,0.0116989554177413,0.0464749058416465,0.0047427584513757,0.0048729601732022,0.0012789952312529,631,0.020889944214767787,0.2222222222222222,910.0
98,0.2,163,211,13,1.0,211.0,0.0980187695516162,0.0094292534185985,0.0464749058416465,0.0039583698156889,0.0048729601732022,0.0012219798162457,631,0.003489702517162471,0.043478260869565216,1512.0
98,0.3,245,302,13,1.0,302.0,0.0980187695516162,0.0087563618283393,0.0464749058416465,0.0036481306689573,0.0056186378747126,0.0011911669008497,631,0.007030991376166348,0.043478260869565216,432.0
98,0.5,407,429,13,1.666667,257.3999485200103,0.0980187695516162,0.0085510596459501,0.0570262908498661,0.003837778687817,0.0058095370925524,0.0012560393082631,631,0.016242346715647688,0.2,2184.0
99,0.1,79,123,13,1.0,123.0,0.0980187695516162,0.0107072916401739,0.0464749058416465,0.0043085830425446,0.0048729601732022,0.0013284847806911,610,0.0050559978549624615,0.041666666666666664,1700.0
99,0.2,158,216,13,1.0,216.0,0.0980187695516162,0.009587533310161,0.0570262908498661,0.0042926508793405,0.0048729601732022,0.0012924570209105,610,0.013014249177932041,0.1,520.0
99,0.3,236,303,13,1.0,303.0,0.0980187695516162,0.0089786872326439,0.0570262908498661,0.0040272486052256,0.0052421649220672,0.0013025089600736,610,0.01038961038961039,0.13636363636363635,480.0
99,0.5,393,420,13,1.5,280.0,0.0980187695516162,0.008493470380853,0.0570262908498661,0.003854444351043,0.0056186378747126,0.0012632799192471,610,0.0056315789473684215,0.05263157894736842,494.0
100,0.1,87,140,13,1.0,140.0,0.0980187695516162,0.0115894532995679,0.0464749058416465,0.0053452803559711,0.0056186378747126,0.0013600162309709,630,0.005262700893561933,0.058823529411764705,1482.0
100,0.2,173,237,13,1.0,237.0,0.0980187695516162,0.0102251378237703,0.0570262908498661,0.0047496929754333,0.0056186378747126,0.0013965148709822,630,0.00888578475787778,0.08139534883720931,1170.0
100,0.3,260,317,13,1.0,317.0,0.0980187695516162,0.009223593188225,0.0570262908498661,0.0044244104496752,0.0058095370925524,0.0013833274776429,630,0.03404471544715447,0.5,1053.0
100,0.5,432,443,13,1.666667,265.79994684001065,0.0980187695516162,0.0086786226246771,0.0570262908498661,0.0039062713596272,0.0058095370925524,0.0013018930332609,630,0.0035714285714285713,0.07142857142857142,649.0
101,0.1,85,136,13,1.0,136.0,0.0980187695516162,0.0120606636815309,0.0570262908498661,0.005649069973881,0.0058095370925524,0.0013800972163643,617,0.010346688034188034,0.05555555555555555,513.0
101,0.2,169,225,13,1.0,225.0,0.0980187695516162,0.0105572934770014,0.0570262908498661,0.0048872265902656,0.0058095370925524,0.0013485918560428,617,0.007539057964704517,0.037037037037037035,1092.0
101,0.3,254,289,13,1.0,289.0,0.0980187695516162,0.0098177527773668,0.0570262908498661,0.0044964221331637,0.0058095370925524,0.0013240270136544,617,0.011020286902639844,0.1111111111111111,1092.0
101,0.5,423,409,13,1.666667,245.39995092000984,0.0980187695516162,0.0088595750973278,0.0570262908498661,0.0039904234495262,0.0058095370925524,0.0013038457859673,617,0.015378787878787877,0.09090909090909091,442.0
102,0.1,85,127,13,1.0,127.0,0.0980187695516162,0.011601651983283,0.0570262908498661,0.0053808598340746,0.0058095370925524,0.0012941213869644,628,0.03217625547229127,0.25,2400.0
102,0.2,170,234,13,1.0,234.0,0.0980187695516162,0.0100933130130209,0.0570262908498661,0.0045411081807425,0.0058095370925524,0.0013489837374126,628,0.004208494208494208,0.03333333333333333,280.0
102,0.3,255,315,13,1.0,315.0,0.0980187695516162,0.0094410513597165,0.0570262908498661,0.0043743699224891,0.0058095370925524,0.0013316476237017,628,0.011568798848210613,0.09090909090909091,663.0
102,0.5,425,451,13,1.5,300.6666666666667,0.0980187695516162,0.0084460670182585,0.0570262908498661,0.003839317098062,0.0058095370925524,0.0012734140942761,628,0.009821428571428571,0.07142857142857142,285.0
103,0.1,84,123,13,1.0,123.0,0.0980187695516162,0.0121145841281144,0.0492079830055308,0.0058017533055248,0.0058095370925524,0.0014081365266751,627,0.021170428156877023,0.06451612903225806,1120.0
103,0.2,168,216,13,1.0,216.0,0.0980187695516162,0.0106206310585872,0.0570262908498661,0.0051379893555516,0.0058095370925524,0.0013900720078856,627,0.012420843045843047,0.15384615384615385,624.0
103,0.3,252,300,13,1.0,300.0,0.0980187695516162,0.0095064303093499,0.0570262908498661,0.0043438495501443,0.0058095370925524,0.0013035439507509,627,0.029744965179747784,0.4,256.0
103,0.5,419,435,13,1.666667,260.99994780001043,0.0980187695516162,0.0088142581472558,0.0570262908498661,0.003917827853542,0.0058095370925524,0.0012893290349035,627,0.017677845528455284,0.1111111111111111,572.0
104,0.1,85,133,13,1.0,133.0,0.0980187695516162,0.010843061773307,0.0464749058416465,0.0044723177061593,0.0039956275909326,0.0011726223554348,637,0.04669089590964591,0.7142857142857143,702.0
104,0.2,169,226,13,1.0,226.0,0.0980187695516162,0.0098646266852454,0.0464749058416465,0.0042361206052791,0.0058095370925524,0.0012216725945465,637,0.008345864661654134,0.06666666666666667,840.0
104,0.3,253,316,13,1.0,316.0,0.0980187695516162,0.0096256649199455,0.0570262908498661,0.0043475227333681,0.0058095370925524,0.001292387410641,637,0.008312402913111017,0.08333333333333333,1716.0
104,0.5,421,443,13,1.5,295.3333333333333,0.0980187695516162,0.0087162841277948,0.0570262908498661,0.0039040742176427,0.0058095370925524,0.0012783754702046,637,0.005208333333333333,0.041666666666666664,260.0
105,0.1,86,137,13,1.0,137.0,0.0980187695516162,0.0108461520896919,0.0464749058416465,0.0044789500892196,0.0040328017800694,0.0012591612353553,656,0.054654362154362146,0.7142857142857143,1520.0
105,0.2,172,239,13,1.0,239.0,0.0980187695516162,0.0101308458514578,0.0464749058416465,0.0043756416610352,0.0056186378747126,0.0013259767338635,656,0.011397929369531804,0.06666666666666667,638.0
105,0.3,258,312,13,1.0,312.0,0.0980187695516162,0.0091240875912408,0.0464749058416465,0.0039730630671264,0.0056186378747126,0.0012641157913184,656,0.010398441427853192,0.058823529411764705,360.0
105,0.5,430,454,13,1.5,302.6666666666667,0.0980187695516162,0.0082386663787994,0.0570262908498661,0.0037194151210986,0.0058095370925524,0.001262824202345,656,0.0034143518518518516,0.037037037037037035,260.0
106,0.1,86,126,13,1.0,126.0,0.0980187695516162,0.0127861363523511,0.0570262908498661,0.0057451784550304,0.0058095370925524,0.0013519074498887,626,0.014544441804034112,0.14285714285714285,2000.0
106,0.2,172,219,13,1.0,219.0,0.0980187695516162,0.0108084429652272,0.0570262908498661,0.0050573978101972,0.0058095370925524,0.0013442291356106,626,0.003881578947368421,0.05263157894736842,875.0
106,0.3,258,300,13,1.0,300.0,0.0980187695516162,0.0092839763642682,0.0570262908498661,0.0042863048182639,0.0058095370925524,0.0012819073161828,626,0.0048517975055025675,0.0425531914893617,598.0
106,0.5,429,430,13,1.5,286.6666666666667,0.0980187695516162,0.0085529985207458,0.0570262908498661,0.0039160633953496,0.0058095370925524,0.0012904776888399,626,0.01025729267733099,0.08695652173913043,800.0
107,0.1,83,129,13,1.0,129.0,0.0980187695516162,0.0121412000549667,0.0570262908498661,0.0049974642435184,0.0052421649220672,0.0012673215389954,644,0.021813910438785722,0.0975609756097561,1300.0
107,0.2,166,233,13,1.0,233.0,0.0980187695516162,0.0105394120305933,0.0570262908498661,0.0046733582140852,0.0052421649220672,0.0013396974583769,644,0.019608802350737836,0.16216216216216217,1326.0
107,0.3,249,310,13,1.0,310.0,0.0980187695516162,0.0094083218406269,0.0570262908498661,0.0041861986043084,0.0056186378747126,0.0012887190704995,644,0.020107304094420846,0.16129032258064516,390.0
107,0.5,414,451,13,1.5,300.6666666666667,0.0980187695516162,0.0084321944745658,0.0570262908498661,0.0037708044215686,0.0058095370925524,0.0012553256960977,644,0.02690950862003494,0.2,864.0
108,0.1,84,122,13,1.0,122.0,0.0980187695516162,0.0129489392981076,0.0464749058416465,0.0053801997208038,0.0052421649220672,0.0013213551344573,637,0.011453618170971696,0.05714285714285714,780.0
108,0.2,168,211,13,1.0,211.0,0.0980187695516162,0.011079866962525,0.0492079830055308,0.0048710871131474,0.0056186378747126,0.0013010312728925,637,0.01759288497118053,0.14285714285714285,1170.0
108,0.3,252,293,13,1.0,293.0,0.0980187695516162,0.009470189012303,0.0570262908498661,0.004241105785772,0.0056186378747126,0.0012395803729172,637,0.0036375661375661374,0.037037037037037035,320.0
108,0.5,419,425,13,1.5,283.3333333333333,0.0980187695516162,0.0084156290253327,0.0570262908498661,0.0036904252468959,0.0056186378747126,0.0012312720178176,637,0.015557063637420782,0.12962962962962962,840.0
109,0.1,82,126,13,1.0,126.0,0.0980187695516162,0.0115199364417299,0.0464749058416465,0.0048157645390637,0.0040871733233292,0.0013138759858498,638,0.005833333333333333,0.05555555555555555,969.0
109,0.2,164,221,13,1.0,221.0,0.0980187695516162,0.0097999896196546,0.0570262908498661,0.004547612626626,0.0045513414488271,0.0013156752021482,638,0.011451696466680036,0.08333333333333333,1020.0
109,0.3,245,303,13,1.0,303.0,0.0980187695516162,0.0092918572357756,0.0570262908498661,0.0043673891784224,0.0056186378747126,0.001331395065223,638,0.0,0.0,390.0
109,0.5,408,448,13,1.5,298.6666666666667,0.0980187695516162,0.0083164196335468,0.0570262908498661,0.0038132172940058,0.0058095370925524,0.0012770678109537,638,0.016297777175386285,0.13333333333333333,342.0
110,0.1,83,121,13,1.0,121.0,0.0980187695516162,0.0119873490809124,0.0570262908498661,0.0052639930403838,0.0056186378747126,0.001312954880554,602,0.0028702518139137856,0.04225352112676056,969.0
110,0.2,165,211,13,1.0,211.0,0.0980187695516162,0.0107586397758328,0.0570262908498661,0.0050563551549217,0.0056186378747126,0.0013599086379567,602,0.008315582125105934,0.09090909090909091,620.0
110,0.3,247,284,13,1.0,284.0,0.0980187695516162,0.0093517308228935,0.0570262908498661,0.0042232502286186,0.0056186378747126,0.0012737451151069,602,0.005664822361715262,0.06451612903225806,800.0
110,0.5,411,412,13,1.5,274.6666666666667,0.0980187695516162,0.0086027111574556,0.0570262908498661,0.0037911929100397,0.0058095370925524,0.0012570554335751,602,0.014199448269215712,0.06666666666666667,504.0
111,0.1,81,128,13,1.0,128.0,0.0980187695516162,0.0121301485922835,0.0570262908498661,0.0056961462610376,0.0045513414488271,0.0014128912975704,597,0.015396464646464648,0.1111111111111111,1742.0
111,0.2,162,227,13,1.0,227.0,0.0980187695516162,0.0106663971740018,0.0570262908498661,0.0050021759216768,0.0052421649220672,0.0014040271392185,597,0.013470443873924886,0.06666666666666667,1005.0
111,0.3,243,304,13,1.0,304.0,0.0980187695516162,0.0099884748367268,0.0570262908498661,0.0045305779444708,0.0052421649220672,0.0013323769154421,597,0.04632015494084459,0.5555555555555556,1092.0
111,0.5,404,427,13,1.666667,256.1999487600103,0.0980187695516162,0.0088865987941185,0.0570262908498661,0.0040174507206112,0.0058095370925524,0.0013145545343761,597,0.033446640316205534,0.5,264.0
112,0.1,83,125,13,1.0,125.0,0.0980187695516162,0.0120875912408758,0.0464749058416465,0.0049294250537675,0.0039956275909326,0.0012788231608783,623,0.014046460075871842,0.09090909090909091,364.0
112,0.2,166,218,13,1.0,218.0,0.0980187695516162,0.0109010724091417,0.0570262908498661,0.0050859964051305,0.0056186378747126,0.0013528730054478,623,0.010581779058264554,0.1,750.0
112,0.3,248,299,13,1.0,299.0,0.0980187695516162,0.009308051516874,0.0570262908498661,0.0043010906254457,0.0056186378747126,0.0012932139804835,623,0.02010146783202509,0.16666666666666666,1302.0
112,0.5,413,431,13,1.6,269.375,0.0980187695516162,0.0085984772421,0.0570262908498661,0.0038916025327224,0.0056186378747126,0.0012851027959295,623,0.0,0.0,663.0
113,0.1,83,126,12,1.0,126.0,0.0980187695516162,0.0124799311452074,0.0464749058416465,0.0054245339555675,0.0056186378747126,0.00143889446866,625,0.012824316267978239,0.12,1092.0
113,0.2,165,223,12,1.0,223.0,0.0980187695516162,0.011287916691995,0.0570262908498661,0.0052892584468709,0.0056186378747126,0.0013935073424386,625,0.025445841590636165,0.3333333333333333,1100.0
113,0.3,247,313,13,1.0,313.0,0.0980187695516162,0.0100277512184883,0.0570262908498661,0.0046005822776901,0.0056186378747126,0.0013594620594712,625,0.007071960297766749,0.07692307692307693,336.0
113,0.5,411,444,13,1.5,296.0,0.0980187695516162,0.0086896072297531,0.0570262908498661,0.0039523642244697,0.0058095370925524,0.0013003239660549,625,0.01534719150818222,0.14285714285714285,377.0
114,0.1,85,125,13,1.0,125.0,0.0980187695516162,0.0108196037539102,0.0464749058416465,0.0043345236541583,0.0039956275909326,0.0012328859462595,621,0.04388460424989867,0.5,650.0
114,0.2,170,218,13,1.0,218.0,0.0980187695516162,0.0097387377907031,0.0464749058416465,0.0039262017898269,0.0040871733233292,0.0012479588772152,621,0.007212133081698299,0.05555555555555555,780.0
114,0.3,255,288,13,1.0,288.0,0.0980187695516162,0.0093196037539102,0.0570262908498661,0.0040056149842008,0.0056186378747126,0.0012644153683987,621,0.01115596097210928,0.1111111111111111,936.0
114,0.5,425,418,13,1.5,278.6666666666667,0.0980187695516162,0.0086812918161361,0.0570262908498661,0.0037857509448917,0.0058095370925524,0.0012901200156849,621,0.03387542637515894,0.25,1005.0
115,0.1,87,132,13,1.0,132.0,0.0980187695516162,0.0110121022529781,0.0570262908498661,0.0048659505637398,0.0048729601732022,0.0014110224527965,631,0.013662594069886019,0.08163265306122448,2613.0
115,0.2,173,229,13,1.0,229.0,0.0980187695516162,0.0103364585562653,0.0570262908498661,0.00491770260858,0.0056186378747126,0.0014219219398072,631,0.008949390567037627,0.047619047619047616,520.0
115,0.3,260,315,13,1.0,315.0,0.0980187695516162,0.0095999470347749,0.0570262908498661,0.0043742910989245,0.0056186378747126,0.0013395352110331,631,0.009412016554873698,0.09090909090909091,504.0
115,0.5,432,451,13,1.333333,338.2500845625211,0.0980187695516162,0.0086217859050331,0.0570262908498661,0.0038559448075734,0.0058095370925524,0.0012693016529735,631,0.009390288649706457,0.14285714285714285,469.0
116,0.1,81,123,12,1.0,123.0,0.0980187695516162,0.011139652585264,0.0570262908498661,0.0047955216677077,0.0039956275909326,0.0012388791863937,618,0.015819529932433157,0.10256410256410256,850.0
116,0.2,162,220,12,1.0,220.0,0.0980187695516162,0.0095411887382689,0.0570262908498661,0.0040024848455986,0.0044179097289399,0.0011990348423681,618,0.011583865307269563,0.07692307692307693,468.0
116,0.3,243,310,13,1.0,310.0,0.0980187695516162,0.0091257694507046,0.0570262908498661,0.0040064821167034,0.0056186378747126,0.0012643095820216,618,0.029595457439239036,0.3333333333333333,504.0
116,0.5,404,436,13,1.4,311.42857142857144,0.0980187695516162,0.0087844754187752,0.0570262908498661,0.003859357424655,0.0058095370925524,0.001256734534025,618,0.02315543152499674,0.25,336.0
117,0.1,82,131,13,1.0,131.0,0.0980187695516162,0.0114066019788424,0.0570262908498661,0.0054770083741619,0.0058095370925524,0.0013051202342246,626,0.005057604962889111,0.059322033898305086,2500.0
117,0.2,163,217,13,1.0,217.0,0.0980187695516162,0.0101920683507685,0.0570262908498661,0.0048532295015906,0.0058095370925524,0.0013214740886509,626,0.017620033649445414,0.125,391.0
117,0.3,244,300,13,1.0,300.0,0.0980187695516162,0.0094473409801876,0.0570262908498661,0.0043376341157691,0.0058095370925524,0.0012865825374517,626,0.007871121234596542,0.05263157894736842,880.0
117,0.5,407,428,13,1.666667,256.7999486400103,0.0980187695516162,0.0083395866020874,0.0570262908498661,0.0037117851811566,0.0058095370925524,0.0012449842587251,626,0.012503054740957966,0.16666666666666666,420.0
118,0.1,83,124,13,1.0,124.0,0.0980187695516162,0.0113693699754448,0.0464749058416465,0.0045916824869096,0.0052421649220672,0.0013499333486913,617,0.009640026865636621,0.06060606060606061,924.0
118,0.2,165,221,13,1.0,221.0,0.0980187695516162,0.0104935854184458,0.0570262908498661,0.0046135445891024,0.0056186378747126,0.0013424327035835,617,0.016710564942599104,0.07894736842105263,1005.0
118,0.3,248,299,13,1.0,299.0,0.0980187695516162,0.0095765865362818,0.0570262908498661,0.0041408317216139,0.0056186378747126,0.0012609356177792,617,0.005265567765567766,0.08333333333333333,2052.0
118,0.5,412,418,13,1.666667,250.79994984001004,0.0980187695516162,0.0084692487689029,0.0570262908498661,0.0036240845114592,0.0056186378747126,0.0012277356515092,617,0.007445054945054945,0.05128205128205128,238.0
119,0.1,86,129,13,1.0,129.0,0.0761209593326381,0.0104032786090161,0.0570262908498661,0.0043479744520372,0.0039956275909326,0.0012238429561766,632,0.0,0.0,456.0
119,0.2,171,229,13,1.0,229.0,0.0980187695516162,0.0098902149710168,0.0570262908498661,0.0043681523424357,0.0058095370925524,0.0012972410892214,632,0.04644480519480519,0.625,966.0
119,0.3,256,307,13,1.0,307.0,0.0980187695516162,0.0090587032501961,0.0570262908498661,0.0040767625565644,0.0058095370925524,0.0012661344161451,632,0.005696072895561387,0.047619047619047616,850.0
119,0.5,426,426,13,1.4,304.2857142857143,0.0980187695516162,0.0084839939882604,0.0570262908498661,0.0038041681710444,0.0058095370925524,0.0012531521579325,632,0.013622630992196207,0.12,396.0
120,0.1,82,110,12,1.0,110.0,0.0980187695516162,0.0116598729737415,0.0570262908498661,0.0054398010770181,0.0045513414488271,0.0013256720243654,607,0.003055260987392483,0.024390243902439025,1216.0
120,0.2,163,208,13,1.0,208.0,0.0980187695516162,0.009810900778054,0.0570262908498661,0.0044000715802177,0.0048729601732022,0.0012712488432959,607,0.0081578927381326,0.03571428571428571,988.0
120,0.3,244,301,13,1.0,301.0,0.0980187695516162,0.0091838466841497,0.0570262908498661,0.0040411320814059,0.0056186378747126,0.0012482277849633,607,0.002393162393162393,0.02564102564102564,525.0
120,0.5,407,416,13,1.666667,249.59995008001,0.0980187695516162,0.0088132670249458,0.0570262908498661,0.0039807513726793,0.0058095370925524,0.0012768563656655,607,0.01580498244073749,0.08333333333333333,1056.0
121,0.1,82,120,13,1.0,120.0,0.0980187695516162,0.0109141466805699,0.0464749058416465,0.0043513541265575,0.0040871733233292,0.0012180452599943,636,0.011379960317460316,0.1,969.0
121,0.2,164,223,13,1.0,223.0,0.0980187695516162,0.0098477019690727,0.0570262908498661,0.0044648453194407,0.0056186378747126,0.0013001565869334,636,0.006900803799780782,0.058823529411764705,280.0
121,0.3,246,309,13,1.0,309.0,0.0980187695516162,0.0093948996223816,0.0570262908498661,0.0041441056492562,0.0056186378747126,0.0012905684467658,636,0.013441770186335402,0.14285714285714285,308.0
121,0.5,410,438,13,1.5,292.0,0.0980187695516162,0.0084348707986343,0.0570262908498661,0.0036436362854887,0.0056186378747126,0.0012504565532107,636,0.007083333333333333,0.07142857142857142,260.0
122,0.1,82,125,13,1.0,125.0,0.0980187695516162,0.0109363920750781,0.0570262908498661,0.0050890156456494,0.0058095370925524,0.0013253279200772,612,0.014863728936527756,0.07692307692307693,1000.0
122,0.2,164,221,13,1.0,221.0,0.0980187695516162,0.0091630138860709,0.0570262908498661,0.0043925881194126,0.0058095370925524,0.0013349607609435,612,0.0021111111111111113,0.022222222222222223,504.0
122,0.3,246,302,13,1.0,302.0,0.0980187695516162,0.0091085498829492,0.0570262908498661,0.0040865026084497,0.0058095370925524,0.0012825999222488,612,0.01484359630139681,0.16666666666666666,420.0
122,0.5,410,421,13,1.5,280.6666666666667,0.0980187695516162,0.0082033194712425,0.0570262908498661,0.0036480290873276,0.0058095370925524,0.0012509197378146,612,0.03193475478769597,0.4,5900.0
123,0.1,86,136,12,1.0,136.0,0.0980187695516162,0.0115086180457584,0.0570262908498661,0.0048678448803277,0.0039254903849993,0.0012533631307701,618,0.01042370529771872,0.05128205128205128,1340.0
123,0.2,172,236,13,1.0,236.0,0.0980187695516162,0.010555663561973,0.0570262908498661,0.0048124390923709,0.0056186378747126,0.0013363182398118,618,0.00923966863864562,0.058823529411764705,540.0
123,0.3,257,314,13,1.0,314.0,0.0980187695516162,0.0099493235389836,0.0570262908498661,0.004529685159325,0.0058095370925524,0.0013490877113417,618,0.01353920153920154,0.10909090909090909,928.0
123,0.5,428,441,13,1.666667,264.5999470800106,0.0980187695516162,0.0087865525076905,0.0570262908498661,0.0039081343967297,0.0058095370925524,0.0013025428629246,618,0.005718954248366013,0.058823529411764705,400.0
124,0.1,83,130,13,1.0,130.0,0.0980187695516162,0.0120638485601988,0.0464749058416465,0.0050058290482062,0.0039956275909326,0.0012571465816204,628,0.0042581469207401265,0.041666666666666664,1003.0
124,0.2,165,224,13,1.0,224.0,0.0980187695516162,0.0100225309101742,0.0464749058416465,0.0044556511122943,0.0058095370925524,0.001349042110144,628,0.010802845528455283,0.16666666666666666,420.0
124,0.3,247,292,13,1.0,292.0,0.0980187695516162,0.0090740925907408,0.0464749058416465,0.0040509437961459,0.0058095370925524,0.0012989986825844,628,0.004310966810966811,0.03571428571428571,767.0
124,0.5,411,430,13,1.5,286.6666666666667,0.0980187695516162,0.0086790988675218,0.0570262908498661,0.0038229491471842,0.0058095370925524,0.0012640097004384,628,0.00820924649463886,0.0625,603.0
125,0.1,85,131,13,1.0,131.0,0.0980187695516162,0.0111120839933454,0.0492079830055308,0.0047431223998252,0.0045513414488271,0.0012563208095802,628,0.015254390413152557,0.06896551724137931,1482.0
125,0.2,169,229,13,1.0,229.0,0.0980187695516162,0.0094303108678526,0.0570262908498661,0.0042672411202053,0.0045513414488271,0.001270277656749,628,0.019733360540425758,0.08333333333333333,378.0
125,0.3,253,305,13,1.0,305.0,0.0980187695516162,0.008673652541069,0.0570262908498661,0.0038749085591677,0.0045513414488271,0.0012181088056851,628,0.009711006048215351,0.05813953488372093,1014.0
125,0.5,422,436,13,1.555556,280.2856342041045,0.0980187695516162,0.0084018138159971,0.0570262908498661,0.0038116297809223,0.0056186378747126,0.0012896312277367,628,0.005,0.1,413.0
126,0.1,87,126,12,1.0,126.0,0.0980187695516162,0.0112137312345862,0.0570262908498661,0.0051506546846551,0.0058095370925524,0.0012672486048837,628,0.0045040607109572625,0.034482758620689655,532.0
126,0.2,174,229,13,1.0,229.0,0.0980187695516162,0.0096944142142241,0.0570262908498661,0.0043133417585263,0.0058095370925524,0.001273367996691,628,0.011208226768968457,0.05,300.0
126,0.3,261,319,13,1.0,319.0,0.0980187695516162,0.0090775069380656,0.0570262908498661,0.0039463696146946,0.0058095370925524,0.0012667056297209,628,0.012408357771260998,0.09090909090909091,800.0
126,0.5,434,432,13,1.6,270.0,0.0980187695516162,0.008568918240451,0.0570262908498661,0.003748540153525,0.0058095370925524,0.0012786859603301,628,0.017640621905327787,0.13636363636363635,483.0
127,0.1,84,120,12,1.0,120.0,0.0980187695516162,0.0119829683698296,0.0464749058416465,0.0053590345763795,0.0039956275909326,0.0013532069305151,611,0.01116698805125915,0.05555555555555555,1400.0
127,0.2,168,213,13,1.0,213.0,0.0980187695516162,0.010300244288113,0.0464749058416465,0.0044481680388083,0.0058095370925524,0.0013152719151826,611,0.00859296020586343,0.08333333333333333,672.0
127,0.3,252,299,13,1.0,299.0,0.0980187695516162,0.0088337558981798,0.0464749058416465,0.0037411865153817,0.0058095370925524,0.0011991424794201,611,0.009652030926045083,0.08695652173913043,540.0
127,0.5,419,427,13,1.5,284.6666666666667,0.0980187695516162,0.0084494728847623,0.0570262908498661,0.0037001556896059,0.0058095370925524,0.0012402799982744,611,0.006810294968189705,0.07142857142857142,400.0
128,0.1,84,122,13,1.0,122.0,0.0980187695516162,0.0126241474213233,0.0464749058416465,0.0051753365467539,0.0056186378747126,0.001346440754266,620,0.015813465355631193,0.125,1248.0
128,0.2,167,221,13,1.0,221.0,0.0980187695516162,0.0098330179910256,0.0464749058416465,0.0038671056641761,0.0056186378747126,0.0011977165918109,620,0.006560150375939849,0.05263157894736842,800.0
128,0.3,250,302,13,1.0,302.0,0.0980187695516162,0.0092777382621245,0.0570262908498661,0.0038631534246775,0.0056186378747126,0.0011996226070777,620,0.010306735105579366,0.05128205128205128,780.0
128,0.5,416,429,13,1.5,286.0,0.0980187695516162,0.0085389063491252,0.0570262908498661,0.0036360806167178,0.0056186378747126,0.0012672354034962,620,0.040928238428238436,0.2,1008.0
129,0.1,85,129,13,1.0,129.0,0.0980187695516162,0.0119471995214653,0.0464749058416465,0.0053571645648112,0.0052421649220672,0.0014051420047395,606,0.00258974358974359,0.038461538461538464,1003.0
129,0.2,169,235,13,1.0,235.0,0.0980187695516162,0.0100059902824306,0.0570262908498661,0.0044268435496807,0.0052421649220672,0.001324496122877,606,0.00900900900900901,0.08333333333333333,1014.0
129,0.3,253,312,13,1.0,312.0,0.0980187695516162,0.0088567150610945,0.0570262908498661,0.0038014444578924,0.0052421649220672,0.0012143436829602,606,0.01717391304347826,0.2,469.0
129,0.5,422,436,13,1.5,290.6666666666667,0.0980187695516162,0.0086361940476987,0.0570262908498661,0.0038035565052544,0.0058095370925524,0.0012761993401508,606,0.012716935889550852,0.07692307692307693,598.0
130,0.1,86,118,12,1.0,118.0,0.0761209593326381,0.010436365564412,0.031948254360793,0.0041759505701105,0.0039956275909326,0.0011667850831721,631,0.02778847161896697,0.14285714285714285,1000.0
130,0.2,171,226,13,1.0,226.0,0.0980187695516162,0.0104828960846013,0.0464749058416465,0.0044410300311067,0.0056186378747126,0.0012448366397107,631,0.017485673349148658,0.07692307692307693,253.0
130,0.3,256,306,13,1.0,306.0,0.0980187695516162,0.0095244910616314,0.0570262908498661,0.004090919831243,0.0056186378747126,0.0011931768967346,631,0.0130582357903617,0.125,2948.0
130,0.5,426,442,13,1.4,315.7142857142857,0.0980187695516162,0.0086298416053675,0.0570262908498661,0.0038507097037381,0.0058095370925524,0.0012598420914398,631,0.012585121339935204,0.06097560975609756,1340.0
131,0.1,83,120,12,1.0,120.0,0.0980187695516162,0.0116353840806395,0.0570262908498661,0.0049927553819663,0.0034121486335321,0.0011519796546831,619,0.03803987678987678,0.5,798.0
131,0.2,166,216,13,1.0,216.0,0.0980187695516162,0.0102295987332483,0.0570262908498661,0.0043222122086854,0.0039956275909326,0.0012242104109798,619,0.053969046156546165,0.7142857142857143,1400.0
131,0.3,249,296,13,1.0,296.0,0.0980187695516162,0.0096771693487021,0.0570262908498661,0.0042245854887233,0.0056186378747126,0.0012734420496308,619,0.01827545812065936,0.2,1512.0
131,0.5,414,423,13,1.5,282.0,0.0980187695516162,0.0086624907249227,0.0570262908498661,0.0038310388202999,0.0056186378747126,0.0012480644090926,619,0.024115745436105476,0.375,714.0
132,0.1,82,128,12,1.0,128.0,0.0980187695516162,0.0123826903023982,0.0464749058416465,0.0052519208128932,0.0056186378747126,0.0013098871105059,630,0.0043518518518518515,0.05,288.0
132,0.2,164,223,13,1.0,223.0,0.0980187695516162,0.0100347428421795,0.0464749058416465,0.0043268068785843,0.0058095370925524,0.0012593132613642,630,0.008428925361886417,0.06666666666666667,2280.0
132,0.3,245,306,13,1.0,306.0,0.0980187695516162,0.0091632760160024,0.0464749058416465,0.0039088009356746,0.0058095370925524,0.0012233312910976,630,0.005942460317460317,0.0625,340.0
132,0.5,408,434,13,1.5,289.3333333333333,0.0980187695516162,0.0086591735823125,0.0570262908498661,0.0039419023899657,0.0058095370925524,0.0012874578466016,630,0.014634559371401476,0.14285714285714285,288.0
133,0.1,84,134,13,1.0,134.0,0.0980187695516162,0.0113924641650973,0.0570262908498661,0.0049808805599426,0.0058095370925524,0.001290749572787,624,0.002727272727272727,0.05454545454545454,885.0
133,0.2,168,228,13,1.0,228.0,0.0980187695516162,0.010258310008598,0.0570262908498661,0.0046651636233976,0.0058095370925524,0.0013373278923175,624,0.0028722600151171577,0.037037037037037035,336.0
133,0.3,252,306,13,1.0,306.0,0.0980187695516162,0.0096744293824585,0.0570262908498661,0.0043269472591112,0.0058095370925524,0.0012959896150173,624,0.014178220464528806,0.06666666666666667,345.0
133,0.5,420,435,13,1.5,290.0,0.0980187695516162,0.0087519326885045,0.0570262908498661,0.0039185663053445,0.0058095370925524,0.0012786279969125,624,0.015742569812337258,0.125,350.0
134,0.1,82,125,13,1.0,125.0,0.0980187695516162,0.0118706986444212,0.0570262908498661,0.0054358231834547,0.0039956275909326,0.0013219114284799,617,0.003282051282051282,0.04,532.0
134,0.2,164,231,13,1.0,231.0,0.0980187695516162,0.0102063386734919,0.0570262908498661,0.0044659244063531,0.0039956275909326,0.0012761183509194,617,0.006627534287418008,0.05,648.0
134,0.3,245,296,13,1.0,296.0,0.0980187695516162,0.0095010286616125,0.0570262908498661,0.0040889963241939,0.0056186378747126,0.0012407816476081,617,0.02363898117386489,0.16666666666666666,378.0
134,0.5,408,425,13,1.5,283.3333333333333,0.0980187695516162,0.0086168189903698,0.0570262908498661,0.003812630932033,0.0058095370925524,0.001249747190037,617,0.003125,0.0625,396.0
135,0.1,84,130,13,1.0,130.0,0.0980187695516162,0.0122563567819041,0.0492079830055308,0.0057903649947527,0.0045513414488271,0.0014939814968846,621,0.014325678547280982,0.07142857142857142,625.0
135,0.2,167,220,13,1.0,220.0,0.0980187695516162,0.0104938856763673,0.0570262908498661,0.0047558704466791,0.0045513414488271,0.0013430569053996,621,0.012802818096935745,0.07575757575757576,1218.0
135,0.3,251,294,13,1.0,294.0,0.0980187695516162,0.0095621147311896,0.0570262908498661,0.0042126344120601,0.0056186378747126,0.0012815143924093,621,0.01483777500311487,0.1,1302.0
135,0.5,418,438,13,1.5,292.0,0.0980187695516162,0.0083801143695153,0.0570262908498661,0.0036969747973781,0.0056186378747126,0.0012399747166044,621,0.0038513513513513515,0.05,342.0
136,0.1,84,129,13,1.0,129.0,0.0761209593326381,0.0114621981877116,0.031948254360793,0.0045226128499985,0.0040871733233292,0.0012623653787021,646,0.011840958808760285,0.09090909090909091,648.0
136,0.2,168,226,13,1.0,226.0,0.0980187695516162,0.0109904306661621,0.0570262908498661,0.0048238501961159,0.0058095370925524,0.0013269254735361,646,0.00815579256679545,0.058823529411764705,1116.0
136,0.3,251,308,13,1.0,308.0,0.0980187695516162,0.0094897282071421,0.0570262908498661,0.0041226746440495,0.0058095370925524,0.0012542862856149,646,0.010058275058275059,0.09090909090909091,624.0
136,0.5,418,431,13,1.5,287.3333333333333,0.0980187695516162,0.0084436369090965,0.0570262908498661,0.0036576618336531,0.0058095370925524,0.0012339756942864,646,0.013148524776340795,0.08333333333333333,560.0
137,0.1,80,124,13,1.0,124.0,0.0980187695516162,0.0119159743011873,0.0464749058416465,0.0047217458802492,0.0052421649220672,0.0012288545049027,596,0.005899470899470899,0.047619047619047616,280.0
137,0.2,159,211,13,1.0,211.0,0.0980187695516162,0.0110600991356517,0.0464749058416465,0.0044963872283752,0.0052421649220672,0.001239132032075,596,0.015285714285714286,0.16666666666666666,620.0
137,0.3,239,287,13,1.0,287.0,0.0980187695516162,0.0099370351665679,0.0464749058416465,0.0040861229456036,0.0056186378747126,0.0012851791900238,596,0.007850930045729823,0.0625,760.0
137,0.5,397,420,13,1.5,280.0,0.0980187695516162,0.0089577436814141,0.0492079830055308,0.003927124276788,0.0058095370925524,0.001318428107997,596,0.005740957966764418,0.06451612903225806,620.0
138,0.1,82,118,13,1.0,118.0,0.0980187695516162,0.0123539704140965,0.0464749058416465,0.0054073740847098,0.0052421649220672,0.0012892836598295,630,0.007217163037505489,0.05555555555555555,800.0
138,0.2,164,208,13,1.0,208.0,0.0980187695516162,0.0104826742600464,0.0464749058416465,0.0044936943844824,0.0056186378747126,0.0012915267355482,630,0.03638914142605354,0.17647058823529413,403.0
138,0.3,246,294,13,1.0,294.0,0.0980187695516162,0.0095089130542727,0.0570262908498661,0.0040974346275371,0.0056186378747126,0.0012276847731027,630,0.012312529255734124,0.08,320.0
138,0.5,410,426,13,1.5,284.0,0.0980187695516162,0.0084276951245183,0.0570262908498661,0.0037160970438915,0.0058095370925524,0.001230922187098,630,0.010149265644955299,0.10344827586206896,260.0
139,0.1,78,127,13,1.0,127.0,0.0980187695516162,0.0110761702232475,0.0570262908498661,0.0052661255922017,0.0048729601732022,0.0013546832083914,603,0.012662337662337663,0.18181818181818182,4446.0
139,0.2,156,216,13,1.0,216.0,0.0980187695516162,0.0102971845672575,0.0570262908498661,0.0046899178638815,0.0048729601732022,0.0012756149979035,603,0.010323486121171956,0.14285714285714285,510.0
139,0.3,234,292,13,1.0,292.0,0.0980187695516162,0.0095811847386689,0.0570262908498661,0.0044378701470945,0.0056186378747126,0.0012933928328225,603,0.011380523319167484,0.10526315789473684,182.0
139,0.5,390,428,13,1.5,285.3333333333333,0.0980187695516162,0.0083225322327579,0.0570262908498661,0.0037149384735831,0.0056186378747126,0.0012178663911887,603,0.014127435064935065,0.2,315.0
140,0.1,83,122,12,1.0,122.0,0.0980187695516162,0.0115643002444485,0.0570262908498661,0.0053160107060514,0.0052421649220672,0.0012864063672345,622,0.007375056535504297,0.09090909090909091,1092.0
140,0.2,165,215,13,1.0,215.0,0.0980187695516162,0.0095787763416348,0.0570262908498661,0.0042315890891281,0.0052421649220672,0.0012104072741647,622,0.002,0.04,531.0
140,0.3,247,298,13,1.0,298.0,0.0980187695516162,0.0090558537626582,0.0570262908498661,0.0039800152076111,0.0052421649220672,0.0012280566490021,622,0.06690133105203905,0.8333333333333334,342.0
140,0.5,411,430,13,1.666667,257.99994840001034,0.0980187695516162,0.0085602735407521,0.0570262908498661,0.003750366340709,0.0056186378747126,0.0012649025929384,622,0.0063721417476429575,0.05263157894736842,510.0
141,0.1,84,127,13,1.0,127.0,0.0980187695516162,0.0107805867332276,0.0464749058416465,0.0044981121063545,0.0058095370925524,0.0012853613618347,627,0.008690717460444863,0.08823529411764706,464.0
141,0.2,167,226,13,1.0,226.0,0.0980187695516162,0.0093617060544261,0.0492079830055308,0.0040191356827077,0.0058095370925524,0.0012303485674353,627,0.018733793302828136,0.10714285714285714,836.0
141,0.3,251,314,13,1.0,314.0,0.0980187695516162,0.0091755610608183,0.0570262908498661,0.0042240312505284,0.0058095370925524,0.0012938845644836,627,0.004887218045112782,0.07142857142857142,3042.0
141,0.5,417,438,13,1.5,292.0,0.0980187695516162,0.0082801243685154,0.0570262908498661,0.0036677398485868,0.0058095370925524,0.0012457422729151,627,0.008513618213242743,0.06382978723404255,400.0
142,0.1,85,135,13,1.0,135.0,0.0980187695516162,0.0100335998146216,0.0464749058416465,0.0039914240555422,0.0052421649220672,0.0012483436760859,601,0.0100012025012025,0.06666666666666667,930.0
142,0.2,169,228,13,1.0,228.0,0.0980187695516162,0.0096225966375793,0.0570262908498661,0.00449950454384,0.0052421649220672,0.0013406115214129,601,0.017335763651553125,0.09090909090909091,288.0
142,0.3,253,316,13,1.0,316.0,0.0980187695516162,0.0094375734216812,0.0570262908498661,0.0041988246294494,0.0052421649220672,0.0013037021847524,601,0.013075389018483647,0.07692307692307693,2000.0
142,0.5,421,418,13,1.666667,250.79994984001004,0.0980187695516162,0.0090030983231136,0.0570262908498661,0.0039270540056178,0.0056186378747126,0.0012974045231076,601,0.009102493750381075,0.047619047619047616,855.0
143,0.1,82,117,13,1.0,117.0,0.0980187695516162,0.0128517062823631,0.0464749058416465,0.005404971664219,0.0056186378747126,0.0013981953937692,613,0.008111469559463036,0.08333333333333333,437.0
143,0.2,163,214,13,1.0,214.0,0.0980187695516162,0.010617563076803,0.0464749058416465,0.004488494994269,0.0056186378747126,0.0013206689017881,613,0.010974412306494093,0.05555555555555555,1200.0
143,0.3,244,295,13,1.0,295.0,0.0980187695516162,0.0092221770559021,0.0464749058416465,0.0038723352333786,0.0056186378747126,0.001273342406494,613,0.0053188980752137795,0.03389830508474576,1311.0
143,0.5,406,428,13,1.666667,256.7999486400103,0.0980187695516162,0.0086148928498337,0.0570262908498661,0.0037736735614966,0.0058095370925524,0.0012854714322329,613,0.01161531279178338,0.1111111111111111,1092.0
144,0.1,86,129,13,1.0,129.0,0.0980187695516162,0.0108316964538318,0.0492079830055308,0.0047451484667039,0.0045513414488271,0.0012983771968667,640,0.015352633477633475,0.06666666666666667,2028.0
144,0.2,172,227,13,1.0,227.0,0.0980187695516162,0.0097890148052532,0.0570262908498661,0.0045163232917797,0.0056186378747126,0.0012922605842592,640,0.006863083724785853,0.09090909090909091,1326.0
144,0.3,258,311,13,1.0,311.0,0.0980187695516162,0.0090293680783505,0.0570262908498661,0.0039784166309035,0.0056186378747126,0.0012259893742163,640,0.003777777777777778,0.05555555555555555,378.0
144,0.5,429,441,13,1.571429,280.6362870991944,0.0980187695516162,0.0083538455354334,0.0570262908498661,0.0036568506984001,0.0056186378747126,0.0012352991453151,640,0.03238979802447295,0.5714285714285714,295.0
145,0.1,86,125,13,1.0,125.0,0.0980187695516162,0.0127632950990614,0.0492079830055308,0.0055854889730888,0.0056186378747126,0.001357842905934,623,0.012942485793217962,0.09090909090909091,944.0
145,0.2,172,224,13,1.0,224.0,0.0980187695516162,0.0101994264859227,0.0492079830055308,0.0044401358874815,0.0058095370925524,0.0013243558449209,623,0.02004155614500442,0.125,1062.0
145,0.3,257,313,13,1.0,313.0,0.0980187695516162,0.0089450206051963,0.0570262908498661,0.0038782332207786,0.0058095370925524,0.0012348967869544,623,0.0035714285714285713,0.07142857142857142,340.0
145,0.5,428,445,13,1.714286,259.58329006945166,0.0980187695516162,0.0084287237407879,0.0570262908498661,0.0037208650558611,0.0058095370925524,0.0012519098770912,623,0.009687208216619982,0.1111111111111111,442.0
146,0.1,82,109,12,1.0,109.0,0.0980187695516162,0.0122164716686915,0.0570262908498661,0.0051298047616165,0.0032827908000505,0.0011390273692564,615,0.01604718535866077,0.07142857142857142,952.0
146,0.2,163,212,12,1.0,212.0,0.0980187695516162,0.00999468786275,0.0570262908498661,0.0042729926688028,0.0052421649220672,0.001239903957572,615,0.011094521172908631,0.07894736842105263,510.0
146,0.3,244,284,12,1.0,284.0,0.0980187695516162,0.0097225689905858,0.0570262908498661,0.0042605797362018,0.0056186378747126,0.0012607525317034,615,0.006304029304029304,0.047619047619047616,800.0
146,0.5,406,426,13,1.333333,319.50007987501994,0.0980187695516162,0.0084056651343584,0.0570262908498661,0.0038027520595622,0.0056186378747126,0.0012683415420329,615,0.014507246376811594,0.16666666666666666,396.0
147,0.1,84,128,12,1.0,128.0,0.0980187695516162,0.0121138555787277,0.0464749058416465,0.0050494825032876,0.0058095370925524,0.0013256914174411,635,0.01900588342028146,0.1111111111111111,672.0
147,0.2,167,236,13,1.0,236.0,0.0980187695516162,0.0100254502394796,0.0570262908498661,0.0044106179559507,0.0058095370925524,0.0013037975616558,635,0.01771516115749862,0.09090909090909091,2394.0
147,0.3,250,318,13,1.0,318.0,0.0980187695516162,0.0094601950406935,0.0570262908498661,0.0041420396633853,0.0058095370925524,0.0012562366335304,635,0.012783882783882783,0.14285714285714285,280.0
147,0.5,416,432,13,1.5,288.0,0.0980187695516162,0.0085037461862278,0.0570262908498661,0.003663624945146,0.0058095370925524,0.0012359112543283,635,0.014580297297015562,0.11764705882352941,341.0
148,0.1,82,117,13,1.0,117.0,0.0980187695516162,0.0120139390212382,0.0570262908498661,0.0047820004140532,0.0044179097289399,0.0012090832159354,613,0.018379168361636805,0.12121212121212122,924.0
148,0.2,163,218,13,1.0,218.0,0.0980187695516162,0.0102888138446967,0.0570262908498661,0.0043969015141783,0.0052421649220672,0.001294866507537,613,0.0072799422799422805,0.047619047619047616,1152.0
148,0.3,244,309,13,1.0,309.0,0.0980187695516162,0.0096446203738386,0.0570262908498661,0.0042447812361046,0.0058095370925524,0.0012861614107169,613,0.009913003663003662,0.125,420.0
148,0.5,406,427,13,1.333333,320.25008006252,0.0980187695516162,0.0086399523312974,0.0570262908498661,0.0036916115016974,0.0058095370925524,0.0012565849462108,613,0.007332643202208419,0.05555555555555555,435.0
149,0.1,79,126,13,1.0,126.0,0.0980187695516162,0.0116689011370971,0.0464749058416465,0.0049127894895859,0.0044179097289399,0.0012748107658231,605,0.013774006964127682,0.09090909090909091,500.0
149,0.2,157,217,13,1.0,217.0,0.0980187695516162,0.0104371393012113,0.0464749058416465,0.0046249871934703,0.0052421649220672,0.0013002146607419,605,0.00960175399767609,0.09090909090909091,704.0
149,0.3,236,297,13,1.0,297.0,0.0980187695516162,0.0096586300965862,0.0570262908498661,0.0043021820639735,0.0052421649220672,0.0012530654036426,605,0.007478632478632478,0.1111111111111111,260.0
149,0.5,392,425,13,1.6,265.625,0.0980187695516162,0.0086928786112984,0.0570262908498661,0.003883706756329,0.0058095370925524,0.0012712381132143,605,0.007177033492822967,0.09090909090909091,624.0
150,0.1,85,139,13,1.0,139.0,0.0980187695516162,0.0122579725583453,0.0570262908498661,0.0054648710995544,0.0052421649220672,0.0013290349973999,616,0.011603921795491306,0.06976744186046512,1298.0
150,0.2,169,226,13,1.0,226.0,0.0980187695516162,0.0109627469617133,0.0570262908498661,0.0047587933049136,0.0058095370925524,0.001324088463528,616,0.009049831094607153,0.058823529411764705,1248.0
150,0.3,253,303,13,1.0,303.0,0.0980187695516162,0.0097082700970826,0.0570262908498661,0.0043147953664494,0.0058095370925524,0.0012935596489316,616,0.006267281105990783,0.0967741935483871,483.0
150,0.5,421,419,13,1.666667,251.39994972001008,0.0980187695516162,0.0089617018523172,0.0570262908498661,0.0040710098690365,0.0058095370925524,0.0013345535058907,616,0.0058643892339544515,0.05,756.0
151,0.1,84,122,12,1.0,122.0,0.0980187695516162,0.0127865433597155,0.0570262908498661,0.0059230101693586,0.0039956275909326,0.0013070535339822,630,0.019577636268977412,0.125,1000.0
151,0.2,168,224,12,1.0,224.0,0.0980187695516162,0.0102320125130343,0.0570262908498661,0.0045580347193726,0.0052421649220672,0.0013055685701752,630,0.013952112659009207,0.09090909090909091,1296.0
151,0.3,251,308,12,1.0,308.0,0.0980187695516162,0.0090394485597821,0.0570262908498661,0.003843618791675,0.0052421649220672,0.001226128208702,630,0.005132275132275132,0.07407407407407407,322.0
151,0.5,418,434,13,1.666667,260.39994792001045,0.0980187695516162,0.0083276070023017,0.0570262908498661,0.003747794770289,0.0058095370925524,0.0012858416294325,630,0.01161290322580645,0.125,1440.0
152,0.1,87,134,13,1.0,134.0,0.0980187695516162,0.0114313728541857,0.0464749058416465,0.0046488308092685,0.0056186378747126,0.0012936595753745,644,0.00980125525815181,0.04,640.0
152,0.2,174,236,13,1.0,236.0,0.0980187695516162,0.010317067566851,0.0492079830055308,0.0045364867063774,0.0056186378747126,0.0013402698770794,644,0.015940486475025946,0.07407407407407407,1600.0
152,0.3,260,310,13,1.0,310.0,0.0980187695516162,0.0094217767163375,0.0492079830055308,0.0041547356306231,0.0058095370925524,0.001307046618023,644,0.011976773226773227,0.09090909090909091,648.0
152,0.5,433,451,13,1.5,300.6666666666667,0.0980187695516162,0.0084969330117985,0.0570262908498661,0.003753903239178,0.0058095370925524,0.0012512805734758,644,0.006504207573632538,0.047619047619047616,255.0
153,0.1,85,132,12,1.0,132.0,0.0980187695516162,0.0110752993964672,0.0464749058416465,0.0046848592233146,0.0052421649220672,0.0012982603965345,635,0.005834679940535724,0.037037037037037035,1080.0
153,0.2,170,219,12,1.0,219.0,0.0980187695516162,0.0099990000999899,0.0570262908498661,0.0045472334815307,0.0052421649220672,0.0012890842663662,635,0.012205242352573708,0.07042253521126761,1300.0
153,0.3,255,299,13,1.0,299.0,0.0980187695516162,0.0091406530632172,0.0570262908498661,0.0041343337370206,0.0052421649220672,0.0012251169928966,635,0.017536525974025975,0.2,320.0
153,0.5,424,437,13,1.5,291.3333333333333,0.0980187695516162,0.0082990720215326,0.0570262908498661,0.0037620324988503,0.0058095370925524,0.001238875150451,635,0.050047485113274594,0.6666666666666666,680.0
154,0.1,84,128,13,1.0,128.0,0.0980187695516162,0.0105497262773722,0.0464749058416465,0.0040352596298877,0.0039956275909326,0.001099512920386,628,0.0162101668624439,0.16666666666666666,1008.0
154,0.2,168,234,13,1.0,234.0,0.0980187695516162,0.0091619653663448,0.0464749058416465,0.003594120494387,0.0044179097289399,0.0012044957487045,628,0.01671921216038863,0.08333333333333333,2262.0
154,0.3,252,309,13,1.0,309.0,0.0980187695516162,0.0090169438904467,0.0570262908498661,0.0038551695223012,0.0056186378747126,0.0012222056234082,628,0.01713492928166841,0.18181818181818182,1800.0
154,0.5,420,429,13,1.5,286.0,0.0980187695516162,0.0085777968989647,0.0570262908498661,0.0038778762041664,0.0056186378747126,0.0013040570627727,628,0.01533277887623053,0.1,408.0
155,0.1,87,126,13,1.0,126.0,0.0980187695516162,0.0119088998129665,0.0464749058416465,0.0047826589878395,0.0039956275909326,0.0012452805358277,642,0.015181159420289855,0.1,1260.0
155,0.2,174,243,13,1.0,243.0,0.0980187695516162,0.0099383359723991,0.0492079830055308,0.0044020808688461,0.0052421649220672,0.0013306260091222,642,0.018108521695641304,0.125,575.0
155,0.3,260,324,13,1.0,324.0,0.0980187695516162,0.0093879941811814,0.0570262908498661,0.0043039572109618,0.0056186378747126,0.0013173574957605,642,0.006192279942279942,0.05555555555555555,1121.0
155,0.5,433,459,13,1.666667,275.399944920011,0.0980187695516162,0.0082965870857669,0.0570262908498661,0.0036830969351524,0.0056186378747126,0.0012789164915518,642,0.011846938775510204,0.061224489795918366,420.0
156,0.1,83,122,13,1.0,122.0,0.0656934306569343,0.0098548693140053,0.0570262908498661,0.0043902557485649,0.0039956275909326,0.0011483350747567,622,0.01630933484504913,0.125,624.0
156,0.2,166,214,13,1.0,214.0,0.0980187695516162,0.0101692767972868,0.0570262908498661,0.0044005807737266,0.0052421649220672,0.0012285068788106,622,0.006666666666666666,0.08333333333333333,416.0
156,0.3,249,297,13,1.0,297.0,0.0980187695516162,0.0093953086653816,0.0570262908498661,0.0040874905174342,0.0056186378747126,0.0012424226835359,622,0.009848484848484848,0.16666666666666666,1092.0
156,0.5,415,416,13,1.666667,249.59995008001,0.0980187695516162,0.0088583861394079,0.0570262908498661,0.0039356250530704,0.0058095370925524,0.001264222007489,622,0.008487654320987654,0.08333333333333333,612.0
157,0.1,83,127,13,1.0,127.0,0.0980187695516162,0.0136707364134227,0.0570262908498661,0.0060944549975933,0.0056186378747126,0.0013887961684498,621,0.006360062893081761,0.044444444444444446,608.0
157,0.2,166,221,13,1.0,221.0,0.0980187695516162,0.0106964739854391,0.0570262908498661,0.0044830868802953,0.0056186378747126,0.0012705847488356,621,0.008132390983000738,0.0625,520.0
157,0.3,249,306,13,1.0,306.0,0.0980187695516162,0.0093745527408043,0.0570262908498661,0.0040064705944403,0.0056186378747126,0.001239036483317,621,0.020698072707343806,0.1,300.0
157,0.5,415,431,13,1.5,287.3333333333333,0.0980187695516162,0.0087629950959162,0.0570262908498661,0.0039424463349709,0.0058095370925524,0.001261861988892,621,0.01017094017094017,0.1111111111111111,871.0
158,0.1,80,123,13,1.0,123.0,0.0980187695516162,0.0124367354205345,0.0464749058416465,0.0051049752855572,0.0056186378747126,0.0013893222581792,615,0.005742763525782393,0.047619047619047616,1440.0
158,0.2,159,218,13,1.0,218.0,0.0980187695516162,0.0107480077680304,0.0464749058416465,0.0046465915657182,0.0056186378747126,0.0013382458924996,615,0.006756756756756757,0.10810810810810811,252.0
158,0.3,238,295,13,1.0,295.0,0.0980187695516162,0.0098867110867605,0.0570262908498661,0.0043580284645032,0.0056186378747126,0.001320593514776,615,0.008117425082609611,0.0625,420.0
158,0.5,396,416,13,1.5,277.3333333333333,0.0980187695516162,0.0087104957086708,0.0570262908498661,0.0038556024493595,0.0056186378747126,0.0012531695622669,615,0.010227272727272727,0.18181818181818182,408.0
159,0.1,87,126,13,1.0,126.0,0.0980187695516162,0.0108909743946239,0.0464749058416465,0.0045739971475672,0.0056186378747126,0.0012334308502498,629,0.014314350094135241,0.07142857142857142,3900.0
159,0.2,173,233,13,1.0,233.0,0.0980187695516162,0.0093579238029599,0.0464749058416465,0.0041339260758816,0.0056186378747126,0.0012958833355891,629,0.0084425111321156,0.04878048780487805,2900.0
159,0.3,260,313,13,1.0,313.0,0.0980187695516162,0.0087418003977785,0.0464749058416465,0.0038265359508447,0.0056186378747126,0.0012886158601771,629,0.02599206349206349,0.3333333333333333,416.0
159,0.5,432,441,13,1.5,294.0,0.0980187695516162,0.0082261615108329,0.0570262908498661,0.0037379894682981,0.0058095370925524,0.0012664123975122,629,0.012176876289779516,0.09090909090909091,160.0
160,0.1,83,121,12,1.0,121.0,0.0980187695516162,0.0124613276570807,0.0464749058416465,0.0054519421263446,0.0058095370925524,0.0012655232781581,607,0.011429166857859557,0.08333333333333333,544.0
160,0.2,166,229,12,1.0,229.0,0.0980187695516162,0.0103319050502934,0.0492079830055308,0.0046520755501325,0.0058095370925524,0.001359031368518,607,0.005166824794433903,0.041666666666666664,240.0
160,0.3,248,314,13,1.0,314.0,0.0980187695516162,0.0092652245239533,0.0492079830055308,0.0040203711235559,0.0058095370925524,0.0012697167024846,607,0.002829601990049751,0.041666666666666664,1092.0
160,0.5,413,410,13,1.555556,263.5713532653277,0.0980187695516162,0.0090566901498003,0.0570262908498661,0.0040121414332142,0.0058095370925524,0.0012757096181283,607,0.01957699275362319,0.2,612.0
161,0.1,83,121,13,1.0,121.0,0.0761209593326381,0.0103068795835882,0.0309372275954943,0.0040274694805163,0.0058095370925524,0.0012777247826282,616,0.011390429951641112,0.07142857142857142,684.0
161,0.2,166,226,13,1.0,226.0,0.0980187695516162,0.0098184871778308,0.0570262908498661,0.0043142213882572,0.0058095370925524,0.0012817458445803,616,0.02153482954953543,0.15384615384615385,782.0
161,0.3,249,298,13,1.0,298.0,0.0980187695516162,0.0089788720073342,0.0570262908498661,0.0039457032875433,0.0058095370925524,0.0012404638965311,616,0.0011627906976744186,0.023255813953488372,288.0
161,0.5,414,415,13,1.6,259.375,0.0980187695516162,0.0086636431021269,0.0570262908498661,0.0037354827239317,0.0058095370925524,0.0012642757774325,616,0.01917610625256802,0.14285714285714285,680.0
162,0.1,78,122,11,1.0,122.0,0.0980187695516162,0.0123591856271046,0.0464749058416465,0.0050916789529691,0.0056186378747126,0.0012367133097564,596,0.016406831472620946,0.1111111111111111,2065.0
162,0.2,155,205,12,1.0,205.0,0.0980187695516162,0.0102037183041277,0.0464749058416465,0.0041499608805231,0.0056186378747126,0.0011929673364341,596,0.004929503367003367,0.037037037037037035,1040.0
162,0.3,233,283,13,1.0,283.0,0.0980187695516162,0.0099043099223646,0.0464749058416465,0.0041520209032073,0.0056186378747126,0.0012591850200361,596,0.010078981302385558,0.1,572.0
162,0.5,388,416,13,2.0,208.0,0.0980187695516162,0.0089586508382128,0.0570262908498661,0.0040466329753565,0.0058095370925524,0.0013051807032908,596,0.019230104566412047,0.1,612.0
163,0.1,84,116,13,1.0,116.0,0.0980187695516162,0.0124411204199776,0.0464749058416465,0.0053047727919165,0.0056186378747126,0.0012938667229187,643,0.044636103026383156,0.5555555555555556,1560.0
163,0.2,167,215,13,1.0,215.0,0.0980187695516162,0.0105827291025049,0.0492079830055308,0.0049009637967653,0.0056186378747126,0.0013623924375153,643,0.0026853932584269664,0.033707865168539325,1092.0
163,0.3,251,291,13,1.0,291.0,0.0980187695516162,0.0095460262515721,0.0570262908498661,0.00440008619907,0.0056186378747126,0.0013155961760759,643,0.01903766769865841,0.1111111111111111,468.0
163,0.5,417,423,13,1.5,282.0,0.0980187695516162,0.0086575604513172,0.0570262908498661,0.0039541068295586,0.0058095370925524,0.0012845023159449,643,0.01423611111111111,0.2222222222222222,500.0
164,0.1,83,126,13,1.0,126.0,0.0980187695516162,0.0127199298210768,0.0570262908498661,0.0055546432541812,0.0038790328069506,0.0012865651464105,618,0.015752897359672804,0.13333333333333333,1140.0
164,0.2,165,220,13,1.0,220.0,0.0980187695516162,0.0105460233197459,0.0570262908498661,0.0045380245152315,0.0056186378747126,0.0012590928018908,618,0.017835461488045573,0.14285714285714285,560.0
164,0.3,248,297,13,1.0,297.0,0.0980187695516162,0.0094936153330313,0.0570262908498661,0.0041748049552474,0.0058095370925524,0.0012693307744868,618,0.007828282828282828,0.1111111111111111,391.0
164,0.5,413,428,13,1.5,285.3333333333333,0.0980187695516162,0.0088219816202624,0.0570262908498661,0.0040133613981585,0.0058095370925524,0.0012864776830426,618,0.01717759209808482,0.1111111111111111,1425.0
165,0.1,86,126,13,1.0,126.0,0.0980187695516162,0.011693728586325,0.0464749058416465,0.004973209038703,0.0040871733233292,0.0013534124624271,633,0.028885482875398293,0.3076923076923077,800.0
165,0.2,171,220,13,1.0,220.0,0.0980187695516162,0.0100009479571522,0.0492079830055308,0.0044123019919017,0.0056186378747126,0.001319902833229,633,0.010508373205741627,0.15789473684210525,1300.0
165,0.3,257,303,13,1.0,303.0,0.0980187695516162,0.0090337500903374,0.0570262908498661,0.0040611099715646,0.0056186378747126,0.0012616003485871,633,0.01557562161998852,0.09090909090909091,560.0
165,0.5,427,446,13,1.5,297.3333333333333,0.0980187695516162,0.0085010076827038,0.0570262908498661,0.0037647872278179,0.0058095370925524,0.0012435444125968,633,0.006439393939393939,0.08333333333333333,221.0
166,0.1,86,130,13,1.0,130.0,0.0656934306569343,0.0108686933504451,0.0570262908498661,0.0051948539894412,0.0056186378747126,0.0014328667420523,624,0.016565934065934065,0.21428571428571427,936.0
166,0.2,171,238,13,1.0,238.0,0.0980187695516162,0.0102654200366277,0.0570262908498661,0.0048970340356219,0.0058095370925524,0.0014155565274751,624,0.008587398281263805,0.043478260869565216,462.0
166,0.3,257,317,13,1.0,317.0,0.0980187695516162,0.0094801696035893,0.0570262908498661,0.0043985972842681,0.0058095370925524,0.0013558570895024,624,0.0025516795865633073,0.027777777777777776,400.0
166,0.5,427,441,13,1.5,294.0,0.0980187695516162,0.0084838940790079,0.0570262908498661,0.0038448795596161,0.0058095370925524,0.0013104640412528,624,0.020708502024291496,0.25,684.0
167,0.1,84,114,11,1.0,114.0,0.0980187695516162,0.0120190988419954,0.0464749058416465,0.0050658660103863,0.0056186378747126,0.001244623337395,626,0.032059759804309425,0.18181818181818182,580.0
167,0.2,167,214,13,1.0,214.0,0.0980187695516162,0.0101449134125305,0.0464749058416465,0.004225411656325,0.0056186378747126,0.0012544514693025,626,0.025428495115995115,0.16666666666666666,484.0
167,0.3,251,296,13,1.0,296.0,0.0980187695516162,0.0091839754248512,0.0464749058416465,0.0037421990988409,0.0056186378747126,0.0011929528844272,626,0.00613562091503268,0.058823529411764705,590.0
167,0.5,417,438,13,1.5,292.0,0.0980187695516162,0.0083777336552058,0.0570262908498661,0.0035573304474424,0.0056186378747126,0.0012139114087613,626,0.005877192982456141,0.1,306.0
168,0.1,82,115,12,1.0,115.0,0.0980187695516162,0.0128575962279547,0.0464749058416465,0.0055426137947766,0.0058095370925524,0.0012916156901761,614,0.003984753984753985,0.05405405405405406,364.0
168,0.2,164,212,13,1.0,212.0,0.0980187695516162,0.0107521592854191,0.0570262908498661,0.0050301316458501,0.0058095370925524,0.0013588465917832,614,0.010157784322790768,0.07692307692307693,944.0
168,0.3,246,293,13,1.0,293.0,0.0980187695516162,0.0094381590607394,0.0570262908498661,0.0043309208693158,0.0058095370925524,0.0012885269051052,614,0.021048879767167294,0.125,2700.0
168,0.5,409,425,13,1.5,283.3333333333333,0.0980187695516162,0.0084965957185793,0.0570262908498661,0.0037259355350426,0.0058095370925524,0.0012645199068427,614,0.004901960784313725,0.08333333333333333,1100.0
169,0.1,89,135,13,1.0,135.0,0.0980187695516162,0.0108755262039933,0.0464749058416465,0.0040946314209947,0.0048729601732022,0.0011443403754926,629,0.0,0.0,204.0
169,0.2,178,239,13,1.0,239.0,0.0980187695516162,0.0097992591655358,0.0464749058416465,0.0040437749707979,0.0058095370925524,0.0012551802210049,629,0.00718013468013468,0.045454545454545456,840.0
169,0.3,267,327,13,1.0,327.0,0.0980187695516162,0.0090850242192905,0.0570262908498661,0.0039138668975094,0.0058095370925524,0.0012467308489336,629,0.015131578947368421,0.25,490.0
169,0.5,445,442,13,1.75,252.57142857142856,0.0980187695516162,0.00854727067694,0.0570262908498661,0.0037211797371549,0.0058095370925524,0.0012656890291408,629,0.004027777777777778,0.05555555555555555,390.0
170,0.1,89,138,12,1.0,138.0,0.0980187695516162,0.0112360399570808,0.0464749058416465,0.0047425404239879,0.0058095370925524,0.0012808738922966,656,0.013933348207358306,0.08695652173913043,1520.0
170,0.2,178,238,13,1.0,238.0,0.0980187695516162,0.0091832353379307,0.0570262908498661,0.0039149305050279,0.0058095370925524,0.001210227336344,656,0.007708245243128964,0.09090909090909091,603.0
170,0.3,267,322,13,1.0,322.0,0.0980187695516162,0.0089508351738028,0.0570262908498661,0.0038049966867372,0.0058095370925524,0.0012016064214734,656,0.006735436893203883,0.0625,400.0
170,0.5,445,451,13,1.5,300.6666666666667,0.0980187695516162,0.0081061896977865,0.0570262908498661,0.0035541702355008,0.0058095370925524,0.0012225904714811,656,0.005105930105930106,0.05128205128205128,295.0
171,0.1,83,128,12,1.0,128.0,0.0980187695516162,0.0111281282586026,0.0570262908498661,0.0048511645205122,0.0044179097289399,0.0012975258644877,619,0.006369717239282457,0.045454545454545456,220.0
171,0.2,166,228,12,1.0,228.0,0.0980187695516162,0.0106058942977882,0.0570262908498661,0.0048681106436486,0.0052421649220672,0.0013619680025525,619,0.01651708459012615,0.07407407407407407,3953.0
171,0.3,249,308,12,1.0,308.0,0.0980187695516162,0.0096319217799926,0.0570262908498661,0.0043983928524203,0.0058095370925524,0.0012847747562625,619,0.02401065198818642,0.14285714285714285,400.0
171,0.5,415,427,12,1.5,284.6666666666667,0.0980187695516162,0.0084934296801165,0.0570262908498661,0.0037814481249382,0.0058095370925524,0.001256127515984,619,0.005982517482517482,0.07692307692307693,684.0
172,0.1,84,136,12,1.0,136.0,0.0761209593326381,0.0118383119671225,0.0570262908498661,0.0051871330753609,0.0039956275909326,0.001301653148076,632,0.008117690058479532,0.0625,620.0
172,0.2,168,237,13,1.0,237.0,0.0980187695516162,0.0103615316587689,0.0570262908498661,0.0046427063275765,0.0056186378747126,0.0013397512560694,632,0.008405099628503884,0.1111111111111111,672.0
172,0.3,252,319,13,1.0,319.0,0.0980187695516162,0.0095384102431673,0.0570262908498661,0.0042917636981456,0.0058095370925524,0.0013440977613292,632,0.01826884920634921,0.14285714285714285,531.0
172,0.5,419,425,13,1.75,242.8571428571429,0.0980187695516162,0.0086364472796417,0.0570262908498661,0.0037885717181417,0.0058095370925524,0.0012820847830114,632,0.008255049612419709,0.09090909090909091,1000.0
173,0.1,81,125,12,1.0,125.0,0.0980187695516162,0.0120041710114702,0.0570262908498661,0.005378855509028,0.0045513414488271,0.0013286846852268,632,0.010708245243128963,0.1,1711.0
173,0.2,161,222,13,1.0,222.0,0.0980187695516162,0.0099860026867325,0.0570262908498661,0.0044551854453597,0.0045513414488271,0.0013321935202003,632,0.05277777777777777,0.8333333333333334,350.0
173,0.3,242,299,13,1.0,299.0,0.0980187695516162,0.0095347369228676,0.0570262908498661,0.0043465121598969,0.0056186378747126,0.0013264035982771,632,0.005575870646766169,0.041666666666666664,1160.0
173,0.5,403,426,13,1.5,284.0,0.0980187695516162,0.0086357561426955,0.0570262908498661,0.003916751052645,0.0058095370925524,0.0012874459646247,632,0.01817109464216362,0.1111111111111111,494.0
174,0.1,83,129,13,1.0,129.0,0.0761209593326381,0.0115915318767126,0.0293591471972982,0.005078110844503,0.0056186378747126,0.0014640136983918,617,0.007845027503755125,0.03571428571428571,1144.0
174,0.2,165,219,13,1.0,219.0,0.0980187695516162,0.01089414868037,0.0464749058416465,0.0046989408544149,0.0056186378747126,0.0013505926300052,617,0.01267279352770169,0.06896551724137931,1180.0
174,0.3,248,295,13,1.0,295.0,0.0980187695516162,0.0098831763312772,0.0464749058416465,0.0041725663959979,0.0056186378747126,0.0012855707379716,617,0.015421626984126986,0.1111111111111111,1040.0
174,0.5,412,428,13,1.5,285.3333333333333,0.0980187695516162,0.0087635094968473,0.0570262908498661,0.0038947212699076,0.0058095370925524,0.0012914264465326,617,0.009684424475823706,0.08333333333333333,800.0
175,0.1,85,132,13,1.0,132.0,0.0594369134515119,0.0105855215344265,0.0267679426794943,0.0041519989277627,0.0039254903849993,0.0012496286417148,632,0.011578674948240168,0.07142857142857142,649.0
175,0.2,170,235,13,1.0,235.0,0.0980187695516162,0.0098462494176113,0.0570262908498661,0.0041144517020601,0.0048729601732022,0.0012502341675555,632,0.00802238354506957,0.05263157894736842,420.0
175,0.3,255,325,13,1.0,325.0,0.0980187695516162,0.0088650036095291,0.0570262908498661,0.0038163392564885,0.0056186378747126,0.0012351660979667,632,0.0,0.0,200.0
175,0.5,425,447,13,1.5,298.0,0.0980187695516162,0.0084983192316753,0.0570262908498661,0.0038253111514004,0.0058095370925524,0.0012737239761995,632,0.013612249819146372,0.15384615384615385,342.0
176,0.1,81,114,13,1.0,114.0,0.0980187695516162,0.0118727475623364,0.0570262908498661,0.0056886946110043,0.0045513414488271,0.0012988373578139,599,0.0037820512820512823,0.05,1003.0
176,0.2,162,202,13,1.0,202.0,0.0980187695516162,0.0109282565378539,0.0570262908498661,0.0050241142591847,0.0056186378747126,0.0013220388544601,599,0.01203258547008547,0.15384615384615385,312.0
176,0.3,243,280,13,1.0,280.0,0.0980187695516162,0.0101333234023535,0.0570262908498661,0.0046947113138222,0.0058095370925524,0.0013011142750878,599,0.018298319327731093,0.25,300.0
176,0.5,405,420,13,1.5,280.0,0.0980187695516162,0.0087467103629772,0.0570262908498661,0.0038830785152331,0.0058095370925524,0.0012456366035755,599,0.00791062801932367,0.08695652173913043,1100.0
177,0.1,85,132,12,1.0,132.0,0.0980187695516162,0.0105223243909374,0.0570262908498661,0.0043551946955762,0.0039254903849993,0.0012653149116696,618,0.004875936089032269,0.02564102564102564,1044.0
177,0.2,169,234,13,1.0,234.0,0.0980187695516162,0.0099997326274698,0.0570262908498661,0.0042999959260396,0.0044179097289399,0.001348733361713,618,0.016213217338217338,0.07692307692307693,756.0
177,0.3,253,307,13,1.0,307.0,0.0980187695516162,0.0089432192192599,0.0570262908498661,0.003933492379345,0.0056186378747126,0.0012983657484042,618,0.0025058962264150942,0.03125,648.0
177,0.5,422,430,13,1.666667,257.99994840001034,0.0980187695516162,0.0080291970802919,0.0570262908498661,0.0035128784085076,0.0056186378747126,0.0012401559055754,618,0.00711724549959844,0.06060606060606061,1296.0
178,0.1,83,125,13,1.0,125.0,0.05422314911366,0.0093430656934306,0.0492079830055308,0.0043773739640142,0.0052421649220672,0.0014060306232388,618,0.010009388984998742,0.07692307692307693,299.0
178,0.2,165,222,13,1.0,222.0,0.0980187695516162,0.0092532574284398,0.0570262908498661,0.004168756255115,0.0052421649220672,0.0013091420232466,618,0.019914596273291924,0.14285714285714285,620.0
178,0.3,247,304,13,1.0,304.0,0.0980187695516162,0.0092853026727402,0.0570262908498661,0.0042667258291263,0.0056186378747126,0.0013236645919267,618,0.013275963063603232,0.08333333333333333,1200.0
178,0.5,412,436,13,1.5,290.6666666666667,0.0980187695516162,0.008612277697525,0.0570262908498661,0.0038912832602183,0.0058095370925524,0.0012829888785026,618,0.01204295812618946,0.1111111111111111,702.0
179,0.1,86,132,13,1.0,132.0,0.0980187695516162,0.0127579233418649,0.0464749058416465,0.0056443806197274,0.0052421649220672,0.0013613572326244,616,0.03746490755629438,0.5,768.0
179,0.2,171,228,13,1.0,228.0,0.0980187695516162,0.0113102098311471,0.0570262908498661,0.0052184409186648,0.0056186378747126,0.001406276159689,616,0.0,0.0,240.0
179,0.3,257,310,13,1.0,310.0,0.0980187695516162,0.0098859699283527,0.0570262908498661,0.0045145718226495,0.0056186378747126,0.0013436547363441,616,0.0163123905142887,0.2631578947368421,920.0
179,0.5,427,429,13,1.833333,234.00004254546224,0.0980187695516162,0.0085972421738844,0.0570262908498661,0.0038596403289354,0.0056186378747126,0.0012703213301475,616,0.016099773242630382,0.16666666666666666,624.0
180,0.1,80,129,13,1.0,129.0,0.0980187695516162,0.0108236130982693,0.0464749058416465,0.0046098728584184,0.0058095370925524,0.0011992850378237,607,0.011142857142857144,0.14285714285714285,500.0
180,0.2,159,217,13,1.0,217.0,0.0980187695516162,0.0095433511290081,0.0570262908498661,0.0041047117501178,0.0058095370925524,0.0012063342332661,607,0.010096153846153847,0.125,663.0
180,0.3,238,282,13,1.0,282.0,0.0980187695516162,0.0094846138486454,0.0570262908498661,0.00406553152182,0.0058095370925524,0.0012015493412911,607,0.010542582417582418,0.07692307692307693,558.0
180,0.5,396,409,13,1.5,272.6666666666667,0.0980187695516162,0.0085153901654891,0.0570262908498661,0.0036455674105054,0.0058095370925524,0.0012108795333073,607,0.008621933621933623,0.07142857142857142,600.0
181,0.1,84,137,12,1.0,137.0,0.0980187695516162,0.0115692288956713,0.0570262908498661,0.0053002160805595,0.0056186378747126,0.0013992563805756,639,0.015235518231061524,0.08333333333333333,1638.0
181,0.2,168,231,12,1.0,231.0,0.0980187695516162,0.0104591272474483,0.0570262908498661,0.0045688505973148,0.0056186378747126,0.0013129013574175,639,0.06803751803751804,0.7142857142857143,396.0
181,0.3,252,306,13,1.0,306.0,0.0980187695516162,0.0091189760575762,0.0570262908498661,0.0038819117964224,0.0056186378747126,0.0012193350940837,639,0.009749809014514898,0.14285714285714285,988.0
181,0.5,420,446,13,1.666667,267.5999464800107,0.0980187695516162,0.0084285293443749,0.0570262908498661,0.003681091872961,0.0058095370925524,0.0012421880035265,639,0.009465343086032741,0.06896551724137931,289.0
182,0.1,85,135,13,1.0,135.0,0.0980187695516162,0.0113235237322828,0.0570262908498661,0.004982185602527,0.0058095370925524,0.0012940318978202,627,0.015293371029679346,0.08,944.0
182,0.2,169,238,13,1.0,238.0,0.0980187695516162,0.0102610387220581,0.0570262908498661,0.0045873398084075,0.0058095370925524,0.0013101668408856,627,0.028841607565011824,0.5555555555555556,500.0
182,0.3,254,322,13,1.0,322.0,0.0980187695516162,0.0092034274833385,0.0570262908498661,0.004070927733276,0.0058095370925524,0.0012497225367156,627,0.008694638694638695,0.07692307692307693,189.0
182,0.5,423,437,13,1.666667,262.1999475600105,0.0980187695516162,0.0084303109407921,0.0570262908498661,0.0036630907205453,0.0058095370925524,0.0012227627107169,627,0.041527777777777775,0.6,252.0
183,0.1,82,117,12,1.0,117.0,0.0656934306569343,0.0105344776877623,0.0570262908498661,0.0047752830850867,0.0045513414488271,0.0013887766910943,612,0.005209627329192547,0.043478260869565216,414.0
183,0.2,164,206,13,1.0,206.0,0.0980187695516162,0.0096733045142087,0.0570262908498661,0.0042785065411296,0.0056186378747126,0.0013164489470935,612,0.007364672364672364,0.07692307692307693,468.0
183,0.3,246,297,13,1.0,297.0,0.0980187695516162,0.0095533015241043,0.0570262908498661,0.0042487322063327,0.0056186378747126,0.0013048670514823,612,0.04902694607071038,0.7142857142857143,2077.0
183,0.5,410,425,13,1.5,283.3333333333333,0.0980187695516162,0.0085898300926209,0.0570262908498661,0.0037274365036526,0.0056186378747126,0.0012553459506096,612,0.0058069381598793365,0.07692307692307693,490.0
184,0.1,82,120,13,1.0,120.0,0.0980187695516162,0.0124000695168577,0.0464749058416465,0.0055774377970204,0.0040328017800694,0.0013799388473986,618,0.018041514041514044,0.15384615384615385,1300.0
184,0.2,164,220,13,1.0,220.0,0.0980187695516162,0.0104417480329888,0.0464749058416465,0.0046289476202808,0.0056186378747126,0.0013478057726283,618,0.00893687707641196,0.09302325581395349,840.0
184,0.3,246,297,13,1.0,297.0,0.0980187695516162,0.0095603234289365,0.0570262908498661,0.0042528911814395,0.0056186378747126,0.0013251512911956,618,0.010328282828282829,0.1111111111111111,432.0
184,0.5,410,429,13,1.5,286.0,0.0980187695516162,0.0085316143710303,0.0570262908498661,0.0037331585557875,0.0058095370925524,0.0012950904080414,618,0.025313228438228436,0.25,390.0
185,0.1,87,135,12,1.0,135.0,0.0980187695516162,0.0116247634495809,0.0464749058416465,0.0050794634634513,0.0058095370925524,0.0014069053724763,633,0.013442442895239446,0.1,702.0
185,0.2,174,235,12,1.0,235.0,0.0980187695516162,0.0097663789852017,0.0464749058416465,0.0042301986597806,0.0058095370925524,0.0013221157610665,633,0.007144666377189174,0.05952380952380952,858.0
185,0.3,261,315,13,1.0,315.0,0.0980187695516162,0.0093020176440405,0.0570262908498661,0.0040994504660234,0.0058095370925524,0.0013106180864035,633,0.005745409274821039,0.058823529411764705,2850.0
185,0.5,435,442,13,2.0,221.0,0.0980187695516162,0.0084316713771414,0.0570262908498661,0.0037091404787147,0.0058095370925524,0.0012709656553383,633,0.014924636782105224,0.08333333333333333,2000.0
186,0.1,87,126,12,1.0,126.0,0.0980187695516162,0.0105102868397967,0.0492079830055308,0.0048869448318016,0.0058095370925524,0.0012815681268347,628,0.00865107067773467,0.046511627906976744,5000.0
186,0.2,174,227,13,1.0,227.0,0.0980187695516162,0.0093801821831661,0.0570262908498661,0.0043997216532236,0.0058095370925524,0.0012979073000645,628,0.011121222765058381,0.1111111111111111,1026.0
186,0.3,261,317,13,1.0,317.0,0.0980187695516162,0.0090920155393202,0.0570262908498661,0.0042358567341434,0.0058095370925524,0.0012911352419562,628,0.010028248587570622,0.1,840.0
186,0.5,434,446,13,1.5,297.3333333333333,0.0980187695516162,0.0084542474644271,0.0570262908498661,0.0037973961467355,0.0058095370925524,0.0012612335316372,628,0.008333333333333333,0.16666666666666666,260.0
187,0.1,86,131,12,1.0,131.0,0.0656934306569343,0.011526001162152,0.0570262908498661,0.0047376589831871,0.0056186378747126,0.0012672126870622,642,0.013314419602529359,0.14814814814814814,1150.0
187,0.2,172,223,13,1.0,223.0,0.0980187695516162,0.0105070210467742,0.0570262908498661,0.004437189992001,0.0056186378747126,0.0012264588101602,642,0.009302624112406722,0.0625,612.0
187,0.3,257,310,13,1.0,310.0,0.0980187695516162,0.0091425880453428,0.0570262908498661,0.0037871720101586,0.0056186378747126,0.0011777207848404,642,0.044033695349484814,0.5,858.0
187,0.5,428,438,13,1.875,233.6,0.0980187695516162,0.0082610786540393,0.0570262908498661,0.0035265313861721,0.0056186378747126,0.0011945045872401,642,0.011217948717948716,0.16666666666666666,736.0
188,0.1,78,118,12,1.0,118.0,0.0980187695516162,0.011859104646436,0.0492079830055308,0.0052351517214963,0.0056186378747126,0.0012313849457555,612,0.019507510382963028,0.2631578947368421,1160.0
188,0.2,156,219,13,1.0,219.0,0.0980187695516162,0.0102418329595611,0.0492079830055308,0.0045424928829996,0.0056186378747126,0.0012998954877451,612,0.012395043264608482,0.1,1364.0
188,0.3,234,304,13,1.0,304.0,0.0980187695516162,0.0097895285659403,0.0570262908498661,0.004405946428463,0.0056186378747126,0.0013001123458103,612,0.00495559334845049,0.041666666666666664,2124.0
188,0.5,390,429,13,1.5,286.0,0.0980187695516162,0.008628840745629,0.0570262908498661,0.0038885956826391,0.0058095370925524,0.0012908477327742,612,0.014819104819104817,0.07407407407407407,368.0
189,0.1,85,121,12,1.0,121.0,0.0980187695516162,0.0122114116805556,0.0464749058416465,0.0051901512234195,0.0039956275909326,0.0012901565673249,625,0.017694530741476897,0.14285714285714285,1888.0
189,0.2,170,212,13,1.0,212.0,0.0980187695516162,0.0105504948157474,0.0464749058416465,0.0047147149343525,0.0058095370925524,0.0013324684549277,625,0.02428347015303537,0.3,414.0
189,0.3,255,294,13,1.0,294.0,0.0980187695516162,0.0093989629219779,0.0464749058416465,0.0040884024212329,0.0058095370925524,0.001281352577605,625,0.015414614121510673,0.14285714285714285,290.0
189,0.5,425,437,13,1.5,291.3333333333333,0.0980187695516162,0.008659382508954,0.0570262908498661,0.0038990385508781,0.0058095370925524,0.0012700480256183,625,0.01633886354000206,0.09090909090909091,300.0
190,0.1,86,123,13,1.0,123.0,0.0980187695516162,0.0119111201539543,0.0464749058416465,0.0052874800844807,0.0056186378747126,0.0013764514883087,626,0.008975222939417313,0.058823529411764705,532.0
190,0.2,171,229,13,1.0,229.0,0.0980187695516162,0.0094940599514595,0.0464749058416465,0.0039181664352258,0.0056186378747126,0.0012006533511249,626,0.006724137931034482,0.1,400.0
190,0.3,256,306,13,1.0,306.0,0.0980187695516162,0.0091769067724412,0.0570262908498661,0.0039135844706434,0.0056186378747126,0.0012289567344412,626,0.007925696594427245,0.06666666666666667,612.0
190,0.5,426,427,13,1.666667,256.1999487600103,0.0980187695516162,0.0086008796243158,0.0570262908498661,0.0036919498480488,0.0056186378747126,0.0012376179503798,626,0.010548245614035088,0.05263157894736842,238.0
191,0.1,83,128,13,1.0,128.0,0.0980187695516162,0.0118287278415015,0.0464749058416465,0.0048394755496033,0.0032582440349819,0.0012614818022661,617,0.01325714776216928,0.10256410256410256,580.0
191,0.2,165,220,13,1.0,220.0,0.0980187695516162,0.0107735330363067,0.0570262908498661,0.0050020414902949,0.0045513414488271,0.0013221684905635,617,0.011282316717099325,0.07692307692307693,400.0
191,0.3,248,308,13,1.0,308.0,0.0980187695516162,0.0097368741790013,0.0570262908498661,0.0044593467166604,0.0056186378747126,0.0013144826468428,617,0.005637254901960783,0.05,432.0
191,0.5,412,422,13,1.5,281.3333333333333,0.0980187695516162,0.0088584574176298,0.0570262908498661,0.0039938766446527,0.0058095370925524,0.0012965799980534,617,0.0063278388278388276,0.07142857142857142,874.0
192,0.1,84,125,13,1.0,125.0,0.0980187695516162,0.0136642335766422,0.0570262908498661,0.0063328515846441,0.0056186378747126,0.0014745676802192,608,0.017736068460822155,0.1111111111111111,750.0
192,0.2,167,221,13,1.0,221.0,0.0980187695516162,0.0113617597516266,0.0570262908498661,0.0052764945092995,0.0056186378747126,0.0014150594696316,608,0.02040422787838602,0.16666666666666666,1005.0
192,0.3,250,308,13,1.0,308.0,0.0980187695516162,0.0099738634670855,0.0570262908498661,0.0045421530000585,0.0056186378747126,0.0013240772674594,608,0.023187886814804975,0.25,1100.0
192,0.5,416,421,13,1.833333,229.6364053884373,0.0980187695516162,0.0087432722625259,0.0570262908498661,0.0039175577440287,0.0056186378747126,0.0012823396936644,608,0.0145212324047369,0.125,378.0
193,0.1,84,117,12,1.0,117.0,0.0980187695516162,0.0129408304590785,0.0464749058416465,0.0053302403007033,0.0044179097289399,0.0013141483986471,614,0.0203099452098117,0.2,1000.0
193,0.2,167,220,13,1.0,220.0,0.0980187695516162,0.0107119158214048,0.0570262908498661,0.0049706247965586,0.0045513414488271,0.0013625338959512,614,0.0014285714285714286,0.02857142857142857,805.0
193,0.3,250,298,13,1.0,298.0,0.0980187695516162,0.009664709463857,0.0570262908498661,0.0043740365934329,0.0058095370925524,0.0012971033658627,614,0.0052637987012987015,0.045454545454545456,504.0
193,0.5,417,439,13,1.333333,329.25008231252053,0.0980187695516162,0.0086555613882151,0.0570262908498661,0.0039084579715714,0.0058095370925524,0.0012720377782632,614,0.011051587301587302,0.06666666666666667,322.0
194,0.1,80,118,13,1.0,118.0,0.0980187695516162,0.0122567646383061,0.0464749058416465,0.0051772094385336,0.0039956275909326,0.0013213928649728,612,0.010096153846153847,0.07692307692307693,450.0
194,0.2,160,217,13,1.0,217.0,0.0980187695516162,0.0106581836878852,0.0492079830055308,0.0047791692470014,0.0052421649220672,0.0013666798985554,612,0.010374235396921422,0.08333333333333333,360.0
194,0.3,239,279,13,1.0,279.0,0.0980187695516162,0.0095716490818915,0.0492079830055308,0.0042170575294679,0.0052421649220672,0.0013081144097235,612,0.009386504300297404,0.06896551724137931,288.0
194,0.5,398,423,13,1.5,282.0,0.0980187695516162,0.008595932031248,0.0570262908498661,0.0038376435453488,0.0058095370925524,0.0012676650837929,612,0.01601449275362319,0.16666666666666666,153.0
195,0.1,83,122,13,1.0,122.0,0.0980187695516162,0.0125643173387578,0.0464749058416465,0.0051444299068079,0.0040328017800694,0.001268116321554,622,0.004843414843414844,0.047619047619047616,2808.0
195,0.2,165,221,13,1.0,221.0,0.0980187695516162,0.0105502054836532,0.0464749058416465,0.0044480589767582,0.0058095370925524,0.0013028125821772,622,0.017321829013245853,0.0784313725490196,736.0
195,0.3,247,307,13,1.0,307.0,0.0980187695516162,0.0093372235601009,0.0570262908498661,0.0040906452898053,0.0058095370925524,0.0012601681429925,622,0.007738095238095238,0.08333333333333333,1608.0
195,0.5,412,435,13,1.555556,279.6427772449208,0.0980187695516162,0.0087759040187934,0.0570262908498661,0.0038921049195755,0.0058095370925524,0.0012740565271139,622,0.01883903662205549,0.18181818181818182,1121.0
196,0.1,79,121,13,1.0,121.0,0.0980187695516162,0.0126164479183722,0.0464749058416465,0.0053323096098229,0.0056186378747126,0.001383757943861,617,0.021445656763574718,0.16666666666666666,1140.0
196,0.2,158,214,13,1.0,214.0,0.0980187695516162,0.0105688363072904,0.0570262908498661,0.0047476145879268,0.0058095370925524,0.001308749162796,617,0.02419533897475074,0.14285714285714285,897.0
196,0.3,237,294,13,1.0,294.0,0.0980187695516162,0.0093599483589055,0.0570262908498661,0.0041810028328627,0.0058095370925524,0.0012428436901343,617,0.006013071895424837,0.05555555555555555,546.0
196,0.5,395,424,13,1.5,282.6666666666667,0.0980187695516162,0.008516634859425,0.0570262908498661,0.0038742402629687,0.0058095370925524,0.001263358849675,617,0.007967197380307137,0.06666666666666667,270.0
197,0.1,84,125,13,1.0,125.0,0.0980187695516162,0.0114869655891553,0.0492079830055308,0.0049185042167604,0.0045513414488271,0.0012777878814119,605,0.008293460925039872,0.10526315789473684,442.0
197,0.2,168,228,13,1.0,228.0,0.0980187695516162,0.0101851343687685,0.0570262908498661,0.004654296682267,0.0056186378747126,0.0013407997335065,605,0.01167733372418735,0.07142857142857142,1340.0
197,0.3,251,311,13,1.0,311.0,0.0980187695516162,0.0094954216108016,0.0570262908498661,0.004266071736358,0.0058095370925524,0.0012730990152692,605,0.016186797951503833,0.07407407407407407,700.0
197,0.5,418,435,13,1.5,290.0,0.0980187695516162,0.0085913247755683,0.0570262908498661,0.0038595301056273,0.0058095370925524,0.0012643865462976,605,0.020006613756613757,0.23809523809523808,880.0
198,0.1,82,125,13,1.0,125.0,0.0980187695516162,0.0106110531803962,0.0464749058416465,0.0044067101598568,0.0052421649220672,0.0012810401752536,606,0.01878620501920195,0.11320754716981132,1900.0
198,0.2,163,219,13,1.0,219.0,0.0980187695516162,0.009346684379181,0.0570262908498661,0.0040815917747596,0.0052421649220672,0.0012651276575778,606,0.005952380952380952,0.0625,500.0
198,0.3,245,304,13,1.0,304.0,0.0980187695516162,0.009230420942868,0.0570262908498661,0.0041862016495448,0.0056186378747126,0.0012979822558359,606,0.030329457364341082,0.2857142857142857,420.0
198,0.5,408,423,13,1.666667,253.79994924001016,0.0980187695516162,0.0085071871063484,0.0570262908498661,0.0038590947792268,0.0056186378747126,0.0012747230756108,606,0.00818452380952381,0.14285714285714285,360.0
199,0.1,84,136,13,1.0,136.0,0.0980187695516162,0.0110332454149542,0.0570262908498661,0.0045498798371308,0.0039956275909326,0.0012355968680002,622,0.0069405881474847,0.07575757575757576,1218.0
199,0.2,167,236,13,1.0,236.0,0.0980187695516162,0.0100475424612501,0.0570262908498661,0.004211719102599,0.0039956275909326,0.0012298237388852,622,0.009281285128911774,0.13636363636363635,1200.0
199,0.3,250,311,13,1.0,311.0,0.0980187695516162,0.0093177177459102,0.0570262908498661,0.0039965025098726,0.0056186378747126,0.0012495601495727,622,0.021310846560846558,0.20833333333333334,546.0
199,0.5,416,439,13,1.8,243.88888888888889,0.0980187695516162,0.0087101930874273,0.0570262908498661,0.0039453400659018,0.0058095370925524,0.0012918037049208,622,0.0024242424242424242,0.030303030303030304,663.0
200,0.1,83,125,13,1.0,125.0,0.0980187695516162,0.0120875912408758,0.0492079830055308,0.005052615357384,0.0058095370925524,0.0013053511364088,602,0.01887127616634844,0.15625,4000.0
200,0.2,166,228,13,1.0,228.0,0.0980187695516162,0.0102857508735341,0.0492079830055308,0.0041488223438299,0.0058095370925524,0.0012289905894166,602,0.006904761904761905,0.07142857142857142,800.0
200,0.3,249,294,13,1.0,294.0,0.0980187695516162,0.0097962021096237,0.0570262908498661,0.0042200851889665,0.0058095370925524,0.001269196099155,602,0.011775939114648791,0.06666666666666667,806.0
200,0.5,415,423,13,1.75,241.7142857142857,0.0980187695516162,0.0087216540081891,0.0570262908498661,0.0039072110456928,0.0058095370925524,0.0012871519520913,602,0.007402597402597402,0.09090909090909091,324.0
201,0.1,89,139,13,1.0,139.0,0.0980187695516162,0.0108626341887907,0.0570262908498661,0.0048248979989318,0.0045513414488271,0.0012859722562601,640,0.007819794584500467,0.07142857142857142,500.0
201,0.2,177,245,13,1.0,245.0,0.0980187695516162,0.0091677129663126,0.0570262908498661,0.0040029210415731,0.0045513414488271,0.0012493697523074,640,0.009797008547008547,0.05555555555555555,960.0
201,0.3,266,324,13,1.0,324.0,0.0980187695516162,0.0089245484622613,0.0570262908498661,0.003969645157709,0.0056186378747126,0.0012525105562893,640,0.013095238095238094,0.08333333333333333,672.0
201,0.5,443,445,13,1.5,296.6666666666667,0.0980187695516162,0.0085060514815291,0.0570262908498661,0.0038447025880278,0.0058095370925524,0.00129043642701,640,0.0065012025012025024,0.08,780.0
202,0.1,84,134,12,1.0,134.0,0.0761209593326381,0.009493720137581,0.0309372275954943,0.0038423356088883,0.0058095370925524,0.0012562210680127,633,0.008250316255534473,0.06451612903225806,324.0
202,0.2,167,227,12,1.0,227.0,0.0980187695516162,0.0090540348104899,0.0570262908498661,0.0040606713091224,0.0058095370925524,0.00126103904952,633,0.011331168831168833,0.1,312.0
202,0.3,251,310,13,1.0,310.0,0.0980187695516162,0.0087860338390123,0.0570262908498661,0.0039313418094478,0.0058095370925524,0.00125060364218,633,0.014755747126436783,0.07142857142857142,315.0
202,0.5,418,454,13,1.5,302.6666666666667,0.0980187695516162,0.0081858396916758,0.0570262908498661,0.0036074407236209,0.0058095370925524,0.0012405627046646,633,0.010313881520778074,0.13333333333333333,224.0
203,0.1,83,120,13,1.0,120.0,0.0980187695516162,0.0120872436565866,0.0464749058416465,0.0045741835619869,0.0056186378747126,0.0011352096281169,635,0.0168508908139915,0.125,741.0
203,0.2,165,217,13,1.0,217.0,0.0980187695516162,0.0105476614945483,0.0492079830055308,0.0043723868404393,0.0056186378747126,0.0011414951914164,635,0.011901460608357162,0.09090909090909091,280.0
203,0.3,248,303,13,1.0,303.0,0.0980187695516162,0.009174848663177,0.0492079830055308,0.0038728030607194,0.0058095370925524,0.0011418866680685,635,0.01045112051690999,0.075,570.0
203,0.5,413,444,13,1.666667,266.3999467200107,0.0980187695516162,0.0085721801050267,0.0570262908498661,0.0038040375656172,0.0058095370925524,0.0012591559366048,635,0.011991995073891626,0.14285714285714285,986.0
204,0.1,82,136,13,1.0,136.0,0.0980187695516162,0.0114089431392994,0.0570262908498661,0.0049501818808757,0.0048729601732022,0.0013531253332507,627,0.016032999744329597,0.2,3800.0
204,0.2,163,239,13,1.0,239.0,0.0980187695516162,0.0099519635603683,0.0570262908498661,0.0043132331845803,0.0052421649220672,0.0012893413629822,627,0.0018518518518518517,0.037037037037037035,600.0
204,0.3,244,316,13,1.0,316.0,0.0980187695516162,0.0088304008658808,0.0570262908498661,0.0037584902051798,0.0052421649220672,0.0012338201086284,627,0.010855864084764338,0.07142857142857142,728.0
204,0.5,407,437,13,1.666667,262.1999475600105,0.0980187695516162,0.0086713133197957,0.0570262908498661,0.0038219045841538,0.0058095370925524,0.0012932785110376,627,0.014124579124579126,0.2,460.0
205,0.1,78,121,12,1.0,121.0,0.0980187695516162,0.0139435879316436,0.0570262908498661,0.0064905014401752,0.0056186378747126,0.0014392195476456,584,0.012962961705221765,0.05555555555555555,472.0
205,0.2,156,211,12,1.0,211.0,0.0980187695516162,0.0106004971608458,0.0570262908498661,0.0047116028081177,0.0056186378747126,0.0013039523279597,584,0.0025932953826691965,0.03225806451612903,536.0
205,0.3,233,296,12,1.0,296.0,0.0980187695516162,0.009272045768396,0.0570262908498661,0.0041279495506943,0.0058095370925524,0.0012616546835996,584,0.012462462462462461,0.1111111111111111,351.0
205,0.5,388,420,12,1.5,280.0,0.0980187695516162,0.0087367793832861,0.0570262908498661,0.003931884347841,0.0058095370925524,0.0012927649648548,584,0.006870019846559436,0.05555555555555555,2700.0
206,0.1,85,133,13,1.0,133.0,0.0980187695516162,0.0107881800434349,0.0464749058416465,0.0045784203563116,0.0044179097289399,0.0014435060384376,618,0.011315702537507048,0.07692307692307693,1062.0
206,0.2,169,234,13,1.0,234.0,0.0980187695516162,0.0097011666354731,0.0570262908498661,0.0044764217589699,0.0045513414488271,0.0013781110722149,618,0.012727969842907921,0.1111111111111111,1298.0
206,0.3,254,317,13,1.0,317.0,0.0980187695516162,0.0095360901043739,0.0570262908498661,0.0043486295436982,0.0056186378747126,0.0013673287874174,618,0.009365946402704007,0.07894736842105263,1400.0
206,0.5,423,440,13,1.5,293.3333333333333,0.0980187695516162,0.0085956014788131,0.0570262908498661,0.0037527069706985,0.0056186378747126,0.0012638767290233,618,0.01284379462345564,0.13333333333333333,390.0
207,0.1,81,122,13,1.0,122.0,0.0980187695516162,0.0119831108224071,0.0570262908498661,0.0056461424352494,0.0045513414488271,0.0013573114707657,618,0.02132635746606335,0.125,300.0
207,0.2,161,217,13,1.0,217.0,0.0980187695516162,0.0113020955968918,0.0570262908498661,0.0052993004489897,0.0056186378747126,0.0013955768235094,618,0.010500806213088321,0.14285714285714285,741.0
207,0.3,242,309,13,1.0,309.0,0.0980187695516162,0.0096952394450799,0.0570262908498661,0.0044253507783521,0.0056186378747126,0.0013288654595777,618,0.010897502361696735,0.08333333333333333,896.0
207,0.5,402,425,13,1.833333,231.8182239669498,0.0980187695516162,0.008565294731031,0.0570262908498661,0.0038072745956548,0.0056186378747126,0.0012647644293932,618,0.020675887464522848,0.16666666666666666,600.0
208,0.1,84,128,13,1.0,128.0,0.0980187695516162,0.0125293274244003,0.0570262908498661,0.0055603436764547,0.0056186378747126,0.0013225919286278,601,0.010469477986036018,0.07142857142857142,1044.0
208,0.2,167,225,13,1.0,225.0,0.0980187695516162,0.0107658440505155,0.0570262908498661,0.004925401138238,0.0056186378747126,0.0014040244576226,601,0.00819623613101874,0.047619047619047616,1180.0
208,0.3,250,307,13,1.0,307.0,0.0980187695516162,0.0096768824746189,0.0570262908498661,0.0044703766030717,0.0056186378747126,0.0013370506581618,601,0.013143380429094718,0.07692307692307693,578.0
208,0.5,417,431,13,1.333333,323.2500808125202,0.0980187695516162,0.0086347679451477,0.0570262908498661,0.0038640823813144,0.0058095370925524,0.001264523233435,601,0.007153679653679653,0.05,360.0
209,0.1,78,122,13,1.0,122.0,0.0980187695516162,0.0111027538932289,0.0570262908498661,0.0049942165841194,0.0052421649220672,0.0012920228714675,612,0.002638888888888889,0.027777777777777776,531.0
209,0.2,156,217,13,1.0,217.0,0.0980187695516162,0.0098797230217728,0.0570262908498661,0.004243355601738,0.0052421649220672,0.0012649682165724,612,0.01522741269108949,0.09090909090909091,1100.0
209,0.3,234,289,13,1.0,289.0,0.0980187695516162,0.0091213814851831,0.0570262908498661,0.0038423099179575,0.0058095370925524,0.0012503037859821,612,0.009009447924416604,0.058823529411764705,399.0
209,0.5,389,407,13,1.666667,244.1999511600098,0.0980187695516162,0.0088518701657387,0.0570262908498661,0.0038539207241786,0.0058095370925524,0.0012875938445074,612,0.0041193853427895985,0.03333333333333333,806.0
210,0.1,81,126,12,1.0,126.0,0.0980187695516162,0.012124071039608,0.0464749058416465,0.0052097483847822,0.0052421649220672,0.0013967904691591,599,0.021582517089915498,0.09523809523809523,880.0
210,0.2,162,218,13,1.0,218.0,0.0980187695516162,0.0106762587175095,0.0464749058416465,0.004753647194331,0.0052421649220672,0.0013662846478575,599,0.015373148415911576,0.08333333333333333,805.0
210,0.3,243,299,13,1.0,299.0,0.0980187695516162,0.0095661241329282,0.0464749058416465,0.0040793456569339,0.0052421649220672,0.0012809893168079,599,0.014435829870612479,0.15384615384615385,442.0
210,0.5,404,410,13,1.571429,260.9090197520856,0.0980187695516162,0.0088277931788702,0.0570262908498661,0.0039493798958815,0.0058095370925524,0.001286046231624,599,0.010774057415736577,0.06666666666666667,300.0
211,0.1,81,118,12,1.0,118.0,0.0980187695516162,0.0110019264417383,0.0464749058416465,0.004621085287867,0.0039254903849993,0.0012291585349173,624,0.0,0.0,432.0
211,0.2,162,217,12,1.0,217.0,0.0980187695516162,0.0098124486432198,0.0464749058416465,0.0042014179993801,0.0052421649220672,0.0013103665015972,624,0.003750463091599518,0.041666666666666664,800.0
211,0.3,243,302,13,1.0,302.0,0.0980187695516162,0.0090118708091347,0.0492079830055308,0.003983592973402,0.0052421649220672,0.0012629839311753,624,0.011881430403102229,0.058823529411764705,528.0
211,0.5,404,435,13,1.6,271.875,0.0980187695516162,0.0086057075737417,0.0570262908498661,0.0038545308996884,0.0058095370925524,0.0012813114347656,624,0.016483516483516484,0.23076923076923078,1100.0
212,0.1,84,131,13,1.0,131.0,0.0980187695516162,0.0122344363164555,0.0570262908498661,0.0057458482096877,0.0052421649220672,0.0013910207930176,632,0.0059399902423158246,0.045454545454545456,858.0
212,0.2,168,222,13,1.0,222.0,0.0980187695516162,0.0110240584693139,0.0570262908498661,0.0050462381763034,0.0056186378747126,0.001352922609279,632,0.011843912356334717,0.14285714285714285,3600.0
212,0.3,252,303,13,1.0,303.0,0.0980187695516162,0.0093847758081334,0.0570262908498661,0.0043441564533804,0.0056186378747126,0.0013416453384132,632,0.016887124865123816,0.1,1800.0
212,0.5,419,433,13,1.5,288.6666666666667,0.0980187695516162,0.0084624332024071,0.0570262908498661,0.0037404108251239,0.0056186378747126,0.0012536809956577,632,0.013528430240020536,0.14285714285714285,420.0
213,0.1,84,128,12,1.0,128.0,0.0980187695516162,0.0121790276329509,0.0464749058416465,0.0051719647658148,0.0052421649220672,0.0013148319836943,621,0.013735754985754986,0.07407407407407407,1365.0
213,0.2,168,217,12,1.0,217.0,0.0980187695516162,0.0102545374165677,0.0464749058416465,0.0044376231953013,0.0052421649220672,0.0012903318544837,621,0.018456977597802404,0.10869565217391304,540.0
213,0.3,252,301,13,1.0,301.0,0.0980187695516162,0.0090833821221579,0.0464749058416465,0.0038283930454631,0.0052421649220672,0.0012405983938515,621,0.004790660225442834,0.07407407407407407,460.0
213,0.5,419,433,13,1.5,288.6666666666667,0.0980187695516162,0.0085370875647505,0.0570262908498661,0.0038229114426146,0.0056186378747126,0.0012537797087077,621,0.02609206989247312,0.16666666666666666,684.0
214,0.1,83,123,13,1.0,123.0,0.0980187695516162,0.0115465805335842,0.0570262908498661,0.0054302918756874,0.0052421649220672,0.0014285698109951,624,0.008117330382036266,0.04,1541.0
214,0.2,166,216,13,1.0,216.0,0.0980187695516162,0.0106302861777313,0.0570262908498661,0.0046240943714322,0.0052421649220672,0.0012925568436756,624,0.01446060216206393,0.09090909090909091,1512.0
214,0.3,249,298,13,1.0,298.0,0.0980187695516162,0.0091293363472856,0.0570262908498661,0.0038814853037341,0.0052421649220672,0.001182391156122,624,0.010726098806594163,0.07692307692307693,216.0
214,0.5,415,415,13,1.666667,248.99995020001,0.0980187695516162,0.0083671495156852,0.0570262908498661,0.0036064069434031,0.0056186378747126,0.0012181799037347,624,0.016587428774928775,0.08333333333333333,720.0
215,0.1,83,127,12,1.0,127.0,0.0980187695516162,0.0107066908607226,0.0464749058416465,0.0043714717280427,0.0058095370925524,0.0011857273538941,627,0.016092133318370554,0.16666666666666666,627.0
215,0.2,166,232,13,1.0,232.0,0.0980187695516162,0.0092993779439789,0.0464749058416465,0.0038120416519623,0.0058095370925524,0.0011670872636204,627,0.043875000000000004,0.625,330.0
215,0.3,249,313,13,1.0,313.0,0.0980187695516162,0.0092281963040573,0.0570262908498661,0.0040813046597269,0.0058095370925524,0.0012331907171861,627,0.009590313481880424,0.06578947368421052,1368.0
215,0.5,414,437,13,1.5,291.3333333333333,0.0980187695516162,0.0086068869412502,0.0570262908498661,0.0038219664262906,0.0058095370925524,0.0012742305849449,627,0.016830065359477127,0.125,338.0
216,0.1,84,129,12,1.0,129.0,0.0656934306569343,0.0115268650322121,0.0570262908498661,0.0050853659945325,0.0052421649220672,0.0013690348932835,622,0.010111317254174397,0.09090909090909091,504.0
216,0.2,167,221,13,1.0,221.0,0.0980187695516162,0.0104511203695402,0.0570262908498661,0.0045535551509983,0.0052421649220672,0.0013429485729156,622,0.021645026026604973,0.125,560.0
216,0.3,251,301,13,1.0,301.0,0.0980187695516162,0.0097208124465198,0.0570262908498661,0.0044320890024981,0.0058095370925524,0.0013275046996258,622,0.029133597883597883,0.125,826.0
216,0.5,418,422,13,1.75,241.14285714285717,0.0980187695516162,0.0088115088288056,0.0570262908498661,0.0038725979291919,0.0058095370925524,0.0012822040814432,622,0.0034382284382284386,0.038461538461538464,520.0
217,0.1,86,134,13,1.0,134.0,0.0980187695516162,0.0127542682831929,0.0570262908498661,0.0058087183063997,0.0052421649220672,0.0013934559073781,642,0.01187679131582779,0.07407407407407407,2124.0
217,0.2,171,232,13,1.0,232.0,0.0980187695516162,0.0100005393549314,0.0570262908498661,0.0043087539802813,0.0052421649220672,0.0012225100186834,642,0.0066071428571428574,0.10714285714285714,1180.0
217,0.3,256,304,13,1.0,304.0,0.0980187695516162,0.0091961198616979,0.0570262908498661,0.0040073998135979,0.0056186378747126,0.0012227547351739,642,0.012360459662288931,0.07317073170731707,1340.0
217,0.5,427,431,13,1.5,287.3333333333333,0.0980187695516162,0.0085137989349887,0.0570262908498661,0.0038282839906615,0.0056186378747126,0.0012597137736833,642,0.014061481959554983,0.125,798.0
218,0.1,88,132,13,1.0,132.0,0.0980187695516162,0.0099772490283438,0.0492079830055308,0.0043662437822771,0.0045513414488271,0.0013717964017498,641,0.0072957477305303385,0.05,588.0
218,0.2,176,243,13,1.0,243.0,0.0980187695516162,0.009479181417543,0.0570262908498661,0.004446400821093,0.0056186378747126,0.0013643927354457,641,0.004347826086956522,0.08695652173913043,176.0
218,0.3,264,329,13,1.0,329.0,0.0980187695516162,0.0089347122604282,0.0570262908498661,0.0041664269370258,0.0056186378747126,0.0013745840600391,641,0.01845802224091698,0.125,200.0
218,0.5,439,451,13,1.5,300.6666666666667,0.0980187695516162,0.0086356584487258,0.0570262908498661,0.0038958525411795,0.0058095370925524,0.0012999563228657,641,0.03319974288873663,0.5192307692307693,2200.0
219,0.1,81,129,13,1.0,129.0,0.0980187695516162,0.0112196975208348,0.0464749058416465,0.0045467508898978,0.0058095370925524,0.0012798383879288,620,0.005,0.06666666666666667,340.0
219,0.2,161,220,13,1.0,220.0,0.0980187695516162,0.0097402597402596,0.0570262908498661,0.0042521289011464,0.0058095370925524,0.0012555381232747,620,0.004880952380952381,0.05,468.0
219,0.3,242,305,13,1.0,305.0,0.0980187695516162,0.008704422297817,0.0570262908498661,0.0038251350532905,0.0058095370925524,0.0012188826518893,620,0.023601508140981827,0.125,520.0
219,0.5,402,434,13,1.5,289.3333333333333,0.0980187695516162,0.0082651379365025,0.0570262908498661,0.003774073242931,0.0058095370925524,0.0012550762436315,620,0.020416948388550824,0.125,234.0
220,0.1,77,113,11,1.0,113.0,0.0980187695516162,0.0114241420358595,0.0464749058416465,0.0046880185460689,0.0038221510689287,0.0011789898055687,599,0.014224372119108961,0.08333333333333333,1638.0
220,0.2,153,211,13,1.0,211.0,0.0980187695516162,0.009710944951544,0.0464749058416465,0.0042325455904584,0.0052421649220672,0.0012815163868273,599,0.02024148109053769,0.2727272727272727,640.0
220,0.3,230,296,13,1.0,296.0,0.0980187695516162,0.0091381788462079,0.0464749058416465,0.0039114257801347,0.0056186378747126,0.0012589396359266,599,0.0022397891963109357,0.030303030303030304,1144.0
220,0.5,382,416,13,1.5,277.3333333333333,0.0980187695516162,0.0086603633592684,0.0570262908498661,0.0038745062410005,0.0056186378747126,0.0012839698831843,599,0.025068447634237108,0.3333333333333333,399.0
221,0.1,81,127,13,1.0,127.0,0.0980187695516162,0.0093519331981312,0.0464749058416465,0.0034240311240041,0.0039254903849993,0.0011230419987286,604,0.008857868857868857,0.07142857142857142,3363.0
221,0.2,162,218,13,1.0,218.0,0.0980187695516162,0.0093512929178903,0.0570262908498661,0.0041181320625181,0.0052421649220672,0.0012708486381744,604,0.011303030303030304,0.09090909090909091,1120.0
221,0.3,243,303,13,1.0,303.0,0.0980187695516162,0.0087446700874466,0.0570262908498661,0.0039869755382778,0.0058095370925524,0.0012723016105127,604,0.025854828042328044,0.35714285714285715,340.0
221,0.5,404,420,13,1.666667,251.9999496000101,0.0980187695516162,0.0085580217488454,0.0570262908498661,0.0038235979315356,0.0058095370925524,0.0012829648101824,604,0.003125,0.0625,280.0
222,0.1,85,122,13,1.0,122.0,0.0980187695516162,0.0126241474213233,0.0464749058416465,0.0055362967037412,0.0052421649220672,0.0013553481430173,629,0.020736637506304147,0.09090909090909091,1600.0
222,0.2,169,227,13,1.0,227.0,0.0980187695516162,0.0111027915458925,0.0570262908498661,0.0047956680706303,0.0052421649220672,0.0013412876709831,629,0.011528686913361836,0.07142857142857142,1440.0
222,0.3,253,304,13,1.0,304.0,0.0980187695516162,0.0098478404039294,0.0570262908498661,0.0042394130119057,0.0056186378747126,0.0012725585829288,629,0.008203709519498992,0.06060606060606061,531.0
222,0.5,421,452,13,1.5,301.3333333333333,0.0980187695516162,0.0085242739948507,0.0570262908498661,0.003760192120179,0.0058095370925524,0.0012570714407167,629,0.017445376261165733,0.14285714285714285,384.0
223,0.1,85,129,12,1.0,129.0,0.0980187695516162,0.0125696178997825,0.0464749058416465,0.0052356513610858,0.0039254903849993,0.0013450513964014,615,0.018822670615652345,0.11428571428571428,2000.0
223,0.2,170,223,12,1.0,223.0,0.0980187695516162,0.0106379496579489,0.0570262908498661,0.0046862890966616,0.0039254903849993,0.0013463958320866,615,0.022366452651956498,0.2,1000.0
223,0.3,254,299,12,1.0,299.0,0.0980187695516162,0.009733522586585,0.0570262908498661,0.0043268894149989,0.0056186378747126,0.0013085573329908,615,0.021680740125507563,0.16666666666666666,1541.0
223,0.5,423,437,12,1.5,291.3333333333333,0.0980187695516162,0.0085305297518629,0.0570262908498661,0.0038472286603778,0.0058095370925524,0.0012882923134945,615,0.005115089514066496,0.058823529411764705,312.0
224,0.1,82,125,12,1.0,125.0,0.0980187695516162,0.0115537017726798,0.0492079830055308,0.0050964481526595,0.0058095370925524,0.0013567699597847,630,0.02896555825127254,0.3333333333333333,650.0
224,0.2,164,220,13,1.0,220.0,0.0980187695516162,0.0102616361740448,0.0570262908498661,0.0047410533789069,0.0058095370925524,0.0013179740628011,630,0.012493852055872518,0.07692307692307693,1344.0
224,0.3,246,296,13,1.0,296.0,0.0980187695516162,0.0093284107882647,0.0570262908498661,0.0042300626128809,0.0058095370925524,0.0012895219732186,630,0.01412994881098944,0.1,792.0
224,0.5,409,424,13,1.5,282.6666666666667,0.0980187695516162,0.0085387687646329,0.0570262908498661,0.0037794965533958,0.0058095370925524,0.0012417886128426,630,0.013792270531400965,0.16666666666666666,304.0
225,0.1,84,123,12,1.0,123.0,0.0980187695516162,0.0119619861474943,0.0570262908498661,0.0055213279833925,0.0052421649220672,0.0013779427305268,635,0.0057087912087912095,0.04,1003.0
225,0.2,168,224,12,1.0,224.0,0.0980187695516162,0.0105345970504989,0.0570262908498661,0.0049489521971236,0.0056186378747126,0.0014209111084961,635,0.015431235431235433,0.1,480.0
225,0.3,252,295,13,1.0,295.0,0.0980187695516162,0.0094766794506989,0.0570262908498661,0.0042578633085375,0.0056186378747126,0.001300053274471,635,0.011330675918407519,0.08333333333333333,175.0
225,0.5,420,436,13,1.666667,261.5999476800105,0.0980187695516162,0.0085309621069347,0.0570262908498661,0.0037194755305491,0.0056186378747126,0.0012668835050933,635,0.014704304324469513,0.06666666666666667,603.0
226,0.1,82,116,13,1.0,116.0,0.0980187695516162,0.0116590557692998,0.0570262908498661,0.0053735093916726,0.0039956275909326,0.00124134719204,635,0.024134928256527237,0.16666666666666666,2600.0
226,0.2,164,219,13,1.0,219.0,0.0980187695516162,0.0094942886663714,0.0570262908498661,0.0041147014348219,0.0039956275909326,0.0011985268891663,635,0.006770242668129993,0.03571428571428571,335.0
226,0.3,245,304,13,1.0,304.0,0.0980187695516162,0.0091583886724109,0.0570262908498661,0.0040996816352916,0.0056186378747126,0.0012383635875121,635,0.018177073340252516,0.08695652173913043,792.0
226,0.5,408,433,13,1.5,288.6666666666667,0.0980187695516162,0.0084359429448014,0.0570262908498661,0.0037509760451474,0.0056186378747126,0.0012350385692147,635,0.0026387470207694928,0.030303030303030304,1608.0
227,0.1,81,121,13,1.0,121.0,0.0980187695516162,0.011814993235033,0.0570262908498661,0.0049234940345614,0.0044179097289399,0.0012141255086407,624,0.023363372738372738,0.1111111111111111,855.0
227,0.2,162,223,13,1.0,223.0,0.0980187695516162,0.010282571999046,0.0570262908498661,0.0041875342043797,0.0044179097289399,0.0012303779069836,624,0.018244660744660742,0.1,1040.0
227,0.3,242,292,13,1.0,292.0,0.0980187695516162,0.0095811847386689,0.0570262908498661,0.0041219286308186,0.0056186378747126,0.0012501236556268,624,0.023155037182497135,0.16666666666666666,351.0
227,0.5,403,419,13,1.333333,314.2500785625196,0.0980187695516162,0.0084739224679645,0.0570262908498661,0.0035315351067465,0.0056186378747126,0.0012042029524405,624,0.005357142857142857,0.10714285714285714,912.0
228,0.1,79,123,12,1.0,123.0,0.0980187695516162,0.0124960790796645,0.0464749058416465,0.0049614263952147,0.0044179097289399,0.0012599391912555,617,0.011883928961315224,0.057692307692307696,2100.0
228,0.2,158,223,12,1.0,223.0,0.0980187695516162,0.0100908551041115,0.0492079830055308,0.0043865088223684,0.0058095370925524,0.0013026796746972,617,0.018407024471109725,0.09090909090909091,440.0
228,0.3,237,298,13,1.0,298.0,0.0980187695516162,0.009041857079872,0.0492079830055308,0.0039457440508594,0.0058095370925524,0.0012738484110225,617,0.010615519972988416,0.0625,250.0
228,0.5,394,418,13,1.5,278.6666666666667,0.0980187695516162,0.008471743392988,0.0570262908498661,0.0037516044194856,0.0058095370925524,0.0012318708992521,617,0.022627046866177298,0.16666666666666666,500.0
229,0.1,80,115,13,1.0,115.0,0.0980187695516162,0.0131114838826675,0.0570262908498661,0.0059524266529331,0.0039956275909326,0.0013556518325815,614,0.009273264638007876,0.0625,2300.0
229,0.2,160,213,13,1.0,213.0,0.0980187695516162,0.011396848242741,0.0570262908498661,0.0051930380935715,0.0056186378747126,0.0014099111394955,614,0.021320826615548023,0.16666666666666666,2400.0
229,0.3,240,297,13,1.0,297.0,0.0980187695516162,0.0098622653367178,0.0570262908498661,0.0043020438921523,0.0056186378747126,0.0012975911767945,614,0.021589749274412186,0.2,1206.0
229,0.5,400,429,13,1.666667,257.3999485200103,0.0980187695516162,0.0087552350326072,0.0570262908498661,0.0039255942871871,0.0058095370925524,0.0012815139322985,614,0.003701298701298701,0.045454545454545456,450.0
230,0.1,82,127,13,1.0,127.0,0.0980187695516162,0.0117083904657902,0.0570262908498661,0.005251165356989,0.0039956275909326,0.001386294531996,611,0.014699891893096761,0.07692307692307693,899.0
230,0.2,163,223,13,1.0,223.0,0.0980187695516162,0.0103760924355994,0.0570262908498661,0.0045937551448412,0.0056186378747126,0.0013199993164252,611,0.005863245086892966,0.05343511450381679,3800.0
230,0.3,245,296,13,1.0,296.0,0.0980187695516162,0.0096313727700588,0.0570262908498661,0.0042095517628351,0.0056186378747126,0.0012924737031847,611,0.011769568938686586,0.0625,450.0
230,0.5,407,421,13,1.5,280.6666666666667,0.0980187695516162,0.0086119993362047,0.0570262908498661,0.0037549536884405,0.0056186378747126,0.0012591975033098,611,0.05281107402126004,0.7142857142857143,630.0
231,0.1,80,125,13,1.0,125.0,0.0980187695516162,0.0107361835245046,0.0492079830055308,0.0048493097438021,0.0048729601732022,0.0013775539205278,619,0.016956738663635215,0.10714285714285714,513.0
231,0.2,160,216,13,1.0,216.0,0.0980187695516162,0.009872359324914,0.0570262908498661,0.0045164715725356,0.0048729601732022,0.0013083869687666,619,0.014424944424944425,0.07142857142857142,1400.0
231,0.3,240,296,13,1.0,296.0,0.0980187695516162,0.0093601161119408,0.0570262908498661,0.0042237407689532,0.0048729601732022,0.0013047999017597,619,0.012348552009456264,0.125,600.0
231,0.5,400,419,13,1.5,279.3333333333333,0.0980187695516162,0.0087451875337525,0.0570262908498661,0.0039270357422496,0.0058095370925524,0.0012780424392241,619,0.010887033858636293,0.15384615384615385,360.0
232,0.1,83,119,12,1.0,119.0,0.0980187695516162,0.0130037416426424,0.0464749058416465,0.0056318084209191,0.0056186378747126,0.0014543044284878,582,0.02059532521741824,0.125,1170.0
232,0.2,166,212,13,1.0,212.0,0.0980187695516162,0.0106390304365789,0.0464749058416465,0.0043415552006016,0.0056186378747126,0.0013010852154668,582,0.0016129032258064516,0.03225806451612903,897.0
232,0.3,249,289,13,1.0,289.0,0.0980187695516162,0.0097059003936481,0.0570262908498661,0.004279383757552,0.0058095370925524,0.0013135832488934,582,0.019813660801564027,0.09090909090909091,300.0
232,0.5,415,404,13,1.666667,242.3999515200097,0.0980187695516162,0.0092092629492354,0.0570262908498661,0.0041466329770634,0.0058095370925524,0.0013272963138474,582,0.005158169533169533,0.03333333333333333,938.0
233,0.1,81,114,12,1.0,114.0,0.0980187695516162,0.0108665825146808,0.0464749058416465,0.004273182077646,0.0033192232872945,0.0011154646529555,611,0.005147058823529412,0.05,640.0
233,0.2,162,209,12,1.0,209.0,0.0980187695516162,0.0094147112971545,0.0464749058416465,0.0037482813113041,0.0039956275909326,0.0011688822793676,611,0.008157378335949764,0.07692307692307693,640.0
233,0.3,243,281,12,1.0,281.0,0.0980187695516162,0.0084496380051877,0.0464749058416465,0.0034643801269494,0.0048729601732022,0.0012085747653533,611,0.006851851851851852,0.1,826.0
233,0.5,404,416,12,1.5,277.3333333333333,0.0980187695516162,0.008259304564049,0.0570262908498661,0.0035723333591114,0.0056186378747126,0.0012573931801129,611,0.012573234421973917,0.07142857142857142,624.0
234,0.1,83,120,13,1.0,120.0,0.0980187695516162,0.0109402155022592,0.0464749058416465,0.0043461682147026,0.0056186378747126,0.0011897652440279,611,0.005210620133220752,0.030303030303030304,4000.0
234,0.2,165,207,13,1.0,207.0,0.0980187695516162,0.0103469294202394,0.0464749058416465,0.004296131991372,0.0058095370925524,0.0012291187889809,611,0.007593391438658429,0.09090909090909091,440.0
234,0.3,247,296,13,1.0,296.0,0.0980187695516162,0.0094094355043259,0.0570262908498661,0.0040097817689735,0.0058095370925524,0.0011972373232879,611,0.00457702918229234,0.030303030303030304,1482.0
234,0.5,411,414,13,1.666667,248.39995032001,0.0980187695516162,0.0086341952416214,0.0570262908498661,0.0037609941445012,0.0058095370925524,0.0012579366546613,611,0.015131578947368421,0.1111111111111111,798.0
235,0.1,81,121,11,1.0,121.0,0.0980187695516162,0.0119097889502666,0.0570262908498661,0.0058744415304692,0.0052421649220672,0.0014009562879187,620,0.02155337941628264,0.14285714285714285,760.0
235,0.2,161,212,13,1.0,212.0,0.0980187695516162,0.0111456509335588,0.0570262908498661,0.0051152301005567,0.0052421649220672,0.0013597489683391,620,0.008763541493354038,0.07692307692307693,1200.0
235,0.3,242,283,13,1.0,283.0,0.0980187695516162,0.0099632641480929,0.0570262908498661,0.0045406137119006,0.0056186378747126,0.0013125308663548,620,0.011110232379488313,0.07692307692307693,434.0
235,0.5,402,422,13,1.5,281.3333333333333,0.0980187695516162,0.0087522053481855,0.0570262908498661,0.0038415394192995,0.0058095370925524,0.0012672024393095,620,0.00860682842391142,0.058823529411764705,670.0
236,0.1,85,129,12,1.0,129.0,0.0980187695516162,0.012044199788216,0.0464749058416465,0.0051974249863952,0.0052421649220672,0.0013709020432934,622,0.021196967193207798,0.1,3120.0
236,0.2,169,219,13,1.0,219.0,0.0980187695516162,0.0112893472557505,0.0492079830055308,0.0051241745103972,0.0056186378747126,0.0014132697670836,622,0.026468268277341056,0.2222222222222222,800.0
236,0.3,254,296,13,1.0,296.0,0.0980187695516162,0.0098638784770171,0.0492079830055308,0.0043824922981562,0.0056186378747126,0.0013278532855153,622,0.0125,0.25,248.0
236,0.5,422,427,13,1.555556,274.499921571451,0.0980187695516162,0.0087644965848011,0.0570262908498661,0.0039862057474458,0.0058095370925524,0.0012904120278372,622,0.012873694932518465,0.11764705882352941,798.0
237,0.1,85,128,12,1.0,128.0,0.0980187695516162,0.0124478623566214,0.0464749058416465,0.0050742565035313,0.0040871733233292,0.0012729152885969,651,0.0056514508771402395,0.05263157894736842,1300.0
237,0.2,170,235,13,1.0,235.0,0.0980187695516162,0.0104585893994186,0.0464749058416465,0.0042411096364992,0.0040871733233292,0.0012394443048889,651,0.004736652236652237,0.06060606060606061,546.0
237,0.3,255,318,13,1.0,318.0,0.0980187695516162,0.0093585430315907,0.0464749058416465,0.0039523550670712,0.0056186378747126,0.0012396976724807,651,0.01985707833268809,0.19047619047619047,880.0
237,0.5,424,450,13,1.333333,337.50008437502106,0.0980187695516162,0.0084995944849959,0.0570262908498661,0.0037925870729473,0.0056186378747126,0.001243196129791,651,0.0007246376811594203,0.014492753623188406,220.0
238,0.1,85,125,12,1.0,125.0,0.0980187695516162,0.011186652763295,0.0570262908498661,0.004654272821117,0.0039956275909326,0.0011852310187055,630,0.007925087844442683,0.05405405405405406,1541.0
238,0.2,169,225,12,1.0,225.0,0.0980187695516162,0.0101448267871625,0.0570262908498661,0.0044200553616893,0.0039956275909326,0.0012512946272182,630,0.020684946065146925,0.2,1340.0
238,0.3,254,304,12,1.0,304.0,0.0980187695516162,0.0089800230503265,0.0570262908498661,0.003922442029194,0.0052421649220672,0.0012296276906116,630,0.011766170924357788,0.16666666666666666,512.0
238,0.5,423,431,12,1.5,287.3333333333333,0.0980187695516162,0.0083541198415789,0.0570262908498661,0.0036515350619272,0.0056186378747126,0.0012465716444909,630,0.0025,0.05,737.0
239,0.1,85,129,13,1.0,129.0,0.0980187695516162,0.0114621981877116,0.0464749058416465,0.0045777196262763,0.0039956275909326,0.001243417631138,624,0.013136144664941044,0.06666666666666667,1014.0
239,0.2,170,226,13,1.0,226.0,0.0980187695516162,0.0101553055819575,0.0464749058416465,0.0043508277177825,0.0058095370925524,0.0012985463659092,624,0.014994763478745173,0.08333333333333333,912.0
239,0.3,255,307,13,1.0,307.0,0.0980187695516162,0.0096531063506026,0.0570262908498661,0.0042360565565406,0.0058095370925524,0.0012724236093567,624,0.005187942139161651,0.04878048780487805,600.0
239,0.5,425,413,13,1.666667,247.79995044000992,0.0980187695516162,0.0085440089681795,0.0570262908498661,0.0037034601552159,0.0058095370925524,0.0012387094800554,624,0.006944444444444445,0.08333333333333333,220.0
240,0.1,82,120,13,1.0,120.0,0.0980187695516162,0.0114876607577337,0.0570262908498661,0.0050404625553516,0.0058095370925524,0.0012860674030031,619,0.012579421526789947,0.15789473684210525,1003.0
240,0.2,164,215,13,1.0,215.0,0.0980187695516162,0.0107427795426436,0.0570262908498661,0.0047949327838438,0.0058095370925524,0.0013426853158742,619,0.005595238095238095,0.047619047619047616,340.0
240,0.3,245,286,13,1.0,286.0,0.0980187695516162,0.0097931265814477,0.0570262908498661,0.0043735767961188,0.0058095370925524,0.0012685751524923,619,0.0128419452887538,0.125,570.0
240,0.5,408,419,13,2.0,209.5,0.0980187695516162,0.0085958673140527,0.0570262908498661,0.0037908735528815,0.0058095370925524,0.0012238819982231,619,0.007380952380952381,0.1,117.0
241,0.1,83,119,13,1.0,119.0,0.0980187695516162,0.0120836655830214,0.0464749058416465,0.005052727602652,0.0039956275909326,0.0013352985278224,609,0.014019391638956857,0.045454545454545456,580.0
241,0.2,166,223,13,1.0,223.0,0.0980187695516162,0.0103994725447377,0.0570262908498661,0.0048295971813021,0.0058095370925524,0.0013661072273995,609,0.00911235754985755,0.07692307692307693,648.0
241,0.3,249,308,13,1.0,308.0,0.0980187695516162,0.0093339923892582,0.0570262908498661,0.0041823884939041,0.0058095370925524,0.0013008957911319,609,0.02430762474240735,0.1111111111111111,1014.0
241,0.5,414,432,13,1.666667,259.1999481600104,0.0980187695516162,0.0086340902946741,0.0570262908498661,0.0038809840369555,0.0058095370925524,0.0013006525890394,609,0.002173913043478261,0.043478260869565216,312.0
242,0.1,87,127,13,1.0,127.0,0.0980187695516162,0.0103946860657016,0.0464749058416465,0.0040029826506864,0.0039956275909326,0.0011556662591506,628,0.024564226066242194,0.16129032258064516,1300.0
242,0.2,174,228,13,1.0,228.0,0.0980187695516162,0.0092247040960063,0.0464749058416465,0.0036120833503064,0.0040871733233292,0.0011955362666002,628,0.007496071599371455,0.07317073170731707,780.0
242,0.3,261,308,13,1.0,308.0,0.0980187695516162,0.008910797231965,0.0570262908498661,0.0037484045124427,0.0045513414488271,0.0012007157085291,628,0.012251272520259862,0.14285714285714285,938.0
242,0.5,434,445,13,1.5,296.6666666666667,0.0980187695516162,0.0085083947464001,0.0570262908498661,0.0037182928760151,0.0052421649220672,0.0012524338670442,628,0.00695970695970696,0.05128205128205128,420.0
243,0.1,83,132,13,1.0,132.0,0.0980187695516162,0.0123313426233133,0.0464749058416465,0.0055937388357778,0.0052421649220672,0.0014589151986372,621,0.009937087587651956,0.06976744186046512,7800.0
243,0.2,165,218,13,1.0,218.0,0.0980187695516162,0.0107432244979957,0.0464749058416465,0.0046900588507364,0.0052421649220672,0.0013630379961757,621,0.013151287309182047,0.09090909090909091,374.0
243,0.3,247,291,13,1.0,291.0,0.0980187695516162,0.0101014444456388,0.0570262908498661,0.0045750504627275,0.0056186378747126,0.0013055036200261,621,0.009353400222965439,0.07692307692307693,576.0
243,0.5,411,414,13,1.6,258.75,0.0980187695516162,0.0087223506772855,0.0570262908498661,0.0039184625744161,0.0056186378747126,0.0012836922545075,621,0.0011627906976744186,0.023255813953488372,576.0
244,0.1,87,127,12,1.0,127.0,0.0980187695516162,0.0117248117707913,0.0570262908498661,0.0054569394071111,0.0045513414488271,0.0013445316519174,620,0.011244588744588745,0.11363636363636363,760.0
244,0.2,173,224,13,1.0,224.0,0.0980187695516162,0.0105485624906896,0.0570262908498661,0.0049481731347905,0.0052421649220672,0.0013831376544497,620,0.008641423176306897,0.1111111111111111,420.0
244,0.3,259,299,13,1.0,299.0,0.0980187695516162,0.009740497522154,0.0570262908498661,0.0045179634626401,0.0056186378747126,0.0013539366213122,620,0.02651797400044244,0.25,544.0
244,0.5,432,418,13,1.5,278.6666666666667,0.0980187695516162,0.0086862810643063,0.0570262908498661,0.0040047075345351,0.0058095370925524,0.0012958318679001,620,0.008567681605656288,0.06666666666666667,1482.0
245,0.1,86,123,12,1.0,123.0,0.0980187695516162,0.0126741100570546,0.0570262908498661,0.0057463946317933,0.0058095370925524,0.0013201234051829,647,0.013667412483201958,0.09523809523809523,1680.0
245,0.2,172,224,13,1.0,224.0,0.0980187695516162,0.0104089080887829,0.0570262908498661,0.0046481093130232,0.0058095370925524,0.001258510846988,647,0.0,0.0,700.0
245,0.3,258,309,13,1.0,309.0,0.0980187695516162,0.0091013090091822,0.0570262908498661,0.0039322832070803,0.0058095370925524,0.0012305262754577,647,0.010515873015873017,0.08333333333333333,806.0
245,0.5,430,446,13,1.5,297.3333333333333,0.0980187695516162,0.0084215153116334,0.0570262908498661,0.0037134177886192,0.0058095370925524,0.0012435503088031,647,0.011071960297766751,0.04,1020.0
246,0.1,81,126,13,1.0,126.0,0.0980187695516162,0.0105351142890245,0.0570262908498661,0.0043325205887509,0.0032827908000505,0.0011926152819862,609,0.022745754197215966,0.09523809523809523,400.0
246,0.2,161,226,13,1.0,226.0,0.0980187695516162,0.0096477710003967,0.0570262908498661,0.0039800897726607,0.0058095370925524,0.0011943584103393,609,0.007346491228070175,0.10526315789473684,340.0
246,0.3,241,308,13,1.0,308.0,0.0980187695516162,0.0091917988164077,0.0570262908498661,0.0039529046932549,0.0058095370925524,0.001248481841183,609,0.004303921568627451,0.04,874.0
246,0.5,401,428,13,1.5,285.3333333333333,0.0980187695516162,0.0087074737119078,0.0570262908498661,0.0037298284827232,0.0058095370925524,0.0012369694614597,609,0.0171121414817067,0.08333333333333333,1040.0
247,0.1,86,129,13,1.0,129.0,0.0980187695516162,0.0116238652989628,0.0570262908498661,0.005172725799182,0.0052421649220672,0.0012712218049676,652,0.031233164983164984,0.2857142857142857,663.0
247,0.2,171,226,13,1.0,226.0,0.0980187695516162,0.0104690542323769,0.0570262908498661,0.0046164631917111,0.0052421649220672,0.0012657280698105,652,0.007331743508214096,0.06666666666666667,840.0
247,0.3,256,310,13,1.0,310.0,0.0980187695516162,0.0097480574523192,0.0570262908498661,0.0042942982456989,0.0052421649220672,0.0012557300240888,652,0.00924388111888112,0.07692307692307693,448.0
247,0.5,426,434,13,1.666667,260.39994792001045,0.0980187695516162,0.0085654699836138,0.0570262908498661,0.0037865847787832,0.0056186378747126,0.0012735654093493,652,0.01360016420361248,0.13333333333333333,440.0
248,0.1,84,127,13,1.0,127.0,0.0980187695516162,0.0109037465207359,0.0570262908498661,0.0050732909758913,0.0052421649220672,0.0012622933750844,635,0.002029220779220779,0.022727272727272728,702.0
248,0.2,167,218,13,1.0,218.0,0.0980187695516162,0.010336646545044,0.0570262908498661,0.0047878222973082,0.0056186378747126,0.001359413028836,635,0.005048076923076923,0.0625,560.0
248,0.3,250,301,13,1.0,301.0,0.0980187695516162,0.0094852403701252,0.0570262908498661,0.004367882784584,0.0056186378747126,0.0013017742940967,635,0.019511712749615974,0.08333333333333333,340.0
248,0.5,417,435,13,1.5,290.0,0.0980187695516162,0.0083468172066208,0.0570262908498661,0.0036886079268108,0.0056186378747126,0.0012284239409697,635,0.006311917249417249,0.06060606060606061,600.0
249,0.1,81,119,13,1.0,119.0,0.0980187695516162,0.0102347508346403,0.0464749058416465,0.0042852239116249,0.0048729601732022,0.0012073360877566,614,0.008447651382433991,0.05555555555555555,630.0
249,0.2,162,227,13,1.0,227.0,0.0980187695516162,0.0095685208068242,0.0570262908498661,0.0043351100378321,0.0058095370925524,0.0012961324502856,614,0.005028735632183908,0.05,714.0
249,0.3,243,311,13,1.0,311.0,0.0980187695516162,0.0090997790436849,0.0570262908498661,0.0042278550008754,0.0058095370925524,0.0013094758791232,614,0.012283822537112011,0.08333333333333333,300.0
249,0.5,405,433,13,1.5,288.6666666666667,0.0980187695516162,0.0083058998620097,0.0570262908498661,0.003769688799705,0.0058095370925524,0.0012679030583109,614,0.009152585765488991,0.09523809523809523,525.0
250,0.1,82,126,12,1.0,126.0,0.0980187695516162,0.0134068225830477,0.0570262908498661,0.0063665614122196,0.0056186378747126,0.0014545793320512,607,0.018615326085583854,0.11764705882352941,1888.0
250,0.2,164,223,13,1.0,223.0,0.0980187695516162,0.0112505085173737,0.0570262908498661,0.0051243677664473,0.0056186378747126,0.0013960442073766,607,0.01672319377482421,0.08695652173913043,504.0
250,0.3,246,303,13,1.0,303.0,0.0980187695516162,0.0100007915285792,0.0570262908498661,0.0046494079262977,0.0056186378747126,0.0013815205541376,607,0.016495979865545084,0.09090909090909091,1102.0
250,0.5,410,416,13,1.666667,249.59995008001,0.0980187695516162,0.0088909721665195,0.0570262908498661,0.0040292753923084,0.0058095370925524,0.0013167715613144,607,0.013822833431177194,0.06666666666666667,1044.0
251,0.1,81,114,13,1.0,114.0,0.0980187695516162,0.0121654501216544,0.0570262908498661,0.0053784751184496,0.0039956275909326,0.0013734173979193,601,0.008458099625843388,0.058823529411764705,828.0
251,0.2,162,212,13,1.0,212.0,0.0980187695516162,0.0108210203238435,0.0570262908498661,0.0051303379394388,0.0058095370925524,0.0014158434084523,601,0.008637413029728019,0.058823529411764705,306.0
251,0.3,243,292,13,1.0,292.0,0.0980187695516162,0.0097740225977401,0.0570262908498661,0.004480054575451,0.0058095370925524,0.001329381653175,601,0.0027153234175025945,0.03389830508474576,858.0
251,0.5,404,430,13,1.555556,276.4284924490022,0.0980187695516162,0.0088512743410043,0.0570262908498661,0.0039969024344963,0.0058095370925524,0.0013078137026497,601,0.010267857142857143,0.14285714285714285,400.0
252,0.1,82,121,13,1.0,121.0,0.0980187695516162,0.0135730228630029,0.0464749058416465,0.0058884878452744,0.0056186378747126,0.0013516993610139,623,0.011573113380178596,0.08333333333333333,806.0
252,0.2,163,227,13,1.0,227.0,0.0980187695516162,0.0105791182996237,0.0464749058416465,0.0046304719288384,0.0058095370925524,0.0013516579365087,623,0.01599113605692553,0.09090909090909091,420.0
252,0.3,245,299,13,1.0,299.0,0.0980187695516162,0.0096463358919721,0.0570262908498661,0.0043135658415146,0.0058095370925524,0.0012895432015553,623,0.003563829787234043,0.05,1200.0
252,0.5,408,431,13,1.666667,258.5999482800104,0.0980187695516162,0.0085815415806778,0.0570262908498661,0.0038766616398927,0.0058095370925524,0.001273345051838,623,0.0045528455284552845,0.06666666666666667,425.0
253,0.1,82,118,12,1.0,118.0,0.0980187695516162,0.0125925664092186,0.0570262908498661,0.006094204781991,0.0056186378747126,0.0013785464161177,620,0.021554086969232528,0.11235955056179775,2144.0
253,0.2,163,215,13,1.0,215.0,0.0980187695516162,0.0107476295559812,0.0570262908498661,0.0049346269835781,0.0056186378747126,0.0013654951191862,620,0.007429438919354339,0.06666666666666667,440.0
253,0.3,245,293,13,1.0,293.0,0.0980187695516162,0.0098154007124884,0.0570262908498661,0.0044570591306901,0.0056186378747126,0.0013123645174665,620,0.0027777777777777775,0.05555555555555555,1144.0
253,0.5,408,431,13,1.5,287.3333333333333,0.0980187695516162,0.0085355733568174,0.0570262908498661,0.003788628558478,0.0056186378747126,0.0012712764602416,620,0.014047619047619048,0.16666666666666666,240.0
254,0.1,85,131,13,1.0,131.0,0.0980187695516162,0.0111200439388994,0.0570262908498661,0.004812871561855,0.0039254903849993,0.0012288150907137,643,0.0,0.0,304.0
254,0.2,169,226,13,1.0,226.0,0.0980187695516162,0.0102152869415965,0.0570262908498661,0.0044671850742298,0.0052421649220672,0.0012943372908705,643,0.008536255411255411,0.0625,1300.0
254,0.3,253,308,13,1.0,308.0,0.0980187695516162,0.0093678480018417,0.0570262908498661,0.0041843322334082,0.0056186378747126,0.0012849255136703,643,0.010686498186498186,0.08333333333333333,536.0
254,0.5,421,449,13,1.5,299.3333333333333,0.0980187695516162,0.0083164766565022,0.0570262908498661,0.0036240075681143,0.0056186378747126,0.0012651562307326,643,0.040092221078154584,0.4166666666666667,1794.0
255,0.1,79,120,13,1.0,120.0,0.0980187695516162,0.0109228362877997,0.0464749058416465,0.0042975483986935,0.0039956275909326,0.0012089111736346,606,0.008445132308242446,0.0625,2850.0
255,0.2,157,226,13,1.0,226.0,0.0980187695516162,0.0090617992562311,0.0464749058416465,0.0037017970506291,0.0039956275909326,0.0011954009141576,606,0.0019611074489123267,0.02702702702702703,1357.0
255,0.3,236,315,13,1.0,315.0,0.0980187695516162,0.0090305708658158,0.0570262908498661,0.003969781355135,0.0056186378747126,0.0012472522989309,606,0.007571640316205533,0.0625,312.0
255,0.5,393,430,13,1.6,268.75,0.0980187695516162,0.0085214734340519,0.0570262908498661,0.0037909181187873,0.0056186378747126,0.0012823954480407,606,0.012426900584795321,0.125,360.0
256,0.1,84,124,12,1.0,124.0,0.0980187695516162,0.0109236772175316,0.0464749058416465,0.004633012541759,0.0056186378747126,0.0013408881252666,652,0.01774852048211336,0.10344827586206896,1008.0
256,0.2,168,233,12,1.0,233.0,0.0980187695516162,0.0096935738676285,0.0464749058416465,0.0039901674259385,0.0056186378747126,0.0012021113903477,652,0.00801181122820145,0.07142857142857142,3276.0
256,0.3,252,306,13,1.0,306.0,0.0980187695516162,0.0090644530318209,0.0492079830055308,0.004043767396864,0.0058095370925524,0.00125782819717,652,0.01797735924664396,0.14285714285714285,900.0
256,0.5,419,452,13,1.5,301.3333333333333,0.0980187695516162,0.0081943765168362,0.0570262908498661,0.0037379047280208,0.0058095370925524,0.0012655853434647,652,0.0024590163934426227,0.03278688524590164,920.0
257,0.1,87,122,13,1.0,122.0,0.0980187695516162,0.0123762799364091,0.0570262908498661,0.0057485150011482,0.0058095370925524,0.0013521997736202,627,0.026199506464554344,0.313953488372093,2730.0
257,0.2,174,228,13,1.0,228.0,0.0980187695516162,0.0105693064778734,0.0570262908498661,0.0047840985325144,0.0058095370925524,0.0013361873773006,627,0.017507172131147542,0.2,578.0
257,0.3,260,323,13,1.0,323.0,0.0980187695516162,0.0097592629060844,0.0570262908498661,0.0044034854078998,0.0058095370925524,0.00132225953221,627,0.012022246272246271,0.07954545454545454,1326.0
257,0.5,433,448,13,1.666667,268.79994624001074,0.0980187695516162,0.0086958140920601,0.0570262908498661,0.0038743985788466,0.0058095370925524,0.0012818124316402,627,0.015213903743315507,0.1,936.0
258,0.1,89,133,12,1.0,133.0,0.0980187695516162,0.0116819682156381,0.0492079830055308,0.0054768683179288,0.0056186378747126,0.0013727898153096,652,0.00574356407689741,0.04938271604938271,546.0
258,0.2,177,235,12,1.0,235.0,0.0980187695516162,0.0105029618618684,0.0570262908498661,0.0050690441347308,0.0058095370925524,0.0013595924366677,652,0.015771215673592583,0.10526315789473684,1710.0
258,0.3,266,315,12,1.0,315.0,0.0980187695516162,0.0093185692768591,0.0570262908498661,0.0043803578027674,0.0058095370925524,0.0012807823659452,652,0.02421777206634778,0.1111111111111111,522.0
258,0.5,442,454,13,1.5,302.6666666666667,0.0980187695516162,0.0083489133780139,0.0570262908498661,0.0038139290454992,0.0058095370925524,0.0012568267859248,652,0.005737558181167203,0.047619047619047616,578.0
259,0.1,88,128,12,1.0,128.0,0.0980187695516162,0.0121220020855056,0.0570262908498661,0.0054882595113333,0.0056186378747126,0.0013234333666348,632,0.019812848283297785,0.07575757575757576,1218.0
259,0.2,175,224,12,1.0,224.0,0.0980187695516162,0.0106230448383732,0.0570262908498661,0.0048420172811123,0.0056186378747126,0.0013717708447133,632,0.014950847763347763,0.16666666666666666,434.0
259,0.3,262,299,12,1.0,299.0,0.0980187695516162,0.0098102468778444,0.0570262908498661,0.0044714989100814,0.0058095370925524,0.0013362963416757,632,0.010447442134748635,0.07142857142857142,460.0
259,0.5,436,439,13,1.666667,263.39994732001054,0.0980187695516162,0.0086056802715432,0.0570262908498661,0.003881410589219,0.0058095370925524,0.0012967060266992,632,0.01107103050290222,0.0625,714.0
260,0.1,84,131,13,1.0,131.0,0.0980187695516162,0.0103797690023799,0.0464749058416465,0.0044320735217859,0.0040871733233292,0.0013326674408044,633,0.008898679052981508,0.05263157894736842,1800.0
260,0.2,168,229,13,1.0,229.0,0.0980187695516162,0.0096170046127015,0.0570262908498661,0.0041965534326813,0.0058095370925524,0.001305030410792,633,0.00288981288981289,0.03076923076923077,670.0
260,0.3,252,314,13,1.0,314.0,0.0980187695516162,0.0091058228117133,0.0570262908498661,0.0041120484712613,0.0058095370925524,0.0013305658643763,633,0.01054421768707483,0.14285714285714285,420.0
260,0.5,420,443,13,1.666667,265.79994684001065,0.0980187695516162,0.0086150688381661,0.0570262908498661,0.0037788436615824,0.0058095370925524,0.0012796761808576,633,0.011109189723320157,0.08695652173913043,936.0
261,0.1,85,136,13,1.0,136.0,0.05422314911366,0.0107418879960742,0.031948254360793,0.0045913307610249,0.0056186378747126,0.0014319864357362,627,0.019027140059112362,0.08333333333333333,1140.0
261,0.2,170,226,13,1.0,226.0,0.0980187695516162,0.0104875100353428,0.0464749058416465,0.0044197506458049,0.0056186378747126,0.001323806525382,627,0.0125,0.125,168.0
261,0.3,254,310,13,1.0,310.0,0.0980187695516162,0.0096269635709239,0.0570262908498661,0.0041373655370599,0.0056186378747126,0.0012703632012256,627,0.013996496861772003,0.11764705882352941,1120.0
261,0.5,423,451,13,1.5,300.6666666666667,0.0980187695516162,0.008575544092724,0.0570262908498661,0.0036601302442663,0.0056186378747126,0.0012627740559351,627,0.011375,0.125,385.0
262,0.1,83,127,12,1.0,127.0,0.0980187695516162,0.0111500660957525,0.0464749058416465,0.0043318518932878,0.0033286289963735,0.0013202692210467,617,0.00734126984126984,0.08333333333333333,340.0
262,0.2,166,227,13,1.0,227.0,0.0980187695516162,0.009752265805515,0.0570262908498661,0.0041723534263609,0.0040871733233292,0.0013561244623707,617,0.02037439883566139,0.11764705882352941,544.0
262,0.3,248,303,13,1.0,303.0,0.0980187695516162,0.0089821286612498,0.0570262908498661,0.0040952538777317,0.0056186378747126,0.0013241112847422,617,0.014899311638442072,0.10256410256410256,468.0
262,0.5,413,426,13,1.5,284.0,0.0980187695516162,0.0084962328716826,0.0570262908498661,0.0037927502639197,0.0058095370925524,0.0012726090249851,617,0.011448992134770995,0.09523809523809523,702.0
263,0.1,84,131,13,1.0,131.0,0.0761209593326381,0.0108096060622944,0.0570262908498661,0.0047217636386608,0.0045513414488271,0.0011698353350088,622,0.028364565209740185,0.2,540.0
263,0.2,167,223,13,1.0,223.0,0.0980187695516162,0.0103293322173227,0.0570262908498661,0.0046732028784432,0.0052421649220672,0.0012752652069254,622,0.013469422478610318,0.14285714285714285,760.0
263,0.3,251,304,13,1.0,304.0,0.0980187695516162,0.0097003457548981,0.0570262908498661,0.0043556103948602,0.0056186378747126,0.0012675323357925,622,0.014179023598338503,0.06666666666666667,690.0
263,0.5,418,434,13,1.285714,337.5556305679179,0.0980187695516162,0.0088321648414486,0.0570262908498661,0.0039614731752116,0.0058095370925524,0.0012768410961564,622,0.016323880722857707,0.10714285714285714,320.0
264,0.1,84,135,12,1.0,135.0,0.0980187695516162,0.0097632564785849,0.0464749058416465,0.004105496448174,0.0039956275909326,0.0012895660224543,638,0.006791245791245791,0.045454545454545456,1178.0
264,0.2,168,227,12,1.0,227.0,0.0980187695516162,0.0097706403053841,0.0570262908498661,0.004242669734403,0.0056186378747126,0.0012840893637256,638,0.015080367291844273,0.09375,520.0
264,0.3,252,302,12,1.0,302.0,0.0980187695516162,0.008866852198413,0.0570262908498661,0.00378986711205,0.0056186378747126,0.0012217699010818,638,0.0031280547409579668,0.03225806451612903,288.0
264,0.5,419,431,12,1.5,287.3333333333333,0.0980187695516162,0.008383152404017,0.0570262908498661,0.0036558797338097,0.0056186378747126,0.0012454156632115,638,0.011375661375661376,0.07142857142857142,390.0
265,0.1,83,120,13,1.0,120.0,0.0980187695516162,0.0115050399721932,0.0464749058416465,0.0047624944256273,0.0052421649220672,0.001263956883882,619,0.0075452898550724635,0.06666666666666667,460.0
265,0.2,166,214,13,1.0,214.0,0.0980187695516162,0.0100766959352128,0.0464749058416465,0.0042121561180575,0.0056186378747126,0.0013015469216963,619,0.007369920527815264,0.07692307692307693,700.0
265,0.3,249,300,13,1.0,300.0,0.0980187695516162,0.0089607229753214,0.0464749058416465,0.0037947210583378,0.0056186378747126,0.0012709656848955,619,0.017499999999999998,0.3333333333333333,312.0
265,0.5,415,431,13,1.666667,258.5999482800104,0.0980187695516162,0.0084847663725506,0.0570262908498661,0.0037408033162931,0.0056186378747126,0.0012703222998836,619,0.01111111111111111,0.125,375.0
266,0.1,80,121,13,1.0,121.0,0.0980187695516162,0.0120476736269701,0.0570262908498661,0.0051714709302677,0.0039956275909326,0.0012206921752585,609,0.010932626857642425,0.05555555555555555,460.0
266,0.2,160,224,13,1.0,224.0,0.0980187695516162,0.0099946000297928,0.0570262908498661,0.0042508180734897,0.0052421649220672,0.00124341092203,609,0.0074614710793572585,0.045454545454545456,440.0
266,0.3,240,294,13,1.0,294.0,0.0980187695516162,0.0089662559497208,0.0570262908498661,0.003827057658401,0.0052421649220672,0.001218061098261,609,0.004027777777777778,0.05555555555555555,440.0
266,0.5,400,433,13,1.5,288.6666666666667,0.0980187695516162,0.008486515254776,0.0570262908498661,0.0037232432070763,0.0058095370925524,0.0012557656002532,609,0.0073193760262725786,0.05555555555555555,252.0
267,0.1,78,130,12,1.0,130.0,0.0980187695516162,0.0125290767626533,0.0464749058416465,0.0055021581963994,0.0052421649220672,0.0013856828623774,606,0.018130310997401484,0.1,2300.0
267,0.2,156,217,13,1.0,217.0,0.0980187695516162,0.0106870155644079,0.0464749058416465,0.0047211657869291,0.0056186378747126,0.0013164047241949,606,0.011917386254607887,0.0975609756097561,800.0
267,0.3,234,291,13,1.0,291.0,0.0980187695516162,0.0097431101268861,0.0570262908498661,0.0042931633069688,0.0056186378747126,0.001272074274048,606,0.014113212125770411,0.10638297872340426,1160.0
267,0.5,389,415,13,1.666667,248.99995020001,0.0980187695516162,0.0087289721974445,0.0570262908498661,0.0039439990750549,0.0056186378747126,0.0012848245461147,606,0.010692010692010692,0.07692307692307693,432.0
268,0.1,87,124,13,1.0,124.0,0.0980187695516162,0.0119916579770593,0.0464749058416465,0.0049889129991638,0.0056186378747126,0.0012650707434475,649,0.015707680818371813,0.10526315789473684,546.0
268,0.2,174,225,13,1.0,225.0,0.0980187695516162,0.0103487429034873,0.0464749058416465,0.0044164587820926,0.0056186378747126,0.0012829375013905,649,0.0174273907951916,0.1282051282051282,460.0
268,0.3,261,311,13,1.0,311.0,0.0980187695516162,0.0093445409707995,0.0570262908498661,0.0041306036394535,0.0058095370925524,0.0012778611622363,649,0.012450011944577162,0.0625,560.0
268,0.5,435,447,13,1.5,298.0,0.0980187695516162,0.0085939632307142,0.0570262908498661,0.0038813187624489,0.0058095370925524,0.0012846092103969,649,0.004513122240064231,0.03773584905660377,600.0
269,0.1,88,135,13,1.0,135.0,0.0980187695516162,0.0100104275286756,0.0464749058416465,0.0039151449875622,0.0037580805554219,0.0011413445149896,645,0.006971873491067117,0.10526315789473684,1000.0
269,0.2,175,251,13,1.0,251.0,0.0980187695516162,0.0091645929317141,0.0570262908498661,0.0040279285212266,0.0045513414488271,0.001224098162145,645,0.007973681983582972,0.07407407407407407,1872.0
269,0.3,262,329,13,1.0,329.0,0.0980187695516162,0.0085955798688476,0.0570262908498661,0.0038092713941546,0.0045513414488271,0.0011960113845999,645,0.005192743764172335,0.08163265306122448,612.0
269,0.5,437,455,13,1.5,303.3333333333333,0.0980187695516162,0.008073886488902,0.0570262908498661,0.0035971428812705,0.0056186378747126,0.0012286194848671,645,0.010143097643097643,0.08333333333333333,198.0
270,0.1,82,125,13,1.0,125.0,0.0980187695516162,0.0116037539103232,0.0492079830055308,0.0051757924584627,0.0052421649220672,0.0012416575711632,596,0.018165938848973027,0.08695652173913043,2596.0
270,0.2,163,222,13,1.0,222.0,0.0980187695516162,0.0107563246249377,0.0570262908498661,0.0049553093774706,0.0056186378747126,0.0013292542620065,596,0.007510411529398871,0.08333333333333333,1520.0
270,0.3,244,305,13,1.0,305.0,0.0980187695516162,0.0095625566248995,0.0570262908498661,0.0042838756943062,0.0056186378747126,0.001286005704622,596,0.012399958532034005,0.07692307692307693,806.0
270,0.5,407,415,13,1.75,237.14285714285717,0.0980187695516162,0.0086862570197368,0.0570262908498661,0.0038793116415059,0.0056186378747126,0.0012770041958582,596,0.007124330795065341,0.058823529411764705,975.0
271,0.1,87,137,12,1.0,137.0,0.0656934306569343,0.0106330347152979,0.0570262908498661,0.0052555664604695,0.0045513414488271,0.0014245990827659,631,0.007151133180544946,0.058823529411764705,1190.0
271,0.2,174,242,13,1.0,242.0,0.0980187695516162,0.0102637906221183,0.0570262908498661,0.0048326281719463,0.0052421649220672,0.0014079357401114,631,0.023325410382392553,0.125,3900.0
271,0.3,261,321,13,1.0,321.0,0.0980187695516162,0.0093198067821165,0.0570262908498661,0.0042898197118145,0.0056186378747126,0.0012965240130533,631,0.007380952380952381,0.1,260.0
271,0.5,435,445,13,1.75,254.28571428571428,0.0980187695516162,0.0082834413187894,0.0570262908498661,0.0037397510917373,0.0058095370925524,0.0012495579098726,631,0.009342761137892983,0.05555555555555555,874.0
272,0.1,80,119,13,1.0,119.0,0.0980187695516162,0.0114264683975779,0.0570262908498661,0.0050056427895034,0.0052421649220672,0.0012386106774482,609,0.009649122807017543,0.041666666666666664,650.0
272,0.2,160,212,13,1.0,212.0,0.0980187695516162,0.0100389556731657,0.0570262908498661,0.0043486370253953,0.0052421649220672,0.0012747911669352,609,0.021492248062015502,0.16666666666666666,650.0
272,0.3,240,307,13,1.0,307.0,0.0980187695516162,0.0096497097614574,0.0570262908498661,0.0042453151255768,0.0058095370925524,0.001306651966224,609,0.017707431457431456,0.1111111111111111,280.0
272,0.5,400,427,13,1.75,244.0,0.0980187695516162,0.0088157795127144,0.0570262908498661,0.0039597119079682,0.0058095370925524,0.0012962943053189,609,0.031319283801752244,0.3333333333333333,806.0
273,0.1,81,124,12,1.0,124.0,0.0980187695516162,0.0120084765716976,0.0464749058416465,0.0049675089496594,0.0040871733233292,0.00130784504965,615,0.0038461538461538464,0.07692307692307693,252.0
273,0.2,161,232,12,1.0,232.0,0.0980187695516162,0.0100185178526481,0.0570262908498661,0.004355562688707,0.0040871733233292,0.0013110968215121,615,0.006452702702702704,0.041666666666666664,624.0
273,0.3,241,307,12,1.0,307.0,0.0980187695516162,0.0095036564282147,0.0570262908498661,0.0041927860987205,0.0052421649220672,0.0012865319002059,615,0.01232320807649755,0.05555555555555555,676.0
273,0.5,402,418,13,1.5,278.6666666666667,0.0980187695516162,0.008601463845413,0.0570262908498661,0.0038173140540797,0.0056186378747126,0.0012567529771042,615,0.0047619047619047615,0.09523809523809523,680.0
274,0.1,86,126,13,1.0,126.0,0.0980187695516162,0.0128937219656718,0.0570262908498661,0.0056990662753473,0.0039956275909326,0.0013885717000735,607,0.013283277715980719,0.16666666666666666,280.0
274,0.2,172,223,13,1.0,223.0,0.0980187695516162,0.0104181766320484,0.0570262908498661,0.0048186217012866,0.0056186378747126,0.0013175477483754,607,0.013673873979452323,0.09782608695652174,1794.0
274,0.3,257,307,13,1.0,307.0,0.0980187695516162,0.0097244347226514,0.0570262908498661,0.0045212090605092,0.0058095370925524,0.0013198800987464,607,0.005077658303464755,0.06451612903225806,1200.0
274,0.5,428,421,13,1.285714,327.4445172098927,0.0980187695516162,0.0088373924738506,0.0570262908498661,0.0039492170760367,0.0058095370925524,0.001270898400337,607,0.022202380952380953,0.2,868.0
275,0.1,80,129,13,1.0,129.0,0.0980187695516162,0.0125211177664071,0.0464749058416465,0.0053469995946038,0.0052421649220672,0.0013393932999616,601,0.005718954248366013,0.058823529411764705,988.0
275,0.2,160,217,13,1.0,217.0,0.0980187695516162,0.0106005199348399,0.0464749058416465,0.0045706896091862,0.0056186378747126,0.0013574239829404,601,0.01052582814877897,0.047619047619047616,920.0
275,0.3,240,300,13,1.0,300.0,0.0980187695516162,0.0095550921098365,0.0464749058416465,0.0040879564288196,0.0056186378747126,0.0012817842677086,601,0.015443722943722944,0.09523809523809523,432.0
275,0.5,399,420,13,1.5,280.0,0.0980187695516162,0.0087566413426684,0.0570262908498661,0.0038505996860089,0.0058095370925524,0.0012665843588794,601,0.005416789468513606,0.07407407407407407,1700.0
276,0.1,91,129,13,1.0,129.0,0.0980187695516162,0.0117774490546515,0.0464749058416465,0.0048330007107525,0.0039956275909326,0.0012676008927406,671,0.0077476192518874405,0.0967741935483871,624.0
276,0.2,181,243,13,1.0,243.0,0.0980187695516162,0.0101614765037311,0.0570262908498661,0.0043494731186047,0.0058095370925524,0.0012626105915712,671,0.007962112413331926,0.04878048780487805,612.0
276,0.3,271,338,13,1.0,338.0,0.0980187695516162,0.0091071197191353,0.0570262908498661,0.0038820116104441,0.0058095370925524,0.001232338564881,671,0.0014285714285714286,0.02857142857142857,490.0
276,0.5,451,473,13,1.6,295.625,0.0980187695516162,0.0083111592193241,0.0570262908498661,0.0036078202491313,0.0058095370925524,0.0012464902713916,671,0.008034188034188034,0.06666666666666667,336.0
277,0.1,83,121,12,1.0,121.0,0.0980187695516162,0.0116598729737415,0.0570262908498661,0.0052463275825611,0.0045513414488271,0.0012387505687724,629,0.017913995544017063,0.08571428571428572,506.0
277,0.2,166,227,12,1.0,227.0,0.0980187695516162,0.010363217926162,0.0570262908498661,0.0047622871692863,0.0045513414488271,0.0013421260898416,629,0.010168650793650794,0.125,700.0
277,0.3,249,309,13,1.0,309.0,0.0980187695516162,0.0095467568361055,0.0570262908498661,0.0043394716245152,0.0056186378747126,0.0012792064382273,629,0.02108439383052215,0.1,1400.0
277,0.5,415,427,13,1.666667,256.1999487600103,0.0980187695516162,0.008454356973135,0.0570262908498661,0.0038001684953871,0.0056186378747126,0.0012495006063452,629,0.012659372630975062,0.1111111111111111,880.0
278,0.1,85,130,13,1.0,130.0,0.0656934306569343,0.0108526509986363,0.0570262908498661,0.0047629284632374,0.0048729601732022,0.0012703347012091,612,0.004776581092370566,0.05263157894736842,437.0
278,0.2,170,234,13,1.0,234.0,0.0980187695516162,0.0098705025712324,0.0570262908498661,0.0044477890035514,0.0052421649220672,0.0013071390406035,612,0.014103221367777447,0.06666666666666667,966.0
278,0.3,254,314,13,1.0,314.0,0.0980187695516162,0.0094976853543034,0.0570262908498661,0.0041938317212315,0.0056186378747126,0.0013077907639759,612,0.015,0.13333333333333333,767.0
278,0.5,423,454,13,1.5,302.6666666666667,0.0980187695516162,0.0084890189395156,0.0570262908498661,0.0037954257224677,0.0058095370925524,0.0012780325629565,612,0.005896805896805897,0.09090909090909091,221.0
279,0.1,75,126,12,1.0,126.0,0.0980187695516162,0.0121737259380637,0.0464749058416465,0.0052989458930516,0.0056186378747126,0.001366210423879,594,0.009041420541420542,0.07692307692307693,900.0
279,0.2,150,215,13,1.0,215.0,0.0980187695516162,0.0106312292358803,0.0570262908498661,0.004563604769185,0.0056186378747126,0.0013158634041558,594,0.0017680551393467186,0.02127659574468085,442.0
279,0.3,225,297,13,1.0,297.0,0.0980187695516162,0.0096129877151774,0.0570262908498661,0.0042462166102629,0.0058095370925524,0.0012975795497038,594,0.010700838306337028,0.057971014492753624,912.0
279,0.5,374,411,13,1.5,274.0,0.0980187695516162,0.0087454236849515,0.0570262908498661,0.0038254989690897,0.0058095370925524,0.0012719282858183,594,0.011458333333333333,0.09523809523809523,161.0
280,0.1,87,129,12,1.0,129.0,0.0980187695516162,0.0113651979209609,0.0570262908498661,0.0054406128579999,0.0058095370925524,0.0013397307834878,642,0.009476540616246499,0.0625,1340.0
280,0.2,174,222,13,1.0,222.0,0.0980187695516162,0.009854484307039,0.0570262908498661,0.0045546258386631,0.0058095370925524,0.0012622939574005,642,0.008969645550527903,0.0784313725490196,737.0
280,0.3,260,303,13,1.0,303.0,0.0980187695516162,0.0089201829463446,0.0570262908498661,0.0040009576165796,0.0058095370925524,0.0012319889981958,642,0.0701393379367562,0.8571428571428571,612.0
280,0.5,433,437,13,1.666667,262.1999475600105,0.0980187695516162,0.0086045007790819,0.0570262908498661,0.0038398908451725,0.0058095370925524,0.0012701995786177,642,0.010220508658008658,0.07142857142857142,644.0
281,0.1,84,119,13,1.0,119.0,0.0980187695516162,0.0118120240797048,0.0464749058416465,0.0051421878389969,0.0056186378747126,0.0013227280123183,626,0.042770236299648066,0.5555555555555556,900.0
281,0.2,167,210,13,1.0,210.0,0.0980187695516162,0.010343115348329,0.0464749058416465,0.0045443924729141,0.0056186378747126,0.0013346408535206,626,0.01656530986947056,0.08333333333333333,520.0
281,0.3,250,302,13,1.0,302.0,0.0980187695516162,0.0090774744663659,0.0570262908498661,0.0041566549898544,0.0056186378747126,0.001321381277946,626,0.009342650103519668,0.07142857142857142,1176.0
281,0.5,416,445,13,1.5,296.6666666666667,0.0980187695516162,0.0084193506813042,0.0570262908498661,0.0037779257488064,0.0058095370925524,0.001291652815586,626,0.005886521764130873,0.03333333333333333,266.0
282,0.1,88,125,13,1.0,125.0,0.0980187695516162,0.0131803962460896,0.0492079830055308,0.0059935592808725,0.0056186378747126,0.0013738489845058,634,0.02624926429941794,0.375,1700.0
282,0.2,175,224,13,1.0,224.0,0.0980187695516162,0.010474080143006,0.0492079830055308,0.004514259128038,0.0056186378747126,0.0013229013309494,634,0.027391583512273165,0.2857142857142857,912.0
282,0.3,262,314,13,1.0,314.0,0.0980187695516162,0.0092220532268883,0.0492079830055308,0.004012560499725,0.0056186378747126,0.0012536985000392,634,0.029019457245263697,0.3333333333333333,272.0
282,0.5,437,445,13,1.5,296.6666666666667,0.0980187695516162,0.0083279633513373,0.0570262908498661,0.0036955152356984,0.0056186378747126,0.0012508790660534,634,0.005416666666666667,0.06666666666666667,1040.0
283,0.1,83,122,13,1.0,122.0,0.0980187695516162,0.0115984888630574,0.0464749058416465,0.004619039331861,0.0039956275909326,0.001208165019772,629,0.009366732804232804,0.08333333333333333,260.0
283,0.2,165,223,13,1.0,223.0,0.0980187695516162,0.0095016763538251,0.0464749058416465,0.0039821360015649,0.0040871733233292,0.0012958045898632,629,0.036457645299594235,0.375,1368.0
283,0.3,248,301,13,1.0,301.0,0.0980187695516162,0.0093189541985525,0.0492079830055308,0.0040261643139553,0.0045513414488271,0.0012938189364559,629,0.007817389582095465,0.045454545454545456,312.0
283,0.5,413,431,13,1.5,287.3333333333333,0.0980187695516162,0.0085718640598651,0.0570262908498661,0.0037307626478089,0.0056186378747126,0.001238070299208,629,0.00756464709953082,0.05555555555555555,700.0
284,0.1,84,135,13,1.0,135.0,0.0980187695516162,0.0106206310585872,0.0464749058416465,0.0044383643024003,0.0044179097289399,0.0012564971814738,638,0.03893872746838849,0.5,2000.0
284,0.2,168,223,13,1.0,223.0,0.0980187695516162,0.0102451638244246,0.0464749058416465,0.0043969436172345,0.0052421649220672,0.001305381419896,638,0.005153319938767701,0.0625,1131.0
284,0.3,252,315,13,1.0,315.0,0.0980187695516162,0.009202707847129,0.0464749058416465,0.0039656106359854,0.0058095370925524,0.0012859654323062,638,0.02016433780719495,0.11904761904761904,1364.0
284,0.5,420,440,13,1.666667,263.9999472000106,0.0980187695516162,0.0085766423357663,0.0570262908498661,0.003834161947022,0.0058095370925524,0.0012643809883984,638,0.007594246031746031,0.07142857142857142,880.0
285,0.1,83,130,12,1.0,130.0,0.0980187695516162,0.012232293254191,0.0570262908498661,0.0056126272378874,0.0056186378747126,0.0013524094522185,633,0.007682555780933062,0.08333333333333333,1000.0
285,0.2,166,228,13,1.0,228.0,0.0980187695516162,0.0103452060808956,0.0570262908498661,0.0046293590273144,0.0056186378747126,0.0013063099069094,633,0.02216027829204697,0.13043478260869565,920.0
285,0.3,249,324,13,1.0,324.0,0.0980187695516162,0.0091627080678175,0.0570262908498661,0.0040820773801434,0.0056186378747126,0.001249291300874,633,0.012549603174603175,0.1111111111111111,552.0
285,0.5,414,448,13,1.5,298.6666666666667,0.0980187695516162,0.0083350402204677,0.0570262908498661,0.0037069637427432,0.0058095370925524,0.0012505719246994,633,0.019255510571300045,0.2,680.0
286,0.1,82,125,13,1.0,125.0,0.0980187695516162,0.0112867570385818,0.0492079830055308,0.005061728090073,0.0045513414488271,0.0013238419625837,609,0.03785230115413042,0.15384615384615385,3200.0
286,0.2,164,224,13,1.0,224.0,0.0980187695516162,0.009957358855951,0.0570262908498661,0.0044763391860013,0.0052421649220672,0.0012828406472509,609,0.019961282865731803,0.25,468.0
286,0.3,246,301,13,1.0,301.0,0.0980187695516162,0.0090591320554702,0.0570262908498661,0.0039227934707441,0.0052421649220672,0.0012485898566294,609,0.004712695889166478,0.047619047619047616,420.0
286,0.5,409,426,13,1.5,284.0,0.0980187695516162,0.0085721139489001,0.0570262908498661,0.0038295813523837,0.0058095370925524,0.0013034305065063,609,0.00814950980392157,0.0625,260.0
287,0.1,81,115,12,1.0,115.0,0.0980187695516162,0.011651629868069,0.0570262908498661,0.0051169757305561,0.0038790328069506,0.001194030539702,624,0.027886449136449137,0.16216216216216217,900.0
287,0.2,162,213,13,1.0,213.0,0.0980187695516162,0.0103296176083263,0.0570262908498661,0.0046204568638998,0.0052421649220672,0.0012912690516738,624,0.006525764895330114,0.05,560.0
287,0.3,243,304,13,1.0,304.0,0.0980187695516162,0.0093641951594313,0.0570262908498661,0.0041570162897147,0.0052421649220672,0.0012829249607888,624,0.013885202135774216,0.08,510.0
287,0.5,405,440,13,1.666667,263.9999472000106,0.0980187695516162,0.0084723670490093,0.0570262908498661,0.0038434352329613,0.0058095370925524,0.0012772811794209,624,0.0018518518518518517,0.037037037037037035,234.0
288,0.1,85,121,13,1.0,121.0,0.0980187695516162,0.0117029619352113,0.0464749058416465,0.0048336900849139,0.0037580805554219,0.0012619799189391,617,0.025271458697895634,0.3333333333333333,1140.0
288,0.2,170,227,13,1.0,227.0,0.0980187695516162,0.0103586243011947,0.0464749058416465,0.0047916707549482,0.0058095370925524,0.0013834693779347,617,0.01128950849345586,0.07142857142857142,1140.0
288,0.3,255,300,13,1.0,300.0,0.0980187695516162,0.0097566909975668,0.0464749058416465,0.0044135897416688,0.0058095370925524,0.0013619648787289,617,0.0045,0.05,456.0
288,0.5,424,421,13,1.666667,252.5999494800101,0.0980187695516162,0.0086763973755321,0.0570262908498661,0.0039365712092067,0.0058095370925524,0.0012979045692781,617,0.0060921717171717165,0.0625,912.0
289,0.1,80,123,13,1.0,123.0,0.0980187695516162,0.0116737455174342,0.0570262908498661,0.0056292311564715,0.0058095370925524,0.0013293919875299,616,0.004671433435478379,0.0449438202247191,1742.0
289,0.2,160,219,13,1.0,219.0,0.0980187695516162,0.0110560372534174,0.0570262908498661,0.0051871985453687,0.0058095370925524,0.0013820001078866,616,0.007225214097496706,0.04,640.0
289,0.3,240,294,13,1.0,294.0,0.0980187695516162,0.0098990586849963,0.0570262908498661,0.0045566885884549,0.0058095370925524,0.0013179611354377,616,0.008022748595683051,0.05,800.0
289,0.5,400,421,13,1.666667,252.5999494800101,0.0980187695516162,0.0087680407391903,0.0570262908498661,0.0039720382232174,0.0058095370925524,0.0012854137496652,616,0.026320114543520522,0.1111111111111111,700.0
290,0.1,84,135,13,1.0,135.0,0.0980187695516162,0.0109527671571466,0.0570262908498661,0.0053861019688667,0.0045513414488271,0.0014549035485498,611,0.013593616909406381,0.06666666666666667,1003.0
290,0.2,168,227,13,1.0,227.0,0.0980187695516162,0.0095731144317915,0.0570262908498661,0.0043798319101633,0.0045513414488271,0.0013203823458775,611,0.04506279786629685,0.5714285714285714,357.0
290,0.3,251,308,13,1.0,308.0,0.0980187695516162,0.0094897282071421,0.0570262908498661,0.0043827353262691,0.0056186378747126,0.0013370297565631,611,0.01630442351765881,0.09090909090909091,580.0
290,0.5,418,424,13,1.5,282.6666666666667,0.0980187695516162,0.0083961280421822,0.0570262908498661,0.0038008549581972,0.0056186378747126,0.0012883280398964,611,0.006785714285714286,0.1,700.0
291,0.1,86,139,12,1.0,139.0,0.0761209593326381,0.0115302960968034,0.0570262908498661,0.0057748542432572,0.0052421649220672,0.001409918189511,636,0.019849390895875632,0.1,2124.0
291,0.2,172,234,12,1.0,234.0,0.0980187695516162,0.0095541117438927,0.0570262908498661,0.0046364847866441,0.0052421649220672,0.0013305714357892,636,0.03347222222222222,0.625,546.0
291,0.3,258,314,13,1.0,314.0,0.0980187695516162,0.0092386575719133,0.0570262908498661,0.0042578017817926,0.0056186378747126,0.0013035706939373,636,0.007927489177489177,0.07142857142857142,300.0
291,0.5,429,443,13,1.5,295.3333333333333,0.0980187695516162,0.0084950227969785,0.0570262908498661,0.0038582230890557,0.0058095370925524,0.0012801847421087,636,0.005159652793923894,0.043478260869565216,306.0
292,0.1,85,127,13,1.0,127.0,0.0980187695516162,0.0117822863382952,0.0570262908498661,0.0056933263930639,0.0058095370925524,0.0013763658475782,622,0.01175595238095238,0.125,1026.0
292,0.2,169,223,13,1.0,223.0,0.0980187695516162,0.0106893858980533,0.0570262908498661,0.0049222247649551,0.0058095370925524,0.0013253225923107,622,0.008858258816431328,0.07692307692307693,560.0
292,0.3,254,298,13,1.0,298.0,0.0980187695516162,0.0100531174111735,0.0570262908498661,0.004605103602571,0.0058095370925524,0.0012977064898974,622,0.011030609407277927,0.06451612903225806,1040.0
292,0.5,422,424,13,1.666667,254.3999491200102,0.0980187695516162,0.00867157219588,0.0570262908498661,0.0038807026065235,0.0058095370925524,0.0012582808312573,622,0.008568951971032315,0.08571428571428572,640.0
293,0.1,90,134,12,1.0,134.0,0.0980187695516162,0.0124040900813969,0.0570262908498661,0.0055010633444693,0.0052421649220672,0.0014087013808488,646,0.010279428812610888,0.046511627906976744,1206.0
293,0.2,179,240,13,1.0,240.0,0.0980187695516162,0.0104231838720889,0.0570262908498661,0.0044359216100686,0.0052421649220672,0.001275892550945,646,0.016575733479243814,0.07692307692307693,1368.0
293,0.3,268,320,13,1.0,320.0,0.0980187695516162,0.0096422054223148,0.0570262908498661,0.0041105643389923,0.0056186378747126,0.0012492092184733,646,0.010191906523428263,0.0625,1224.0
293,0.5,447,446,13,1.666667,267.5999464800107,0.0980187695516162,0.0085571199446358,0.0570262908498661,0.0038055294849707,0.0058095370925524,0.0012493420109805,646,0.009508547008547008,0.08333333333333333,330.0
294,0.1,86,128,13,1.0,128.0,0.0980187695516162,0.0125782064650677,0.0570262908498661,0.0058717093053835,0.0056186378747126,0.0014006154911777,634,0.013609058060277571,0.08333333333333333,760.0
294,0.2,171,231,13,1.0,231.0,0.0980187695516162,0.0108202537816718,0.0570262908498661,0.0049787551906008,0.0058095370925524,0.0013354057413873,634,0.018802700922266137,0.16666666666666666,840.0
294,0.3,256,313,13,1.0,313.0,0.0980187695516162,0.0097579014348678,0.0570262908498661,0.0045208381143329,0.0058095370925524,0.0013282332551711,634,0.008775252525252526,0.125,490.0
294,0.5,427,444,13,1.666667,266.3999467200107,0.0980187695516162,0.0085275577976307,0.0570262908498661,0.0038519174770137,0.0058095370925524,0.0012684076533063,634,0.0035714285714285713,0.07142857142857142,400.0
295,0.1,84,116,12,1.0,116.0,0.0980187695516162,0.0126388838948616,0.0464749058416465,0.0052649578167482,0.0058095370925524,0.0012554219566713,622,0.018438360485294153,0.1111111111111111,1482.0
295,0.2,168,216,12,1.0,216.0,0.0980187695516162,0.0109199397520564,0.0492079830055308,0.0049580129860127,0.0058095370925524,0.0013082315771363,622,0.013627248128870867,0.08333333333333333,667.0
295,0.3,252,296,12,1.0,296.0,0.0980187695516162,0.0095362567990304,0.0570262908498661,0.0043827147028203,0.0058095370925524,0.0012463691506117,622,0.01949957312982852,0.09090909090909091,270.0
295,0.5,420,428,13,1.666667,256.7999486400103,0.0980187695516162,0.0086538742654439,0.0570262908498661,0.0038486123350039,0.0058095370925524,0.0012313742948878,622,0.008928571428571428,0.08333333333333333,400.0
296,0.1,87,138,13,1.0,138.0,0.0980187695516162,0.0102764050717081,0.0570262908498661,0.0042250249030955,0.0034121486335321,0.0012774070437655,635,0.009376924512845641,0.06818181818181818,826.0
296,0.2,173,231,13,1.0,231.0,0.0980187695516162,0.0094118602982001,0.0570262908498661,0.0042045845022942,0.0045513414488271,0.0012960839622075,635,0.014137306877353716,0.07142857142857142,1080.0
296,0.3,260,311,13,1.0,311.0,0.0980187695516162,0.0086940777672347,0.0570262908498661,0.0038558098034202,0.0045513414488271,0.0012571325140105,635,0.004304029304029304,0.047619047619047616,260.0
296,0.5,433,454,13,1.5,302.6666666666667,0.0980187695516162,0.0082731185660539,0.0570262908498661,0.003663111731104,0.0056186378747126,0.0012589961831058,635,0.012749935475545232,0.125,468.0
297,0.1,82,120,13,1.0,120.0,0.0761209593326381,0.0112617309697601,0.0492079830055308,0.0048633041781943,0.0052421649220672,0.0013635039382376,613,0.012603425409530522,0.05263157894736842,969.0
297,0.2,164,217,13,1.0,217.0,0.0980187695516162,0.0105524668073021,0.0570262908498661,0.0048391544978499,0.0056186378747126,0.0013576191867491,613,0.010579571005587835,0.06666666666666667,684.0
297,0.3,246,287,13,1.0,287.0,0.0980187695516162,0.0094356418016734,0.0570262908498661,0.004355213869489,0.0056186378747126,0.0013061414543528,613,0.011360891523935001,0.0625,1050.0
297,0.5,410,418,13,1.666667,250.79994984001004,0.0980187695516162,0.0084368186557967,0.0570262908498661,0.0037604344933443,0.0056186378747126,0.0012569375123105,613,0.0050780138925586304,0.03571428571428571,884.0
298,0.1,89,139,13,1.0,139.0,0.0656934306569343,0.0100374340777638,0.0570262908498661,0.0042423835257028,0.0040871733233292,0.0013109617125281,641,0.013558350130848829,0.05,2546.0
298,0.2,177,233,13,1.0,233.0,0.0980187695516162,0.0098502105644738,0.0570262908498661,0.0043740029784215,0.0040871733233292,0.0013055620505437,641,0.03856456551578503,0.3333333333333333,2340.0
298,0.3,265,323,13,1.0,323.0,0.0980187695516162,0.0090006036990285,0.0570262908498661,0.0039839303293957,0.0056186378747126,0.0012878017346907,641,0.012720739436248404,0.06521739130434782,580.0
298,0.5,441,444,13,2.0,222.0,0.0980187695516162,0.0085205121701471,0.0570262908498661,0.0037637891101886,0.0058095370925524,0.0012585702445636,641,0.00740998363338789,0.07692307692307693,828.0
299,0.1,87,135,13,1.0,135.0,0.0594369134515119,0.0105742864866951,0.0492079830055308,0.0044661336865971,0.0058095370925524,0.0012785393931228,644,0.003943089430894308,0.03333333333333333,1482.0
299,0.2,174,238,13,1.0,238.0,0.0980187695516162,0.0095819349637664,0.0570262908498661,0.0041759352779183,0.0058095370925524,0.0012450349296661,644,0.007088744588744589,0.07142857142857142,418.0
299,0.3,261,321,13,1.0,321.0,0.0980187695516162,0.0094692355419553,0.0570262908498661,0.0042237899011619,0.0058095370925524,0.0012499500782861,644,0.06121475256769375,0.8333333333333334,546.0
299,0.5,435,456,13,1.5,304.0,0.0980187695516162,0.0084929476977113,0.0570262908498661,0.0037863096515918,0.0058095370925524,0.0012457484704707,644,0.011935500515995871,0.08333333333333333,288.0
300,0.1,82,117,13,1.0,117.0,0.0980187695516162,0.0139033715676051,0.0492079830055308,0.006043658017639,0.0052421649220672,0.0012999618594227,624,0.015695850661422695,0.06060606060606061,1050.0
300,0.2,164,220,13,1.0,220.0,0.0980187695516162,0.011323348184662,0.0570262908498661,0.0049867477336099,0.0056186378747126,0.0012947491718801,624,0.0175114820703056,0.1,640.0
300,0.3,246,299,13,1.0,299.0,0.0980187695516162,0.009949745589225,0.0570262908498661,0.0043840325035596,0.0056186378747126,0.0012603216818502,624,0.018620183219239826,0.06756756756756757,3120.0
300,0.5,409,421,13,1.666667,252.5999494800101,0.0980187695516162,0.0087903323681883,0.0570262908498661,0.0038678650142042,0.0058095370925524,0.0012527386525517,624,0.03153455964325529,0.3333333333333333,460.0
301,0.1,85,129,12,1.0,129.0,0.0980187695516162,0.0109286967205826,0.0464749058416465,0.0045621380859089,0.0056186378747126,0.0013581044210284,640,0.04345238095238095,0.7142857142857143,558.0
301,0.2,170,230,12,1.0,230.0,0.0980187695516162,0.0104456635081832,0.0464749058416465,0.0043885274639635,0.0056186378747126,0.0012997825567267,640,0.014849569290358767,0.09090909090909091,1300.0
301,0.3,255,313,13,1.0,313.0,0.0980187695516162,0.0088550706773229,0.0464749058416465,0.0036661958922239,0.0056186378747126,0.0012135234080215,640,0.019246521476104055,0.1,252.0
301,0.5,424,439,13,1.555556,282.2142050816557,0.0980187695516162,0.0083206453191322,0.0570262908498661,0.0035691528225904,0.0056186378747126,0.0012234165636674,640,0.005568086883876357,0.05263157894736842,1014.0
302,0.1,84,128,13,1.0,128.0,0.0980187695516162,0.0123093717413972,0.0464749058416465,0.0051696026530643,0.0052421649220672,0.0013770372300571,613,0.022630158842167226,0.16666666666666666,1700.0
302,0.2,168,216,13,1.0,216.0,0.0980187695516162,0.0104371837948479,0.0570262908498661,0.0045439497053335,0.0052421649220672,0.0013292106287469,613,0.013744438224675776,0.06666666666666667,1742.0
302,0.3,252,292,13,1.0,292.0,0.0980187695516162,0.0095847558101332,0.0570262908498661,0.0041693084963842,0.0056186378747126,0.0013129354831697,613,0.01886261685174729,0.08695652173913043,496.0
302,0.5,420,425,13,1.5,283.3333333333333,0.0980187695516162,0.0086413543519597,0.0570262908498661,0.0038842505035788,0.0058095370925524,0.0013073522884666,613,0.04455465587044534,0.5777777777777777,1260.0
303,0.1,84,127,13,1.0,127.0,0.0980187695516162,0.0115441774157791,0.0464749058416465,0.0048738256640034,0.0052421649220672,0.001320502793272,623,0.020331465919701214,0.2857142857142857,300.0
303,0.2,167,222,13,1.0,222.0,0.0980187695516162,0.0104698024406053,0.0492079830055308,0.0046053126469899,0.0056186378747126,0.0013404841996597,623,0.017234137133114114,0.14285714285714285,350.0
303,0.3,250,308,13,1.0,308.0,0.0980187695516162,0.0094355592270086,0.0570262908498661,0.0042353491529139,0.0056186378747126,0.0012693873237261,623,0.017923114119922635,0.125,570.0
303,0.5,416,438,13,1.666667,262.79994744001056,0.0980187695516162,0.0086967493726817,0.0570262908498661,0.0038908830101982,0.0058095370925524,0.0012800801200432,623,0.009605801175568616,0.08333333333333333,540.0
304,0.1,87,134,13,1.0,134.0,0.0980187695516162,0.0103497112975269,0.0570262908498661,0.0047237750235311,0.0056186378747126,0.0012779316022803,642,0.010476190476190476,0.0625,1700.0
304,0.2,174,235,13,1.0,235.0,0.0980187695516162,0.0094468972555631,0.0570262908498661,0.0043422405731449,0.0058095370925524,0.0012597740888663,642,0.012408634800400506,0.15384615384615385,2280.0
304,0.3,260,329,13,1.0,329.0,0.0980187695516162,0.0092611668055946,0.0570262908498661,0.0042532141178163,0.0058095370925524,0.0012982335868216,642,0.01441350185453959,0.08333333333333333,600.0
304,0.5,433,455,13,1.5,303.3333333333333,0.0980187695516162,0.0082641029460632,0.0570262908498661,0.003711239508711,0.0058095370925524,0.0012622477542141,642,0.01572100313479624,0.2,700.0
305,0.1,83,116,12,1.0,116.0,0.0980187695516162,0.0126119161482866,0.0570262908498661,0.0056049297796352,0.0045513414488271,0.0012636839338983,621,0.007096153846153847,0.07692307692307693,700.0
305,0.2,166,221,12,1.0,221.0,0.0980187695516162,0.0105596421611878,0.0570262908498661,0.004823123408891,0.0045513414488271,0.0013368124169428,621,0.00399039903990399,0.039603960396039604,2546.0
305,0.3,249,298,12,1.0,298.0,0.0980187695516162,0.0097696845847533,0.0570262908498661,0.0044060653340604,0.0056186378747126,0.0012984905254724,621,0.05396253501400561,0.8333333333333334,1560.0
305,0.5,414,427,13,1.5,284.6666666666667,0.0980187695516162,0.0084885455917438,0.0570262908498661,0.0037667465690299,0.0056186378747126,0.0012416081870652,621,0.011691977004477005,0.09375,1092.0
306,0.1,86,132,13,1.0,132.0,0.0980187695516162,0.0109015072518721,0.0464749058416465,0.0046798510003248,0.0058095370925524,0.0013911076240601,623,0.011846587026343664,0.07142857142857142,1700.0
306,0.2,171,221,13,1.0,221.0,0.0980187695516162,0.0101727383822703,0.0570262908498661,0.0044242372941038,0.0058095370925524,0.0013497134424089,623,0.0321895468885609,0.18181818181818182,432.0
306,0.3,257,307,13,1.0,307.0,0.0980187695516162,0.0095444154979569,0.0570262908498661,0.0043420117844852,0.0058095370925524,0.0013311329723249,623,0.002,0.04,345.0
306,0.5,427,441,13,1.5,294.0,0.0980187695516162,0.0086896072297531,0.0570262908498661,0.0039488657927848,0.0058095370925524,0.0012929545195687,623,0.005423280423280423,0.07142857142857142,225.0
307,0.1,82,131,12,1.0,131.0,0.0656934306569343,0.0099499319424654,0.0570262908498661,0.0041891607587904,0.0048729601732022,0.0012272601324623,640,0.00864486902037023,0.05263157894736842,598.0
307,0.2,164,231,12,1.0,231.0,0.0980187695516162,0.0095201982584672,0.0570262908498661,0.0040813706782983,0.0048729601732022,0.0012408820926584,640,0.01595128227243977,0.18181818181818182,354.0
307,0.3,246,306,12,1.0,306.0,0.0980187695516162,0.0091223837466859,0.0570262908498661,0.0039810686311958,0.0056186378747126,0.0012565614426827,640,0.004051927616050354,0.04878048780487805,352.0
307,0.5,409,440,12,1.666667,263.9999472000106,0.0980187695516162,0.0083467627263247,0.0570262908498661,0.0037013493282277,0.0058095370925524,0.0012730280652071,640,0.01141739226540576,0.06666666666666667,714.0
308,0.1,83,124,12,1.0,124.0,0.0980187695516162,0.0128830434928856,0.0464749058416465,0.0055189511329788,0.0058095370925524,0.001356435539775,622,0.00374611304188769,0.02857142857142857,912.0
308,0.2,166,224,13,1.0,224.0,0.0980187695516162,0.0106882168925964,0.0570262908498661,0.0046105258789944,0.0058095370925524,0.0012807000780423,622,0.0062544783983140145,0.04,1404.0
308,0.3,249,300,13,1.0,300.0,0.0980187695516162,0.0098540145985401,0.0570262908498661,0.0044870097568212,0.0058095370925524,0.0012854958318574,622,0.0038461538461538464,0.07692307692307693,147.0
308,0.5,415,419,13,1.666667,251.39994972001008,0.0980187695516162,0.0089592131819889,0.0570262908498661,0.0040330658419625,0.0058095370925524,0.0012733274165555,622,0.009075031328320802,0.05263157894736842,672.0
309,0.1,85,132,13,1.0,132.0,0.0980187695516162,0.0112727904698707,0.0464749058416465,0.0046635945339306,0.0058095370925524,0.0012507853391879,631,0.012275437278471258,0.15625,1593.0
309,0.2,170,236,13,1.0,236.0,0.0980187695516162,0.0096366271363178,0.0570262908498661,0.0043738803072356,0.0058095370925524,0.0012580787847884,631,0.010896805896805898,0.1,217.0
309,0.3,255,319,13,1.0,319.0,0.0980187695516162,0.0088977219608983,0.0570262908498661,0.0040232033344089,0.0058095370925524,0.0012366919008094,631,0.034701259615793276,0.2727272727272727,450.0
309,0.5,425,448,13,1.5,298.6666666666667,0.0980187695516162,0.0085002979293906,0.0570262908498661,0.0037448851184737,0.0058095370925524,0.0012453270489021,631,0.020328984740749446,0.07142857142857142,315.0
310,0.1,86,127,12,1.0,127.0,0.0980187695516162,0.0124145065808379,0.0570262908498661,0.0057078003503195,0.0045513414488271,0.001256886019021,633,0.005195773961758616,0.0392156862745098,708.0
310,0.2,171,220,12,1.0,220.0,0.0980187695516162,0.0104464878187505,0.0570262908498661,0.004774740273238,0.0052421649220672,0.0012647750647437,633,0.01449083521003684,0.045454545454545456,800.0
310,0.3,257,314,12,1.0,314.0,0.0980187695516162,0.0088301906842982,0.0570262908498661,0.0038753664089513,0.0052421649220672,0.0011665693532459,633,0.006666666666666666,0.1,238.0
310,0.5,428,444,13,1.666667,266.3999467200107,0.0980187695516162,0.0082833093781998,0.0570262908498661,0.0036058951017696,0.0056186378747126,0.0011771451771411,633,0.008650097465886939,0.05263157894736842,396.0
311,0.1,85,129,13,1.0,129.0,0.0980187695516162,0.0117612823435263,0.0464749058416465,0.0046637384554772,0.0044179097289399,0.0012309036569425,619,0.008003235116138343,0.05555555555555555,800.0
311,0.2,169,225,13,1.0,225.0,0.0980187695516162,0.0107380373073803,0.0570262908498661,0.0047378437842525,0.0056186378747126,0.0013284423729827,619,0.028541458463727375,0.1,588.0
311,0.3,253,302,13,1.0,302.0,0.0980187695516162,0.009391681456263,0.0570262908498661,0.0040742042708278,0.0056186378747126,0.0012772289077636,619,0.006739069896964633,0.07142857142857142,988.0
311,0.5,421,426,13,1.666667,255.59994888001023,0.0980187695516162,0.0088585038209793,0.0570262908498661,0.0039792056031504,0.0058095370925524,0.0012809905097398,619,0.013498015873015873,0.06666666666666667,675.0
312,0.1,85,135,12,1.0,135.0,0.0980187695516162,0.012088209168501,0.0464749058416465,0.0050347262077152,0.0056186378747126,0.0013212134023545,630,0.01448015954274064,0.1,880.0
312,0.2,169,231,13,1.0,231.0,0.0980187695516162,0.0105945496977821,0.0464749058416465,0.004535366615677,0.0056186378747126,0.0013227405471885,630,0.020882344057064746,0.1111111111111111,1428.0
312,0.3,254,315,13,1.0,315.0,0.0980187695516162,0.0097158084645049,0.0570262908498661,0.0042372852172397,0.0056186378747126,0.0012807270765853,630,0.007674683196328758,0.043478260869565216,855.0
312,0.5,423,439,13,1.666667,263.39994732001054,0.0980187695516162,0.0084892909993087,0.0570262908498661,0.0037608517313031,0.0058095370925524,0.0012474352416079,630,0.010368639209806862,0.1,550.0
313,0.1,80,115,13,1.0,115.0,0.0980187695516162,0.0111257197261639,0.0570262908498661,0.0054188742891197,0.0045513414488271,0.0014099283797805,609,0.010106673838017121,0.13513513513513514,1209.0
313,0.2,159,205,13,1.0,205.0,0.0980187695516162,0.0103207100892697,0.0570262908498661,0.0048505392699939,0.0052421649220672,0.0013455734956695,609,0.00986029221323339,0.07407407407407407,690.0
313,0.3,238,283,13,1.0,283.0,0.0980187695516162,0.0096721776585591,0.0570262908498661,0.0044642441561229,0.0056186378747126,0.0013030469990333,609,0.04641666666666667,0.8333333333333334,1404.0
313,0.5,396,419,13,1.857143,225.6153672603564,0.0980187695516162,0.0084415697536962,0.0570262908498661,0.0037096992634794,0.0056186378747126,0.0012385990966028,609,0.02031530969030969,0.09090909090909091,680.0
314,0.1,80,128,12,1.0,128.0,0.0980187695516162,0.0127737226277371,0.0464749058416465,0.0054429381273588,0.0058095370925524,0.0012851937821637,617,0.01390553939209696,0.1111111111111111,2006.0
314,0.2,160,222,12,1.0,222.0,0.0980187695516162,0.0108361750697516,0.0464749058416465,0.0047600536817161,0.0058095370925524,0.0013152831453857,617,0.014419230819206246,0.08333333333333333,1560.0
314,0.3,240,304,12,1.0,304.0,0.0980187695516162,0.0098238296471104,0.0570262908498661,0.0043020135158097,0.0058095370925524,0.0012878094981175,617,0.01650423212763366,0.13043478260869565,456.0
314,0.5,399,427,13,1.75,244.0,0.0980187695516162,0.0086155318894339,0.0570262908498661,0.0038097196228908,0.0058095370925524,0.0012706660659537,617,0.011956699346405229,0.06666666666666667,304.0
315,0.1,84,119,13,1.0,119.0,0.0980187695516162,0.0120486150664644,0.0464749058416465,0.0050410274579044,0.0039956275909326,0.0012390180772288,609,0.013365148269809285,0.07692307692307693,1300.0
315,0.2,167,213,13,1.0,213.0,0.0980187695516162,0.0101386910269401,0.0464749058416465,0.004197769594964,0.0058095370925524,0.0012493496874184,609,0.002395833333333333,0.03125,216.0
315,0.3,250,294,13,1.0,294.0,0.0980187695516162,0.009430883928128,0.0570262908498661,0.0041232433403906,0.0058095370925524,0.0012662743215097,609,0.05409159159159158,1.0,1180.0
315,0.5,416,421,13,1.4,300.7142857142857,0.0980187695516162,0.0085476012968773,0.0570262908498661,0.0038330602179161,0.0058095370925524,0.0012611834719388,609,0.011266942088859897,0.14285714285714285,1044.0
316,0.1,84,131,12,1.0,131.0,0.0980187695516162,0.0121707567520237,0.0570262908498661,0.0052925056673612,0.0052421649220672,0.0013075972178118,630,0.017066832977573727,0.0625,2900.0
316,0.2,168,226,13,1.0,226.0,0.0980187695516162,0.0103352496608745,0.0570262908498661,0.0046012223773067,0.0052421649220672,0.0012699393812335,630,0.02165200268141445,0.15384615384615385,936.0
316,0.3,252,308,13,1.0,308.0,0.0980187695516162,0.0094829570846254,0.0570262908498661,0.0041441354459687,0.0052421649220672,0.0012764050450379,630,0.0019230769230769232,0.038461538461538464,418.0
316,0.5,419,425,13,1.5,283.3333333333333,0.0980187695516162,0.0085039563270563,0.0570262908498661,0.0036610906336597,0.0058095370925524,0.0012168653501113,630,0.011242322111887328,0.10810810810810811,871.0
317,0.1,84,134,13,1.0,134.0,0.0980187695516162,0.0113379920003734,0.0570262908498661,0.005544765601924,0.0058095370925524,0.0014680307097711,619,0.00789081196237496,0.05660377358490566,775.0
317,0.2,168,231,13,1.0,231.0,0.0980187695516162,0.0101070288765804,0.0570262908498661,0.0048517294873393,0.0058095370925524,0.0014229479007764,619,0.01653254012247915,0.0975609756097561,980.0
317,0.3,252,312,13,1.0,312.0,0.0980187695516162,0.0095853052057431,0.0570262908498661,0.0044462747263719,0.0058095370925524,0.0013471669284503,619,0.018562801932367153,0.16666666666666666,819.0
317,0.5,420,438,13,1.5,292.0,0.0980187695516162,0.0084253479413962,0.0570262908498661,0.0037767783935128,0.0058095370925524,0.0012682503666544,619,0.055093885830194145,0.8571428571428571,1950.0
318,0.1,87,130,13,1.0,130.0,0.0980187695516162,0.0121601026710515,0.0464749058416465,0.004954591417785,0.0048729601732022,0.0013240371303069,630,0.007795224977043158,0.05,2400.0
318,0.2,173,225,13,1.0,225.0,0.0980187695516162,0.0096767466110531,0.0464749058416465,0.0041533953754086,0.0048729601732022,0.0012845321585993,630,0.006731417916772608,0.05263157894736842,684.0
318,0.3,259,303,13,1.0,303.0,0.0980187695516162,0.0093021815215931,0.0570262908498661,0.0042412317671651,0.0056186378747126,0.0013098822305203,630,0.00930672740476662,0.04938271604938271,1206.0
318,0.5,431,438,13,1.5,292.0,0.0980187695516162,0.0085467643711818,0.0570262908498661,0.0038236492099261,0.0056186378747126,0.0012735484291687,630,0.009883143505998197,0.05263157894736842,1008.0
319,0.1,82,114,13,1.0,114.0,0.0594369134515119,0.0096225966375793,0.0267679426794943,0.0039380352272109,0.0039254903849993,0.0012713804065641,637,0.0051856524873828405,0.05,944.0
319,0.2,164,216,13,1.0,216.0,0.0980187695516162,0.0097323600973235,0.0570262908498661,0.0044317053102324,0.0045513414488271,0.0012553141455735,637,0.006147139498432602,0.06896551724137931,805.0
319,0.3,246,306,13,1.0,306.0,0.0980187695516162,0.0093336604714878,0.0570262908498661,0.0042555880205996,0.0056186378747126,0.0012862721887373,637,0.008521685669572994,0.07142857142857142,855.0
319,0.5,410,443,13,1.5,295.3333333333333,0.0980187695516162,0.0083067152813902,0.0570262908498661,0.0036596638812421,0.0058095370925524,0.0012478887978622,637,0.011552839245617704,0.06060606060606061,480.0
320,0.1,84,122,13,1.0,122.0,0.0980187695516162,0.012213883998017,0.0464749058416465,0.0051872639973619,0.0039956275909326,0.0012317227261639,620,0.006226609756312727,0.0297029702970297,2028.0
320,0.2,167,232,13,1.0,232.0,0.0980187695516162,0.0098836791197727,0.0464749058416465,0.0041051345109854,0.0058095370925524,0.0012244977405054,620,0.01074478776770139,0.05084745762711865,936.0
320,0.3,250,306,13,1.0,306.0,0.0980187695516162,0.0092518759328548,0.0464749058416465,0.0039402159682466,0.0058095370925524,0.0012441995872818,620,0.005605132724697942,0.05,2106.0
320,0.5,416,430,13,1.666667,257.99994840001034,0.0980187695516162,0.0087979241942914,0.0570262908498661,0.0040031057156888,0.0058095370925524,0.0012979026356452,620,0.0032258064516129032,0.06451612903225806,420.0
321,0.1,81,117,13,1.0,117.0,0.0980187695516162,0.0115148436316319,0.0464749058416465,0.0047883131122465,0.0039956275909326,0.0012776097982876,624,0.015573152267952046,0.16,1040.0
321,0.2,161,219,13,1.0,219.0,0.0980187695516162,0.0099228172420852,0.0464749058416465,0.0041482332326362,0.0039956275909326,0.0012119571568592,624,0.05104698581560284,0.8333333333333334,1400.0
321,0.3,242,289,13,1.0,289.0,0.0980187695516162,0.0091538547578756,0.0464749058416465,0.0038332377563849,0.0039956275909326,0.0012339391162741,624,0.007182539682539682,0.07142857142857142,390.0
321,0.5,403,423,13,1.5,282.0,0.0980187695516162,0.0084209073182515,0.0570262908498661,0.0035347736165385,0.0052421649220672,0.0012169273110153,624,0.019039987789987785,0.16666666666666666,399.0
322,0.1,86,131,13,1.0,131.0,0.0980187695516162,0.0103001695468402,0.0464749058416465,0.0043149855005703,0.0034121486335321,0.0012353467371041,630,0.029426050223736056,0.3333333333333333,312.0
322,0.2,171,221,13,1.0,221.0,0.0980187695516162,0.0093140007266241,0.0570262908498661,0.0040374697297641,0.0044179097289399,0.0012461832443654,630,0.0100623334998335,0.07692307692307693,1000.0
322,0.3,256,304,13,1.0,304.0,0.0980187695516162,0.0090726359694857,0.0570262908498661,0.0039846973643141,0.0044179097289399,0.0012732624400098,630,0.0518901018165724,0.7142857142857143,684.0
322,0.5,427,441,13,1.5,294.0,0.0980187695516162,0.0083609390923557,0.0570262908498661,0.003707614682612,0.0058095370925524,0.0012670532887054,630,0.012996073371574582,0.05555555555555555,598.0
323,0.1,85,135,13,1.0,135.0,0.0761209593326381,0.0105974587726412,0.0570262908498661,0.0048894750295393,0.0058095370925524,0.0013359000401949,631,0.009500276854928016,0.06976744186046512,756.0
323,0.2,170,233,13,1.0,233.0,0.0980187695516162,0.009559313841761,0.0570262908498661,0.0043444948121521,0.0058095370925524,0.0013179749163375,631,0.00925179211469534,0.1111111111111111,220.0
323,0.3,255,321,13,1.0,321.0,0.0980187695516162,0.0087773154148759,0.0570262908498661,0.0039317455450535,0.0058095370925524,0.0012648605048487,631,0.025335249042145597,0.4,304.0
323,0.5,424,439,13,1.75,250.8571428571429,0.0980187695516162,0.0083538993969135,0.0570262908498661,0.0037009199178967,0.0058095370925524,0.0012824449658449,631,0.007374727668845317,0.058823529411764705,728.0
324,0.1,81,125,13,1.0,125.0,0.0980187695516162,0.0114285714285713,0.0464749058416465,0.005039261235302,0.0058095370925524,0.0014445957179144,614,0.017153347153157333,0.10714285714285714,912.0
324,0.2,162,218,13,1.0,218.0,0.0980187695516162,0.0103270800049745,0.0570262908498661,0.0047976423620833,0.0058095370925524,0.0013219043062807,614,0.0227746126992023,0.14285714285714285,360.0
324,0.3,243,297,13,1.0,297.0,0.0980187695516162,0.0096761848586665,0.0570262908498661,0.0043808877944094,0.0058095370925524,0.0012870735103664,614,0.009080143993937098,0.07692307692307693,560.0
324,0.5,405,415,13,1.571429,264.0908370661353,0.0980187695516162,0.0086937949922735,0.0570262908498661,0.0039142777306413,0.0058095370925524,0.0012735685295239,614,0.010560288549418984,0.08695652173913043,280.0
325,0.1,81,117,13,1.0,117.0,0.0980187695516162,0.0124149978164576,0.0464749058416465,0.0047329967827105,0.0039956275909326,0.0012076365217626,608,0.008977716298271802,0.07692307692307693,630.0
325,0.2,162,214,13,1.0,214.0,0.0980187695516162,0.0098184440567958,0.0464749058416465,0.0037729359760982,0.0039956275909326,0.0011671275385659,608,0.013741806109416948,0.1,531.0
325,0.3,243,289,13,1.0,289.0,0.0980187695516162,0.0089842721115925,0.0464749058416465,0.0035869913582326,0.0058095370925524,0.0011806100197121,608,0.012321207803676248,0.07142857142857142,520.0
325,0.5,405,414,13,1.5,276.0,0.0980187695516162,0.0087777626654173,0.0570262908498661,0.0037843882475112,0.0058095370925524,0.0012578926157905,608,0.014570148683051908,0.09090909090909091,700.0
326,0.1,82,121,13,1.0,121.0,0.0980187695516162,0.013254164548126,0.0464749058416465,0.0058423684469374,0.0056186378747126,0.0013267942876513,624,0.014123329156223894,0.125,3042.0
326,0.2,164,218,13,1.0,218.0,0.0980187695516162,0.0107097416077526,0.0464749058416465,0.0046141053900802,0.0056186378747126,0.0012903398310513,624,0.011827815506508205,0.125,1482.0
326,0.3,246,294,13,1.0,294.0,0.0980187695516162,0.0098103892234682,0.0464749058416465,0.0042506025048042,0.0058095370925524,0.0012650066177806,624,0.014499999999999999,0.25,360.0
326,0.5,409,427,13,1.5,284.6666666666667,0.0980187695516162,0.0086912352592107,0.0570262908498661,0.0039029625212995,0.0058095370925524,0.0012686578445382,624,0.005187735404896422,0.05555555555555555,800.0
327,0.1,80,120,13,1.0,120.0,0.0980187695516162,0.0120524852276676,0.0464749058416465,0.0051654798898862,0.0056186378747126,0.0013773557868842,591,0.012592149565833776,0.05555555555555555,1008.0
327,0.2,160,218,13,1.0,218.0,0.0980187695516162,0.0106810419875443,0.0464749058416465,0.0044769493903432,0.0056186378747126,0.0012828367944328,591,0.025173800466503915,0.1111111111111111,2964.0
327,0.3,240,293,13,1.0,293.0,0.0980187695516162,0.0094666301287959,0.0464749058416465,0.0039217336720016,0.0056186378747126,0.0012363320236908,591,0.013547601504498056,0.08333333333333333,1040.0
327,0.5,399,400,13,1.666667,239.9999520000096,0.0980187695516162,0.0089650677789363,0.0570262908498661,0.0038598060441937,0.0056186378747126,0.0012697583733644,591,0.03912107065048241,0.375,798.0
328,0.1,81,120,12,1.0,120.0,0.0980187695516162,0.0119916579770593,0.0492079830055308,0.0053192449509506,0.0058095370925524,0.0012323285686928,633,0.015152372137666254,0.125,2000.0
328,0.2,162,215,12,1.0,215.0,0.0980187695516162,0.0101462279021266,0.0570262908498661,0.0044558480128921,0.0058095370925524,0.0012116409840785,633,0.009225339672148183,0.0425531914893617,600.0
328,0.3,243,292,13,1.0,292.0,0.0980187695516162,0.0092062222349193,0.0570262908498661,0.0040364974569601,0.0058095370925524,0.0012290848190489,633,0.017222222222222222,0.16666666666666666,440.0
328,0.5,405,428,13,1.5,285.3333333333333,0.0980187695516162,0.008315223217331,0.0570262908498661,0.0036303559013322,0.0058095370925524,0.001222813783673,633,0.0062271062271062275,0.07692307692307693,546.0
329,0.1,79,118,12,1.0,118.0,0.0980187695516162,0.0128576730704653,0.0570262908498661,0.0055150983462678,0.0039956275909326,0.0012988864055588,616,0.026124575846335006,0.25,3953.0
329,0.2,158,208,12,1.0,208.0,0.0980187695516162,0.0105127536696879,0.0570262908498661,0.0046144722952341,0.0056186378747126,0.0012991267207207,616,0.016985989667441283,0.14285714285714285,920.0
329,0.3,236,292,13,1.0,292.0,0.0980187695516162,0.0092740725927406,0.0570262908498661,0.0040233357121408,0.0058095370925524,0.0012632161358641,616,0.004340277777777778,0.05555555555555555,1062.0
329,0.5,393,421,13,2.0,210.5,0.0980187695516162,0.0085971382502061,0.0570262908498661,0.00381736115072,0.0058095370925524,0.0012858011824094,616,0.011141080822572931,0.12,646.0
330,0.1,86,123,12,1.0,123.0,0.0980187695516162,0.0133777563010249,0.0570262908498661,0.0060601995553457,0.0045513414488271,0.0013274280067378,632,0.0015723934149430136,0.021739130434782608,750.0
330,0.2,172,218,13,1.0,218.0,0.0980187695516162,0.0112024184213295,0.0570262908498661,0.0051369136222864,0.0052421649220672,0.0013473409528639,632,0.004395078101974653,0.034482758620689655,252.0
330,0.3,257,297,13,1.0,297.0,0.0980187695516162,0.0100694115292654,0.0570262908498661,0.0046185851703551,0.0056186378747126,0.0013267916173612,632,0.0038395237107149128,0.03225806451612903,520.0
330,0.5,428,430,13,1.666667,257.99994840001034,0.0980187695516162,0.0087979241942914,0.0570262908498661,0.0039355258706174,0.0056186378747126,0.0013069459201153,632,0.03885642273103575,0.5192307692307693,1540.0
331,0.1,80,126,12,1.0,126.0,0.0980187695516162,0.0129682043133554,0.0464749058416465,0.0055335263360175,0.0039956275909326,0.0013204044665042,607,0.009055844810357965,0.05128205128205128,2124.0
331,0.2,159,223,13,1.0,223.0,0.0980187695516162,0.0100440948858348,0.0492079830055308,0.0043344814088192,0.0045513414488271,0.0012840907256355,607,0.007107843137254902,0.058823529411764705,468.0
331,0.3,238,298,13,1.0,298.0,0.0980187695516162,0.0094092700030092,0.0570262908498661,0.0041693040626606,0.0045513414488271,0.0012664917173382,607,0.014373737373737375,0.1111111111111111,680.0
331,0.5,397,411,13,1.555556,264.21421022451136,0.0980187695516162,0.0086769216717535,0.0570262908498661,0.0038298668608378,0.0056186378747126,0.0012819443472557,607,0.013060224089635853,0.16666666666666666,660.0
332,0.1,84,132,12,1.0,132.0,0.0980187695516162,0.0117230701172306,0.0464749058416465,0.0048352091591515,0.0056186378747126,0.0012879467812914,624,0.007416142557651992,0.1388888888888889,700.0
332,0.2,168,225,13,1.0,225.0,0.0980187695516162,0.0101679990731085,0.0492079830055308,0.0044097852862822,0.0056186378747126,0.0012855544769962,624,0.010328282828282829,0.1111111111111111,924.0
332,0.3,252,306,13,1.0,306.0,0.0980187695516162,0.0091360145031248,0.0570262908498661,0.0040570572768404,0.0056186378747126,0.0012397969429861,624,0.0030555555555555553,0.03333333333333333,400.0
332,0.5,420,435,13,1.5,290.0,0.0980187695516162,0.0084546881929212,0.0570262908498661,0.0038022645984414,0.0058095370925524,0.0012506284778087,624,0.03058819857359114,0.25,600.0
333,0.1,82,114,13,1.0,114.0,0.0980187695516162,0.0134917585935641,0.0464749058416465,0.005807585856525,0.0056186378747126,0.0012889734916979,627,0.01211102925156482,0.06896551724137931,2808.0
333,0.2,163,212,13,1.0,212.0,0.0980187695516162,0.010073386192378,0.0464749058416465,0.0044560591818314,0.0056186378747126,0.001320085417481,627,0.01957559023184023,0.07142857142857142,3400.0
333,0.3,244,297,13,1.0,297.0,0.0980187695516162,0.0094233962847101,0.0570262908498661,0.0044542756851334,0.0058095370925524,0.001327708558247,627,0.008018018018018018,0.08333333333333333,325.0
333,0.5,406,444,13,1.555556,285.42848987757435,0.0980187695516162,0.008217550188353,0.0570262908498661,0.0037017577338315,0.0058095370925524,0.0012527312660062,627,0.008496732026143792,0.1111111111111111,300.0
334,0.1,82,119,13,1.0,119.0,0.0761209593326381,0.0121625292452747,0.031948254360793,0.0051963796989364,0.0044179097289399,0.0013036927612486,647,0.010026709401709402,0.07692307692307693,1482.0
334,0.2,163,214,13,1.0,214.0,0.0980187695516162,0.0104226559987525,0.0464749058416465,0.0046377741336512,0.0056186378747126,0.0013108006359355,647,0.007469479545941316,0.047619047619047616,864.0
334,0.3,245,308,13,1.0,308.0,0.0980187695516162,0.0094728004008504,0.0570262908498661,0.0043397992836835,0.0058095370925524,0.0012956023472489,647,0.006341323828773028,0.06060606060606061,1742.0
334,0.5,407,443,13,1.5,295.3333333333333,0.0980187695516162,0.0083349614087284,0.0570262908498661,0.0037695636373853,0.0058095370925524,0.0012550853372562,647,0.01,0.2,416.0
335,0.1,86,135,13,1.0,135.0,0.0980187695516162,0.0121036573591317,0.0464749058416465,0.0054269381523103,0.0052421649220672,0.0014754865761037,620,0.011837790644242256,0.07692307692307693,2065.0
335,0.2,172,238,13,1.0,238.0,0.0980187695516162,0.0105458241690836,0.0570262908498661,0.0047786885016423,0.0052421649220672,0.0013751866626245,620,0.0016129032258064516,0.03225806451612903,1121.0
335,0.3,258,318,13,1.0,318.0,0.0980187695516162,0.0093585430315907,0.0570262908498661,0.0041486676954409,0.0052421649220672,0.0013011276754708,620,0.019957264957264957,0.2777777777777778,546.0
335,0.5,429,445,13,2.0,222.5,0.0980187695516162,0.0085224543356257,0.0570262908498661,0.0037760571334609,0.0058095370925524,0.0012864253935354,620,0.004837251356238697,0.07142857142857142,938.0
336,0.1,82,114,13,1.0,114.0,0.0980187695516162,0.0120099518870167,0.0464749058416465,0.0050285086273056,0.0040328017800694,0.0012819640899001,619,0.011675972086849052,0.046153846153846156,1550.0
336,0.2,163,222,13,1.0,222.0,0.0980187695516162,0.0100940356414808,0.0492079830055308,0.0044634695088933,0.0058095370925524,0.0012729171771558,619,0.004726890756302521,0.058823529411764705,648.0
336,0.3,245,305,13,1.0,305.0,0.0980187695516162,0.0095557189011777,0.0492079830055308,0.0042018911238394,0.0058095370925524,0.0012531406064026,619,0.015589572192513368,0.1,640.0
336,0.5,408,424,13,1.75,242.28571428571428,0.0980187695516162,0.0089101265075648,0.0570262908498661,0.0039698702272584,0.0058095370925524,0.0012684456334086,619,0.036361834849738074,0.5555555555555556,480.0
337,0.1,85,126,13,1.0,126.0,0.0980187695516162,0.0100220136716486,0.0464749058416465,0.0038000149601845,0.0039254903849993,0.0010134904037142,629,0.013069159384948858,0.125,1404.0
337,0.2,169,236,13,1.0,236.0,0.0980187695516162,0.0089208391509516,0.0570262908498661,0.0037590929221367,0.0048729601732022,0.0011904699171901,629,0.016408873485335256,0.13333333333333333,5000.0
337,0.3,254,327,13,1.0,327.0,0.0980187695516162,0.0085620533621604,0.0570262908498661,0.0037412317468371,0.0048729601732022,0.00120990329812,629,0.010872297637003519,0.07692307692307693,720.0
337,0.5,423,440,13,1.75,251.42857142857144,0.0980187695516162,0.0087022466584509,0.0570262908498661,0.0038880960836872,0.0058095370925524,0.0012789363912882,629,0.011309523809523808,0.14285714285714285,616.0
338,0.1,84,127,12,1.0,127.0,0.0980187695516162,0.0118151289482974,0.0492079830055308,0.0055118506973833,0.0058095370925524,0.0013748914329444,625,0.009671860498322266,0.05,504.0
338,0.2,168,221,13,1.0,221.0,0.0980187695516162,0.0102482318025469,0.0570262908498661,0.0047731962236363,0.0058095370925524,0.0013220905736552,625,0.03681776842221983,0.1282051282051282,529.0
338,0.3,252,312,13,1.0,312.0,0.0980187695516162,0.0096755434346674,0.0570262908498661,0.0044868323897201,0.0058095370925524,0.0013306543490788,625,0.014359575639588618,0.05,627.0
338,0.5,420,428,13,1.8,237.77777777777777,0.0980187695516162,0.0085710387572724,0.0570262908498661,0.0038450040054342,0.0058095370925524,0.0012537471251114,625,0.0073183760683760675,0.07692307692307693,330.0
339,0.1,83,120,13,1.0,120.0,0.0980187695516162,0.0111400764685435,0.0570262908498661,0.0051032401159304,0.0052421649220672,0.0013621522274951,617,0.013047946417511636,0.07692307692307693,850.0
339,0.2,165,216,13,1.0,216.0,0.0980187695516162,0.0099978758737882,0.0570262908498661,0.0046161289167533,0.0052421649220672,0.001335848382518,617,0.007606564364876384,0.08333333333333333,1824.0
339,0.3,247,292,13,1.0,292.0,0.0980187695516162,0.0099061522419186,0.0570262908498661,0.0044807832241216,0.0056186378747126,0.0013342590949627,617,0.023794750067436095,0.1,1197.0
339,0.5,411,435,13,1.5,290.0,0.0980187695516162,0.0083827742020542,0.0570262908498661,0.0038041081680528,0.0056186378747126,0.0012536970151313,617,0.02435374149659864,0.2,600.0
340,0.1,81,117,13,1.0,117.0,0.0980187695516162,0.0118089534147927,0.0570262908498661,0.0051750902270828,0.0039956275909326,0.0012354446709358,608,0.013878037007534181,0.1,670.0
340,0.2,162,217,13,1.0,217.0,0.0980187695516162,0.0103458383588895,0.0570262908498661,0.0046123556375254,0.0052421649220672,0.0012806740045594,608,0.01103166375733695,0.0625,1500.0
340,0.3,242,299,13,1.0,299.0,0.0980187695516162,0.0091964525477695,0.0570262908498661,0.0040550571915208,0.0056186378747126,0.0012610415542035,608,0.004575328614762386,0.06976744186046512,600.0
340,0.5,403,438,13,1.5,292.0,0.0980187695516162,0.0085348607996342,0.0570262908498661,0.0037193969398316,0.0058095370925524,0.0012652257484702,608,0.006123431123431123,0.07692307692307693,600.0
341,0.1,87,131,12,1.0,131.0,0.0761209593326381,0.0117807194198791,0.0570262908498661,0.0057296316897233,0.0058095370925524,0.0013742831871452,632,0.010942968585283576,0.1,1280.0
341,0.2,174,232,12,1.0,232.0,0.0980187695516162,0.0106567545215921,0.0570262908498661,0.0050115371907033,0.0058095370925524,0.0013627592900558,632,0.0101115804744837,0.05555555555555555,1003.0
341,0.3,261,316,12,1.0,316.0,0.0980187695516162,0.0095794670080911,0.0570262908498661,0.0044275688621101,0.0058095370925524,0.0013023303835067,632,0.006302752460053296,0.04838709677419355,1014.0
341,0.5,435,446,13,1.5,297.3333333333333,0.0980187695516162,0.0086062181738263,0.0570262908498661,0.0038345078309255,0.0058095370925524,0.001262317352503,632,0.014661200868097421,0.18181818181818182,272.0
342,0.1,85,125,13,1.0,125.0,0.0980187695516162,0.0128467153284671,0.0570262908498661,0.0057694109798954,0.0052421649220672,0.0014232263814972,636,0.032609718491552975,0.313953488372093,2730.0
342,0.2,170,219,13,1.0,219.0,0.0980187695516162,0.011560748687036,0.0570262908498661,0.0052203393733995,0.0056186378747126,0.0014525294088703,636,0.02246328214432277,0.2,960.0
342,0.3,255,294,13,1.0,294.0,0.0980187695516162,0.0098564973434628,0.0570262908498661,0.0043687144956633,0.0056186378747126,0.0013334404871927,636,0.012435892048831188,0.09302325581395349,540.0
342,0.5,425,431,13,1.5,287.3333333333333,0.0980187695516162,0.0084799276121442,0.0570262908498661,0.0037061781796511,0.0058095370925524,0.0012760088745171,636,0.01796031746031746,0.16666666666666666,3900.0
343,0.1,81,124,13,1.0,124.0,0.0980187695516162,0.0125718994920783,0.0464749058416465,0.0052315881856756,0.0056186378747126,0.0013487147055111,624,0.005719781896252485,0.027777777777777776,1800.0
343,0.2,162,214,13,1.0,214.0,0.0980187695516162,0.0113777006812001,0.0464749058416465,0.0049173179302942,0.0056186378747126,0.0013304761259418,624,0.008383868324657798,0.05263157894736842,700.0
343,0.3,243,296,13,1.0,296.0,0.0980187695516162,0.0101597948313276,0.0570262908498661,0.0044755639781538,0.0056186378747126,0.0012976084200412,624,0.027539526076760117,0.1702127659574468,600.0
343,0.5,405,433,13,1.5,288.6666666666667,0.0980187695516162,0.0085659860275931,0.0570262908498661,0.0037805519746144,0.0058095370925524,0.0012477666430696,624,0.01744047619047619,0.2,312.0
344,0.1,87,131,13,1.0,131.0,0.0980187695516162,0.010658367096769,0.0570262908498661,0.0050294498775255,0.0045513414488271,0.0012132911816163,637,0.01443716331625279,0.16666666666666666,550.0
344,0.2,173,236,13,1.0,236.0,0.0980187695516162,0.0094554709177992,0.0570262908498661,0.0042440446515399,0.0052421649220672,0.0012893893320519,637,0.006091269841269842,0.044444444444444446,546.0
344,0.3,260,326,13,1.0,326.0,0.0980187695516162,0.0092824196984332,0.0570262908498661,0.0041210864637792,0.0052421649220672,0.0012599565473956,637,0.004058441558441558,0.045454545454545456,572.0
344,0.5,432,445,13,1.666667,266.9999466000107,0.0980187695516162,0.0086114984007216,0.0570262908498661,0.0038639535795338,0.0058095370925524,0.0012765140706514,637,0.006947586726998492,0.058823529411764705,136.0
345,0.1,88,137,12,1.0,137.0,0.0980187695516162,0.010313358653707,0.0570262908498661,0.004348924366409,0.0044179097289399,0.0012310570005057,642,0.013985092131353679,0.125,756.0
345,0.2,175,236,12,1.0,236.0,0.0980187695516162,0.0101403297926865,0.0570262908498661,0.0043487979166202,0.0044179097289399,0.0012499503672652,642,0.011441884495478847,0.06666666666666667,804.0
345,0.3,263,317,13,1.0,317.0,0.0980187695516162,0.0092828031302322,0.0570262908498661,0.0039819625353185,0.0044179097289399,0.0012611560624065,642,0.007555555555555556,0.1111111111111111,384.0
345,0.5,437,437,13,1.75,249.7142857142857,0.0980187695516162,0.0084398555894655,0.0570262908498661,0.0036627874913648,0.0056186378747126,0.001238654914869,642,0.01631174868414558,0.14285714285714285,352.0
346,0.1,85,133,13,1.0,133.0,0.0980187695516162,0.0101452797792185,0.0464749058416465,0.0043971389972507,0.0058095370925524,0.0013243148413505,613,0.01098962598962599,0.047619047619047616,3363.0
346,0.2,169,234,13,1.0,234.0,0.0980187695516162,0.0094961810290277,0.0492079830055308,0.004265805834695,0.0058095370925524,0.0013546608691477,613,0.008287506400409626,0.07142857142857142,798.0
346,0.3,253,311,13,1.0,311.0,0.0980187695516162,0.0092238364587978,0.0570262908498661,0.0041709399002745,0.0058095370925524,0.0013136698503611,613,0.015059048095011147,0.08333333333333333,1200.0
346,0.5,421,433,13,1.5,288.6666666666667,0.0980187695516162,0.0086189665428046,0.0570262908498661,0.0038948336474721,0.0058095370925524,0.0012887189157155,613,0.006067096917770113,0.05263157894736842,468.0
347,0.1,84,135,13,1.0,135.0,0.0980187695516162,0.0113157996369674,0.0570262908498661,0.0047573746652245,0.0040871733233292,0.0012665768109446,628,0.011212121212121211,0.09090909090909091,590.0
347,0.2,168,236,13,1.0,236.0,0.0980187695516162,0.0100210317951255,0.0570262908498661,0.0044720191348499,0.0058095370925524,0.0012801923416427,628,0.008311439518336069,0.05555555555555555,1407.0
347,0.3,252,320,13,1.0,320.0,0.0980187695516162,0.0093163451511991,0.0570262908498661,0.0041645756644419,0.0058095370925524,0.0012587038893263,628,0.01957533931446975,0.08695652173913043,960.0
347,0.5,419,431,13,1.875,229.86666666666667,0.0980187695516162,0.0086105741431159,0.0570262908498661,0.0038430431952118,0.0058095370925524,0.0012561029986427,628,0.0014705882352941176,0.029411764705882353,352.0
348,0.1,82,127,13,1.0,127.0,0.0980187695516162,0.0120942911333163,0.0464749058416465,0.0051768776459173,0.0040871733233292,0.0012974611298899,622,0.022204154650448997,0.1111111111111111,1400.0
348,0.2,163,226,13,1.0,226.0,0.0980187695516162,0.0094447571677724,0.0570262908498661,0.0041660372680052,0.0040871733233292,0.0012969153520018,622,0.014751032146865479,0.09375,1005.0
348,0.3,244,295,13,1.0,295.0,0.0980187695516162,0.0089570703946554,0.0570262908498661,0.0039926125871906,0.0058095370925524,0.0012955921227111,622,0.01016628469569646,0.058823529411764705,1440.0
348,0.5,406,417,13,1.5,278.0,0.0980187695516162,0.0086946084425472,0.0570262908498661,0.0038905049805232,0.0058095370925524,0.0012820027477053,622,0.0056179775280898875,0.11235955056179775,2144.0
349,0.1,86,133,13,1.0,133.0,0.0761209593326381,0.0105137713940742,0.0293591471972982,0.0043683425585519,0.0056186378747126,0.0013029005739768,628,0.010995215311004784,0.06666666666666667,792.0
349,0.2,171,233,13,1.0,233.0,0.0980187695516162,0.0101097799478175,0.0464749058416465,0.004376735401865,0.0056186378747126,0.0013337287410641,628,0.0038949545078577332,0.03225806451612903,620.0
349,0.3,256,313,13,1.0,313.0,0.0980187695516162,0.0092115389100067,0.0464749058416465,0.0040073708500631,0.0056186378747126,0.0012808531007881,628,0.007885442260442261,0.06818181818181818,640.0
349,0.5,426,443,13,1.555556,284.7856329183906,0.0980187695516162,0.0083514383163424,0.0570262908498661,0.0037350876938991,0.0058095370925524,0.0012554615789415,628,0.008999618029029795,0.058823529411764705,532.0
350,0.1,84,122,13,1.0,122.0,0.0980187695516162,0.0126754303492366,0.0464749058416465,0.005638171928092,0.0056186378747126,0.0013567650808833,642,0.016285869369164353,0.07692307692307693,806.0
350,0.2,168,224,13,1.0,224.0,0.0980187695516162,0.0098689110680768,0.0464749058416465,0.0040450379451747,0.0056186378747126,0.0012152931586684,642,0.00850821409644939,0.058823529411764705,590.0
350,0.3,252,307,13,1.0,307.0,0.0980187695516162,0.0087326306922587,0.0464749058416465,0.0036072062487543,0.0056186378747126,0.0011981464140498,642,0.003787878787878788,0.045454545454545456,612.0
350,0.5,420,431,13,1.5,287.3333333333333,0.0980187695516162,0.0084315400080806,0.0570262908498661,0.0037090083532532,0.0058095370925524,0.0012498525737565,642,0.0033936651583710412,0.038461538461538464,741.0
351,0.1,86,124,12,1.0,124.0,0.0980187695516162,0.0114871001379124,0.0464749058416465,0.0047032583110521,0.0034225241115278,0.0012908614511458,634,0.017256299827749684,0.16666666666666666,720.0
351,0.2,171,222,13,1.0,222.0,0.0980187695516162,0.0106013208202988,0.0492079830055308,0.0047123060606189,0.0058095370925524,0.0013265395510945,634,0.009987869509687029,0.04878048780487805,546.0
351,0.3,257,301,13,1.0,301.0,0.0980187695516162,0.009478311779643,0.0570262908498661,0.0043075985584919,0.0058095370925524,0.0012866817671187,634,0.02264716492657669,0.14285714285714285,1080.0
351,0.5,427,432,13,1.666667,259.1999481600104,0.0980187695516162,0.0085254702043022,0.0570262908498661,0.0038432348378235,0.0058095370925524,0.0012727574177305,634,0.010522875816993463,0.08823529411764706,270.0
352,0.1,86,128,13,1.0,128.0,0.0980187695516162,0.0123338112617309,0.0492079830055308,0.0056560660799392,0.0058095370925524,0.0013690295338381,611,0.014925709609640181,0.06818181818181818,1026.0
352,0.2,171,236,13,1.0,236.0,0.0980187695516162,0.0098177833548363,0.0570262908498661,0.0046284293427396,0.0058095370925524,0.001323132062307,611,0.011626915708812262,0.08,345.0
352,0.3,257,316,13,1.0,316.0,0.0980187695516162,0.0088370005675743,0.0570262908498661,0.0040089900913563,0.0058095370925524,0.0012491090763694,611,0.02170745114824062,0.09090909090909091,576.0
352,0.5,427,426,13,1.666667,255.59994888001023,0.0980187695516162,0.0084130084644117,0.0570262908498661,0.0037825078985574,0.0058095370925524,0.0012413487521928,611,0.004006410256410256,0.041666666666666664,204.0
353,0.1,86,123,13,1.0,123.0,0.0980187695516162,0.0119026424883643,0.0464749058416465,0.0047299648760477,0.0040871733233292,0.0012486758375544,641,0.010438524703154683,0.07407407407407407,2600.0
353,0.2,171,236,13,1.0,236.0,0.0980187695516162,0.0104186917869955,0.0570262908498661,0.004438026931048,0.0040871733233292,0.0013001497710399,641,0.015200746965452847,0.16666666666666666,1440.0
353,0.3,256,321,13,1.0,321.0,0.0980187695516162,0.0090956636423584,0.0570262908498661,0.0039184635496296,0.0058095370925524,0.0012410140639921,641,0.007828282828282828,0.1111111111111111,595.0
353,0.5,427,447,13,1.5,298.0,0.0980187695516162,0.0084633275247099,0.0570262908498661,0.0037271196596213,0.0058095370925524,0.0012337034932422,641,0.006960633715851932,0.06451612903225806,399.0
354,0.1,83,129,13,1.0,129.0,0.0980187695516162,0.0119876162992781,0.0570262908498661,0.0059536707263605,0.0045513414488271,0.0013976518533325,627,0.017417431706224812,0.1,1180.0
354,0.2,166,225,13,1.0,225.0,0.0980187695516162,0.0106499826207854,0.0570262908498661,0.0050563385345163,0.0052421649220672,0.001387615170292,627,0.0034705882352941177,0.04,798.0
354,0.3,249,296,13,1.0,296.0,0.0980187695516162,0.0093002282783304,0.0570262908498661,0.0042612891727194,0.0052421649220672,0.0012762427428515,627,0.01069629658854783,0.08333333333333333,209.0
354,0.5,415,439,13,1.666667,263.39994732001054,0.0980187695516162,0.0083491488143733,0.0570262908498661,0.0037704882952526,0.0058095370925524,0.0012780234796723,627,0.0069603257103257096,0.08333333333333333,700.0
355,0.1,82,124,13,1.0,124.0,0.0980187695516162,0.0125887180867166,0.0492079830055308,0.0054791854639743,0.0045513414488271,0.0013419876887686,621,0.012169707449106823,0.07692307692307693,1152.0
355,0.2,163,224,13,1.0,224.0,0.0980187695516162,0.0101575301653507,0.0492079830055308,0.0043215439920369,0.0048729601732022,0.001264856807208,621,0.007114944896487794,0.05263157894736842,1440.0
355,0.3,245,305,13,1.0,305.0,0.0980187695516162,0.0090873348262363,0.0570262908498661,0.0039084741423409,0.0048729601732022,0.001185162603884,621,0.009737518423579599,0.05555555555555555,850.0
355,0.5,408,441,13,1.5,294.0,0.0980187695516162,0.0086801491538568,0.0570262908498661,0.0038164917736078,0.0056186378747126,0.0012490252390631,621,0.006,0.1,378.0
356,0.1,87,129,13,1.0,129.0,0.0656934306569343,0.0107589462537688,0.0570262908498661,0.0043334048108357,0.0044179097289399,0.0011716699165921,621,0.011549737245335253,0.09090909090909091,650.0
356,0.2,173,227,13,1.0,227.0,0.0980187695516162,0.0102391900520457,0.0570262908498661,0.0045000792892998,0.0056186378747126,0.0013234254269226,621,0.0035714285714285713,0.07142857142857142,472.0
356,0.3,259,304,13,1.0,304.0,0.0980187695516162,0.009202980077932,0.0570262908498661,0.004031877496109,0.0056186378747126,0.0012824368317151,621,0.0014285714285714286,0.02857142857142857,640.0
356,0.5,432,432,13,1.5,288.0,0.0980187695516162,0.0085351253234464,0.0570262908498661,0.0038413662544827,0.0058095370925524,0.0012940905976855,621,0.00839991150737995,0.07142857142857142,1015.0
357,0.1,87,131,13,1.0,131.0,0.0980187695516162,0.0113429224144106,0.0492079830055308,0.0046150985129216,0.0045513414488271,0.001247192805244,641,0.003836805555555556,0.044444444444444446,1750.0
357,0.2,174,223,13,1.0,223.0,0.0980187695516162,0.0105911894396722,0.0570262908498661,0.0047949331504821,0.0056186378747126,0.0013195553166115,641,0.0348313492063492,0.3333333333333333,920.0
357,0.3,261,304,13,1.0,304.0,0.0980187695516162,0.0095597113221008,0.0570262908498661,0.0043236314253202,0.0056186378747126,0.001264004037176,641,0.025132267103214017,0.125,340.0
357,0.5,435,447,13,1.666667,268.1999463600108,0.0980187695516162,0.0083770146475284,0.0570262908498661,0.0037430995389749,0.0058095370925524,0.0012542439884171,641,0.002173913043478261,0.043478260869565216,600.0
358,0.1,83,129,13,1.0,129.0,0.0980187695516162,0.0106861960537057,0.0464749058416465,0.0043930735541314,0.0058095370925524,0.0012861118427184,632,0.008567281201552302,0.07142857142857142,357.0
358,0.2,166,223,13,1.0,223.0,0.0980187695516162,0.0100815030604562,0.0570262908498661,0.0047123469558793,0.0058095370925524,0.0013405949444846,632,0.009632554945054944,0.09375,792.0
358,0.3,249,300,13,1.0,300.0,0.0980187695516162,0.0092144595064302,0.0570262908498661,0.0040914572049932,0.0058095370925524,0.0012555904897017,632,0.017110151753008895,0.25,480.0
358,0.5,415,437,13,1.5,291.3333333333333,0.0980187695516162,0.008308616670206,0.0570262908498661,0.0037091307627794,0.0058095370925524,0.0012406754396375,632,0.01084578031839695,0.11764705882352941,345.0
359,0.1,80,118,13,1.0,118.0,0.0980187695516162,0.0130520846220462,0.0464749058416465,0.0055825892365375,0.0052421649220672,0.0013917581672898,599,0.019172531675876903,0.14285714285714285,912.0
359,0.2,159,208,13,1.0,208.0,0.0980187695516162,0.0103723830913611,0.0464749058416465,0.0044289925208321,0.0052421649220672,0.0013084449579643,599,0.00909995189679821,0.0625,440.0
359,0.3,239,286,13,1.0,286.0,0.0980187695516162,0.0091514325090966,0.0464749058416465,0.0037961779221902,0.0052421649220672,0.0012515821707953,599,0.0017857142857142857,0.03571428571428571,221.0
359,0.5,398,405,13,1.666667,242.9999514000097,0.0980187695516162,0.0089033072001441,0.0570262908498661,0.0039378399021949,0.0056186378747126,0.0012676782888892,599,0.009733044733044732,0.07142857142857142,286.0
360,0.1,81,128,13,1.0,128.0,0.0980187695516162,0.0104519681960374,0.0464749058416465,0.0041180484510052,0.0039254903849993,0.0012072233560741,611,0.017414437126702736,0.125,897.0
360,0.2,161,226,13,1.0,226.0,0.0980187695516162,0.0095554919855675,0.0464749058416465,0.0039554864765501,0.0058095370925524,0.0012685585029449,611,0.0218933101781939,0.2,988.0
360,0.3,242,302,13,1.0,302.0,0.0980187695516162,0.0090498518738475,0.0570262908498661,0.0040113440539026,0.0058095370925524,0.0012558295766649,611,0.013298319327731092,0.10714285714285714,496.0
360,0.5,403,426,13,1.666667,255.59994888001023,0.0980187695516162,0.0086871594530687,0.0570262908498661,0.0038300523235992,0.0058095370925524,0.0012474402443542,611,0.010707070707070707,0.06666666666666667,702.0
361,0.1,84,127,12,1.0,127.0,0.0761209593326381,0.0118726035158013,0.0570262908498661,0.0053899449164377,0.0045513414488271,0.0013358043127483,619,0.016545727420727418,0.1111111111111111,804.0
361,0.2,168,225,13,1.0,225.0,0.0980187695516162,0.0102977638744061,0.0570262908498661,0.0046648331442824,0.0056186378747126,0.0013244713727201,619,0.012762605042016806,0.125,390.0
361,0.3,251,306,13,1.0,306.0,0.0980187695516162,0.009715321651775,0.0570262908498661,0.0042909469047255,0.0056186378747126,0.0012727987725614,619,0.012322491105385842,0.07692307692307693,598.0
361,0.5,418,428,13,1.5,285.3333333333333,0.0980187695516162,0.0085832204496505,0.0570262908498661,0.0037748029182873,0.0056186378747126,0.0012488032670536,619,0.015490997916456634,0.07692307692307693,1300.0
362,0.1,80,111,12,1.0,111.0,0.0980187695516162,0.0122030268015669,0.0464749058416465,0.004965950829245,0.0044179097289399,0.0013087850145739,599,0.014808351394658876,0.175,1200.0
362,0.2,159,211,13,1.0,211.0,0.0980187695516162,0.0109958536983132,0.0464749058416465,0.0047667716760013,0.0056186378747126,0.0013716894349239,599,0.013339720268412968,0.11428571428571428,800.0
362,0.3,238,279,13,1.0,279.0,0.0980187695516162,0.0101845934198182,0.0464749058416465,0.0044058365519504,0.0058095370925524,0.001314743291124,599,0.004606399889418757,0.047619047619047616,1080.0
362,0.5,397,410,13,1.5,273.3333333333333,0.0980187695516162,0.0091177293420483,0.0570262908498661,0.0039524748418098,0.0058095370925524,0.0012834958455728,599,0.007828282828282828,0.1111111111111111,280.0
363,0.1,85,123,12,1.0,123.0,0.0980187695516162,0.0097747484252735,0.0492079830055308,0.0038442676707814,0.0045513414488271,0.0011396872711901,633,0.01448228856859605,0.1111111111111111,513.0
363,0.2,169,227,12,1.0,227.0,0.0980187695516162,0.009922229929304,0.0570262908498661,0.0042556911253476,0.0045513414488271,0.0012219178194263,633,0.010042147293700088,0.13043478260869565,936.0
363,0.3,253,311,12,1.0,311.0,0.0980187695516162,0.0090997790436849,0.0570262908498661,0.0039476751525652,0.0056186378747126,0.001215024740578,633,0.010354166666666668,0.08,728.0
363,0.5,421,431,12,1.5,287.3333333333333,0.0980187695516162,0.0086154129035223,0.0570262908498661,0.0037750273110452,0.0056186378747126,0.0012513687397011,633,0.004166666666666667,0.041666666666666664,450.0
364,0.1,81,124,13,1.0,124.0,0.0980187695516162,0.0118402906253153,0.0464749058416465,0.0048997602014195,0.0052421649220672,0.001279809689012,610,0.018364409424247153,0.16666666666666666,396.0
364,0.2,162,227,13,1.0,227.0,0.0980187695516162,0.0101610984276021,0.0464749058416465,0.0042487746206708,0.0056186378747126,0.0013048556772178,610,0.012592302367171123,0.07142857142857142,1240.0
364,0.3,243,310,13,1.0,310.0,0.0980187695516162,0.0097547848901745,0.0570262908498661,0.0043397547630904,0.0056186378747126,0.0012690808331962,610,0.012056182121971595,0.125,322.0
364,0.5,405,433,13,1.5,288.6666666666667,0.0980187695516162,0.0085804352590144,0.0570262908498661,0.0037786732915945,0.0058095370925524,0.0012455899914677,610,0.0035714285714285713,0.07142857142857142,896.0
365,0.1,84,118,12,1.0,118.0,0.0761209593326381,0.0121330481963909,0.031948254360793,0.0052336714380542,0.0056186378747126,0.0013641311209266,625,0.01487973619552567,0.09090909090909091,1520.0
365,0.2,168,218,12,1.0,218.0,0.0980187695516162,0.0105423271565372,0.0492079830055308,0.0045885717998429,0.0056186378747126,0.0012695167575013,625,0.013224164475304464,0.06172839506172839,624.0
365,0.3,252,302,13,1.0,302.0,0.0980187695516162,0.0091879648364396,0.0492079830055308,0.0038879306658584,0.0056186378747126,0.0012177513632048,625,0.009729974539757148,0.08333333333333333,1520.0
365,0.5,419,438,13,1.5,292.0,0.0980187695516162,0.0084443936558724,0.0570262908498661,0.0037584392402599,0.0058095370925524,0.001258283325479,625,0.005510222892575833,0.038461538461538464,468.0
366,0.1,84,118,12,1.0,118.0,0.0980187695516162,0.0111344797723617,0.0464749058416465,0.0046351039846827,0.0039956275909326,0.0011858403878124,644,0.012517276769613218,0.1282051282051282,800.0
366,0.2,168,224,13,1.0,224.0,0.0980187695516162,0.0099713242961417,0.0570262908498661,0.0042240370563164,0.0052421649220672,0.0012428977198743,644,0.003508771929824561,0.05263157894736842,720.0
366,0.3,252,306,13,1.0,306.0,0.0980187695516162,0.0092314297981966,0.0570262908498661,0.0040590852478541,0.0058095370925524,0.0012512378214438,644,0.01385376756066411,0.1,200.0
366,0.5,420,443,13,1.5,295.3333333333333,0.0980187695516162,0.0082808229979968,0.0570262908498661,0.0036439556926134,0.0058095370925524,0.0012378633285534,644,0.008685947310947312,0.05555555555555555,600.0
367,0.1,86,128,13,1.0,128.0,0.0980187695516162,0.0118694603753909,0.0570262908498661,0.0053384803926557,0.0052421649220672,0.0013988134817163,628,0.008970969506683791,0.04081632653061224,768.0
367,0.2,171,220,13,1.0,220.0,0.0980187695516162,0.0105697222485543,0.0570262908498661,0.0046989553014516,0.0052421649220672,0.0012847148430361,628,0.007792207792207792,0.06060606060606061,1404.0
367,0.3,257,304,13,1.0,304.0,0.0980187695516162,0.0097209264036001,0.0570262908498661,0.0044149915440265,0.0056186378747126,0.0012618368563173,628,0.016480250322614853,0.1,1062.0
367,0.5,427,445,13,1.5,296.6666666666667,0.0980187695516162,0.0085177678058838,0.0570262908498661,0.0038603037513447,0.0058095370925524,0.001245115613719,628,0.011650120958044055,0.06976744186046512,504.0
368,0.1,86,127,12,1.0,127.0,0.0594369134515119,0.0110269063082442,0.031948254360793,0.0046783763356018,0.0056186378747126,0.0013052937857565,627,0.010332572623971853,0.07407407407407407,832.0
368,0.2,171,230,13,1.0,230.0,0.0980187695516162,0.0103459219295461,0.0464749058416465,0.0045016869328069,0.0056186378747126,0.0013150728006147,627,0.017480193784081034,0.07692307692307693,840.0
368,0.3,256,321,13,1.0,321.0,0.0980187695516162,0.0091378935092694,0.0464749058416465,0.0038786630175182,0.0056186378747126,0.0012394712873234,627,0.017012149357350594,0.1,180.0
368,0.5,426,439,13,1.666667,263.39994732001054,0.0980187695516162,0.0083515241056434,0.0570262908498661,0.0036484627111869,0.0056186378747126,0.0012449592428809,627,0.00834288260758849,0.07142857142857142,720.0
369,0.1,82,126,13,1.0,126.0,0.0980187695516162,0.0127613089031232,0.0570262908498661,0.0057230172341709,0.0056186378747126,0.0013509958819877,608,0.0059259259259259265,0.07407407407407407,280.0
369,0.2,164,220,13,1.0,220.0,0.0980187695516162,0.0109915631813441,0.0570262908498661,0.0049840305070563,0.0058095370925524,0.0013333911397451,608,0.005362974878469222,0.05405405405405406,800.0
369,0.3,246,294,13,1.0,294.0,0.0980187695516162,0.0099451668049909,0.0570262908498661,0.0043919700298365,0.0058095370925524,0.0013008486196098,608,0.018088482867894634,0.09090909090909091,1560.0
369,0.5,410,423,13,1.5,282.0,0.0980187695516162,0.0086920723665559,0.0570262908498661,0.0038571340817081,0.0058095370925524,0.0012587085864578,608,0.008080495494288598,0.06896551724137931,1116.0
370,0.1,87,133,13,1.0,133.0,0.0980187695516162,0.013210816404933,0.0570262908498661,0.0060356645865826,0.0058095370925524,0.0014352197381558,639,0.008084691366425112,0.07692307692307693,897.0
370,0.2,173,232,13,1.0,232.0,0.0980187695516162,0.0109174427384847,0.0570262908498661,0.0049077878589324,0.0058095370925524,0.0013551608298152,639,0.028926733013040495,0.3333333333333333,578.0
370,0.3,260,322,13,1.0,322.0,0.0980187695516162,0.0092358111127662,0.0570262908498661,0.0040452743064891,0.0058095370925524,0.0012717141539377,639,0.010701968947870587,0.07142857142857142,1560.0
370,0.5,433,455,13,1.5,303.3333333333333,0.0980187695516162,0.0085643241013417,0.0570262908498661,0.0038264898389918,0.0058095370925524,0.0012815802192492,639,0.0018518518518518517,0.037037037037037035,900.0
371,0.1,86,137,13,1.0,137.0,0.0761209593326381,0.011089714803285,0.0570262908498661,0.0050555808928377,0.0052421649220672,0.0013851453733543,650,0.004700854700854701,0.05555555555555555,245.0
371,0.2,172,229,13,1.0,229.0,0.0980187695516162,0.0103319050502934,0.0570262908498661,0.0046845644545368,0.0052421649220672,0.001309851872524,650,0.014687500000000001,0.1,1040.0
371,0.3,258,309,13,1.0,309.0,0.0980187695516162,0.0092261693849107,0.0570262908498661,0.0040282736270893,0.0052421649220672,0.0012296602342278,650,0.007627395979429639,0.08695652173913043,960.0
371,0.5,430,462,13,1.5,308.0,0.0980187695516162,0.0084097341657299,0.0570262908498661,0.0036974822685474,0.0058095370925524,0.0012409793377626,650,0.011744505494505494,0.07142857142857142,1005.0
372,0.1,83,126,12,1.0,126.0,0.0980187695516162,0.0128771703328532,0.0464749058416465,0.005231721938537,0.0056186378747126,0.0012818868895382,617,0.0090365009877205,0.07692307692307693,3600.0
372,0.2,166,215,12,1.0,215.0,0.0980187695516162,0.0102383781555398,0.0464749058416465,0.0040330740579767,0.0056186378747126,0.0012054484205213,617,0.005351906158357771,0.09090909090909091,650.0
372,0.3,249,302,13,1.0,302.0,0.0980187695516162,0.0093088136787077,0.0464749058416465,0.0037541408909652,0.0058095370925524,0.0012294766851311,617,0.0067878940023376275,0.07142857142857142,500.0
372,0.5,415,424,13,1.5,282.6666666666667,0.0980187695516162,0.0085707399610442,0.0570262908498661,0.0037233977869924,0.0058095370925524,0.0012712419123863,617,0.005048076923076923,0.0625,273.0
373,0.1,87,139,12,1.0,139.0,0.0980187695516162,0.0114402742665095,0.0464749058416465,0.0047854780688861,0.0058095370925524,0.0014006257288633,619,0.028888888888888888,0.5777777777777777,1260.0
373,0.2,173,240,12,1.0,240.0,0.0980187695516162,0.010171185262426,0.0570262908498661,0.0044500110798955,0.0058095370925524,0.0013244715090298,619,0.0169014303368769,0.06060606060606061,3000.0
373,0.3,259,325,12,1.0,325.0,0.0980187695516162,0.0095772840298387,0.0570262908498661,0.0042521369882419,0.0058095370925524,0.0013096234137417,619,0.02260312310875515,0.13636363636363635,800.0
373,0.5,431,445,13,1.5,296.6666666666667,0.0980187695516162,0.0083748286487562,0.0570262908498661,0.0037036401414844,0.0058095370925524,0.0012672449149965,619,0.02021930964756905,0.13793103448275862,1672.0
374,0.1,85,134,13,1.0,134.0,0.0980187695516162,0.0118982771232471,0.0570262908498661,0.0050013376545507,0.0039956275909326,0.0011879356514724,644,0.015800788592583062,0.09090909090909091,1700.0
374,0.2,169,231,13,1.0,231.0,0.0980187695516162,0.0104907258191929,0.0570262908498661,0.0043348692024991,0.0039956275909326,0.0012358715477463,644,0.00943401405357927,0.125,1794.0
374,0.3,253,308,13,1.0,308.0,0.0980187695516162,0.0093847758081334,0.0570262908498661,0.0039105228156774,0.0056186378747126,0.0012103264034938,644,0.009749180999181,0.13513513513513514,663.0
374,0.5,421,450,13,1.5,300.0,0.0980187695516162,0.0085667941142393,0.0570262908498661,0.0037427338276488,0.0058095370925524,0.0012613136574353,644,0.01491645945475532,0.07692307692307693,520.0
375,0.1,85,128,13,1.0,128.0,0.0980187695516162,0.0118938998957246,0.0464749058416465,0.005216424049233,0.0056186378747126,0.0014234962813972,629,0.012600456070694483,0.05263157894736842,570.0
375,0.2,169,222,13,1.0,222.0,0.0980187695516162,0.0104275286757038,0.0464749058416465,0.0044589008113197,0.0056186378747126,0.0013240622670034,629,0.005922619047619047,0.05,580.0
375,0.3,254,307,13,1.0,307.0,0.0980187695516162,0.0096666927071834,0.0570262908498661,0.0043790375563723,0.0056186378747126,0.0013677091902076,629,0.009905425328025946,0.06666666666666667,4602.0
375,0.5,423,440,13,1.5,293.3333333333333,0.0980187695516162,0.008612190728979,0.0570262908498661,0.0038513062197696,0.0058095370925524,0.0012847832240788,629,0.013095238095238094,0.16666666666666666,294.0
376,0.1,84,129,13,1.0,129.0,0.0980187695516162,0.0115511150988998,0.0492079830055308,0.0050076560019176,0.0052421649220672,0.0012686277416678,623,0.005506965944272446,0.058823529411764705,1425.0
376,0.2,167,238,13,1.0,238.0,0.0980187695516162,0.0104275286757038,0.0570262908498661,0.0046451960983802,0.0052421649220672,0.0013121822223743,623,0.00976094660612158,0.043478260869565216,585.0
376,0.3,250,326,13,1.0,326.0,0.0980187695516162,0.009522316830543,0.0570262908498661,0.0041983035733994,0.0056186378747126,0.0012944734129085,623,0.027325726438629662,0.2857142857142857,392.0
376,0.5,416,442,13,1.571429,281.2726505620044,0.0980187695516162,0.0084835731035816,0.0570262908498661,0.0037357246871493,0.0056186378747126,0.0012630856401147,623,0.0046628029504741835,0.0547945205479452,670.0
377,0.1,83,125,12,1.0,125.0,0.0980187695516162,0.0114619395203336,0.0464749058416465,0.004756090328169,0.0058095370925524,0.001258009894836,627,0.023177800193370283,0.09523809523809523,455.0
377,0.2,166,232,13,1.0,232.0,0.0980187695516162,0.0102297652008197,0.0492079830055308,0.004485891163498,0.0058095370925524,0.0013122534562053,627,0.00637057387057387,0.06666666666666667,700.0
377,0.3,249,315,13,1.0,315.0,0.0980187695516162,0.009424499726898,0.0492079830055308,0.0042095378317364,0.0058095370925524,0.0013088061064848,627,0.010915997848668516,0.07407407407407407,832.0
377,0.5,414,440,13,1.5,293.3333333333333,0.0980187695516162,0.0087994122665655,0.0570262908498661,0.0039291699352848,0.0058095370925524,0.0012838048885163,627,0.013069684944684945,0.07407407407407407,1050.0
378,0.1,84,108,12,1.0,108.0,0.0980187695516162,0.0127061367937279,0.0464749058416465,0.005134026171885,0.0056186378747126,0.001209506857611,630,0.029838212334113972,0.16666666666666666,920.0
378,0.2,167,210,13,1.0,210.0,0.0980187695516162,0.0095883608918019,0.0464749058416465,0.0037901442507012,0.0058095370925524,0.0011454709021644,630,0.006269592476489028,0.09090909090909091,260.0
378,0.3,251,296,13,1.0,296.0,0.0980187695516162,0.0092826142096214,0.0570262908498661,0.0040846651381815,0.0058095370925524,0.0012363043099408,630,0.006919642857142858,0.0625,500.0
378,0.5,418,429,13,2.0,214.5,0.0980187695516162,0.0083687601935776,0.0570262908498661,0.0036724283168344,0.0058095370925524,0.0012359696060516,630,0.006069231211546202,0.058823529411764705,1056.0
379,0.1,85,128,13,1.0,128.0,0.0761209593326381,0.0105171402502606,0.031948254360793,0.0041069543588481,0.0039956275909326,0.0012327121283398,617,0.012727122232143753,0.07692307692307693,936.0
379,0.2,169,228,13,1.0,228.0,0.0980187695516162,0.0098649909445145,0.0570262908498661,0.0043743303772389,0.0045513414488271,0.0012895107171686,617,0.007720287859964857,0.10344827586206896,938.0
379,0.3,253,317,13,1.0,317.0,0.0980187695516162,0.0094538540738084,0.0570262908498661,0.0041658400818357,0.0052421649220672,0.0012754089453502,617,0.008994708994708995,0.07142857142857142,200.0
379,0.5,421,422,13,1.6,263.75,0.0980187695516162,0.0089054060064541,0.0570262908498661,0.0039506177031268,0.0058095370925524,0.0012746789612916,617,0.027740240240240244,0.2777777777777778,885.0
380,0.1,83,113,13,1.0,113.0,0.0980187695516162,0.0116456116714497,0.0464749058416465,0.0045855359916686,0.0038790328069506,0.0012138193575748,629,0.0085497002997003,0.056818181818181816,2052.0
380,0.2,165,214,13,1.0,214.0,0.0980187695516162,0.0098476801185034,0.0464749058416465,0.0042786906865968,0.0040871733233292,0.001328774128839,629,0.017134445884445883,0.09090909090909091,950.0
380,0.3,247,303,13,1.0,303.0,0.0980187695516162,0.0089855700898556,0.0464749058416465,0.0038540120678802,0.0056186378747126,0.0012513204585816,629,0.0007142857142857143,0.014285714285714285,1240.0
380,0.5,412,430,13,1.5,286.6666666666667,0.0980187695516162,0.0082765477605062,0.0570262908498661,0.003643515949328,0.0056186378747126,0.0012257078763126,629,0.00726167354168652,0.043478260869565216,638.0
381,0.1,83,135,12,1.0,135.0,0.0656934306569343,0.0100181516239909,0.0570262908498661,0.0040592974139196,0.0039254903849993,0.0012702820150612,621,0.007812617157792131,0.06060606060606061,520.0
381,0.2,165,231,12,1.0,231.0,0.0980187695516162,0.0100754303048358,0.0570262908498661,0.0043510446833572,0.0056186378747126,0.0013146187527461,621,0.013550505889738194,0.125,900.0
381,0.3,247,308,12,1.0,308.0,0.0980187695516162,0.0093069078991914,0.0570262908498661,0.0040349433148371,0.0056186378747126,0.0012814483134135,621,0.01499402199904352,0.16666666666666666,341.0
381,0.5,411,439,13,1.5,292.6666666666667,0.0980187695516162,0.0085557991548713,0.0570262908498661,0.0037820255591831,0.0058095370925524,0.0012605839455936,621,0.008436086284894626,0.05555555555555555,560.0
382,0.1,80,125,13,1.0,125.0,0.0980187695516162,0.0120375391032324,0.0464749058416465,0.0051463344915834,0.0056186378747126,0.0012992856979907,619,0.008398124467178174,0.043478260869565216,1000.0
382,0.2,159,220,13,1.0,220.0,0.0980187695516162,0.0107498341074983,0.0570262908498661,0.0046291500474191,0.0056186378747126,0.001259530576789,619,0.005065853570526468,0.05405405405405406,1000.0
382,0.3,238,297,13,1.0,297.0,0.0980187695516162,0.0093882867605494,0.0570262908498661,0.0040621334433554,0.0058095370925524,0.0012062150921397,619,0.00842366026289181,0.08,1560.0
382,0.5,396,414,13,1.571429,263.45447360332537,0.0980187695516162,0.0086039705208222,0.0570262908498661,0.0038465898199932,0.0058095370925524,0.0012415898398959,619,0.015330188679245283,0.14285714285714285,819.0
383,0.1,81,133,12,1.0,133.0,0.0980187695516162,0.0125130344108445,0.0570262908498661,0.0056337948731813,0.0052421649220672,0.0013999968681123,610,0.0038299253489126905,0.05128205128205128,2000.0
383,0.2,162,219,13,1.0,219.0,0.0980187695516162,0.010679884392513,0.0570262908498661,0.0048324488378647,0.0052421649220672,0.0013631119938538,610,0.012890993084985574,0.08108108108108109,2262.0
383,0.3,243,287,13,1.0,287.0,0.0980187695516162,0.009831669894235,0.0570262908498661,0.0042902626473164,0.0052421649220672,0.0013034777268434,610,0.0011627906976744186,0.023255813953488372,780.0
383,0.5,405,416,13,1.6,260.0,0.0980187695516162,0.0087856942327744,0.0570262908498661,0.0039112968068756,0.0056186378747126,0.0012871817814683,610,0.0019344141488577744,0.021739130434782608,2000.0
384,0.1,85,137,13,1.0,137.0,0.0980187695516162,0.0115159495520729,0.0570262908498661,0.0054439538164751,0.0045513414488271,0.0014148068914083,633,0.021028072111453116,0.125,780.0
384,0.2,170,242,13,1.0,242.0,0.0980187695516162,0.0102939528951472,0.0570262908498661,0.0048147814551633,0.0056186378747126,0.0013692433423213,633,0.011823035850495805,0.16666666666666666,420.0
384,0.3,255,326,13,1.0,326.0,0.0980187695516162,0.0091416800475955,0.0570262908498661,0.0042175579498436,0.0056186378747126,0.0013306056684678,633,0.008474518839793981,0.058823529411764705,992.0
384,0.5,425,447,13,1.666667,268.1999463600108,0.0980187695516162,0.0084120063544939,0.0570262908498661,0.0037525718422621,0.0056186378747126,0.0012773334713457,633,0.00577639751552795,0.08695652173913043,624.0
385,0.1,82,125,12,1.0,125.0,0.0980187695516162,0.0125881126173096,0.0570262908498661,0.0058446647166875,0.0039254903849993,0.0013252031771551,614,0.012550699199750007,0.13333333333333333,1300.0
385,0.2,163,213,12,1.0,213.0,0.0980187695516162,0.0106184552570899,0.0570262908498661,0.0047785927259102,0.0052421649220672,0.0012688180232583,614,0.015236263736263736,0.08,2850.0
385,0.3,245,295,12,1.0,295.0,0.0980187695516162,0.0094236581184496,0.0570262908498661,0.0042206671720699,0.0052421649220672,0.0012141776290913,614,0.013675213675213677,0.08333333333333333,646.0
385,0.5,407,427,13,1.5,284.6666666666667,0.0980187695516162,0.0086106478010612,0.0570262908498661,0.0038425945707085,0.0058095370925524,0.0012503360311325,614,0.0037087912087912086,0.038461538461538464,608.0
386,0.1,85,122,12,1.0,122.0,0.0980187695516162,0.0122480726166258,0.0492079830055308,0.0057703364903045,0.0052421649220672,0.0014368063053292,629,0.012452504352759039,0.05263157894736842,950.0
386,0.2,170,232,13,1.0,232.0,0.0980187695516162,0.0106747330193088,0.0492079830055308,0.0048946088143395,0.0052421649220672,0.0013762374762351,629,0.010711588928500692,0.045454545454545456,1000.0
386,0.3,255,303,13,1.0,303.0,0.0980187695516162,0.0097702158119878,0.0570262908498661,0.0045119060689333,0.0056186378747126,0.0013271646332844,629,0.03447013667567543,0.125,1280.0
386,0.5,424,437,13,1.5,291.3333333333333,0.0980187695516162,0.0084875788328325,0.0570262908498661,0.0037602304996672,0.0056186378747126,0.0012410405528571,629,0.006113256113256113,0.047619047619047616,480.0
387,0.1,85,127,11,1.0,127.0,0.0980187695516162,0.0124227172333384,0.0570262908498661,0.0057241207561583,0.0056186378747126,0.0014273399329662,623,0.03008016991823283,0.08695652173913043,1608.0
387,0.2,169,223,13,1.0,223.0,0.0980187695516162,0.0109418910767475,0.0570262908498661,0.0049510667622071,0.0056186378747126,0.0013989904458342,623,0.003966552315608919,0.05660377358490566,627.0
387,0.3,253,313,13,1.0,313.0,0.0980187695516162,0.009478057214817,0.0570262908498661,0.0041927850102973,0.0056186378747126,0.0012932290470524,623,0.009724121455755639,0.07142857142857142,2300.0
387,0.5,422,439,13,1.5,292.6666666666667,0.0980187695516162,0.0086318084755142,0.0570262908498661,0.0037967546180652,0.0056186378747126,0.0012642011244986,623,0.011315972759634732,0.07692307692307693,885.0
388,0.1,84,124,13,1.0,124.0,0.0980187695516162,0.0114955094352315,0.0570262908498661,0.0056833866800243,0.0058095370925524,0.0013962180609214,621,0.021781981110192944,0.07692307692307693,864.0
388,0.2,168,221,13,1.0,221.0,0.0980187695516162,0.0098235813134911,0.0570262908498661,0.0044741994644409,0.0058095370925524,0.0013405358141021,621,0.014944638694638695,0.07692307692307693,468.0
388,0.3,252,306,13,1.0,306.0,0.0980187695516162,0.0095040449269731,0.0570262908498661,0.004448392291079,0.0058095370925524,0.0013377812466857,621,0.005184331797235023,0.07142857142857142,266.0
388,0.5,419,434,13,1.666667,260.39994792001045,0.0980187695516162,0.0086207310802823,0.0570262908498661,0.0038961690357911,0.0058095370925524,0.0012866278420173,621,0.011727900472840502,0.07692307692307693,1240.0
389,0.1,80,118,13,1.0,118.0,0.0980187695516162,0.0113200544352344,0.0464749058416465,0.00434788177471,0.0039956275909326,0.0011639240111479,626,0.021459335545812527,0.25,630.0
389,0.2,160,227,13,1.0,227.0,0.0980187695516162,0.0096649869311369,0.0492079830055308,0.0042353001813656,0.0058095370925524,0.0012980854717507,626,0.019722651544460054,0.08333333333333333,1044.0
389,0.3,240,309,13,1.0,309.0,0.0980187695516162,0.0092801630609014,0.0570262908498661,0.0041456353647161,0.0058095370925524,0.0012837739434795,626,0.007495832341033579,0.058823529411764705,1368.0
389,0.5,399,437,13,1.5,291.3333333333333,0.0980187695516162,0.008463717211149,0.0570262908498661,0.0037904899239449,0.0058095370925524,0.0012597463145844,626,0.0031754032258064515,0.03225806451612903,1085.0
390,0.1,83,125,13,1.0,125.0,0.0980187695516162,0.0109864442127215,0.0464749058416465,0.004603159466118,0.0039956275909326,0.0012765932934548,609,0.010171697671697672,0.09523809523809523,969.0
390,0.2,165,220,13,1.0,220.0,0.0980187695516162,0.0098966726703952,0.0570262908498661,0.0045182691703491,0.0045513414488271,0.0012557739475641,609,0.0054001554001554,0.09090909090909091,1900.0
390,0.3,248,303,13,1.0,303.0,0.0980187695516162,0.0093159472360165,0.0570262908498661,0.004109365552194,0.0058095370925524,0.0012248971740455,609,0.01770189694102738,0.09090909090909091,520.0
390,0.5,413,419,13,1.5,279.3333333333333,0.0980187695516162,0.0087850062590058,0.0570262908498661,0.0039024888743367,0.0058095370925524,0.0012637600804266,609,0.007045004283804504,0.05263157894736842,506.0
391,0.1,80,121,13,1.0,121.0,0.0761209593326381,0.0101259059454148,0.031948254360793,0.0040397289134849,0.0048729601732022,0.0012330342927488,606,0.015600074601218764,0.05263157894736842,468.0
391,0.2,160,218,13,1.0,218.0,0.0980187695516162,0.0097004716304253,0.0464749058416465,0.0038662241140428,0.0048729601732022,0.0011554921471478,606,0.0032928388746803067,0.04411764705882353,1218.0
391,0.3,240,292,13,1.0,292.0,0.0980187695516162,0.0090526661619551,0.0570262908498661,0.003875387885201,0.0048729601732022,0.0012255900627704,606,0.010570291777188328,0.07692307692307693,806.0
391,0.5,400,413,13,1.5,275.3333333333333,0.0980187695516162,0.0084430159543713,0.0570262908498661,0.0036703497746982,0.0048729601732022,0.0012425019154349,606,0.0046880550925040305,0.043478260869565216,435.0
392,0.1,80,123,12,1.0,123.0,0.0980187695516162,0.0114702815432741,0.0492079830055308,0.00505803067792,0.0045513414488271,0.0013301604909154,628,0.005466540404040404,0.03125,885.0
392,0.2,160,223,13,1.0,223.0,0.0980187695516162,0.0104275286757038,0.0492079830055308,0.0045652859692712,0.0045513414488271,0.0013269803782693,628,0.005031055900621117,0.05714285714285714,575.0
392,0.3,240,301,13,1.0,301.0,0.0980187695516162,0.0095545262749472,0.0492079830055308,0.0041975612392367,0.0056186378747126,0.0013061506054765,628,0.013246915075193688,0.05263157894736842,684.0
392,0.5,399,445,13,1.5,296.6666666666667,0.0980187695516162,0.0085599465735608,0.0570262908498661,0.0038227147222214,0.0058095370925524,0.0012711399185603,628,0.041488095238095234,0.5714285714285714,760.0
393,0.1,82,122,13,1.0,122.0,0.0980187695516162,0.0115301116258397,0.0464749058416465,0.0046715762353253,0.0048729601732022,0.0012679422516365,615,0.02238200540469143,0.1111111111111111,364.0
393,0.2,163,216,13,1.0,216.0,0.0980187695516162,0.0097709805739002,0.0464749058416465,0.0039695248736826,0.0048729601732022,0.0012376873059229,615,0.009339080459770114,0.10344827586206896,276.0
393,0.3,245,296,13,1.0,296.0,0.0980187695516162,0.0093706845531662,0.0570262908498661,0.0041522180283842,0.0056186378747126,0.0012708878642039,615,0.024884108468413872,0.2,252.0
393,0.5,408,417,13,1.666667,250.19994996001003,0.0980187695516162,0.0087121126873266,0.0570262908498661,0.0039064050742849,0.0056186378747126,0.0012956949125531,615,0.010380835380835382,0.16216216216216217,352.0
394,0.1,84,127,12,1.0,127.0,0.0980187695516162,0.0128414605108667,0.0570262908498661,0.0056645669548943,0.0040871733233292,0.001279649674432,622,0.04218322558491995,0.5777777777777777,1534.0
394,0.2,168,218,13,1.0,218.0,0.0980187695516162,0.010633209287197,0.0570262908498661,0.0045838507030046,0.0040871733233292,0.0012885969502989,622,0.005822440087145969,0.05,286.0
394,0.3,252,295,13,1.0,295.0,0.0980187695516162,0.0095579788268146,0.0570262908498661,0.0041246467785114,0.0056186378747126,0.001291352867251,622,0.005929487179487179,0.07692307692307693,247.0
394,0.5,420,421,13,1.5,280.6666666666667,0.0980187695516162,0.0086095224885383,0.0570262908498661,0.0037799212467619,0.0058095370925524,0.0012747568839911,622,0.006439393939393939,0.08333333333333333,320.0
395,0.1,84,122,12,1.0,122.0,0.0980187695516162,0.0105300945315304,0.0464749058416465,0.0041172279196996,0.0058095370925524,0.0012098431636919,624,0.011551226551226552,0.1111111111111111,720.0
395,0.2,168,224,13,1.0,224.0,0.0980187695516162,0.0104042529420526,0.0570262908498661,0.004634351000488,0.0058095370925524,0.0013224898467977,624,0.029088174449311766,0.1111111111111111,1116.0
395,0.3,251,311,13,1.0,311.0,0.0980187695516162,0.0095691854792471,0.0570262908498661,0.004037228993654,0.0058095370925524,0.0012507687838243,624,0.005555555555555555,0.1111111111111111,132.0
395,0.5,418,431,13,1.666667,258.5999482800104,0.0980187695516162,0.0085210570755983,0.0570262908498661,0.0037121198705049,0.0058095370925524,0.0012364630478954,624,0.009325489282385833,0.08333333333333333,603.0
396,0.1,85,133,12,1.0,133.0,0.0980187695516162,0.013477384807169,0.0570262908498661,0.0061855669100792,0.0052421649220672,0.0014674049257586,625,0.011729971243816676,0.05714285714285714,1344.0
396,0.2,169,227,12,1.0,227.0,0.0980187695516162,0.0107766441732163,0.0570262908498661,0.0048702648323146,0.0056186378747126,0.0013736349689112,625,0.015460823496607493,0.10344827586206896,760.0
396,0.3,253,308,13,1.0,308.0,0.0980187695516162,0.0095980661674091,0.0570262908498661,0.0041762099845927,0.0056186378747126,0.0012629951135514,625,0.005803571428571428,0.09523809523809523,609.0
396,0.5,421,429,13,1.5,286.0,0.0980187695516162,0.0086531473392786,0.0570262908498661,0.0039238982906079,0.0056186378747126,0.001275422823004,625,0.009140580331618067,0.09090909090909091,750.0
397,0.1,86,128,12,1.0,128.0,0.0980187695516162,0.0109733446298226,0.0464749058416465,0.0045674981590897,0.0039254903849993,0.0011865705756148,627,0.01306717538776934,0.14285714285714285,897.0
397,0.2,171,231,12,1.0,231.0,0.0980187695516162,0.010138627448325,0.0570262908498661,0.0045929602054717,0.0056186378747126,0.001290378077772,627,0.010538141781822268,0.06521739130434782,544.0
397,0.3,257,318,12,1.0,318.0,0.0980187695516162,0.0093651012257264,0.0570262908498661,0.0042889740307811,0.0058095370925524,0.0013269004299014,627,0.003333333333333333,0.06666666666666667,322.0
397,0.5,428,448,12,1.5,298.6666666666667,0.0980187695516162,0.0087726240131088,0.0570262908498661,0.0040282677901456,0.0058095370925524,0.0013222783418188,627,0.005,0.1,266.0
398,0.1,82,123,13,1.0,123.0,0.0980187695516162,0.0119874191442643,0.0464749058416465,0.0051418916665516,0.0052421649220672,0.0012794628895461,627,0.015462308090391582,0.1,576.0
398,0.2,164,216,13,1.0,216.0,0.0980187695516162,0.0099737380759278,0.0492079830055308,0.0043632483814885,0.0052421649220672,0.001276797340281,627,0.01238328664799253,0.1111111111111111,364.0
398,0.3,246,300,13,1.0,300.0,0.0980187695516162,0.0091936044490788,0.0492079830055308,0.0039533937989251,0.0058095370925524,0.0012414598016992,627,0.004446640316205534,0.045454545454545456,323.0
398,0.5,410,429,13,1.5,286.0,0.0980187695516162,0.008701760526578,0.0570262908498661,0.0038937245171567,0.0058095370925524,0.0012808836097688,627,0.013236910148674855,0.07692307692307693,702.0
399,0.1,82,119,12,1.0,119.0,0.0980187695516162,0.0122589181658064,0.0464749058416465,0.0052387379102046,0.0039956275909326,0.0013046588731647,618,0.012999879229461806,0.06896551724137931,630.0
399,0.2,163,219,13,1.0,219.0,0.0980187695516162,0.0104894272477513,0.0464749058416465,0.0044288412423969,0.0058095370925524,0.0012702668628192,618,0.026143214332299863,0.29411764705882354,1131.0
399,0.3,244,298,13,1.0,298.0,0.0980187695516162,0.0091678272249476,0.0464749058416465,0.003873930417198,0.0058095370925524,0.0012134869602775,618,0.010031055900621118,0.1,1344.0
399,0.5,406,441,13,1.5,294.0,0.0980187695516162,0.0085926619518157,0.0570262908498661,0.0038742141659996,0.0058095370925524,0.0012740758771064,618,0.009684684684684685,0.14285714285714285,252.0
400,0.1,81,127,13,1.0,127.0,0.0980187695516162,0.0119957633033096,0.0464749058416465,0.0048282894504105,0.0040871733233292,0.0013008587163233,615,0.010043290043290043,0.08333333333333333,570.0
400,0.2,162,223,13,1.0,223.0,0.0980187695516162,0.0102732199553907,0.0492079830055308,0.004463760857391,0.0056186378747126,0.0013328964838814,615,0.01742996906024752,0.2,480.0
400,0.3,242,298,13,1.0,298.0,0.0980187695516162,0.0094267658564919,0.0570262908498661,0.004168592882093,0.0056186378747126,0.0012791511837261,615,0.007510077201612351,0.07317073170731707,1407.0
400,0.5,403,414,13,1.666667,248.39995032001,0.0980187695516162,0.0085938956138892,0.0570262908498661,0.0037745078111647,0.0056186378747126,0.0012646122697548,615,0.020173813255709806,0.14285714285714285,476.0
401,0.1,89,133,13,1.0,133.0,0.0980187695516162,0.0111723521525398,0.0464749058416465,0.0048508136404265,0.0058095370925524,0.0013035649055941,645,0.012591534909437499,0.10714285714285714,800.0
401,0.2,177,236,13,1.0,236.0,0.0980187695516162,0.0094024495855498,0.0570262908498661,0.0041287590972134,0.0058095370925524,0.0012541989101738,645,0.0030938379772147235,0.027777777777777776,448.0
401,0.3,266,324,13,1.0,324.0,0.0980187695516162,0.0087732849290026,0.0570262908498661,0.0039991495098819,0.0058095370925524,0.0012637704279147,645,0.0035173160173160175,0.047619047619047616,570.0
401,0.5,442,452,13,1.5,301.3333333333333,0.0980187695516162,0.0084689065859532,0.0570262908498661,0.0038028116731959,0.0058095370925524,0.0012661699944726,645,0.0059619450317124735,0.05,920.0
402,0.1,85,134,13,1.0,134.0,0.0980187695516162,0.0111201033414781,0.0570262908498661,0.0048255747211137,0.0039956275909326,0.0013645378580834,649,0.002428613482484545,0.02531645569620253,938.0
402,0.2,169,234,13,1.0,234.0,0.0980187695516162,0.0100309260893202,0.0570262908498661,0.0045606112224959,0.0056186378747126,0.0013141528401448,649,0.06147802197802198,1.0,416.0
402,0.3,253,313,13,1.0,313.0,0.0980187695516162,0.0095113720029183,0.0570262908498661,0.004273917173387,0.0056186378747126,0.0012832493076235,649,0.012872670807453416,0.08571428571428572,532.0
402,0.5,421,444,13,1.5,296.0,0.0980187695516162,0.0083749025354864,0.0570262908498661,0.0037160703641492,0.0058095370925524,0.0012632022375696,649,0.007417582417582417,0.07692307692307693,352.0
403,0.1,82,118,12,1.0,118.0,0.0980187695516162,0.012848836181757,0.0570262908498661,0.0059996023952587,0.0056186378747126,0.001468985861007,616,0.007850540663040664,0.045454545454545456,2280.0
403,0.2,163,211,12,1.0,211.0,0.0980187695516162,0.0105955552041274,0.0570262908498661,0.0047019979013731,0.0056186378747126,0.0013206001720011,616,0.022152243589743593,0.2,264.0
403,0.3,245,309,12,1.0,309.0,0.0980187695516162,0.0091822995231683,0.0570262908498661,0.0041066414293289,0.0058095370925524,0.0012969676023316,616,0.012823565323565322,0.057692307692307696,600.0
403,0.5,408,424,12,2.0,212.0,0.0980187695516162,0.0084280992385936,0.0570262908498661,0.0037044384374914,0.0058095370925524,0.0012483227359658,616,0.008873400476816036,0.0967741935483871,330.0
404,0.1,85,125,13,1.0,125.0,0.0980187695516162,0.0120542231491136,0.0464749058416465,0.005140125782812,0.0039956275909326,0.0012844469701077,643,0.014899852358400625,0.09090909090909091,1178.0
404,0.2,169,227,13,1.0,227.0,0.0980187695516162,0.0099130426793695,0.0570262908498661,0.0043877782351561,0.0039956275909326,0.0012483762379408,643,0.0008064516129032258,0.016129032258064516,1100.0
404,0.3,254,311,13,1.0,311.0,0.0980187695516162,0.0090930732374626,0.0570262908498661,0.004059956669395,0.0056186378747126,0.0012569569148364,643,0.003300865800865801,0.03571428571428571,225.0
404,0.5,423,446,13,1.5,297.3333333333333,0.0980187695516162,0.0082438264821819,0.0570262908498661,0.0037315753467054,0.0056186378747126,0.0012688018309577,643,0.013455964325529543,0.2,252.0
405,0.1,80,118,12,1.0,118.0,0.0980187695516162,0.0113819126561919,0.0464749058416465,0.0048983379768066,0.0058095370925524,0.0012958157410604,600,0.013747832024056305,0.07692307692307693,900.0
405,0.2,160,211,13,1.0,211.0,0.0980187695516162,0.0100964175755748,0.0570262908498661,0.0048086134485641,0.0058095370925524,0.0013179907439615,600,0.013315295815295817,0.1,546.0
405,0.3,240,292,13,1.0,292.0,0.0980187695516162,0.0094419129515619,0.0570262908498661,0.0043706691508903,0.0058095370925524,0.0012937868924265,600,0.04774637127578304,0.8333333333333334,1102.0
405,0.5,399,417,13,1.5,278.0,0.0980187695516162,0.0087746278472529,0.0570262908498661,0.0039610595954217,0.0058095370925524,0.0012649095632415,600,0.007518482076374853,0.058823529411764705,3120.0
406,0.1,83,128,13,1.0,128.0,0.0980187695516162,0.0105497262773722,0.0464749058416465,0.0044391173329424,0.0058095370925524,0.0012921526665952,624,0.018169231306829292,0.1111111111111111,684.0
406,0.2,165,228,13,1.0,228.0,0.0980187695516162,0.0098649909445145,0.0570262908498661,0.0045204256350939,0.0058095370925524,0.0012825137301056,624,0.011092137504808737,0.07142857142857142,702.0
406,0.3,247,310,13,1.0,310.0,0.0980187695516162,0.0093444111810016,0.0570262908498661,0.0041296411768473,0.0058095370925524,0.0012355702516791,624,0.006926406926406926,0.09090909090909091,468.0
406,0.5,412,420,13,1.4,300.0,0.0980187695516162,0.0083916778390187,0.0570262908498661,0.0036648444832721,0.0058095370925524,0.0012013291571285,624,0.012670056704062497,0.1111111111111111,702.0
407,0.1,85,127,13,1.0,127.0,0.0980187695516162,0.0121107124383174,0.0464749058416465,0.0049298241189344,0.0056186378747126,0.0012841780268264,604,0.009606186924089512,0.125,936.0
407,0.2,170,227,13,1.0,227.0,0.0980187695516162,0.0098257638049913,0.0570262908498661,0.0044990284396239,0.0056186378747126,0.0012980311378687,604,0.006643002028397566,0.10344827586206896,306.0
407,0.3,254,313,13,1.0,313.0,0.0980187695516162,0.0093914387657536,0.0570262908498661,0.0043391862674063,0.0058095370925524,0.0012939804162028,604,0.014735972992897398,0.09090909090909091,1083.0
407,0.5,423,426,13,1.5,284.0,0.0980187695516162,0.0087924138504995,0.0570262908498661,0.0040190616650657,0.0058095370925524,0.0013198099517107,604,0.0055128205128205125,0.07692307692307693,420.0
408,0.1,84,129,12,1.0,129.0,0.0980187695516162,0.0126100346775953,0.0570262908498661,0.0060345264869614,0.0056186378747126,0.0014973249107427,617,0.00609826333510544,0.045454545454545456,804.0
408,0.2,168,219,12,1.0,219.0,0.0980187695516162,0.011008422967227,0.0570262908498661,0.0050880085614258,0.0056186378747126,0.0013803757075912,617,0.006691919191919192,0.1111111111111111,2412.0
408,0.3,252,299,13,1.0,299.0,0.0980187695516162,0.009740497522154,0.0570262908498661,0.0043545712518668,0.0058095370925524,0.0012824687825455,617,0.009505989849178612,0.08333333333333333,1809.0
408,0.5,420,432,13,1.555556,277.7142063673696,0.0980187695516162,0.0087016761286833,0.0570262908498661,0.0038128247320019,0.0058095370925524,0.00125616607047,617,0.02467630148664631,0.16,1404.0
409,0.1,85,134,13,1.0,134.0,0.0980187695516162,0.011548098921451,0.0464749058416465,0.0044938084520939,0.0039956275909326,0.0012131080628201,636,0.006753917528663134,0.05,2124.0
409,0.2,169,235,13,1.0,235.0,0.0980187695516162,0.0098817473875712,0.0570262908498661,0.0041387371559104,0.0044179097289399,0.00127433197409,636,0.01637137504072988,0.09090909090909091,966.0
409,0.3,254,325,13,1.0,325.0,0.0980187695516162,0.0094200689821127,0.0570262908498661,0.004054509503656,0.0058095370925524,0.0012883292212704,636,0.016677045973321983,0.10526315789473684,800.0
409,0.5,422,433,13,1.666667,259.7999480400104,0.0980187695516162,0.008631007568989,0.0570262908498661,0.0038552391083772,0.0058095370925524,0.0012953248575222,636,0.04021164430684555,0.625,1050.0
410,0.1,82,132,12,1.0,132.0,0.0980187695516162,0.0113596865421682,0.0492079830055308,0.0049409485186663,0.0058095370925524,0.0012932173607901,631,0.012474247763621577,0.08333333333333333,3200.0
410,0.2,164,233,13,1.0,233.0,0.0980187695516162,0.0096309191888903,0.0570262908498661,0.0043104571040689,0.0058095370925524,0.0012312181370245,631,0.008212305712305712,0.05,536.0
410,0.3,245,310,13,1.0,310.0,0.0980187695516162,0.0097278751387533,0.0570262908498661,0.0043483321523828,0.0058095370925524,0.001278881070651,631,0.017119394476583182,0.09090909090909091,546.0
410,0.5,408,432,13,1.5,288.0,0.0980187695516162,0.0087837446414088,0.0570262908498661,0.003899421182709,0.0058095370925524,0.001267834516326,631,0.015197731362205046,0.07894736842105263,1003.0
411,0.1,83,122,13,1.0,122.0,0.0980187695516162,0.0119831108224071,0.0464749058416465,0.0051254700366134,0.0048729601732022,0.0012630318926094,611,0.020685786914235192,0.125,828.0
411,0.2,166,229,13,1.0,229.0,0.0980187695516162,0.009881107959073,0.0464749058416465,0.0041146292527069,0.0048729601732022,0.0012153435597145,611,0.01498074599818786,0.1,1652.0
411,0.3,249,303,13,1.0,303.0,0.0980187695516162,0.0087756429448992,0.0464749058416465,0.0035497727594603,0.0048729601732022,0.0011467033508489,611,0.0,0.0,255.0
411,0.5,414,445,13,1.5,296.6666666666667,0.0980187695516162,0.0084591861841102,0.0570262908498661,0.0036577576579862,0.0056186378747126,0.0012437606127599,611,0.010712121212121211,0.09090909090909091,360.0
412,0.1,85,125,13,1.0,125.0,0.0980187695516162,0.0119791449426485,0.0464749058416465,0.0049167947024564,0.0039956275909326,0.0012465931295553,638,0.05548680241327301,1.0,1482.0
412,0.2,170,222,13,1.0,222.0,0.0980187695516162,0.0100564589615684,0.0464749058416465,0.0042754944111687,0.0056186378747126,0.0012910892078503,638,0.01798259194221927,0.10869565217391304,608.0
412,0.3,255,308,13,1.0,308.0,0.0980187695516162,0.0091985699389244,0.0464749058416465,0.0039470123301741,0.0056186378747126,0.0012663410861072,638,0.0050143550143550136,0.047619047619047616,400.0
412,0.5,425,450,13,1.5,300.0,0.0980187695516162,0.0084045881126172,0.0570262908498661,0.0037788898138583,0.0058095370925524,0.0012715360354584,638,0.01790165712789436,0.1,1120.0
413,0.1,87,124,13,1.0,124.0,0.0980187695516162,0.010444347270342,0.0464749058416465,0.0036126855643011,0.0034121486335321,0.0009710480630362,617,0.01865705931495405,0.2,649.0
413,0.2,174,219,13,1.0,219.0,0.0980187695516162,0.0101370815299422,0.0464749058416465,0.0039999350555394,0.0056186378747126,0.001165961583267,617,0.007531950280112045,0.058823529411764705,435.0
413,0.3,260,303,13,1.0,303.0,0.0980187695516162,0.0090750472336075,0.0464749058416465,0.0038719429680131,0.0058095370925524,0.0012424382394324,617,0.005240683229813664,0.043478260869565216,680.0
413,0.5,433,432,13,1.5,288.0,0.0980187695516162,0.0085568493415208,0.0570262908498661,0.0037453089068387,0.0058095370925524,0.0012459223236071,617,0.024882154882154884,0.4,630.0
414,0.1,87,131,13,1.0,131.0,0.0980187695516162,0.0115578409443678,0.0570262908498661,0.0050946597483352,0.0045513414488271,0.0013374613092797,643,0.009417140825035562,0.08333333333333333,2478.0
414,0.2,174,235,13,1.0,235.0,0.0980187695516162,0.010383156213254,0.0570262908498661,0.0047620708131063,0.0052421649220672,0.0013710085162187,643,0.0194860187238236,0.1111111111111111,900.0
414,0.3,261,310,13,1.0,310.0,0.0980187695516162,0.0096135086952133,0.0570262908498661,0.0044437762983481,0.0056186378747126,0.0013462559693636,643,0.008940826330532212,0.09523809523809523,840.0
414,0.5,435,451,13,1.666667,270.59994588001086,0.0980187695516162,0.0085639836396467,0.0570262908498661,0.0038441006296166,0.0058095370925524,0.0012799659114646,643,0.007681824970131421,0.037037037037037035,924.0
415,0.1,82,130,13,1.0,130.0,0.0980187695516162,0.0111734980348118,0.0464749058416465,0.0045773424037487,0.0039956275909326,0.0012888943653734,637,0.009623015873015874,0.05555555555555555,714.0
415,0.2,164,221,13,1.0,221.0,0.0980187695516162,0.0099273847663714,0.0464749058416465,0.0040150163612153,0.0040328017800694,0.0012534203989132,637,0.06107442400465377,1.0,2500.0
415,0.3,246,304,13,1.0,304.0,0.0980187695516162,0.009642033916909,0.0570262908498661,0.004196395023031,0.0056186378747126,0.0012487275258335,637,0.010405236063130801,0.08333333333333333,378.0
415,0.5,410,453,13,1.5,302.0,0.0980187695516162,0.0084778340204452,0.0570262908498661,0.0037454298618182,0.0058095370925524,0.0012552058582005,637,0.02450584007187781,0.25,484.0
416,0.1,83,130,13,1.0,130.0,0.0980187695516162,0.0127536696879762,0.0570262908498661,0.0052785619348524,0.0044179097289399,0.0012487011240212,603,0.015726004205680363,0.10344827586206896,960.0
416,0.2,165,208,13,1.0,208.0,0.0980187695516162,0.0113449506697681,0.0570262908498661,0.0048812012699763,0.0058095370925524,0.0012764522296627,603,0.020625601076173904,0.10344827586206896,1330.0
416,0.3,247,292,13,1.0,292.0,0.0980187695516162,0.0100918479580612,0.0570262908498661,0.0044750577092174,0.0058095370925524,0.0013253008207326,603,0.01175729517396184,0.125,1416.0
416,0.5,411,430,13,1.666667,257.99994840001034,0.0980187695516162,0.0089628246477677,0.0570262908498661,0.0040311865404145,0.0058095370925524,0.001317799724932,603,0.007210543080108297,0.07692307692307693,312.0
417,0.1,80,126,13,1.0,126.0,0.0980187695516162,0.0112633861330419,0.0464749058416465,0.00471346601449,0.0052421649220672,0.001247385487421,624,0.01356006559062152,0.10526315789473684,1200.0
417,0.2,159,225,13,1.0,225.0,0.0980187695516162,0.0099779863283512,0.0570262908498661,0.0045273183296081,0.0052421649220672,0.001283086669222,624,0.010550631739713979,0.058823529411764705,2478.0
417,0.3,238,306,13,1.0,306.0,0.0980187695516162,0.0090508222753821,0.0570262908498661,0.004073042762305,0.0052421649220672,0.001257358527513,624,0.0175855597049939,0.08695652173913043,3953.0
417,0.5,396,438,13,1.571429,278.72719671076453,0.0980187695516162,0.0085443836568723,0.0570262908498661,0.0038347316858173,0.0056186378747126,0.0012770580210049,624,0.017942872899769452,0.125,640.0
418,0.1,87,130,12,1.0,130.0,0.0980187695516162,0.0117430015240233,0.0464749058416465,0.0050459516603235,0.0058095370925524,0.0012661550889863,624,0.006135852451641925,0.05263157894736842,702.0
418,0.2,174,233,13,1.0,233.0,0.0980187695516162,0.0099620939193633,0.0464749058416465,0.0042249534465161,0.0058095370925524,0.0012373433181194,624,0.015124158249158252,0.09090909090909091,1500.0
418,0.3,261,313,13,1.0,313.0,0.0980187695516162,0.0095513497486398,0.0570262908498661,0.0041521965590715,0.0058095370925524,0.0012447084931794,624,0.013858037387449151,0.1111111111111111,276.0
418,0.5,435,430,13,2.0,215.0,0.0980187695516162,0.0084802483206828,0.0570262908498661,0.0036112457457206,0.0058095370925524,0.0012029575718708,624,0.007142857142857143,0.14285714285714285,531.0
419,0.1,84,125,12,1.0,125.0,0.0980187695516162,0.010994786235662,0.0492079830055308,0.004674649838362,0.0045513414488271,0.0012636586823248,659,0.017294372294372293,0.14285714285714285,800.0
419,0.2,168,226,12,1.0,226.0,0.0980187695516162,0.0099984312567478,0.0570262908498661,0.0046422856234652,0.0058095370925524,0.0013262006994378,659,0.0011904761904761904,0.023809523809523808,352.0
419,0.3,252,311,13,1.0,311.0,0.0980187695516162,0.0087376655076797,0.0570262908498661,0.0039979109042211,0.0058095370925524,0.0012330586765383,659,0.003518518518518518,0.037037037037037035,875.0
419,0.5,420,444,13,1.5,296.0,0.0980187695516162,0.0084030850454207,0.0570262908498661,0.003768799114222,0.0058095370925524,0.0012428494072003,659,0.007639824797843665,0.07142857142857142,494.0
420,0.1,85,129,13,1.0,129.0,0.0980187695516162,0.010387111897891,0.0464749058416465,0.0042206966186602,0.0044179097289399,0.0012728303713519,634,0.010742000829051208,0.06666666666666667,1400.0
420,0.2,169,229,13,1.0,229.0,0.0980187695516162,0.0100268201501745,0.0570262908498661,0.0044407927260013,0.0058095370925524,0.0013289790546316,634,0.012643301072703502,0.07692307692307693,650.0
420,0.3,254,310,13,1.0,310.0,0.0980187695516162,0.0096774193548386,0.0570262908498661,0.0042876856432755,0.0058095370925524,0.0013178156453616,634,0.00818780190334974,0.058823529411764705,1280.0
420,0.5,423,432,13,1.5,288.0,0.0980187695516162,0.0087861584211948,0.0570262908498661,0.003756466736746,0.0058095370925524,0.001242142379006,634,0.013813131313131314,0.2,1120.0
421,0.1,84,126,13,1.0,126.0,0.0980187695516162,0.01175165930119,0.0464749058416465,0.0049400066755709,0.0056186378747126,0.0012590567438136,618,0.009551155477548633,0.06944444444444445,1140.0
421,0.2,167,216,13,1.0,216.0,0.0980187695516162,0.0105482176650059,0.0464749058416465,0.0046044227527373,0.0058095370925524,0.0012940288707511,618,0.007880693729750334,0.05660377358490566,4602.0
421,0.3,251,289,13,1.0,289.0,0.0980187695516162,0.0097203329592892,0.0492079830055308,0.0042314062442591,0.0058095370925524,0.0012718810792997,618,0.04760760073260073,0.7142857142857143,390.0
421,0.5,418,427,13,1.666667,256.1999487600103,0.0980187695516162,0.0087254238778196,0.0570262908498661,0.0038695003588348,0.0058095370925524,0.0012762920919192,618,0.005091920657958393,0.038461538461538464,736.0
422,0.1,86,119,13,1.0,119.0,0.0980187695516162,0.0115140946889704,0.0464749058416465,0.004607259677456,0.0039956275909326,0.0013294561044488,653,0.008891523213857904,0.05454545454545454,936.0
422,0.2,171,229,13,1.0,229.0,0.0980187695516162,0.0095304879992349,0.0464749058416465,0.0038749715639651,0.0039956275909326,0.0012360597017356,653,0.0076078829725058136,0.0625,550.0
422,0.3,256,315,13,1.0,315.0,0.0980187695516162,0.008726020821954,0.0570262908498661,0.0038613012503238,0.0056186378747126,0.0012392350273366,653,0.011582954952315854,0.0625,640.0
422,0.5,427,462,13,1.5,308.0,0.0980187695516162,0.0080982625299621,0.0570262908498661,0.0036014159925474,0.0056186378747126,0.0012124898274416,653,0.007336928274428276,0.05,1300.0
423,0.1,81,123,13,1.0,123.0,0.0980187695516162,0.0122417491119644,0.0464749058416465,0.0055543761666412,0.0058095370925524,0.0014186967330972,596,0.012225459623449427,0.07142857142857142,880.0
423,0.2,161,225,13,1.0,225.0,0.0980187695516162,0.010066041014946,0.0570262908498661,0.0046543206506529,0.0058095370925524,0.0013165643430125,596,0.01382829911969835,0.07692307692307693,392.0
423,0.3,241,302,13,1.0,302.0,0.0980187695516162,0.0095056246504015,0.0570262908498661,0.0043416038778246,0.0058095370925524,0.0012777906220954,596,0.008297453073262951,0.058823529411764705,1534.0
423,0.5,402,418,13,1.8,232.22222222222223,0.0980187695516162,0.0087536359146039,0.0570262908498661,0.0039386751633273,0.0058095370925524,0.0012909654869569,596,0.006839739020779648,0.07692307692307693,600.0
424,0.1,86,129,13,1.0,129.0,0.0980187695516162,0.0112681976542101,0.0464749058416465,0.0043410935174375,0.0044179097289399,0.0012199011792354,624,0.0052713996489127946,0.02857142857142857,728.0
424,0.2,172,228,13,1.0,228.0,0.0980187695516162,0.0098649909445145,0.0464749058416465,0.004132715104262,0.0044179097289399,0.0013003621366901,624,0.011724137931034483,0.15,392.0
424,0.3,257,310,13,1.0,310.0,0.0980187695516162,0.0093578660567122,0.0464749058416465,0.0040034332010315,0.0044179097289399,0.0012735415141453,624,0.004895833333333334,0.06666666666666667,420.0
424,0.5,428,437,13,1.666667,262.1999475600105,0.0980187695516162,0.0085901838060717,0.0570262908498661,0.0036875026397221,0.0048729601732022,0.001268395493733,624,0.003836223383909218,0.03225806451612903,396.0
425,0.1,83,120,12,1.0,120.0,0.0594369134515119,0.0105404935696906,0.0492079830055308,0.0046884546035861,0.0056186378747126,0.0012897754125685,610,0.010539081752919746,0.06944444444444445,1140.0
425,0.2,165,216,12,1.0,216.0,0.0980187695516162,0.0098240837291931,0.0570262908498661,0.0044383721206401,0.0058095370925524,0.0012812866762131,610,0.0049275362318840586,0.06521739130434782,840.0
425,0.3,248,304,13,1.0,304.0,0.0980187695516162,0.0093127435376762,0.0570262908498661,0.0041902507922733,0.0058095370925524,0.0012598868417893,610,0.00440891472868217,0.041666666666666664,315.0
425,0.5,413,421,13,1.666667,252.5999494800101,0.0980187695516162,0.0088076703018533,0.0570262908498661,0.0039710555658844,0.0058095370925524,0.0012608412246548,610,0.0036616161616161618,0.045454545454545456,400.0
426,0.1,87,138,13,1.0,138.0,0.0980187695516162,0.0115231748046726,0.0570262908498661,0.0055980313001843,0.0058095370925524,0.0013898810845698,613,0.009269957983193276,0.07142857142857142,1250.0
426,0.2,173,240,13,1.0,240.0,0.0980187695516162,0.0102928397636426,0.0570262908498661,0.0046837263859656,0.0058095370925524,0.0013339784949332,613,0.015191001114029901,0.0851063829787234,440.0
426,0.3,259,314,13,1.0,314.0,0.0980187695516162,0.0095607818653984,0.0570262908498661,0.0042357276018245,0.0058095370925524,0.0012842844258888,613,0.007068654019873532,0.05555555555555555,1200.0
426,0.5,431,429,13,1.5,286.0,0.0980187695516162,0.0086555779986436,0.0570262908498661,0.0037801801450859,0.0058095370925524,0.0012452200357413,613,0.04403369534948483,0.6666666666666666,600.0
427,0.1,83,124,12,1.0,124.0,0.0980187695516162,0.0109068586228934,0.0570262908498661,0.0052229432142503,0.0058095370925524,0.0013284215312948,631,0.022431076103345007,0.14285714285714285,624.0
427,0.2,165,222,12,1.0,222.0,0.0980187695516162,0.0094693233379364,0.0570262908498661,0.0044088441123795,0.0058095370925524,0.0013231414686983,631,0.009198500392776674,0.1111111111111111,871.0
427,0.3,248,300,12,1.0,300.0,0.0980187695516162,0.0093778241223496,0.0570262908498661,0.0042516744665188,0.0058095370925524,0.0012903077195117,631,0.021673922078371016,0.2727272727272727,630.0
427,0.5,412,426,13,1.5,284.0,0.0980187695516162,0.0085109195317892,0.0570262908498661,0.0037642858006851,0.0058095370925524,0.0012563723969444,631,0.014146921170272159,0.08333333333333333,207.0
428,0.1,83,127,13,1.0,127.0,0.0980187695516162,0.0119629206933074,0.0464749058416465,0.0048294536769273,0.0039956275909326,0.001271162104173,622,0.011505218525766471,0.07534246575342465,5700.0
428,0.2,165,218,13,1.0,218.0,0.0980187695516162,0.010020950722752,0.0570262908498661,0.0042662553558448,0.0039956275909326,0.0012376549777985,622,0.015551597450574434,0.07407407407407407,768.0
428,0.3,248,289,13,1.0,289.0,0.0980187695516162,0.0093883839495437,0.0570262908498661,0.0040353676478838,0.0052421649220672,0.0012655347357968,622,0.007872922364822219,0.05,1716.0
428,0.5,413,421,13,1.333333,315.75007893751973,0.0980187695516162,0.0086045687932054,0.0570262908498661,0.0037423290931474,0.0058095370925524,0.0012929532859005,622,0.014865319865319864,0.1111111111111111,260.0
429,0.1,84,108,13,1.0,108.0,0.0980187695516162,0.0132468234658015,0.0464749058416465,0.0054826779106446,0.0039956275909326,0.0012548842896011,624,0.011117003151886873,0.07142857142857142,1040.0
429,0.2,167,204,13,1.0,204.0,0.0980187695516162,0.0103713018053936,0.0464749058416465,0.0043284420832376,0.0039956275909326,0.0012387004352678,624,0.005145253526496378,0.046511627906976744,936.0
429,0.3,250,288,13,1.0,288.0,0.0980187695516162,0.009420982504924,0.0464749058416465,0.0039889816486621,0.0058095370925524,0.0011978338916342,624,0.02150543425872373,0.15384615384615385,609.0
429,0.5,416,418,13,1.833333,228.00004145455296,0.0980187695516162,0.008858410126178,0.0570262908498661,0.0040129348463958,0.0058095370925524,0.0012686758450826,624,0.013060958012177524,0.07142857142857142,700.0
430,0.1,84,126,13,1.0,126.0,0.0980187695516162,0.0100137378552393,0.0492079830055308,0.0042552127507128,0.0045513414488271,0.0012081802967018,635,0.008467261904761905,0.07142857142857142,550.0
430,0.2,167,219,13,1.0,219.0,0.0980187695516162,0.0094895272377523,0.0570262908498661,0.004313492598973,0.0045513414488271,0.0012299866709003,635,0.0056071428571428565,0.05714285714285714,1239.0
430,0.3,251,313,13,1.0,313.0,0.0980187695516162,0.0091582352490446,0.0570262908498661,0.0040802925941328,0.0052421649220672,0.0012228561525638,635,0.004577157802964254,0.03225806451612903,280.0
430,0.5,417,445,13,1.5,296.6666666666667,0.0980187695516162,0.008637274314302,0.0570262908498661,0.0038059116458962,0.0058095370925524,0.0012631200264337,635,0.01940438165438165,0.1,780.0
431,0.1,79,123,12,1.0,123.0,0.0980187695516162,0.0115804911959442,0.0492079830055308,0.0050134776322866,0.0045513414488271,0.0013272760288341,611,0.01163709660144295,0.08,684.0
431,0.2,157,214,12,1.0,214.0,0.0980187695516162,0.01087581495522,0.0492079830055308,0.0047630035462598,0.0056186378747126,0.0013605241613206,611,0.010574852988646095,0.07692307692307693,360.0
431,0.3,235,285,13,1.0,285.0,0.0980187695516162,0.0099006640689314,0.0492079830055308,0.0043155236844848,0.0056186378747126,0.0013005130515633,611,0.007297705314009662,0.06956521739130435,2300.0
431,0.5,391,417,13,1.875,222.4,0.0980187695516162,0.0085320690267389,0.0570262908498661,0.0037952708513186,0.0058095370925524,0.0012685123842338,611,0.008035714285714285,0.125,325.0
432,0.1,81,120,13,1.0,120.0,0.0980187695516162,0.0127737226277371,0.0570262908498661,0.0057154351803115,0.0056186378747126,0.0013422128665444,617,0.009746961518689872,0.0625,1608.0
432,0.2,161,231,13,1.0,231.0,0.0980187695516162,0.0100754303048358,0.0570262908498661,0.004273858840244,0.0056186378747126,0.0012571117740614,617,0.003101503759398496,0.03571428571428571,380.0
432,0.3,242,319,13,1.0,319.0,0.0980187695516162,0.0092801736395997,0.0570262908498661,0.0040453859357885,0.0058095370925524,0.0012623225467001,617,0.010173520577631457,0.06896551724137931,900.0
432,0.5,402,435,13,1.666667,260.99994780001043,0.0980187695516162,0.0084882480553257,0.0570262908498661,0.0037227952663799,0.0058095370925524,0.0012507235665637,617,0.0,0.0,210.0
433,0.1,86,132,13,1.0,132.0,0.0980187695516162,0.0106171201061711,0.0570262908498661,0.0045778976418578,0.0034176043514391,0.0012370423773983,642,0.00811111111111111,0.06666666666666667,640.0
433,0.2,172,234,13,1.0,234.0,0.0980187695516162,0.0100220136716486,0.0570262908498661,0.0046389028255218,0.0045513414488271,0.001303356766921,642,0.0062202619620422344,0.06666666666666667,483.0
433,0.3,258,320,13,1.0,320.0,0.0980187695516162,0.0088471063607924,0.0570262908498661,0.0039914321547525,0.0045513414488271,0.0012618677985775,642,0.006820146289516436,0.06666666666666667,840.0
433,0.5,429,452,13,1.5,301.3333333333333,0.0980187695516162,0.0082312881227679,0.0570262908498661,0.0036970115848867,0.0058095370925524,0.0012511510987177,642,0.003125,0.0625,168.0
434,0.1,86,120,13,1.0,120.0,0.0980187695516162,0.0121220020855056,0.0464749058416465,0.0049831495638397,0.0048729601732022,0.0013394157293774,630,0.03076303087206782,0.13333333333333333,4446.0
434,0.2,171,223,13,1.0,223.0,0.0980187695516162,0.0100674749949732,0.0570262908498661,0.0043390771190229,0.0048729601732022,0.0012812143919125,630,0.013155333055207896,0.2222222222222222,870.0
434,0.3,256,302,13,1.0,302.0,0.0980187695516162,0.0092293987252173,0.0570262908498661,0.0039258144043348,0.0056186378747126,0.0012333100057029,630,0.004195804195804196,0.045454545454545456,140.0
434,0.5,426,448,13,1.6,280.0,0.0980187695516162,0.008404867421421,0.0570262908498661,0.0036168100043368,0.0058095370925524,0.0012521734023483,630,0.010432330827067668,0.14285714285714285,704.0
435,0.1,79,119,13,1.0,119.0,0.0980187695516162,0.012530559669123,0.0570262908498661,0.0061945040841411,0.0056186378747126,0.0014161885262167,616,0.010537343299526792,0.09090909090909091,680.0
435,0.2,157,200,13,1.0,200.0,0.0980187695516162,0.0108446298227319,0.0570262908498661,0.0051282291016009,0.0056186378747126,0.0013559918117021,616,0.005252100840336134,0.047619047619047616,300.0
435,0.3,235,278,13,1.0,278.0,0.0980187695516162,0.0098573904171761,0.0570262908498661,0.0046185858354489,0.0056186378747126,0.0013228644321992,616,0.0023561507936507935,0.03125,513.0
435,0.5,391,418,13,1.5,278.6666666666667,0.0980187695516162,0.0086738079438808,0.0570262908498661,0.0039447133055084,0.0058095370925524,0.0012876336378263,616,0.010398970398970399,0.08333333333333333,2808.0
436,0.1,80,126,12,1.0,126.0,0.0761209593326381,0.0111309730704933,0.031948254360793,0.0052375796197716,0.0052421649220672,0.0014140953574665,636,0.005637254901960783,0.05,885.0
436,0.2,160,215,13,1.0,215.0,0.0980187695516162,0.0105875791158425,0.0492079830055308,0.0047805048765929,0.0052421649220672,0.0013355460026252,636,0.02592741599320546,0.16216216216216217,864.0
436,0.3,240,298,13,1.0,298.0,0.0980187695516162,0.0093532832718645,0.0492079830055308,0.0041072667441061,0.0052421649220672,0.0012891700647734,636,0.004287790697674419,0.0625,273.0
436,0.5,399,439,13,1.5,292.6666666666667,0.0980187695516162,0.0083705264358041,0.0570262908498661,0.0036952918277726,0.0052421649220672,0.0012533131829949,636,0.012318396226415094,0.08333333333333333,728.0
437,0.1,82,114,12,1.0,114.0,0.0980187695516162,0.0107568190549365,0.0464749058416465,0.004143979454061,0.0039254903849993,0.0011812667957991,624,0.022616676649695515,0.2,648.0
437,0.2,164,206,13,1.0,206.0,0.0980187695516162,0.0102351762049869,0.0570262908498661,0.0046704357533774,0.0058095370925524,0.0012973899212878,624,0.003365417847515034,0.029411764705882353,2808.0
437,0.3,246,294,13,1.0,294.0,0.0980187695516162,0.0097962021096237,0.0570262908498661,0.0043937715396113,0.0058095370925524,0.0012957274490618,624,0.015383076715000605,0.1111111111111111,2200.0
437,0.5,410,418,13,1.4,298.5714285714286,0.0980187695516162,0.0089457219691564,0.0570262908498661,0.0039796371814798,0.0058095370925524,0.0012691458151507,624,0.01276118652589241,0.07692307692307693,1000.0
438,0.1,86,130,12,1.0,130.0,0.0980187695516162,0.0121520814951471,0.0464749058416465,0.0053622482067398,0.0039254903849993,0.0012937733130134,638,0.010537411934470758,0.10909090909090909,3900.0
438,0.2,172,224,13,1.0,224.0,0.0980187695516162,0.0106789065991359,0.0464749058416465,0.0047095995816492,0.0056186378747126,0.0013330572883866,638,0.006447368421052632,0.07894736842105263,1092.0
438,0.3,258,303,13,1.0,303.0,0.0980187695516162,0.0099973500999734,0.0570262908498661,0.0044107014531739,0.0056186378747126,0.0012918412746804,638,0.0379398433505541,0.3333333333333333,2340.0
438,0.5,429,426,13,1.5,284.0,0.0980187695516162,0.0086798161230154,0.0570262908498661,0.0038993496995151,0.0058095370925524,0.0012723074351052,638,0.0048642533936651584,0.058823529411764705,702.0
439,0.1,79,124,13,1.0,124.0,0.0980187695516162,0.0121430253288034,0.0464749058416465,0.0051172240964768,0.0056186378747126,0.001294201221313,634,0.005461538461538462,0.04,1116.0
439,0.2,158,221,13,1.0,221.0,0.0980187695516162,0.0103897819655655,0.0464749058416465,0.0044936632118828,0.0056186378747126,0.0013172411194119,634,0.013526657702185108,0.0975609756097561,1560.0
439,0.3,236,308,13,1.0,308.0,0.0980187695516162,0.0092391966740245,0.0464749058416465,0.0039967830708433,0.0058095370925524,0.0012767237402448,634,0.008944943944943945,0.07692307692307693,528.0
439,0.5,393,451,13,1.5,300.6666666666667,0.0980187695516162,0.0083027174001003,0.0570262908498661,0.0035825665228998,0.0058095370925524,0.0012284518461655,634,0.011468253968253968,0.08333333333333333,456.0
440,0.1,80,115,13,1.0,115.0,0.0980187695516162,0.0112798658022396,0.0464749058416465,0.0047255560311396,0.0039956275909326,0.0012127145142741,616,0.010256255295449023,0.07407407407407407,364.0
440,0.2,159,215,13,1.0,215.0,0.0980187695516162,0.0090792249678686,0.0464749058416465,0.0036859938756968,0.0039956275909326,0.0011301397353782,616,0.015436507936507938,0.14285714285714285,780.0
440,0.3,239,291,13,1.0,291.0,0.0980187695516162,0.009001358087068,0.0464749058416465,0.0036983283987801,0.0056186378747126,0.0011867960996224,616,0.0034722222222222225,0.044444444444444446,560.0
440,0.5,398,424,13,1.5,282.6666666666667,0.0980187695516162,0.0082952958073464,0.0570262908498661,0.0035400524955899,0.0058095370925524,0.0012280838472102,616,0.0028525641025641023,0.041666666666666664,513.0
441,0.1,80,116,13,1.0,116.0,0.0980187695516162,0.011614109525008,0.0464749058416465,0.0045238183602914,0.0038221510689287,0.0011425248464187,628,0.012995148041542526,0.07317073170731707,3200.0
441,0.2,160,206,13,1.0,206.0,0.0980187695516162,0.0102908571833523,0.0464749058416465,0.0040394498370344,0.0039956275909326,0.0011461605623685,628,0.014818171052247081,0.09090909090909091,600.0
441,0.3,239,286,13,1.0,286.0,0.0980187695516162,0.0090529908048155,0.0464749058416465,0.003786574914532,0.0040328017800694,0.0012059580967839,628,0.00921895255379829,0.06896551724137931,798.0
441,0.5,398,423,13,1.6,264.375,0.0980187695516162,0.0085269082007705,0.0570262908498661,0.0037616446373141,0.0052421649220672,0.0012568744150724,628,0.01225090579710145,0.08333333333333333,230.0
442,0.1,84,132,13,1.0,132.0,0.0980187695516162,0.0112648908269345,0.0570262908498661,0.0050783748593182,0.0045513414488271,0.0012379915044463,609,0.02721738819063988,0.3333333333333333,2808.0
442,0.2,167,231,13,1.0,231.0,0.0980187695516162,0.0100077190796689,0.0570262908498661,0.0045294781700167,0.0045513414488271,0.0012810125111081,609,0.01973472524714761,0.1111111111111111,640.0
442,0.3,250,314,13,1.0,314.0,0.0980187695516162,0.0096637288045535,0.0570262908498661,0.0044252746152571,0.0056186378747126,0.0013241605328852,609,0.002631578947368421,0.05263157894736842,680.0
442,0.5,417,430,13,1.555556,276.4284924490022,0.0980187695516162,0.0086330237408152,0.0570262908498661,0.0038790645692462,0.0056186378747126,0.0012961836053707,609,0.008313492063492063,0.05555555555555555,450.0
443,0.1,86,116,13,1.0,116.0,0.0980187695516162,0.0110747545935061,0.0464749058416465,0.0047937878178362,0.0056186378747126,0.001202409486548,650,0.024181073072395854,0.1282051282051282,975.0
443,0.2,171,230,13,1.0,230.0,0.0980187695516162,0.0102144443940698,0.0464749058416465,0.0043241151098423,0.0056186378747126,0.0012348391878026,650,0.007283503134796238,0.06896551724137931,352.0
443,0.3,256,322,13,1.0,322.0,0.0980187695516162,0.0091257067727122,0.0464749058416465,0.0038845219962921,0.0058095370925524,0.0012496996916328,650,0.0070126227208976155,0.0967741935483871,280.0
443,0.5,427,456,13,1.5,304.0,0.0980187695516162,0.0084083383641585,0.0570262908498661,0.0037606247560913,0.0058095370925524,0.0012483793386546,650,0.0025,0.05,1072.0
444,0.1,81,123,13,1.0,123.0,0.0761209593326381,0.0113092058970641,0.031948254360793,0.0043535326677281,0.0056186378747126,0.001220649963889,632,0.01482533326068795,0.08333333333333333,1040.0
444,0.2,161,217,13,1.0,217.0,0.0980187695516162,0.0105380508690407,0.0464749058416465,0.0041699878183067,0.0056186378747126,0.0012336867769546,632,0.017005174501747284,0.07142857142857142,875.0
444,0.3,241,302,13,1.0,302.0,0.0980187695516162,0.0095021718263367,0.0464749058416465,0.0037835171929543,0.0056186378747126,0.0011789265212363,632,0.0125847230417311,0.06818181818181818,840.0
444,0.5,401,431,13,1.5,287.3333333333333,0.0980187695516162,0.0085936384816937,0.0570262908498661,0.0037597395157974,0.0058095370925524,0.0012517442487856,632,0.005057471264367816,0.06666666666666667,429.0
445,0.1,87,132,12,1.0,132.0,0.0980187695516162,0.0117546686889752,0.0570262908498661,0.0050436963023374,0.0039956275909326,0.0011767347748283,636,0.020849025515488184,0.25,560.0
445,0.2,174,235,13,1.0,235.0,0.0980187695516162,0.0104719011381536,0.0570262908498661,0.0044954130779888,0.0056186378747126,0.0012331914780116,636,0.0052082860630699385,0.034482758620689655,826.0
445,0.3,261,312,13,1.0,312.0,0.0980187695516162,0.0094549610972968,0.0570262908498661,0.0039924386144099,0.0056186378747126,0.0012134289202518,636,0.0,0.0,308.0
445,0.5,434,441,13,1.5,294.0,0.0980187695516162,0.0086139426225825,0.0570262908498661,0.00369372523936,0.0058095370925524,0.0012396496381394,636,0.009808264652014651,0.07692307692307693,750.0
446,0.1,78,116,13,1.0,116.0,0.0980187695516162,0.0119646902304842,0.0492079830055308,0.0052806346834787,0.0045513414488271,0.0012582139116274,597,0.011880198026427237,0.09090909090909091,805.0
446,0.2,155,218,13,1.0,218.0,0.0980187695516162,0.0103270800049745,0.0570262908498661,0.0046233292700538,0.0052421649220672,0.001239454019286,597,0.004452341137123746,0.041666666666666664,680.0
446,0.3,232,294,13,1.0,294.0,0.0980187695516162,0.0093280273527554,0.0570262908498661,0.004259977910636,0.0056186378747126,0.001243939681033,597,0.00935374149659864,0.16666666666666666,340.0
446,0.5,387,406,13,1.6,253.75,0.0980187695516162,0.0086553624721974,0.0570262908498661,0.0038502974539199,0.0056186378747126,0.0012296912394976,597,0.010314900153609832,0.0967741935483871,1139.0
447,0.1,85,137,13,1.0,137.0,0.0980187695516162,0.0120639656576573,0.0570262908498661,0.0057124208859422,0.0048729601732022,0.0015018723911951,622,0.0631492773261066,0.8571428571428571,702.0
447,0.2,169,239,13,1.0,239.0,0.0980187695516162,0.0105889590359552,0.0570262908498661,0.0050119543256966,0.0052421649220672,0.001432005753159,622,0.006959120774910248,0.05263157894736842,875.0
447,0.3,253,318,13,1.0,318.0,0.0980187695516162,0.0095684052439319,0.0570262908498661,0.004436098514658,0.0052421649220672,0.0013612021877264,622,0.018805270752639172,0.15789473684210525,1000.0
447,0.5,421,438,13,1.8,243.3333333333333,0.0980187695516162,0.0086419929435627,0.0570262908498661,0.0039268120689485,0.0058095370925524,0.0013138350825274,622,0.012873931623931623,0.125,360.0
448,0.1,81,118,12,1.0,118.0,0.0980187695516162,0.0113112175465261,0.0464749058416465,0.0042101016110445,0.0033192232872945,0.0011834913960487,610,0.0033893557422969185,0.0392156862745098,5900.0
448,0.2,161,206,13,1.0,206.0,0.0980187695516162,0.0103364143474695,0.0464749058416465,0.0041498136123286,0.0058095370925524,0.0012538189527443,610,0.008215780851838368,0.125,531.0
448,0.3,241,294,13,1.0,294.0,0.0980187695516162,0.0098529505650017,0.0570262908498661,0.0042674657055037,0.0058095370925524,0.0012736084253251,610,0.005629877369007804,0.08695652173913043,400.0
448,0.5,402,424,13,1.666667,254.3999491200102,0.0980187695516162,0.0084354772069962,0.0570262908498661,0.0037474296645762,0.0058095370925524,0.0012626105443063,610,0.017222222222222222,0.25,340.0
449,0.1,83,125,12,1.0,125.0,0.0980187695516162,0.0113952033368091,0.0464749058416465,0.0048336229297114,0.0056186378747126,0.0012738992669787,630,0.011064363968350577,0.06666666666666667,1596.0
449,0.2,166,231,13,1.0,231.0,0.0980187695516162,0.009809099485846,0.0464749058416465,0.0042267565602518,0.0056186378747126,0.0012163302232263,630,0.0179693024922464,0.07142857142857142,690.0
449,0.3,249,310,13,1.0,310.0,0.0980187695516162,0.0090450401964411,0.0570262908498661,0.003971552316617,0.0056186378747126,0.0011830263524557,630,0.017016223155929038,0.07142857142857142,264.0
449,0.5,414,447,13,1.5,298.0,0.0980187695516162,0.0081157432355198,0.0570262908498661,0.0036327557897105,0.0056186378747126,0.0012523577430492,630,0.0020842379504993486,0.02127659574468085,432.0
450,0.1,82,130,12,1.0,130.0,0.0980187695516162,0.0121681238469559,0.0464749058416465,0.0052743042347879,0.0056186378747126,0.0014348366213631,606,0.03575869627590196,0.3333333333333333,1440.0
450,0.2,164,215,13,1.0,215.0,0.0980187695516162,0.010655479302568,0.0464749058416465,0.004566584825073,0.0056186378747126,0.0013271202077489,606,0.010799687575102138,0.10526315789473684,1026.0
450,0.3,245,296,13,1.0,296.0,0.0980187695516162,0.0095010286616125,0.0570262908498661,0.0042158879096592,0.0056186378747126,0.0012865586301383,606,0.021176352383248935,0.125,180.0
450,0.5,408,419,13,1.5,279.3333333333333,0.0980187695516162,0.0084042396987713,0.0570262908498661,0.0037305253108976,0.0058095370925524,0.0012445734549965,606,0.006009615384615385,0.0625,546.0
451,0.1,83,124,12,1.0,124.0,0.0980187695516162,0.0113777792727639,0.0570262908498661,0.004801916514436,0.0039956275909326,0.0012833146968528,621,0.01949849695688808,0.1388888888888889,798.0
451,0.2,166,235,12,1.0,235.0,0.0980187695516162,0.0095134559492378,0.0570262908498661,0.0041755619498631,0.0056186378747126,0.0012751582025205,621,0.008837232507445272,0.06382978723404255,750.0
451,0.3,249,320,13,1.0,320.0,0.0980187695516162,0.0093261209593325,0.0570262908498661,0.0040472579760335,0.0056186378747126,0.0012727760143274,621,0.014957264957264956,0.16666666666666666,1365.0
451,0.5,415,445,13,1.555556,286.07134683675804,0.0980187695516162,0.0084451265948846,0.0570262908498661,0.0036604753900669,0.0058095370925524,0.0012666501138642,621,0.049946613187332435,0.75,600.0
452,0.1,84,138,13,1.0,138.0,0.0980187695516162,0.0129588490426319,0.0464749058416465,0.0056578820536696,0.0058095370925524,0.0013975685448597,608,0.009657160067043789,0.0625,1121.0
452,0.2,168,232,13,1.0,232.0,0.0980187695516162,0.0105668620330084,0.0570262908498661,0.0044903097171063,0.0058095370925524,0.0012923752083304,608,0.008504901960784312,0.058823529411764705,1416.0
452,0.3,252,317,13,1.0,317.0,0.0980187695516162,0.0095722739578227,0.0570262908498661,0.00415520953205,0.0058095370925524,0.0012495871769395,608,0.01873256480607009,0.1875,2418.0
452,0.5,419,436,13,1.75,249.14285714285717,0.0980187695516162,0.0085740115372472,0.0570262908498661,0.0038131095730548,0.0058095370925524,0.0012595768153367,608,0.008727343059239612,0.1,1326.0
453,0.1,86,144,13,1.0,144.0,0.0980187695516162,0.0120133819951337,0.0570262908498661,0.005756514489143,0.0052421649220672,0.0013943514404491,642,0.014486377536836254,0.08571428571428572,1300.0
453,0.2,171,239,13,1.0,239.0,0.0980187695516162,0.0104667955200893,0.0570262908498661,0.0047965404589322,0.0052421649220672,0.001352100650607,642,0.0129924742989523,0.05504587155963303,2028.0
453,0.3,256,314,13,1.0,314.0,0.0980187695516162,0.0098829061588836,0.0570262908498661,0.0044349911371943,0.0052421649220672,0.0013161107649631,642,0.018479122208704783,0.14285714285714285,210.0
453,0.5,426,450,13,1.666667,269.9999460000108,0.0980187695516162,0.0084949600278066,0.0570262908498661,0.0037957617629674,0.0058095370925524,0.0012572860110637,642,0.013077047457353058,0.16129032258064516,472.0
454,0.1,85,124,13,1.0,124.0,0.0980187695516162,0.0104023007837464,0.0492079830055308,0.0047335820696803,0.0056186378747126,0.0014142045482791,611,0.004772727272727273,0.05,500.0
454,0.2,170,213,13,1.0,213.0,0.0980187695516162,0.0103247220549574,0.0492079830055308,0.0047666154814934,0.0056186378747126,0.0013815217278879,611,0.008486798974909112,0.0625,420.0
454,0.3,255,289,13,1.0,289.0,0.0980187695516162,0.0092296257274914,0.0492079830055308,0.0040795631392575,0.0056186378747126,0.0013103864277503,611,0.008204334365325078,0.10526315789473684,770.0
454,0.5,424,436,13,1.5,290.6666666666667,0.0980187695516162,0.0082248328247122,0.0570262908498661,0.0037037934436763,0.0058095370925524,0.0012558476983275,611,0.015510366826156299,0.1111111111111111,192.0
455,0.1,86,131,13,1.0,131.0,0.0980187695516162,0.0116931600187854,0.0464749058416465,0.0051136915306817,0.0039956275909326,0.0012959350154584,646,0.012183215391419724,0.08571428571428572,1428.0
455,0.2,171,223,13,1.0,223.0,0.0980187695516162,0.0101656714533543,0.0464749058416465,0.0042058213776312,0.0039956275909326,0.001198985068726,646,0.053841607565011815,0.5555555555555556,560.0
455,0.3,257,299,13,1.0,299.0,0.0980187695516162,0.0091685528054934,0.0464749058416465,0.0038441088971446,0.0039956275909326,0.0012004488261506,646,0.015396464646464644,0.125,1100.0
455,0.5,427,437,13,1.5,291.3333333333333,0.0980187695516162,0.0084207662921186,0.0570262908498661,0.0037747550358199,0.0056186378747126,0.0012336236754033,646,0.021707082576647795,0.3333333333333333,240.0
456,0.1,84,120,13,1.0,120.0,0.0980187695516162,0.0130257212374,0.0464749058416465,0.0054318395300201,0.0039956275909326,0.0013764169140849,600,0.003333333333333333,0.06666666666666667,1152.0
456,0.2,168,229,13,1.0,229.0,0.0980187695516162,0.0111014475595484,0.0570262908498661,0.0049948526733102,0.0052421649220672,0.0013522106922361,600,0.00396062271062271,0.02857142857142857,400.0
456,0.3,252,304,13,1.0,304.0,0.0980187695516162,0.0097792382415893,0.0570262908498661,0.0043398807018533,0.0052421649220672,0.0012584489779738,600,0.020740779645191408,0.08,187.0
456,0.5,419,422,13,1.555556,271.28563677553234,0.0980187695516162,0.0088633993743482,0.0570262908498661,0.0039447342350289,0.0056186378747126,0.0012778748182204,600,0.005848717055613607,0.045454545454545456,180.0
457,0.1,82,120,13,1.0,120.0,0.0980187695516162,0.009080639555092,0.0464749058416465,0.0033456874802206,0.0039254903849993,0.000962310382539,628,0.014079254079254078,0.2,414.0
457,0.2,164,231,13,1.0,231.0,0.0980187695516162,0.0086083537595528,0.0464749058416465,0.0035308170835034,0.0039956275909326,0.0011593469430145,628,0.025799532680831672,0.2,360.0
457,0.3,246,311,13,1.0,311.0,0.0980187695516162,0.0085063151930098,0.0570262908498661,0.0037206705078818,0.0056186378747126,0.0012433819932448,628,0.0017462686567164178,0.02,900.0
457,0.5,410,430,13,1.666667,257.99994840001034,0.0980187695516162,0.0084802483206828,0.0570262908498661,0.0037537587048178,0.0058095370925524,0.0012860277760697,628,0.003864734299516908,0.05555555555555555,609.0
458,0.1,82,128,13,1.0,128.0,0.0980187695516162,0.0111607142857142,0.0570262908498661,0.0048131516769558,0.0039254903849993,0.0013296513012613,620,0.011319755977774845,0.0625,704.0
458,0.2,164,236,13,1.0,236.0,0.0980187695516162,0.0111433166610699,0.0570262908498661,0.0049789342998189,0.0058095370925524,0.0013824985301346,620,0.011838041048567362,0.08333333333333333,1750.0
458,0.3,245,312,13,1.0,312.0,0.0980187695516162,0.0099830218443356,0.0570262908498661,0.0043921840560441,0.0058095370925524,0.0013327817202653,620,0.012831037043148256,0.13043478260869565,1560.0
458,0.5,408,436,13,1.666667,261.5999476800105,0.0980187695516162,0.0086864183830633,0.0570262908498661,0.0038201294176327,0.0058095370925524,0.0012727415757745,620,0.00857843137254902,0.08333333333333333,396.0
459,0.1,86,127,12,1.0,127.0,0.0980187695516162,0.0118397609057991,0.0464749058416465,0.0052535469840227,0.0052421649220672,0.0013259651477331,633,0.01522630078403421,0.08695652173913043,1216.0
459,0.2,171,231,13,1.0,231.0,0.0980187695516162,0.0101521696933583,0.0570262908498661,0.0044953547193472,0.0052421649220672,0.0012835098576154,633,0.01259349883329012,0.1,324.0
459,0.3,256,309,13,1.0,309.0,0.0980187695516162,0.0092295439896601,0.0570262908498661,0.0041453855980092,0.0052421649220672,0.0012608346670191,633,0.01265617574154066,0.058823529411764705,680.0
459,0.5,426,448,13,1.555556,287.9999177143092,0.0980187695516162,0.0083140920601816,0.0570262908498661,0.0036584230794923,0.0056186378747126,0.0012345599201686,633,0.00275,0.041666666666666664,603.0
460,0.1,84,124,13,1.0,124.0,0.0980187695516162,0.0111086817585522,0.0464749058416465,0.0046917483647487,0.0056186378747126,0.0012025965003854,625,0.003492063492063492,0.047619047619047616,504.0
460,0.2,167,216,13,1.0,216.0,0.0980187695516162,0.0100268412312207,0.0570262908498661,0.0043416101911422,0.0056186378747126,0.0012373049768464,625,0.01973776223776224,0.1111111111111111,700.0
460,0.3,251,294,13,1.0,294.0,0.0980187695516162,0.0092322643343051,0.0570262908498661,0.0040474054133906,0.0056186378747126,0.0012199339256979,625,0.011647727272727271,0.06818181818181818,624.0
460,0.5,417,428,13,1.5,285.3333333333333,0.0980187695516162,0.0087805638661767,0.0570262908498661,0.0039344153022448,0.0056186378747126,0.0012650576522543,625,0.008332578109069488,0.08695652173913043,408.0
461,0.1,83,125,12,1.0,125.0,0.0980187695516162,0.0124713242961417,0.0570262908498661,0.0058256400433428,0.0058095370925524,0.0014047569600644,639,0.018398228467014045,0.125,736.0
461,0.2,166,221,12,1.0,221.0,0.0980187695516162,0.0108238691321559,0.0570262908498661,0.0050991647023375,0.0058095370925524,0.0014095698066355,639,0.009416474654377881,0.0625,3120.0
461,0.3,249,315,12,1.0,315.0,0.0980187695516162,0.0096462916066669,0.0570262908498661,0.0044673919716368,0.0058095370925524,0.0013345565519787,639,0.011176352383248937,0.07692307692307693,1014.0
461,0.5,414,436,13,1.857143,234.76921271006057,0.0980187695516162,0.0085022624867263,0.0570262908498661,0.0038265257038473,0.0058095370925524,0.001280779530497,639,0.005570291777188329,0.07692307692307693,200.0
462,0.1,82,126,12,1.0,126.0,0.0761209593326381,0.0120330370591058,0.031948254360793,0.0053145931511099,0.0056186378747126,0.0013067149317203,631,0.009178635748403191,0.07407407407407407,1197.0
462,0.2,164,232,13,1.0,232.0,0.0980187695516162,0.0097892920067598,0.0464749058416465,0.0043520473430138,0.0056186378747126,0.0013217504853611,631,0.008966180656556869,0.058823529411764705,450.0
462,0.3,246,317,13,1.0,317.0,0.0980187695516162,0.0095985894876036,0.0570262908498661,0.0042840167960114,0.0056186378747126,0.0013101399026806,631,0.02148149852724595,0.25,2508.0
462,0.5,409,445,13,1.5,296.6666666666667,0.0980187695516162,0.0085458869843352,0.0570262908498661,0.0037585731144663,0.0058095370925524,0.0012689673351645,631,0.00810340022296544,0.07692307692307693,336.0
463,0.1,81,127,13,1.0,127.0,0.0980187695516162,0.010238683668191,0.0464749058416465,0.004393849710477,0.0058095370925524,0.0013001105612435,632,0.008884459036898062,0.0975609756097561,680.0
463,0.2,162,218,13,1.0,218.0,0.0980187695516162,0.0095378404492446,0.0570262908498661,0.0041951080179231,0.0058095370925524,0.0012659618792239,632,0.014995024325519682,0.14285714285714285,472.0
463,0.3,243,307,13,1.0,307.0,0.0980187695516162,0.0091368248005352,0.0570262908498661,0.0039739947893914,0.0058095370925524,0.0012229020311348,632,0.008459249084249085,0.07692307692307693,580.0
463,0.5,405,440,13,1.75,251.42857142857144,0.0980187695516162,0.0084557777988434,0.0570262908498661,0.0036136962899271,0.0058095370925524,0.0012165176354085,632,0.006498951781970649,0.1111111111111111,1300.0
464,0.1,85,129,13,1.0,129.0,0.0980187695516162,0.0123352005884682,0.0570262908498661,0.0056182395158098,0.0058095370925524,0.0013826291039397,622,0.0030638297872340424,0.04,798.0
464,0.2,169,226,13,1.0,226.0,0.0980187695516162,0.0111334631391474,0.0570262908498661,0.0050789198251667,0.0058095370925524,0.0013911876612312,622,0.00510840108401084,0.05555555555555555,1092.0
464,0.3,253,313,13,1.0,313.0,0.0980187695516162,0.0099211438965642,0.0570262908498661,0.0043846407459285,0.0058095370925524,0.0013052206825867,622,0.017083333333333332,0.19230769230769232,646.0
464,0.5,422,437,13,2.0,218.5,0.0980187695516162,0.0085925699682401,0.0570262908498661,0.0037800261098901,0.0058095370925524,0.0012612702277437,622,0.014495671676712304,0.10810810810810811,1200.0
465,0.1,85,120,13,1.0,120.0,0.0980187695516162,0.011791797010775,0.0570262908498661,0.0051787596025296,0.0039956275909326,0.0011683973467767,624,0.01477197570947571,0.09090909090909091,663.0
465,0.2,169,230,13,1.0,230.0,0.0980187695516162,0.0099696241555968,0.0570262908498661,0.0044983907983832,0.0058095370925524,0.0013000095916851,624,0.00211864406779661,0.0423728813559322,2300.0
465,0.3,254,315,13,1.0,315.0,0.0980187695516162,0.008994157273615,0.0570262908498661,0.0039310699925886,0.0058095370925524,0.0012268242124459,624,0.009341269841269841,0.1111111111111111,240.0
465,0.5,423,445,13,1.5,296.6666666666667,0.0980187695516162,0.008513081276142,0.0570262908498661,0.0037724549636945,0.0058095370925524,0.0012869072523525,624,0.005019702871636923,0.05263157894736842,1139.0
466,0.1,82,124,13,1.0,124.0,0.0980187695516162,0.0123112112751858,0.0464749058416465,0.0052528064453995,0.0058095370925524,0.0013309932790508,637,0.011421440877962617,0.07692307692307693,1330.0
466,0.2,163,217,13,1.0,217.0,0.0980187695516162,0.0101488205359845,0.0464749058416465,0.0044315172996203,0.0058095370925524,0.0013398155120881,637,0.004772727272727273,0.05,390.0
466,0.3,244,301,13,1.0,301.0,0.0980187695516162,0.0092392754080073,0.0464749058416465,0.0039446456005151,0.0058095370925524,0.0012616293866848,637,0.013011263196866149,0.05555555555555555,680.0
466,0.5,406,435,13,1.333333,326.2500815625204,0.0980187695516162,0.0079488931238238,0.0570262908498661,0.0033783121169451,0.0058095370925524,0.0012078046963927,637,0.025349319540109015,0.14285714285714285,570.0
467,0.1,81,124,11,1.0,124.0,0.0980187695516162,0.0117141511655285,0.0464749058416465,0.0046884383372898,0.0058095370925524,0.0012428521736463,599,0.022876320982938632,0.125,800.0
467,0.2,161,214,12,1.0,214.0,0.0980187695516162,0.0106857805541207,0.0570262908498661,0.0048893127831882,0.0058095370925524,0.0013075410981399,599,0.012006137479541736,0.15384615384615385,1040.0
467,0.3,241,292,12,1.0,292.0,0.0980187695516162,0.0102489751024897,0.0570262908498661,0.004656873545704,0.0058095370925524,0.0013386624222882,599,0.01016815064780181,0.06976744186046512,525.0
467,0.5,401,401,13,1.5,267.3333333333333,0.0980187695516162,0.0089765159572392,0.0570262908498661,0.0039807701005375,0.0058095370925524,0.0012734346280511,599,0.0060416666666666665,0.1,468.0
468,0.1,85,129,13,1.0,129.0,0.0980187695516162,0.0113005310764604,0.0464749058416465,0.0048350510959719,0.0052421649220672,0.001398882867799,614,0.01621557971014493,0.2,682.0
468,0.2,169,226,13,1.0,226.0,0.0980187695516162,0.0106674541142598,0.0570262908498661,0.0048147960456148,0.0056186378747126,0.0013722481254956,614,0.00922222754414535,0.08333333333333333,612.0
468,0.3,253,304,13,1.0,304.0,0.0980187695516162,0.0098203995389934,0.0570262908498661,0.0043597939647613,0.0056186378747126,0.0013120208820912,614,0.006829705393828131,0.05555555555555555,1770.0
468,0.5,421,437,13,1.5,291.3333333333333,0.0980187695516162,0.0083778153730883,0.0570262908498661,0.003769382943991,0.0056186378747126,0.0012792288405325,614,0.0064405684754521965,0.047619047619047616,468.0
469,0.1,88,133,13,1.0,133.0,0.0980187695516162,0.0112899558594086,0.0464749058416465,0.005046737726964,0.0058095370925524,0.0013436951257289,649,0.024375289641548316,0.14285714285714285,624.0
469,0.2,175,231,13,1.0,231.0,0.0980187695516162,0.0093847758081334,0.0570262908498661,0.0044300128700413,0.0058095370925524,0.0012874375030476,649,0.010018036029916239,0.058823529411764705,1080.0
469,0.3,262,322,13,1.0,322.0,0.0980187695516162,0.0091775205797964,0.0570262908498661,0.004266779227103,0.0058095370925524,0.0013117352607161,649,0.013744617451514002,0.06666666666666667,540.0
469,0.5,436,442,13,1.5,294.6666666666667,0.0980187695516162,0.0085000872892671,0.0570262908498661,0.0037377951733457,0.0058095370925524,0.0012260568764788,649,0.005981384307846076,0.043478260869565216,456.0
470,0.1,90,141,12,1.0,141.0,0.0980187695516162,0.0117587025491979,0.0464749058416465,0.0050164843426393,0.0056186378747126,0.0013464516427772,640,0.015252976190476188,0.09523809523809523,580.0
470,0.2,179,249,13,1.0,249.0,0.0980187695516162,0.0104694063009074,0.0464749058416465,0.0045739618911957,0.0056186378747126,0.0013610998230344,640,0.00823235460191982,0.045454545454545456,676.0
470,0.3,269,336,13,1.0,336.0,0.0980187695516162,0.0092792591489149,0.0464749058416465,0.0041037898910952,0.0058095370925524,0.0013272312896557,640,0.02385673199626688,0.16666666666666666,2000.0
470,0.5,448,465,13,1.5,310.0,0.0980187695516162,0.0084406920291073,0.0570262908498661,0.0038455225352087,0.0058095370925524,0.0013060793490533,640,0.015409160585791021,0.09090909090909091,250.0
471,0.1,84,129,13,1.0,129.0,0.0980187695516162,0.0123998674329687,0.0570262908498661,0.0057669879728823,0.0052421649220672,0.001332200544541,617,0.013836233211233211,0.1,600.0
471,0.2,168,223,13,1.0,223.0,0.0980187695516162,0.0103947965229101,0.0570262908498661,0.0047274927374239,0.0052421649220672,0.0013103167007346,617,0.008012820512820512,0.08333333333333333,440.0
471,0.3,252,294,13,1.0,294.0,0.0980187695516162,0.0093386676881388,0.0570262908498661,0.0042033712953005,0.0052421649220672,0.0012611452931427,617,0.008316524700225888,0.06451612903225806,585.0
471,0.5,420,437,13,1.8,242.77777777777777,0.0980187695516162,0.0083038443458693,0.0570262908498661,0.0037004551827636,0.0058095370925524,0.0012553217801504,617,0.0025,0.05,150.0
472,0.1,84,131,12,1.0,131.0,0.0980187695516162,0.012385675281981,0.0570262908498661,0.0054662158817646,0.0039956275909326,0.0012904849291588,626,0.011710757791899343,0.0625,1560.0
472,0.2,167,224,12,1.0,224.0,0.0980187695516162,0.010515976463578,0.0570262908498661,0.0046020931829498,0.0039956275909326,0.0012859217971415,626,0.0071218652037617555,0.0625,667.0
472,0.3,250,299,12,1.0,299.0,0.0980187695516162,0.0094057006148405,0.0570262908498661,0.0040730151247572,0.0056186378747126,0.001256850253216,626,0.01255505128372766,0.058823529411764705,468.0
472,0.5,417,413,12,1.666667,247.79995044000992,0.0980187695516162,0.0087005481395823,0.0570262908498661,0.0037554758082349,0.0058095370925524,0.0012580161568997,626,0.010530956112852664,0.125,598.0
473,0.1,84,126,12,1.0,126.0,0.0980187695516162,0.011553039707367,0.0464749058416465,0.004859441488815,0.0048729601732022,0.0012761541931504,630,0.005946334089191232,0.08,1500.0
473,0.2,168,218,12,1.0,218.0,0.0980187695516162,0.0103557796251829,0.0570262908498661,0.0049623026949998,0.0058095370925524,0.0013902089197301,630,0.01630302723499038,0.14285714285714285,2028.0
473,0.3,252,300,12,1.0,300.0,0.0980187695516162,0.0092179353493221,0.0570262908498661,0.0043235519810582,0.0058095370925524,0.0013239912866922,630,0.006398093801798864,0.0425531914893617,1302.0
473,0.5,419,440,12,1.555556,282.8570620408394,0.0980187695516162,0.0086145606218598,0.0570262908498661,0.0038888491571987,0.0058095370925524,0.001281405617779,630,0.003333333333333333,0.06666666666666667,520.0
474,0.1,81,126,12,1.0,126.0,0.0980187695516162,0.0107833887813032,0.0570262908498661,0.0047407228293586,0.0058095370925524,0.0013326943202289,594,0.005448573573573574,0.03333333333333333,1100.0
474,0.2,161,223,12,1.0,223.0,0.0980187695516162,0.0101282632787329,0.0570262908498661,0.0045339143760167,0.0058095370925524,0.0013276683635002,594,0.01105144335817595,0.07142857142857142,640.0
474,0.3,242,300,13,1.0,300.0,0.0980187695516162,0.0094820994091066,0.0570262908498661,0.0041327169467565,0.0058095370925524,0.0012829371632393,594,0.0027427490542244644,0.038461538461538464,840.0
474,0.5,402,410,13,1.8,227.77777777777777,0.0980187695516162,0.0085658333121391,0.0570262908498661,0.0037846820219435,0.0058095370925524,0.0012709924839552,594,0.017363756613756613,0.125,238.0
475,0.1,85,130,13,1.0,130.0,0.0980187695516162,0.0113660062565171,0.0570262908498661,0.0051464134682621,0.0058095370925524,0.0013983592465632,611,0.02420847189402154,0.2,780.0
475,0.2,170,234,13,1.0,234.0,0.0980187695516162,0.0100353822981559,0.0570262908498661,0.0044510249055356,0.0058095370925524,0.0013348119989985,611,0.008233038883086751,0.07692307692307693,1600.0
475,0.3,255,320,13,1.0,320.0,0.0980187695516162,0.0094466892596454,0.0570262908498661,0.0042310331368134,0.0058095370925524,0.0013284489126693,611,0.046071428571428576,0.5555555555555556,494.0
475,0.5,424,433,13,1.571429,275.54537939671474,0.0980187695516162,0.0086261911585152,0.0570262908498661,0.0038136256881943,0.0058095370925524,0.0012791717252591,611,0.013680555555555553,0.08333333333333333,345.0
476,0.1,87,133,13,1.0,133.0,0.0980187695516162,0.0109685057273004,0.0464749058416465,0.0048147927405173,0.0058095370925524,0.0013302324816782,632,0.013089180169675526,0.06666666666666667,1534.0
476,0.2,173,243,13,1.0,243.0,0.0980187695516162,0.0098696773473739,0.0570262908498661,0.0044344477980818,0.0058095370925524,0.0012481713378475,632,0.012337876669773222,0.10810810810810811,1200.0
476,0.3,260,327,13,1.0,327.0,0.0980187695516162,0.0093273765677167,0.0570262908498661,0.0042343183547734,0.0058095370925524,0.0012729172543737,632,0.0061111111111111106,0.06666666666666667,385.0
476,0.5,432,447,13,1.75,255.42857142857144,0.0980187695516162,0.0083653507452066,0.0570262908498661,0.0037851141272162,0.0058095370925524,0.0012746055746746,632,0.0016666666666666666,0.03333333333333333,340.0
477,0.1,84,132,13,1.0,132.0,0.0980187695516162,0.012086453692293,0.0570262908498661,0.0057602234905311,0.0058095370925524,0.0013736839993614,622,0.010190847089824073,0.058823529411764705,1280.0
477,0.2,167,230,13,1.0,230.0,0.0980187695516162,0.0102280455184294,0.0570262908498661,0.0047193095798713,0.0058095370925524,0.0012580430220781,622,0.04208476753598704,0.3333333333333333,603.0
477,0.3,251,311,13,1.0,311.0,0.0980187695516162,0.0094350693548008,0.0570262908498661,0.0042621986542549,0.0058095370925524,0.0012330097429999,622,0.00562685286316118,0.058823529411764705,472.0
477,0.5,417,432,13,1.5,288.0,0.0980187695516162,0.0084289190128605,0.0570262908498661,0.0037429187508721,0.0058095370925524,0.0012222863966244,622,0.004629629629629629,0.05555555555555555,180.0
478,0.1,82,125,13,1.0,125.0,0.0980187695516162,0.0101522419186652,0.0464749058416465,0.0040202609876262,0.0039254903849993,0.0011744828689544,605,0.032203273639167154,0.2222222222222222,1425.0
478,0.2,164,229,13,1.0,229.0,0.0980187695516162,0.0093802223021615,0.0464749058416465,0.0039833209637183,0.0039956275909326,0.0012505214600792,605,0.018364987695483052,0.125,234.0
478,0.3,246,290,13,1.0,290.0,0.0980187695516162,0.0092265650282261,0.0464749058416465,0.0040397077889303,0.0056186378747126,0.0012547989403211,605,0.005932273555224375,0.05555555555555555,969.0
478,0.5,410,420,13,1.5,280.0,0.0980187695516162,0.0085058841054669,0.0570262908498661,0.0037565667402138,0.0058095370925524,0.001252094355521,605,0.012832385396485818,0.0784313725490196,741.0
479,0.1,81,114,12,1.0,114.0,0.0656934306569343,0.010683643415107,0.0570262908498661,0.0044350097353364,0.0044179097289399,0.0012633472629617,605,0.010498296971370707,0.058823529411764705,702.0
479,0.2,162,201,12,1.0,201.0,0.0980187695516162,0.0103652747731623,0.0570262908498661,0.0045435960519812,0.0056186378747126,0.0013017675356396,605,0.004102167182662539,0.05263157894736842,560.0
479,0.3,243,277,12,1.0,277.0,0.0980187695516162,0.0096482873631151,0.0570262908498661,0.0041344016952845,0.0056186378747126,0.0012456194834311,605,0.008159879336349925,0.07692307692307693,507.0
479,0.5,405,421,12,1.333333,315.75007893751973,0.0980187695516162,0.0084732958668842,0.0570262908498661,0.0036985796907173,0.0056186378747126,0.0012438689759537,605,0.008425366193908393,0.08695652173913043,242.0
480,0.1,83,118,13,1.0,118.0,0.0980187695516162,0.0130609215107544,0.0570262908498661,0.0055595329480875,0.0039956275909326,0.0012762233165432,624,0.009346172372119077,0.05,1800.0
480,0.2,165,214,13,1.0,214.0,0.0980187695516162,0.0111048307719294,0.0570262908498661,0.0048585399131361,0.0056186378747126,0.0013349023469765,624,0.010895790645721277,0.08333333333333333,391.0
480,0.3,248,291,13,1.0,291.0,0.0980187695516162,0.0100226108955132,0.0570262908498661,0.0043123109795809,0.0056186378747126,0.0012495995137356,624,0.008133944543828264,0.07692307692307693,494.0
480,0.5,412,423,13,1.666667,253.79994924001016,0.0980187695516162,0.0088769576267634,0.0570262908498661,0.0039866713036886,0.0058095370925524,0.0012876128054542,624,0.002181050656660413,0.024390243902439025,416.0
481,0.1,82,119,13,1.0,119.0,0.0980187695516162,0.0120223271790467,0.0464749058416465,0.0048969700856462,0.0052421649220672,0.0013720159780407,628,0.01668083237239126,0.08571428571428572,544.0
481,0.2,164,213,13,1.0,213.0,0.0980187695516162,0.0104813797627614,0.0570262908498661,0.0046372739176422,0.0052421649220672,0.0013816167072113,628,0.023507225639388844,0.2,1404.0
481,0.3,246,291,13,1.0,291.0,0.0980187695516162,0.0096821932926981,0.0570262908498661,0.0042754762024447,0.0056186378747126,0.0013279450754274,628,0.012306443556443555,0.09090909090909091,2814.0
481,0.5,409,440,13,1.5,293.3333333333333,0.0980187695516162,0.0084273390842733,0.0570262908498661,0.0036996997086673,0.0058095370925524,0.0012654405706073,628,0.003125,0.0625,300.0
482,0.1,84,121,12,1.0,121.0,0.0980187695516162,0.0127543325950757,0.0570262908498661,0.0056810918994447,0.0058095370925524,0.0013699794213003,619,0.020198448298777243,0.175,552.0
482,0.2,168,226,12,1.0,226.0,0.0980187695516162,0.0099569057000747,0.0570262908498661,0.0045100874399416,0.0058095370925524,0.0012580179021466,619,0.006727992739872948,0.058823529411764705,192.0
482,0.3,252,314,12,1.0,314.0,0.0980187695516162,0.0091855236678333,0.0570262908498661,0.0041198823784277,0.0058095370925524,0.0012629427896119,619,0.003809523809523809,0.047619047619047616,368.0
482,0.5,419,433,13,1.666667,259.7999480400104,0.0980187695516162,0.0083733296086425,0.0570262908498661,0.0037451457536481,0.0058095370925524,0.00123442420051,619,0.006501644135915236,0.05714285714285714,340.0
483,0.1,88,133,12,1.0,133.0,0.0980187695516162,0.0120112585948708,0.0570262908498661,0.0054337519600319,0.0056186378747126,0.0012965243416312,639,0.012333333333333332,0.08571428571428572,595.0
483,0.2,175,229,12,1.0,229.0,0.0980187695516162,0.0104776172413949,0.0570262908498661,0.0046961940970567,0.0056186378747126,0.0013196107337306,639,0.020405638665132335,0.3333333333333333,2000.0
483,0.3,262,320,12,1.0,320.0,0.0980187695516162,0.0094792752867569,0.0570262908498661,0.0041289385648131,0.0058095370925524,0.0012846832923436,639,0.010958262547245598,0.05555555555555555,936.0
483,0.5,436,449,13,1.5,299.3333333333333,0.0980187695516162,0.0084372409084258,0.0570262908498661,0.0037730897359689,0.0058095370925524,0.0012589032835123,639,0.005298913043478261,0.0625,208.0
484,0.1,82,122,13,1.0,122.0,0.0980187695516162,0.0119318278944938,0.0570262908498661,0.0052875994259525,0.0039956275909326,0.0012278112859035,623,0.011914796038291901,0.06896551724137931,3900.0
484,0.2,164,230,13,1.0,230.0,0.0980187695516162,0.0095298544679693,0.0570262908498661,0.0041890887614253,0.0045513414488271,0.001229419196831,623,0.006099933530234337,0.038461538461538464,512.0
484,0.3,246,310,13,1.0,310.0,0.0980187695516162,0.0090584950721517,0.0570262908498661,0.0040058230121442,0.0058095370925524,0.0012513120336159,623,0.010185141717363167,0.0392156862745098,780.0
484,0.5,409,437,13,1.5,291.3333333333333,0.0980187695516162,0.0087094919144894,0.0570262908498661,0.0038712041586699,0.0058095370925524,0.0012788635588952,623,0.006144427786106946,0.041666666666666664,312.0
485,0.1,83,121,12,1.0,121.0,0.0761209593326381,0.0128663638948973,0.031948254360793,0.0053616443070469,0.0052421649220672,0.0013108982300047,618,0.015041303695544461,0.09302325581395349,855.0
485,0.2,165,221,12,1.0,221.0,0.0761209593326381,0.0106587272753008,0.0492079830055308,0.0047421987113309,0.0052421649220672,0.001397104180526,618,0.00924276406793316,0.045454545454545456,2596.0
485,0.3,247,288,12,1.0,288.0,0.0980187695516162,0.0098627042057698,0.0492079830055308,0.0042596507955934,0.0052421649220672,0.0013220478509149,618,0.006926406926406926,0.09090909090909091,224.0
485,0.5,411,416,13,1.333333,312.00007800001947,0.0980187695516162,0.0089235581936311,0.0570262908498661,0.0040060706544954,0.0058095370925524,0.0013070422157384,618,0.009637445887445887,0.09090909090909091,600.0
486,0.1,84,127,13,1.0,127.0,0.0980187695516162,0.0115688093732808,0.0570262908498661,0.0050037822308768,0.0048729601732022,0.0013490188960318,638,0.012807971014492752,0.16666666666666666,1000.0
486,0.2,167,236,13,1.0,236.0,0.0980187695516162,0.0096189533589013,0.0570262908498661,0.004243489414401,0.0052421649220672,0.0012751497765668,638,0.026035492205704974,0.13513513513513514,600.0
486,0.3,250,319,13,1.0,319.0,0.0980187695516162,0.0089729047695319,0.0570262908498661,0.0039996636204338,0.0056186378747126,0.0012713456799445,638,0.009297407806233126,0.10256410256410256,504.0
486,0.5,416,448,13,1.5,298.6666666666667,0.0980187695516162,0.0082815060330701,0.0570262908498661,0.0036512637968566,0.0058095370925524,0.0012443150036396,638,0.02123825721889277,0.06060606060606061,720.0
487,0.1,85,127,13,1.0,127.0,0.0980187695516162,0.0115031241532764,0.0570262908498661,0.0048636526761136,0.0044179097289399,0.0012862334360058,630,0.012149080899080898,0.05555555555555555,1600.0
487,0.2,170,238,13,1.0,238.0,0.0980187695516162,0.0099806345896022,0.0570262908498661,0.0044151099454746,0.0045513414488271,0.0012969393967956,630,0.007584629949826073,0.058823529411764705,702.0
487,0.3,254,332,13,1.0,332.0,0.0980187695516162,0.0090392854002034,0.0570262908498661,0.0039348476345015,0.0058095370925524,0.0012395298227395,630,0.019275570501376953,0.14285714285714285,312.0
487,0.5,423,449,13,2.0,224.5,0.0980187695516162,0.0083582796667835,0.0570262908498661,0.0037252713755808,0.0058095370925524,0.0012711354166882,630,0.008402374107537752,0.0625,589.0
488,0.1,82,122,13,1.0,122.0,0.0980187695516162,0.0125472230294534,0.0570262908498661,0.0058416566100282,0.0052421649220672,0.0014026485853502,619,0.008798860255972511,0.05263157894736842,1848.0
488,0.2,164,209,13,1.0,209.0,0.0980187695516162,0.0109563889817442,0.0570262908498661,0.0050448382327231,0.0056186378747126,0.0013497129607836,619,0.011447232013269748,0.07692307692307693,870.0
488,0.3,246,287,13,1.0,287.0,0.0980187695516162,0.0095264739329949,0.0570262908498661,0.0042491234878451,0.0056186378747126,0.0012777984118788,619,0.012272727272727274,0.2,684.0
488,0.5,409,406,13,1.75,232.0,0.0980187695516162,0.00842934707233,0.0570262908498661,0.0036641251054533,0.0056186378747126,0.0012180473383044,619,0.013194444444444443,0.09523809523809523,494.0
489,0.1,86,123,12,1.0,123.0,0.0980187695516162,0.0117161338453842,0.0570262908498661,0.0047093031945225,0.0039254903849993,0.001290028253657,634,0.023707223632220515,0.2727272727272727,5700.0
489,0.2,172,225,12,1.0,225.0,0.0980187695516162,0.0100938477580812,0.0570262908498661,0.004375210983452,0.0039956275909326,0.0012974637851244,634,0.009483965672990063,0.06097560975609756,1340.0
489,0.3,258,303,12,1.0,303.0,0.0980187695516162,0.0090337500903374,0.0570262908498661,0.0038950831505648,0.0056186378747126,0.0012495859959062,634,0.007435500515995871,0.06666666666666667,234.0
489,0.5,430,445,13,1.5,296.6666666666667,0.0980187695516162,0.0083209335567245,0.0570262908498661,0.0035778501425677,0.0058095370925524,0.0012120431034398,634,0.015375666395590496,0.08333333333333333,252.0
490,0.1,86,131,12,1.0,131.0,0.0980187695516162,0.0121946365886856,0.0464749058416465,0.0052692027901505,0.0058095370925524,0.0013464359100644,625,0.026007703516176907,0.16666666666666666,3500.0
490,0.2,171,228,13,1.0,228.0,0.0980187695516162,0.0103680734683423,0.0570262908498661,0.0045792176683106,0.0058095370925524,0.0012696999663524,625,0.01049383399941986,0.05263157894736842,1150.0
490,0.3,257,299,13,1.0,299.0,0.0980187695516162,0.0093359512591502,0.0570262908498661,0.0041430216602124,0.0058095370925524,0.0012671224648571,625,0.010745132484262919,0.09090909090909091,270.0
490,0.5,427,431,13,1.5,287.3333333333333,0.0980187695516162,0.0087049299710399,0.0570262908498661,0.0037967521648559,0.0058095370925524,0.0012578485566025,625,0.02120923136887341,0.16666666666666666,1180.0
491,0.1,84,128,13,1.0,128.0,0.0594369134515119,0.0096373175182481,0.0309372275954943,0.0037580374245253,0.0058095370925524,0.0012046050340279,628,0.008712121212121211,0.09090909090909091,969.0
491,0.2,168,232,13,1.0,232.0,0.0980187695516162,0.0099106468663478,0.0492079830055308,0.0041201612714644,0.0058095370925524,0.0012484855072948,628,0.012784903435058234,0.1,612.0
491,0.3,252,317,13,1.0,317.0,0.0980187695516162,0.0093156975424584,0.0570262908498661,0.0040760448447791,0.0058095370925524,0.0012599257497599,628,0.02197448988200853,0.125,527.0
491,0.5,419,441,13,1.666667,264.5999470800106,0.0980187695516162,0.0086115781036084,0.0570262908498661,0.0038009838258349,0.0058095370925524,0.0012755051565803,628,0.010589410589410589,0.09090909090909091,364.0
492,0.1,84,115,12,1.0,115.0,0.0980187695516162,0.0121050006800561,0.0464749058416465,0.0050021994730935,0.0040871733233292,0.0012444229888778,624,0.024294827428456053,0.2,1680.0
492,0.2,168,220,13,1.0,220.0,0.0980187695516162,0.0095933263816475,0.0464749058416465,0.0038996829380477,0.0040871733233292,0.0011759923933004,624,0.027121985971165174,0.2727272727272727,595.0
492,0.3,252,303,13,1.0,303.0,0.0980187695516162,0.0095086672379437,0.0570262908498661,0.0043034110557534,0.0058095370925524,0.0012749319451375,624,0.007970957613814755,0.06666666666666667,1534.0
492,0.5,420,423,13,1.5,282.0,0.0980187695516162,0.0086427696305006,0.0570262908498661,0.003848845599856,0.0058095370925524,0.0012514946223309,624,0.01756676616593726,0.125,600.0
493,0.1,86,124,13,1.0,124.0,0.0980187695516162,0.0118150627333579,0.0570262908498661,0.0053000029803527,0.0039956275909326,0.0012542162007849,617,0.022234831840705377,0.1282051282051282,384.0
493,0.2,171,224,13,1.0,224.0,0.0980187695516162,0.0100690823774764,0.0570262908498661,0.0043204146127906,0.0052421649220672,0.001239697167958,617,0.01125138548441162,0.07407407407407407,760.0
493,0.3,257,318,13,1.0,318.0,0.0980187695516162,0.0090535870042824,0.0570262908498661,0.0038969796189322,0.0056186378747126,0.0012386396820798,617,0.012421129019937362,0.1,560.0
493,0.5,428,444,13,1.5,296.0,0.0980187695516162,0.0086684703473024,0.0570262908498661,0.0038306988344452,0.0058095370925524,0.00128085368387,617,0.005898617511520737,0.05,1139.0
494,0.1,76,121,12,1.0,121.0,0.0980187695516162,0.0121510871344978,0.0570262908498661,0.0052108446785153,0.0052421649220672,0.0013051774253022,606,0.00930532548179607,0.05555555555555555,702.0
494,0.2,152,208,12,1.0,208.0,0.0980187695516162,0.0107784551215207,0.0570262908498661,0.0048322082627741,0.0056186378747126,0.0013385117744504,606,0.011284086198436249,0.1,920.0
494,0.3,228,290,12,1.0,290.0,0.0980187695516162,0.0096868145697745,0.0570262908498661,0.0042958324361136,0.0056186378747126,0.0012937420067943,606,0.013507801899592945,0.09090909090909091,1326.0
494,0.5,379,406,13,1.8,225.55555555555557,0.0980187695516162,0.008706729608531,0.0570262908498661,0.0039377653436041,0.0058095370925524,0.0012752940533949,606,0.006937358362519239,0.05263157894736842,620.0
495,0.1,84,130,13,1.0,130.0,0.0980187695516162,0.0112617309697601,0.0464749058416465,0.0051292470816735,0.0058095370925524,0.0012989412875678,619,0.021315576416497874,0.16666666666666666,930.0
495,0.2,167,229,13,1.0,229.0,0.0980187695516162,0.0100086061262868,0.0570262908498661,0.0046302725459399,0.0058095370925524,0.0012793629695084,619,0.013446440343390275,0.07692307692307693,756.0
495,0.3,250,309,13,1.0,309.0,0.0980187695516162,0.0098943411252956,0.0570262908498661,0.0044766526270332,0.0058095370925524,0.0012822573652193,619,0.007838109602815484,0.05555555555555555,648.0
495,0.5,417,433,13,1.5,288.6666666666667,0.0980187695516162,0.0086189665428046,0.0570262908498661,0.0038145661614974,0.0058095370925524,0.0012606303425997,619,0.003042328042328042,0.037037037037037035,442.0
496,0.1,88,118,13,1.0,118.0,0.0980187695516162,0.0132906806171682,0.0464749058416465,0.0057438329776722,0.0056186378747126,0.0014570941677646,627,0.01627443774123528,0.125,840.0
496,0.2,176,228,13,1.0,228.0,0.0980187695516162,0.0107065108025537,0.0464749058416465,0.0045983144976698,0.0056186378747126,0.0013048485520818,627,0.0009433962264150943,0.018867924528301886,1404.0
496,0.3,264,311,13,1.0,311.0,0.0980187695516162,0.0098508293405845,0.0570262908498661,0.0042871436511914,0.0056186378747126,0.0012537795608864,627,0.01637020387020387,0.08333333333333333,260.0
496,0.5,440,435,13,1.666667,260.99994780001043,0.0980187695516162,0.0085721477113371,0.0570262908498661,0.0038245084983011,0.0056186378747126,0.0012879244692455,627,0.00795348293595138,0.05,231.0
497,0.1,81,130,13,1.0,130.0,0.0980187695516162,0.0098981310660142,0.0492079830055308,0.0043369773081137,0.0045513414488271,0.0013233073079125,600,0.021756501941736787,0.18181818181818182,1404.0
497,0.2,161,218,13,1.0,218.0,0.0980187695516162,0.0092795438673694,0.0570262908498661,0.0042496845562921,0.0045513414488271,0.0012783681337297,600,0.011106192295557291,0.0625,544.0
497,0.3,242,305,13,1.0,305.0,0.0980187695516162,0.0093574249132463,0.0570262908498661,0.0042411581045377,0.0056186378747126,0.001305360957866,600,0.017317927170868348,0.2,682.0
497,0.5,402,429,13,1.571429,272.99992554547487,0.0980187695516162,0.0085607822834099,0.0570262908498661,0.0038588724974947,0.0056186378747126,0.0012780766860995,600,0.015170613700025464,0.16666666666666666,648.0
498,0.1,85,122,13,1.0,122.0,0.0980187695516162,0.0112395083676643,0.0570262908498661,0.0047344125873904,0.0039956275909326,0.0012311226453606,645,0.014766345783862295,0.125,1541.0
498,0.2,170,215,13,1.0,215.0,0.0980187695516162,0.0100831777287387,0.0570262908498661,0.0043434235301669,0.0052421649220672,0.0012825108651835,645,0.00873015873015873,0.07142857142857142,1116.0
498,0.3,254,295,13,1.0,295.0,0.0980187695516162,0.0093635672752336,0.0570262908498661,0.0041395291348038,0.0056186378747126,0.0012541085579207,645,0.011242200080515298,0.06666666666666667,3120.0
498,0.5,423,421,13,1.333333,315.75007893751973,0.0980187695516162,0.0086541057465342,0.0570262908498661,0.0038857296016949,0.0058095370925524,0.0012502386716342,645,0.013297940797940796,0.09523809523809523,248.0
499,0.1,86,112,13,1.0,112.0,0.0980187695516162,0.0125782064650677,0.0570262908498661,0.0058669980272763,0.0056186378747126,0.0012748189326083,632,0.017977430014939785,0.07142857142857142,1872.0
499,0.2,172,217,13,1.0,217.0,0.0980187695516162,0.0103218117951206,0.0570262908498661,0.0045705152440493,0.0056186378747126,0.0012404687666751,632,0.005458456243854474,0.061946902654867256,2000.0
499,0.3,258,299,13,1.0,299.0,0.0980187695516162,0.0092487645645372,0.0570262908498661,0.0040299274821546,0.0056186378747126,0.0012078322052738,632,0.00900735294117647,0.0625,480.0
499,0.5,429,441,13,1.5,294.0,0.0980187695516162,0.0084247811046559,0.0570262908498661,0.0036721651783666,0.0056186378747126,0.0012325677771699,632,0.0059649122807017545,0.06666666666666667,180.0
500,0.1,83,125,13,1.0,125.0,0.0980187695516162,0.0122460896767465,0.0570262908498661,0.0055471482164504,0.0045513414488271,0.0012589557550859,615,0.01082940421880708,0.06896551724137931,590.0
500,0.2,165,224,13,1.0,224.0,0.0980187695516162,0.0098502904811559,0.0570262908498661,0.0044064289861267,0.0045513414488271,0.0012674194043646,615,0.011778485757121438,0.06666666666666667,1800.0
500,0.3,247,301,13,1.0,301.0,0.0980187695516162,0.0091284179602922,0.0570262908498661,0.0040382988130328,0.0056186378747126,0.0012509636943625,615,0.0055205167173252275,0.04285714285714286,700.0
500,0.5,411,434,13,1.5,289.3333333333333,0.0980187695516162,0.0084765716976688,0.0570262908498661,0.0038082951005278,0.0058095370925524,0.0012781934659242,615,0.010428783173348392,0.0625,792.0
501,0.1,85,128,12,1.0,128.0,0.0980187695516162,0.011633211678832,0.0464749058416465,0.0050744752789949,0.0048729601732022,0.0014432432249168,630,0.014600089817036416,0.07142857142857142,4446.0
501,0.2,170,232,13,1.0,232.0,0.0980187695516162,0.0096544532738843,0.0464749058416465,0.0038794765280302,0.0048729601732022,0.0012690730564073,630,0.005990783410138248,0.07142857142857142,1300.0
501,0.3,255,312,13,1.0,312.0,0.0980187695516162,0.0092410630731798,0.0570262908498661,0.003969398715585,0.0058095370925524,0.0012826700126521,630,0.00524364406779661,0.0625,2300.0
501,0.5,424,431,13,1.666667,258.5999482800104,0.0980187695516162,0.0084000880654393,0.0570262908498661,0.0037969445461176,0.0058095370925524,0.0012805173047251,630,0.015366621682411156,0.1111111111111111,288.0
502,0.1,89,126,12,1.0,126.0,0.0980187695516162,0.0119171756293757,0.0464749058416465,0.0051985164846612,0.0039956275909326,0.0013466814586239,643,0.015873983367327493,0.1,1062.0
502,0.2,177,227,12,1.0,227.0,0.0980187695516162,0.0105056203001474,0.0464749058416465,0.0044810368919963,0.0040871733233292,0.0013281848741641,643,0.016403879171130415,0.1111111111111111,1062.0
502,0.3,265,310,12,1.0,310.0,0.0980187695516162,0.0095462343166604,0.0570262908498661,0.0043461524757741,0.0052421649220672,0.0013079387143225,643,0.03364619668673149,0.4166666666666667,1500.0
502,0.5,441,461,13,1.5,307.3333333333333,0.0980187695516162,0.0083307132565329,0.0570262908498661,0.0037477707177635,0.0056186378747126,0.0012554654223574,643,0.006166666666666666,0.08333333333333333,200.0
503,0.1,84,122,12,1.0,122.0,0.0980187695516162,0.0124361100189746,0.0570262908498661,0.0055992759301924,0.0058095370925524,0.0013366682730818,614,0.01374171461127983,0.05714285714285714,560.0
503,0.2,167,231,13,1.0,231.0,0.0980187695516162,0.0100528598964469,0.0570262908498661,0.0045152585871139,0.0058095370925524,0.0012875167666381,614,0.02248733853930978,0.16666666666666666,741.0
503,0.3,251,315,13,1.0,315.0,0.0980187695516162,0.009179535561183,0.0570262908498661,0.0039821232658966,0.0058095370925524,0.001238654309742,614,0.012142857142857141,0.14285714285714285,234.0
503,0.5,418,432,13,1.666667,259.1999481600104,0.0980187695516162,0.0085520217819487,0.0570262908498661,0.0037254134029323,0.0058095370925524,0.0012562384589702,614,0.011436135549038775,0.09090909090909091,500.0
504,0.1,82,131,13,1.0,131.0,0.0980187695516162,0.011510081271044,0.0464749058416465,0.0045803549615154,0.0058095370925524,0.0012490764251833,626,0.010228096434992987,0.1111111111111111,1326.0
504,0.2,163,213,13,1.0,213.0,0.0980187695516162,0.0104275286757038,0.0570262908498661,0.004691221076652,0.0058095370925524,0.0012798825457099,626,0.006904604100388829,0.04878048780487805,544.0
504,0.3,244,289,13,1.0,289.0,0.0980187695516162,0.0097131166764687,0.0570262908498661,0.0044158970187486,0.0058095370925524,0.0012841650541271,626,0.005846153846153846,0.07692307692307693,377.0
504,0.5,407,426,13,1.555556,273.85706461226727,0.0980187695516162,0.0089123549080369,0.0570262908498661,0.0040058064277673,0.0058095370925524,0.0012674410996433,626,0.006960227272727273,0.09375,306.0
505,0.1,84,124,13,1.0,124.0,0.0980187695516162,0.0111255003531904,0.0464749058416465,0.0049122893131103,0.0058095370925524,0.0014271633862903,610,0.01137180246282546,0.07317073170731707,3200.0
505,0.2,167,219,13,1.0,219.0,0.0980187695516162,0.0098894872417519,0.0570262908498661,0.004347915965633,0.0058095370925524,0.0013167643275857,610,0.013261640723883288,0.06521739130434782,600.0
505,0.3,250,302,13,1.0,302.0,0.0980187695516162,0.0092880967343189,0.0570262908498661,0.0042168891765564,0.0058095370925524,0.0013137898901295,610,0.021048079113868585,0.08333333333333333,871.0
505,0.5,417,430,13,1.5,286.6666666666667,0.0980187695516162,0.0087203239808909,0.0570262908498661,0.00387481159585,0.0058095370925524,0.0012701304167792,610,0.023482926140667392,0.14285714285714285,649.0
506,0.1,85,114,13,1.0,114.0,0.0980187695516162,0.0121014214368036,0.0464749058416465,0.005183103894263,0.0056186378747126,0.0012939247724193,620,0.024507960468146496,0.25,500.0
506,0.2,169,221,13,1.0,221.0,0.0980187695516162,0.0100783716069245,0.0570262908498661,0.0044139445927172,0.0058095370925524,0.0012967238655347,620,0.06593195108984583,1.0,1482.0
506,0.3,254,309,13,1.0,309.0,0.0980187695516162,0.0092396678039084,0.0570262908498661,0.0040008178622141,0.0058095370925524,0.0012509144939089,620,0.0203878524576199,0.16666666666666666,850.0
506,0.5,423,428,13,1.571429,272.3635620826649,0.0980187695516162,0.0085905294650774,0.0570262908498661,0.0037157330634814,0.0058095370925524,0.0012596147925703,620,0.011259642356241235,0.08695652173913043,400.0
507,0.1,87,127,13,1.0,127.0,0.0980187695516162,0.0112732258832609,0.0570262908498661,0.0050030778161485,0.0058095370925524,0.0013742102358041,634,0.01345765923890924,0.07692307692307693,1092.0
507,0.2,174,224,13,1.0,224.0,0.0980187695516162,0.0101249441382391,0.0570262908498661,0.0046295863918726,0.0058095370925524,0.001355133354943,634,0.009171395544346364,0.125,624.0
507,0.3,260,312,13,1.0,312.0,0.0980187695516162,0.0092276944466725,0.0570262908498661,0.004240234662522,0.0058095370925524,0.0013117509705374,634,0.00831675010435549,0.1,1500.0
507,0.5,433,445,13,1.5,296.6666666666667,0.0980187695516162,0.0084709025084649,0.0570262908498661,0.0037609924241051,0.0058095370925524,0.0012587454624628,634,0.012371267150928168,0.14285714285714285,800.0
508,0.1,83,119,13,1.0,119.0,0.0980187695516162,0.012600660702237,0.0492079830055308,0.0058954955395741,0.0052421649220672,0.0014060965033825,614,0.0195414795081868,0.15384615384615385,2166.0
508,0.2,165,209,13,1.0,209.0,0.0980187695516162,0.0108915287555317,0.0570262908498661,0.0050467634493531,0.0058095370925524,0.0013265161286498,614,0.00877371273712737,0.047619047619047616,1675.0
508,0.3,247,295,13,1.0,295.0,0.0980187695516162,0.0099892189957759,0.0570262908498661,0.004456988824047,0.0058095370925524,0.0012915164093249,614,0.020527452670309816,0.15384615384615385,649.0
508,0.5,411,437,13,1.6,273.125,0.0980187695516162,0.0086092731034186,0.0570262908498661,0.0037777796521273,0.0058095370925524,0.0012623515561694,614,0.007829118235687629,0.058823529411764705,1500.0
509,0.1,83,131,12,1.0,131.0,0.0980187695516162,0.012369755390873,0.0570262908498661,0.0059560067278379,0.0045513414488271,0.0013861129482536,618,0.009267744833782569,0.06666666666666667,546.0
509,0.2,165,229,12,1.0,229.0,0.0980187695516162,0.0107599346116541,0.0570262908498661,0.0049205660721431,0.0056186378747126,0.0013223817016961,618,0.03928921675562212,0.5714285714285714,2124.0
509,0.3,248,306,12,1.0,306.0,0.0980187695516162,0.0097221370299944,0.0570262908498661,0.0044475902936079,0.0056186378747126,0.0012801876746918,618,0.002620614035087719,0.031578947368421054,2301.0
509,0.5,413,422,12,1.8,234.44444444444443,0.0980187695516162,0.0088881091579399,0.0570262908498661,0.0040040573491283,0.0058095370925524,0.0012807479262672,618,0.025793650793650792,0.4444444444444444,826.0
510,0.1,82,118,12,1.0,118.0,0.0980187695516162,0.0128134886269241,0.0464749058416465,0.0050306344392339,0.0039956275909326,0.0012038588195304,612,0.009491238415295982,0.037037037037037035,2000.0
510,0.2,164,210,13,1.0,210.0,0.0980187695516162,0.010377873777248,0.0464749058416465,0.0041726710936713,0.0039956275909326,0.0012295577609735,612,0.012472223595502693,0.08333333333333333,720.0
510,0.3,246,293,13,1.0,293.0,0.0980187695516162,0.0089932986223561,0.0464749058416465,0.0037134270783097,0.0052421649220672,0.0012159681544527,612,0.0023809523809523807,0.047619047619047616,704.0
510,0.5,409,429,13,1.5,286.0,0.0980187695516162,0.0084586945900814,0.0570262908498661,0.0037241751712204,0.0056186378747126,0.0012515130350637,612,0.0015151515151515152,0.030303030303030304,225.0
511,0.1,84,134,13,1.0,134.0,0.0656934306569343,0.009719390534294,0.0570262908498661,0.0042668630857919,0.0052421649220672,0.0013065911773708,625,0.0027252906976744187,0.03125,513.0
511,0.2,168,235,13,1.0,235.0,0.0656934306569343,0.0089011159674305,0.0570262908498661,0.0040571180260556,0.0052421649220672,0.00132536348425,625,0.007170793048402156,0.05,1000.0
511,0.3,252,325,13,1.0,325.0,0.0980187695516162,0.0092018929975133,0.0570262908498661,0.0042219810371229,0.0056186378747126,0.0013425211219657,625,0.014093764746041787,0.07142857142857142,480.0
511,0.5,419,435,13,1.5,290.0,0.0980187695516162,0.0085505735140771,0.0570262908498661,0.0037902765812821,0.0056186378747126,0.0012616642684126,625,0.007142857142857143,0.14285714285714285,360.0
512,0.1,84,121,13,1.0,121.0,0.0980187695516162,0.0114271925818043,0.0464749058416465,0.0050350990880771,0.0058095370925524,0.0013360132035244,620,0.012049069948933877,0.06976744186046512,1400.0
512,0.2,168,236,13,1.0,236.0,0.0980187695516162,0.0101049822378536,0.0570262908498661,0.0045366143759832,0.0058095370925524,0.0013471561769484,620,0.012942260442260442,0.09090909090909091,400.0
512,0.3,252,315,13,1.0,315.0,0.0980187695516162,0.0093218796034228,0.0570262908498661,0.0041913723698111,0.0058095370925524,0.0013246362979458,620,0.0071507760532150775,0.0975609756097561,532.0
512,0.5,420,427,13,1.5,284.6666666666667,0.0980187695516162,0.0086790250382789,0.0570262908498661,0.0038710898873949,0.0058095370925524,0.0012990106992223,620,0.0029138513513513515,0.03125,1152.0
513,0.1,84,136,13,1.0,136.0,0.0980187695516162,0.0108415629025332,0.0464749058416465,0.0046741367730966,0.0052421649220672,0.0014086595883081,634,0.01076190476190476,0.12,1000.0
513,0.2,167,219,13,1.0,219.0,0.0980187695516162,0.010227548673704,0.0570262908498661,0.00463129776096,0.0052421649220672,0.0013613232927391,634,0.011029411764705881,0.08823529411764706,532.0
513,0.3,251,307,13,1.0,307.0,0.0980187695516162,0.0094391212344563,0.0570262908498661,0.0043878236652921,0.0056186378747126,0.0012834599037758,634,0.051573573573573575,0.8333333333333334,2478.0
513,0.5,417,437,13,1.555556,280.92849116328824,0.0980187695516162,0.0085400744005363,0.0570262908498661,0.0038750846883486,0.0058095370925524,0.0012556148449847,634,0.011890303925187645,0.06666666666666667,900.0
514,0.1,78,112,12,1.0,112.0,0.0980187695516162,0.0118892447489944,0.0570262908498661,0.0053570174352999,0.0038790328069506,0.0012569363140084,616,0.0034679089026915114,0.047619047619047616,442.0
514,0.2,156,206,13,1.0,206.0,0.0980187695516162,0.0102706095548558,0.0570262908498661,0.0045990981408787,0.0056186378747126,0.001250382614881,616,0.010718954248366013,0.13333333333333333,529.0
514,0.3,233,285,13,1.0,285.0,0.0980187695516162,0.0094067285000822,0.0570262908498661,0.0041230110438836,0.0058095370925524,0.0012262438723605,616,0.003877000576145535,0.0425531914893617,800.0
514,0.5,388,406,13,1.666667,243.59995128000972,0.0980187695516162,0.0088428525198148,0.0570262908498661,0.0037912180162379,0.0058095370925524,0.0012542699712575,616,0.018333333333333333,0.2,840.0
515,0.1,86,128,12,1.0,128.0,0.0980187695516162,0.0113725234619394,0.0464749058416465,0.0046985506423013,0.0039956275909326,0.0012721582598204,617,0.00597076758367081,0.03636363636363636,630.0
515,0.2,171,227,13,1.0,227.0,0.0980187695516162,0.0095731144317915,0.0464749058416465,0.0040633272098247,0.0040328017800694,0.0013053752078703,617,0.012442765567765567,0.07142857142857142,680.0
515,0.3,256,299,13,1.0,299.0,0.0980187695516162,0.0091336781276482,0.0464749058416465,0.0039380767712307,0.0058095370925524,0.0012934431515574,617,0.018591377654349515,0.0851063829787234,966.0
515,0.5,426,436,13,1.375,317.09090909090907,0.0980187695516162,0.008585969712334,0.0570262908498661,0.0037763334666868,0.0058095370925524,0.0012846229660091,617,0.03858441083770032,0.625,630.0
516,0.1,82,126,12,1.0,126.0,0.0656934306569343,0.0120495886919244,0.0570262908498661,0.0057038313585223,0.0058095370925524,0.001489225645007,622,0.014538209151585163,0.08333333333333333,504.0
516,0.2,164,223,13,1.0,223.0,0.0980187695516162,0.0104322046975314,0.0570262908498661,0.0048874230250999,0.0058095370925524,0.0013956877658138,622,0.009293831168831168,0.0625,340.0
516,0.3,245,304,13,1.0,304.0,0.0980187695516162,0.0098992920256846,0.0570262908498661,0.0044606503249784,0.0058095370925524,0.0013354110886833,622,0.015054797006258771,0.06666666666666667,680.0
516,0.5,408,425,13,1.75,242.8571428571429,0.0980187695516162,0.0088351837085198,0.0570262908498661,0.0039953189139988,0.0058095370925524,0.0012949224532214,622,0.024746963562753035,0.25,510.0
517,0.1,80,114,12,1.0,114.0,0.0980187695516162,0.0124764465909298,0.0570262908498661,0.0062968232255663,0.0045513414488271,0.0013995732008008,627,0.02896107607496116,0.12,588.0
517,0.2,160,206,12,1.0,206.0,0.0980187695516162,0.0110349575305991,0.0570262908498661,0.0053347075730223,0.0056186378747126,0.0013795225487253,627,0.005737106995757968,0.043478260869565216,520.0
517,0.3,239,278,12,1.0,278.0,0.0980187695516162,0.010168715913609,0.0570262908498661,0.0047622664004141,0.0056186378747126,0.0013234972929207,627,0.013311396249926982,0.06818181818181818,780.0
517,0.5,398,411,12,1.571429,261.5453832148955,0.0980187695516162,0.0086997556761528,0.0570262908498661,0.0039043058266429,0.0056186378747126,0.0012763575129492,627,0.012194223401119954,0.15384615384615385,450.0
518,0.1,92,140,13,1.0,140.0,0.0980187695516162,0.0114553850737374,0.0570262908498661,0.0052090588705367,0.0048729601732022,0.0013485744241028,643,0.01358164735433338,0.05263157894736842,1400.0
518,0.2,183,236,13,1.0,236.0,0.0980187695516162,0.0095836058040684,0.0570262908498661,0.0042476570664061,0.0048729601732022,0.0012286734372418,643,0.010945829981673903,0.05714285714285714,1470.0
518,0.3,275,326,13,1.0,326.0,0.0980187695516162,0.0087162624666542,0.0570262908498661,0.0039047387639627,0.0056186378747126,0.0012437761027093,643,0.008057830557830558,0.05,1400.0
518,0.5,457,452,13,1.666667,271.19994576001085,0.0980187695516162,0.0080951765758948,0.0570262908498661,0.0035852940907196,0.0056186378747126,0.0012453029227004,643,0.012855639730639731,0.09090909090909091,360.0
519,0.1,85,127,13,1.0,127.0,0.0980187695516162,0.0127183007233584,0.0464749058416465,0.005572641375321,0.0048729601732022,0.001422915448005,622,0.01618313005675643,0.1,7800.0
519,0.2,169,236,13,1.0,236.0,0.0980187695516162,0.0101889326805817,0.0464749058416465,0.0041524989962523,0.0048729601732022,0.0012536535214031,622,0.0018688628444726006,0.024390243902439025,1512.0
519,0.3,254,308,13,1.0,308.0,0.0980187695516162,0.0094050891756834,0.0464749058416465,0.0039731026679343,0.0052421649220672,0.0012643408356502,622,0.014788078519696168,0.1,360.0
519,0.5,423,444,13,1.75,253.7142857142857,0.0980187695516162,0.0087036984847203,0.0570262908498661,0.0039438406217515,0.0056186378747126,0.0013197745202609,622,0.016267748987979357,0.14285714285714285,1120.0
520,0.1,80,129,13,1.0,129.0,0.0980187695516162,0.0111873640985845,0.0570262908498661,0.0051907784971325,0.0058095370925524,0.0013379340091392,612,0.008413770913770914,0.08333333333333333,944.0
520,0.2,160,222,13,1.0,222.0,0.0980187695516162,0.0098309988820937,0.0570262908498661,0.0042989602543234,0.0058095370925524,0.0012218079921373,612,0.012272727272727272,0.1111111111111111,472.0
520,0.3,240,307,13,1.0,307.0,0.0980187695516162,0.0095172427847954,0.0570262908498661,0.0043368827793672,0.0058095370925524,0.0012883861825852,612,0.006567476002258611,0.07142857142857142,1197.0
520,0.5,399,421,13,1.5,280.6666666666667,0.0980187695516162,0.0086268604222034,0.0570262908498661,0.0038406736043609,0.0058095370925524,0.0012394601078172,612,0.015175695574672557,0.09090909090909091,380.0
521,0.1,83,126,13,1.0,126.0,0.0980187695516162,0.0104606319413409,0.0464749058416465,0.0046252179727049,0.0058095370925524,0.0012675423457408,616,0.004356767097082735,0.03333333333333333,285.0
521,0.2,166,223,13,1.0,223.0,0.0980187695516162,0.0100955311259392,0.0570262908498661,0.0045990719993289,0.0058095370925524,0.0012826096253963,616,0.008217592592592592,0.06666666666666667,744.0
521,0.3,249,309,13,1.0,309.0,0.0980187695516162,0.0091620518946717,0.0570262908498661,0.0040902892494722,0.0058095370925524,0.0012515081128616,616,0.007663956639566395,0.05555555555555555,2006.0
521,0.5,415,427,13,1.555556,274.499921571451,0.0980187695516162,0.0083566752056811,0.0570262908498661,0.003708702027277,0.0058095370925524,0.0012451150117138,616,0.050438596491228074,1.0,1500.0
522,0.1,85,132,13,1.0,132.0,0.0980187695516162,0.0102932347457894,0.0464749058416465,0.004219623225226,0.0039956275909326,0.0011917740172292,624,0.018530375918483336,0.13043478260869565,840.0
522,0.2,170,229,13,1.0,229.0,0.0980187695516162,0.0099494105486518,0.0570262908498661,0.0043698731779052,0.0056186378747126,0.0012600606190546,624,0.012214301827205055,0.14285714285714285,1092.0
522,0.3,255,317,13,1.0,317.0,0.0980187695516162,0.0088584652125143,0.0570262908498661,0.0038974672297953,0.0056186378747126,0.0012432333818994,624,0.009198060004511618,0.09090909090909091,408.0
522,0.5,425,446,13,1.75,254.8571428571429,0.0980187695516162,0.0083046147659416,0.0570262908498661,0.0036157335291171,0.0056186378747126,0.0012385860078941,624,0.01341804536926488,0.08333333333333333,462.0
523,0.1,86,117,12,1.0,117.0,0.0980187695516162,0.0126110710052315,0.0464749058416465,0.0054665539700994,0.0052421649220672,0.0013736087483697,626,0.00569502659293438,0.05,936.0
523,0.2,172,222,12,1.0,222.0,0.0980187695516162,0.0099014551569295,0.0464749058416465,0.0039982832700229,0.0052421649220672,0.0011592063023003,626,0.010420819490586933,0.08333333333333333,558.0
523,0.3,258,298,13,1.0,298.0,0.0980187695516162,0.0092518073216647,0.0464749058416465,0.0038368976058712,0.0052421649220672,0.0012330448795966,626,0.00857843137254902,0.08333333333333333,4000.0
523,0.5,430,426,13,1.75,243.42857142857144,0.0980187695516162,0.0087605927536018,0.0570262908498661,0.0037397062743974,0.0056186378747126,0.0012454861433996,626,0.017756222943722942,0.125,322.0
524,0.1,86,135,12,1.0,135.0,0.0980187695516162,0.0096473950488548,0.0464749058416465,0.0038102549476082,0.0058095370925524,0.0011689598117118,619,0.00943612596553773,0.058823529411764705,1000.0
524,0.2,172,225,13,1.0,225.0,0.0980187695516162,0.0089120611748348,0.0570262908498661,0.0038024340071976,0.0058095370925524,0.0011857942591966,619,0.010151450355001288,0.07692307692307693,690.0
524,0.3,258,308,13,1.0,308.0,0.0980187695516162,0.0085519277385804,0.0570262908498661,0.003725386690794,0.0058095370925524,0.0011902850623879,619,0.00575191570881226,0.05555555555555555,399.0
524,0.5,429,437,13,1.5,291.3333333333333,0.0980187695516162,0.0085615498600515,0.0570262908498661,0.0036930143588057,0.0058095370925524,0.0012254222540017,619,0.014622102130325814,0.09523809523809523,750.0
525,0.1,84,135,12,1.0,135.0,0.0980187695516162,0.0114780056385895,0.0570262908498661,0.0048466072351773,0.0039956275909326,0.0012355628708973,627,0.01715267500393245,0.14285714285714285,598.0
525,0.2,168,225,13,1.0,225.0,0.0980187695516162,0.0109002433090023,0.0570262908498661,0.0048744098541387,0.0056186378747126,0.0013531732224504,627,0.024823856778953265,0.125,484.0
525,0.3,252,301,13,1.0,301.0,0.0980187695516162,0.0097104195607966,0.0570262908498661,0.0042264747458036,0.0056186378747126,0.0012653850360351,627,0.011934760641657192,0.09523809523809523,1062.0
525,0.5,419,437,13,1.666667,262.1999475600105,0.0980187695516162,0.0084780341841591,0.0570262908498661,0.003680691237399,0.0056186378747126,0.0012548048500441,627,0.0063242313242313246,0.047619047619047616,2412.0
526,0.1,80,126,12,1.0,126.0,0.0980187695516162,0.0114785573596834,0.0464749058416465,0.0049129741017873,0.0039956275909326,0.0013754878959968,612,0.012319034941985762,0.07142857142857142,882.0
526,0.2,160,222,12,1.0,222.0,0.0980187695516162,0.0102067656812181,0.0570262908498661,0.0046007640970454,0.0045513414488271,0.0013290373759917,612,0.016499996059330717,0.08333333333333333,2010.0
526,0.3,239,297,13,1.0,297.0,0.0980187695516162,0.009476060570951,0.0570262908498661,0.0042372169316486,0.0056186378747126,0.0012842116264256,612,0.008452380952380953,0.08333333333333333,320.0
526,0.5,398,414,13,1.555556,266.14278110206254,0.0980187695516162,0.008611526701022,0.0570262908498661,0.0037199456913266,0.0056186378747126,0.0012268995548429,612,0.038373154904595065,0.5714285714285714,1197.0
527,0.1,85,131,13,1.0,131.0,0.0980187695516162,0.0116852000732314,0.0570262908498661,0.0052286665965803,0.0045513414488271,0.0012424333940861,630,0.03197085794236026,0.313953488372093,2730.0
527,0.2,169,227,13,1.0,227.0,0.0980187695516162,0.0100508514283876,0.0570262908498661,0.0043212844677209,0.0045513414488271,0.0012562448101207,630,0.008715728715728717,0.1,714.0
527,0.3,253,309,13,1.0,309.0,0.0980187695516162,0.0097998521923119,0.0570262908498661,0.0042686155674588,0.0056186378747126,0.0012899814765876,630,0.011005747126436783,0.08333333333333333,392.0
527,0.5,422,434,13,1.8,241.11111111111111,0.0980187695516162,0.0084933902923071,0.0570262908498661,0.0036972080748291,0.0056186378747126,0.0012541507855802,630,0.007098717055613607,0.045454545454545456,420.0
528,0.1,84,128,12,1.0,128.0,0.0980187695516162,0.0116495046923878,0.0464749058416465,0.00508938365113,0.0052421649220672,0.0013346682564297,627,0.019171285712245415,0.08695652173913043,1050.0
528,0.2,168,231,12,1.0,231.0,0.0980187695516162,0.0103417611238257,0.0570262908498661,0.0048323568636746,0.0056186378747126,0.001326106598524,627,0.011596756101400065,0.058823529411764705,3120.0
528,0.3,251,307,12,1.0,307.0,0.0980187695516162,0.0093372235601009,0.0570262908498661,0.004195755525704,0.0056186378747126,0.0012403418480787,627,0.023802172031603334,0.11764705882352941,2613.0
528,0.5,418,428,12,1.5,285.3333333333333,0.0980187695516162,0.0085003849414791,0.0570262908498661,0.0038003876943423,0.0056186378747126,0.0012362915951885,627,0.011108193277310925,0.08823529411764706,702.0
529,0.1,87,132,12,1.0,132.0,0.0980187695516162,0.012370840837994,0.0492079830055308,0.0055612903034589,0.0056186378747126,0.0014024363566176,635,0.006630843289030153,0.037037037037037035,1404.0
529,0.2,173,234,13,1.0,234.0,0.0980187695516162,0.0100977692218567,0.0492079830055308,0.0044343223157652,0.0056186378747126,0.0013186009693711,635,0.014223686065373598,0.08333333333333333,736.0
529,0.3,259,316,13,1.0,316.0,0.0980187695516162,0.0092428822217235,0.0570262908498661,0.004230575814921,0.0058095370925524,0.0012851756542274,635,0.00604066985645933,0.06818181818181818,624.0
529,0.5,432,446,13,1.5,297.3333333333333,0.0980187695516162,0.0084916556390484,0.0570262908498661,0.0037865719898464,0.0058095370925524,0.0012676020519501,635,0.0015625,0.03125,310.0
530,0.1,80,123,13,1.0,123.0,0.0980187695516162,0.0120382851378044,0.0570262908498661,0.0054563942053314,0.0048729601732022,0.0013444212277833,634,0.01127927650488626,0.045454545454545456,468.0
530,0.2,159,224,13,1.0,224.0,0.0980187695516162,0.010432183822434,0.0570262908498661,0.0048427335679739,0.0058095370925524,0.0013956502772183,634,0.0069207875457875465,0.038461538461538464,1300.0
530,0.3,238,298,13,1.0,298.0,0.0980187695516162,0.0095982252206226,0.0570262908498661,0.0044808859569853,0.0058095370925524,0.0013918624391616,634,0.03579388762578418,0.5555555555555556,468.0
530,0.5,396,431,13,1.5,287.3333333333333,0.0980187695516162,0.0085089601745824,0.0570262908498661,0.0037715069312022,0.0058095370925524,0.001272327751074,634,0.016376835114351344,0.125,260.0
531,0.1,79,126,13,1.0,126.0,0.0980187695516162,0.0125213102272538,0.0570262908498661,0.0059007510462403,0.0058095370925524,0.0013957550341435,600,0.013817818798108955,0.05555555555555555,4200.0
531,0.2,158,226,13,1.0,226.0,0.0980187695516162,0.0104090728727379,0.0570262908498661,0.0047145615820732,0.0058095370925524,0.001358823725927,600,0.005014880952380953,0.03571428571428571,576.0
531,0.3,236,299,13,1.0,299.0,0.0980187695516162,0.009726547651016,0.0570262908498661,0.0042441988745951,0.0058095370925524,0.0012937845768343,600,0.012279693486590037,0.1111111111111111,275.0
531,0.5,393,433,13,1.555556,278.3570633265534,0.0980187695516162,0.008691212699911,0.0570262908498661,0.0037144751137078,0.0058095370925524,0.0012789454854222,600,0.009861882196115196,0.09090909090909091,800.0
532,0.1,86,133,13,1.0,133.0,0.0594369134515119,0.0099884748367268,0.0492079830055308,0.0040961834207399,0.0045513414488271,0.0012386985934212,623,0.018820346320346317,0.09523809523809523,180.0
532,0.2,171,244,13,1.0,244.0,0.0980187695516162,0.0101454725721806,0.0570262908498661,0.0043867281874042,0.0045513414488271,0.0012949496876396,623,0.009581249835452468,0.05,756.0
532,0.3,257,323,13,1.0,323.0,0.0980187695516162,0.0093557207746717,0.0570262908498661,0.0041793810329687,0.0056186378747126,0.0012817929450213,623,0.0035714285714285713,0.07142857142857142,234.0
532,0.5,428,449,13,1.5,299.3333333333333,0.0980187695516162,0.0085672947181896,0.0570262908498661,0.0038665440231248,0.0058095370925524,0.0013001449451875,623,0.025654230697887602,0.08695652173913043,600.0
533,0.1,82,119,13,1.0,119.0,0.0980187695516162,0.0125130344108445,0.0464749058416465,0.0054429493535973,0.0056186378747126,0.0013513734831528,621,0.016782749078318657,0.09090909090909091,1296.0
533,0.2,163,221,13,1.0,221.0,0.0980187695516162,0.0103142885452889,0.0464749058416465,0.0042905478839679,0.0056186378747126,0.0012960446175648,621,0.004134697357203751,0.043478260869565216,462.0
533,0.3,244,303,13,1.0,303.0,0.0980187695516162,0.0090406329475491,0.0464749058416465,0.0037971419390304,0.0058095370925524,0.0012466423426327,621,0.008689024390243901,0.125,2900.0
533,0.5,407,427,13,1.5,284.6666666666667,0.0980187695516162,0.0085495966964025,0.0570262908498661,0.0036703951992901,0.0058095370925524,0.0012437976224439,621,0.020614248070769812,0.25,754.0
534,0.1,87,131,12,1.0,131.0,0.0980187695516162,0.0104673284034736,0.0492079830055308,0.0048238736366081,0.0045513414488271,0.0012825514320605,649,0.04587301587301587,0.625,480.0
534,0.2,174,248,13,1.0,248.0,0.0980187695516162,0.0093090921322613,0.0570262908498661,0.0044171616310851,0.0052421649220672,0.0012871667804556,649,0.0014705882352941176,0.029411764705882353,624.0
534,0.3,261,329,13,1.0,329.0,0.0980187695516162,0.0088332894891144,0.0570262908498661,0.0040813506510117,0.0056186378747126,0.001264667115475,649,0.012441770186335403,0.14285714285714285,228.0
534,0.5,435,456,13,1.5,304.0,0.0980187695516162,0.0085272487788814,0.0570262908498661,0.0038304029054198,0.0058095370925524,0.0012657666893356,649,0.02071576171187714,0.1111111111111111,1050.0
535,0.1,86,115,12,1.0,115.0,0.0980187695516162,0.0109897084825678,0.0492079830055308,0.0047428362103901,0.0045513414488271,0.0012812175802165,630,0.004180021367521368,0.038461538461538464,912.0
535,0.2,172,208,13,1.0,208.0,0.0980187695516162,0.0099813507660222,0.0570262908498661,0.0044250244420621,0.0058095370925524,0.001302655581711,630,0.01211697203957266,0.05128205128205128,520.0
535,0.3,258,292,13,1.0,292.0,0.0980187695516162,0.0094919079520618,0.0570262908498661,0.0041433357515776,0.0058095370925524,0.0012801594430618,630,0.01109035409035409,0.05128205128205128,1248.0
535,0.5,430,422,13,1.5,281.3333333333333,0.0980187695516162,0.0083790876159506,0.0570262908498661,0.0036464748627814,0.0058095370925524,0.0012166351398862,630,0.01391002415458937,0.06666666666666667,280.0
536,0.1,85,132,13,1.0,132.0,0.0980187695516162,0.0105302240338736,0.0492079830055308,0.0045251093294925,0.0045513414488271,0.0012795077968956,617,0.015013342806514503,0.1,527.0
536,0.2,169,223,13,1.0,223.0,0.0980187695516162,0.0093006074152353,0.0570262908498661,0.0040745546606042,0.0045513414488271,0.0012247879084691,617,0.020616827332939867,0.07692307692307693,1050.0
536,0.3,253,301,13,1.0,301.0,0.0980187695516162,0.0088859172934153,0.0570262908498661,0.0039885128021456,0.0052421649220672,0.0012790786528225,617,0.00796991144536044,0.06666666666666667,616.0
536,0.5,421,438,13,1.666667,262.79994744001056,0.0980187695516162,0.0087134143728483,0.0570262908498661,0.0038885842291033,0.0058095370925524,0.0012925885325223,617,0.0015151515151515152,0.030303030303030304,361.0
537,0.1,81,121,13,1.0,121.0,0.0980187695516162,0.0108928894595782,0.0464749058416465,0.004739110600347,0.0040871733233292,0.001381910731588,624,0.02127028832782333,0.10810810810810811,1900.0
537,0.2,162,220,13,1.0,220.0,0.0980187695516162,0.0110294814674376,0.0492079830055308,0.005083298997776,0.0045513414488271,0.0014206912246385,624,0.010797334300150322,0.058823529411764705,576.0
537,0.3,243,290,13,1.0,290.0,0.0980187695516162,0.0098450253496817,0.0492079830055308,0.0045873000202187,0.0058095370925524,0.0013778285418316,624,0.010875270562770562,0.09523809523809523,414.0
537,0.5,405,422,13,1.8,234.44444444444443,0.0980187695516162,0.0088559864392707,0.0570262908498661,0.0040152212810177,0.0058095370925524,0.0013013915085789,624,0.015492183642556468,0.11764705882352941,536.0
538,0.1,82,125,12,1.0,125.0,0.0980187695516162,0.0107445255474452,0.0464749058416465,0.004540583433271,0.0058095370925524,0.0011968831451837,624,0.004390440386680988,0.04081632653061224,1872.0
538,0.2,164,224,13,1.0,224.0,0.0980187695516162,0.0093335691941009,0.0570262908498661,0.0039158206331225,0.0058095370925524,0.0011964761491844,624,0.0018518518518518517,0.037037037037037035,396.0
538,0.3,246,303,13,1.0,303.0,0.0980187695516162,0.0090371915189432,0.0570262908498661,0.0040225385254708,0.0058095370925524,0.0012398391096199,624,0.0106996336996337,0.07692307692307693,384.0
538,0.5,409,420,13,1.5,280.0,0.0980187695516162,0.0086771935051392,0.0570262908498661,0.0038219790780429,0.0058095370925524,0.0012595298420288,624,0.008810329061916752,0.07692307692307693,4000.0
539,0.1,82,121,12,1.0,121.0,0.0980187695516162,0.0113582502434525,0.0464749058416465,0.0048539848965761,0.0039956275909326,0.0013534996926719,605,0.015723840367675983,0.09090909090909091,1026.0
539,0.2,163,211,13,1.0,211.0,0.0980187695516162,0.0096121058171772,0.0464749058416465,0.0040653242342371,0.0044179097289399,0.0012976133907727,605,0.006175732737208147,0.045454545454545456,936.0
539,0.3,245,289,13,1.0,289.0,0.0980187695516162,0.0091358140508242,0.0464749058416465,0.0039109041204729,0.0056186378747126,0.0012561903046179,605,0.01130795405159812,0.07692307692307693,950.0
539,0.5,407,416,13,1.666667,249.59995008001,0.0980187695516162,0.0090188096574957,0.0570262908498661,0.0039908107859374,0.0058095370925524,0.0012924770373919,605,0.0039251399007496565,0.030303030303030304,272.0
540,0.1,86,132,12,1.0,132.0,0.0980187695516162,0.0122365469080797,0.0570262908498661,0.0054468043460681,0.0052421649220672,0.0012789577862021,634,0.010848895113600996,0.07407407407407407,2006.0
540,0.2,172,239,13,1.0,239.0,0.0980187695516162,0.0104973363990558,0.0570262908498661,0.0046751555538413,0.0056186378747126,0.0013131084736147,634,0.024859368886828843,0.14285714285714285,648.0
540,0.3,258,318,13,1.0,318.0,0.0980187695516162,0.0093585430315907,0.0570262908498661,0.0041028526148963,0.0058095370925524,0.0012716138893802,634,0.006285714285714286,0.05,152.0
540,0.5,430,444,13,1.666667,266.3999467200107,0.0980187695516162,0.0085745286475213,0.0570262908498661,0.0038468332000799,0.0058095370925524,0.001290371283325,634,0.004196978731862453,0.038461538461538464,448.0
541,0.1,81,125,13,1.0,125.0,0.0980187695516162,0.0109280500521376,0.0464749058416465,0.0045468092652533,0.0044179097289399,0.0012917088423065,617,0.011791968599033817,0.13333333333333333,756.0
541,0.2,162,223,13,1.0,223.0,0.0980187695516162,0.0098897861655217,0.0570262908498661,0.0047250969378487,0.0056186378747126,0.0013815574107636,617,0.048470955333700425,0.7142857142857143,500.0
541,0.3,243,302,13,1.0,302.0,0.0980187695516162,0.009443473817235,0.0570262908498661,0.0044266986257635,0.0056186378747126,0.001351719604616,617,0.02455769230769231,0.38461538461538464,1062.0
541,0.5,404,433,13,1.5,288.6666666666667,0.0980187695516162,0.0085081891019079,0.0570262908498661,0.0037980234556908,0.0056186378747126,0.0012793700315271,617,0.0006329113924050633,0.012658227848101266,871.0
542,0.1,85,125,13,1.0,125.0,0.0980187695516162,0.0121209593326381,0.0464749058416465,0.0050120915903165,0.0056186378747126,0.0012082220157507,625,0.018741866866866866,0.13513513513513514,1560.0
542,0.2,169,215,13,1.0,215.0,0.0980187695516162,0.0102917283022527,0.0464749058416465,0.0042056640614798,0.0056186378747126,0.0012211455315465,625,0.015183619414599331,0.0625,936.0
542,0.3,253,290,13,1.0,290.0,0.0980187695516162,0.0097767070583581,0.0570262908498661,0.0043395569943755,0.0058095370925524,0.0012522245612452,625,0.009954292527821939,0.058823529411764705,432.0
542,0.5,422,437,13,1.5,291.3333333333333,0.0980187695516162,0.0089385634826513,0.0570262908498661,0.0040223224079023,0.0058095370925524,0.0013010446488139,625,0.015124882905107124,0.07894736842105263,429.0
543,0.1,83,124,13,1.0,124.0,0.0594369134515119,0.0112600491102963,0.031948254360793,0.0046091801851769,0.0052421649220672,0.0012955980309248,630,0.014832940385370053,0.09259259259259259,1767.0
543,0.2,166,212,13,1.0,212.0,0.0980187695516162,0.0101766777500147,0.0464749058416465,0.0043706341675143,0.0052421649220672,0.0012656709954174,630,0.028851186068631168,0.1111111111111111,684.0
543,0.3,249,286,13,1.0,286.0,0.0980187695516162,0.0093045640490895,0.0464749058416465,0.0041587436895467,0.0056186378747126,0.0012605266460022,630,0.01610457535514744,0.2,900.0
543,0.5,415,427,13,1.5,284.6666666666667,0.0980187695516162,0.008285855924277,0.0492079830055308,0.0036403817251913,0.0056186378747126,0.0012312308173125,630,0.010307541920445145,0.07692307692307693,207.0
544,0.1,81,120,12,1.0,120.0,0.0980187695516162,0.0117049009384775,0.0492079830055308,0.0055503616409696,0.0052421649220672,0.0014392751894482,616,0.029720662559396354,0.2,1062.0
544,0.2,162,225,12,1.0,225.0,0.0980187695516162,0.0099084694705132,0.0492079830055308,0.0045573071649222,0.0052421649220672,0.0013059846923752,616,0.005458221024258759,0.07142857142857142,546.0
544,0.3,243,290,13,1.0,290.0,0.0980187695516162,0.0096149005789075,0.0570262908498661,0.0043820467733707,0.0052421649220672,0.0012803973881147,616,0.06278109525424566,0.5,1512.0
544,0.5,405,427,13,1.6,266.875,0.0980187695516162,0.0087327500103786,0.0570262908498661,0.0038949279489848,0.0058095370925524,0.0012749312453715,616,0.0023817925194071984,0.038461538461538464,1000.0
545,0.1,77,111,13,1.0,111.0,0.0980187695516162,0.0118836250223111,0.0464749058416465,0.0051466466368072,0.0039956275909326,0.0011987272998583,593,0.012906058660752931,0.05970149253731343,1248.0
545,0.2,154,200,13,1.0,200.0,0.0980187695516162,0.0107247132429613,0.0570262908498661,0.0049080086785086,0.0056186378747126,0.0012988603987663,593,0.04962535014005602,0.8333333333333334,714.0
545,0.3,231,281,13,1.0,281.0,0.0980187695516162,0.0093736432152412,0.0570262908498661,0.0039994511271789,0.0056186378747126,0.0011799722658608,593,0.014846901356802347,0.1,400.0
545,0.5,385,407,13,1.5,271.3333333333333,0.0980187695516162,0.0086161619008333,0.0570262908498661,0.0037717855476537,0.0056186378747126,0.0012336864723755,593,0.030015417331206808,0.4,520.0
546,0.1,84,132,12,1.0,132.0,0.0980187695516162,0.0114860808291464,0.0464749058416465,0.004624024154034,0.0056186378747126,0.0013486979445939,632,0.009622144312270363,0.0625,684.0
546,0.2,168,225,12,1.0,225.0,0.0980187695516162,0.0103811841038118,0.0464749058416465,0.0042790805332011,0.0056186378747126,0.0012922629151681,632,0.05000329380764164,0.8333333333333334,558.0
546,0.3,252,312,12,1.0,312.0,0.0980187695516162,0.009431566000909,0.0570262908498661,0.0040770930557565,0.0056186378747126,0.0012803034628723,632,0.008912477644946088,0.043478260869565216,450.0
546,0.5,420,447,13,1.5,298.0,0.0980187695516162,0.0083140295749906,0.0570262908498661,0.0035802214555618,0.0056186378747126,0.0012437284632777,632,0.010945546893456178,0.1,1340.0
547,0.1,84,132,12,1.0,132.0,0.0980187695516162,0.011407084399785,0.0570262908498661,0.0050684960748219,0.0058095370925524,0.0013455560659929,607,0.004592422502870264,0.07692307692307693,531.0
547,0.2,167,225,12,1.0,225.0,0.0980187695516162,0.010408990846947,0.0570262908498661,0.0045954722801964,0.0058095370925524,0.0013512002956966,607,0.010570220841959972,0.1,1800.0
547,0.3,251,296,13,1.0,296.0,0.0980187695516162,0.0097758081334723,0.0570262908498661,0.0043710851984264,0.0058095370925524,0.0013244062954263,607,0.007335229370113092,0.09090909090909091,1711.0
547,0.5,418,427,13,1.5,284.6666666666667,0.0980187695516162,0.0085495966964025,0.0570262908498661,0.0037637935098343,0.0058095370925524,0.0012618863133544,607,0.04030847559149446,0.5555555555555556,800.0
548,0.1,80,120,12,1.0,120.0,0.0980187695516162,0.0135644768856447,0.0570262908498661,0.0062706194522985,0.0040871733233292,0.001431851226403,604,0.01530922780922781,0.09090909090909091,871.0
548,0.2,160,218,13,1.0,218.0,0.0980187695516162,0.011542030593795,0.0570262908498661,0.0052865248807282,0.0056186378747126,0.0014638781452239,604,0.016961491996375717,0.09090909090909091,480.0
548,0.3,240,291,13,1.0,291.0,0.0980187695516162,0.0101659446230143,0.0570262908498661,0.004657875472533,0.0056186378747126,0.0013427652629919,604,0.014090443869855635,0.08333333333333333,722.0
548,0.5,400,422,13,1.5,281.3333333333333,0.0980187695516162,0.0090536647080044,0.0570262908498661,0.004061289522541,0.0058095370925524,0.001299383352803,604,0.008611111111111111,0.08333333333333333,598.0
549,0.1,86,129,13,1.0,129.0,0.0980187695516162,0.0111388639652091,0.0570262908498661,0.0050980148258384,0.0045513414488271,0.0013730444714876,641,0.009785152324346052,0.08333333333333333,384.0
549,0.2,171,233,13,1.0,233.0,0.0980187695516162,0.0099576185851678,0.0570262908498661,0.0046245509556921,0.0056186378747126,0.0013395579449288,641,0.0047115384615384615,0.075,570.0
549,0.3,256,317,13,1.0,317.0,0.0980187695516162,0.0090953049805429,0.0570262908498661,0.0041183090623619,0.0056186378747126,0.0012675409155522,641,0.02015768855557588,0.14285714285714285,576.0
549,0.5,426,452,13,1.571429,287.63628519010405,0.0980187695516162,0.0082428229996216,0.0570262908498661,0.0036251334421929,0.0058095370925524,0.0012330400699051,641,0.00961954711954712,0.14285714285714285,570.0
550,0.1,85,129,13,1.0,129.0,0.0980187695516162,0.012634284744283,0.0570262908498661,0.0058537617345557,0.0045513414488271,0.001421342593719,627,0.0166309846257417,0.07692307692307693,1250.0
550,0.2,169,220,13,1.0,220.0,0.0980187695516162,0.0107735330363067,0.0570262908498661,0.0048652689687551,0.0052421649220672,0.001310947741887,627,0.008402976714481657,0.10526315789473684,1000.0
550,0.3,253,305,13,1.0,305.0,0.0980187695516162,0.0093163985709156,0.0570262908498661,0.0041413904556558,0.0052421649220672,0.0012419458770307,627,0.039349461197680534,0.45454545454545453,960.0
550,0.5,421,419,13,1.5,279.3333333333333,0.0980187695516162,0.0087203008304692,0.0570262908498661,0.0038612390808017,0.0058095370925524,0.0012387422939814,627,0.028956547838126782,0.3125,1092.0
551,0.1,83,118,13,1.0,118.0,0.0594369134515119,0.0103391597886215,0.031948254360793,0.0038435075649344,0.0039956275909326,0.0011342145194788,627,0.010399672087315109,0.13043478260869565,1140.0
551,0.2,165,219,13,1.0,219.0,0.0656934306569343,0.0090705215192765,0.0570262908498661,0.0035699281302907,0.0039956275909326,0.0011378729862771,627,0.011915697081036946,0.16666666666666666,402.0
551,0.3,247,305,13,1.0,305.0,0.0980187695516162,0.009244602471837,0.0570262908498661,0.0039051296848278,0.0058095370925524,0.0011780622539783,627,0.008333333333333333,0.125,320.0
551,0.5,412,441,13,1.333333,330.75008268752066,0.0980187695516162,0.0081623194985327,0.0570262908498661,0.0034898094371915,0.0058095370925524,0.0011875259497278,627,0.0042207792207792205,0.045454545454545456,630.0
552,0.1,86,133,12,1.0,133.0,0.0980187695516162,0.0118152524167561,0.0570262908498661,0.0055409202317225,0.0056186378747126,0.0014836208866426,619,0.009404621757139742,0.045454545454545456,4400.0
552,0.2,171,227,13,1.0,227.0,0.0980187695516162,0.0109649827968744,0.0570262908498661,0.0051560762569107,0.0058095370925524,0.0013891101062997,619,0.0060875461171879105,0.05555555555555555,720.0
552,0.3,256,304,13,1.0,304.0,0.0980187695516162,0.009642033916909,0.0570262908498661,0.0044599294796881,0.0058095370925524,0.0013274563576369,619,0.005274519387422613,0.045454545454545456,322.0
552,0.5,426,433,13,1.5,288.6666666666667,0.0980187695516162,0.0084985562809604,0.0570262908498661,0.0038746364054277,0.0058095370925524,0.0012997558963752,619,0.022474747474747474,0.16666666666666666,300.0
553,0.1,82,134,13,1.0,134.0,0.0980187695516162,0.0123573996544907,0.0464749058416465,0.0052451587766585,0.0056186378747126,0.0013846553878174,619,0.013811417841990598,0.07407407407407407,1500.0
553,0.2,164,215,13,1.0,215.0,0.0980187695516162,0.0102529281955524,0.0464749058416465,0.0042574073985337,0.0056186378747126,0.0012948720870995,619,0.017569771056079375,0.125,1170.0
553,0.3,246,303,13,1.0,303.0,0.0980187695516162,0.0093469200934691,0.0464749058416465,0.0038567949197554,0.0056186378747126,0.0012453521421559,619,0.007872474747474748,0.0625,560.0
553,0.5,410,430,13,1.666667,257.99994840001034,0.0980187695516162,0.0087372990275722,0.0570262908498661,0.0038206172787714,0.0058095370925524,0.0012995157857048,619,0.0022222222222222222,0.044444444444444446,342.0
554,0.1,83,119,13,1.0,119.0,0.0980187695516162,0.0122939686823634,0.0492079830055308,0.0053683913050222,0.0056186378747126,0.0013760272620527,632,0.004360704294882343,0.06779661016949153,950.0
554,0.2,165,218,13,1.0,218.0,0.0980187695516162,0.0101022663133424,0.0492079830055308,0.0042823740695728,0.0056186378747126,0.0012493088307318,632,0.01306650975587475,0.1111111111111111,2000.0
554,0.3,248,311,13,1.0,311.0,0.0980187695516162,0.0089522513067939,0.0570262908498661,0.0038577444371552,0.0056186378747126,0.0011929036765148,632,0.0047619047619047615,0.06666666666666667,638.0
554,0.5,413,452,13,1.5,301.3333333333333,0.0980187695516162,0.0084343019553922,0.0570262908498661,0.0036987647217106,0.0056186378747126,0.0012449857904262,632,0.006321717593647418,0.03571428571428571,1600.0
555,0.1,84,129,13,1.0,129.0,0.0980187695516162,0.0122867004550928,0.0570262908498661,0.0058022315350232,0.0058095370925524,0.0013495140627966,608,0.013392857142857142,0.14285714285714285,468.0
555,0.2,168,223,13,1.0,223.0,0.0980187695516162,0.0102732199553907,0.0570262908498661,0.0046109861363669,0.0058095370925524,0.0012771154299247,608,0.011388088138660222,0.05555555555555555,760.0
555,0.3,252,303,13,1.0,303.0,0.0980187695516162,0.0093538029506808,0.0570262908498661,0.0041683128291321,0.0058095370925524,0.0012410203344662,608,0.00727743271221532,0.05,756.0
555,0.5,420,419,13,1.5,279.3333333333333,0.0980187695516162,0.0087302555117825,0.0570262908498661,0.0038919101768675,0.0058095370925524,0.0012536041777625,608,0.00854983660130719,0.0625,532.0
556,0.1,84,131,12,1.0,131.0,0.0980187695516162,0.0111439237755613,0.0570262908498661,0.005341547354768,0.0056186378747126,0.0013282730809589,620,0.016565609098503836,0.09090909090909091,969.0
556,0.2,168,234,13,1.0,234.0,0.0980187695516162,0.0107171822500289,0.0570262908498661,0.004925775710134,0.0056186378747126,0.001399149305192,620,0.005009078730306352,0.030303030303030304,1209.0
556,0.3,251,303,13,1.0,303.0,0.0980187695516162,0.0098390443841046,0.0570262908498661,0.0045246587930103,0.0056186378747126,0.00135152811333,620,0.0064530812324929965,0.058823529411764705,402.0
556,0.5,418,439,13,1.5,292.6666666666667,0.0980187695516162,0.0085439226985208,0.0570262908498661,0.0038128249121482,0.0056186378747126,0.0012851444791032,620,0.010690284178187404,0.08333333333333333,240.0
557,0.1,81,128,13,1.0,128.0,0.0980187695516162,0.0103379171011469,0.0464749058416465,0.0045525233049742,0.0058095370925524,0.0014145374329905,630,0.005792161767771523,0.05555555555555555,700.0
557,0.2,161,224,13,1.0,224.0,0.0980187695516162,0.0096827051988678,0.0570262908498661,0.0044480845848073,0.0058095370925524,0.0013605289737345,630,0.01511385296446272,0.07407407407407407,504.0
557,0.3,242,306,13,1.0,306.0,0.0980187695516162,0.0093847758081334,0.0570262908498661,0.004193520724769,0.0058095370925524,0.0012941836177226,630,0.01605498484572065,0.07142857142857142,644.0
557,0.5,403,436,13,1.5,290.6666666666667,0.0980187695516162,0.0082511408099032,0.0570262908498661,0.0036526899199516,0.0058095370925524,0.0012560566978784,630,0.0019230769230769232,0.038461538461538464,250.0
558,0.1,87,134,13,1.0,134.0,0.0980187695516162,0.011976094501424,0.0570262908498661,0.0048166969785315,0.0039956275909326,0.0012929955881265,627,0.028990027166856436,0.2,350.0
558,0.2,173,217,13,1.0,217.0,0.0980187695516162,0.0101344045977231,0.0570262908498661,0.0042841872184216,0.0039956275909326,0.0012659400538786,627,0.021724755634687426,0.14285714285714285,416.0
558,0.3,259,298,13,1.0,298.0,0.0980187695516162,0.0094932500997263,0.0570262908498661,0.0040624912019863,0.0056186378747126,0.0012577011470882,627,0.016931921138741004,0.21052631578947367,1120.0
558,0.5,431,436,13,1.5,290.6666666666667,0.0980187695516162,0.0087509925285321,0.0570262908498661,0.0039349252301414,0.0058095370925524,0.0012910463377398,627,0.018093711843711842,0.14285714285714285,264.0
559,0.1,82,128,12,1.0,128.0,0.0980187695516162,0.0118531673618352,0.0464749058416465,0.0046868899267115,0.0044179097289399,0.0011748120208787,625,0.015579996004991336,0.09433962264150944,2964.0
559,0.2,163,236,13,1.0,236.0,0.0980187695516162,0.0102198617910605,0.0570262908498661,0.0045123115328101,0.0044179097289399,0.0013393419461369,625,0.04085113319683195,0.625,1260.0
559,0.3,244,318,13,1.0,318.0,0.0980187695516162,0.0094929860113718,0.0570262908498661,0.0041616843331493,0.0058095370925524,0.0013214453619881,625,0.010293458781362006,0.1111111111111111,960.0
559,0.5,407,439,13,1.666667,263.39994732001054,0.0980187695516162,0.0085843026501124,0.0570262908498661,0.0037720586387861,0.0058095370925524,0.0012716286201024,625,0.015131578947368421,0.25,220.0
560,0.1,84,125,12,1.0,125.0,0.0980187695516162,0.0117622523461939,0.0570262908498661,0.005224274292217,0.0039956275909326,0.0012836945290818,643,0.030370937479266513,0.2222222222222222,936.0
560,0.2,167,230,12,1.0,230.0,0.0980187695516162,0.0093893095162533,0.0570262908498661,0.0038937188270851,0.0044179097289399,0.0011525489919953,643,0.022304232804232802,0.25,588.0
560,0.3,250,315,13,1.0,315.0,0.0980187695516162,0.0089213300892132,0.0570262908498661,0.0038257701012467,0.0056186378747126,0.0012183135137653,643,0.023846427903934216,0.25,336.0
560,0.5,417,438,13,2.0,219.0,0.0980187695516162,0.0083205965117773,0.0570262908498661,0.0036664570597191,0.0058095370925524,0.0012569835425892,643,0.003786212760966455,0.034482758620689655,456.0
561,0.1,86,137,13,1.0,137.0,0.0980187695516162,0.0114246135344754,0.0464749058416465,0.0046097058384177,0.0058095370925524,0.0013477499655048,641,0.009369790837182142,0.07692307692307693,1170.0
561,0.2,171,224,13,1.0,224.0,0.0980187695516162,0.0104787352897362,0.0570262908498661,0.004537334690231,0.0058095370925524,0.0013615224119174,641,0.019180435305435305,0.07407407407407407,1400.0
561,0.3,257,305,13,1.0,305.0,0.0980187695516162,0.0095010171114035,0.0570262908498661,0.0042237383037477,0.0058095370925524,0.001314120002936,641,0.01653676675348502,0.11764705882352941,315.0
561,0.5,427,441,13,1.666667,264.5999470800106,0.0980187695516162,0.0087061588625717,0.0570262908498661,0.0037939008451179,0.0058095370925524,0.0012725929281965,641,0.026833333333333338,0.4,570.0
562,0.1,84,125,12,1.0,125.0,0.0980187695516162,0.011912408759124,0.0492079830055308,0.0054538030934499,0.0056186378747126,0.0013335200320971,613,0.002362609142270159,0.030303030303030304,680.0
562,0.2,167,221,13,1.0,221.0,0.0980187695516162,0.0104888670796785,0.0492079830055308,0.0047136170802254,0.0056186378747126,0.0013202001647845,613,0.006459702525077828,0.07142857142857142,800.0
562,0.3,251,306,13,1.0,306.0,0.0980187695516162,0.0093200297150489,0.0570262908498661,0.0041846607525409,0.0056186378747126,0.0012390197729822,613,0.0035984848484848482,0.041666666666666664,660.0
562,0.5,417,427,13,1.666667,256.1999487600103,0.0980187695516162,0.0087938011150373,0.0570262908498661,0.0039361887250147,0.0058095370925524,0.0012629922117528,613,0.01925072956170424,0.125,2124.0
563,0.1,78,132,13,1.0,132.0,0.0980187695516162,0.0110989983252756,0.0570262908498661,0.0047338755748799,0.0058095370925524,0.001252697013546,584,0.00845156490780594,0.07317073170731707,603.0
563,0.2,155,223,13,1.0,223.0,0.0980187695516162,0.0104088245883931,0.0570262908498661,0.0049717378452396,0.0058095370925524,0.0013821844028844,584,0.005256410256410256,0.06666666666666667,580.0
563,0.3,233,300,13,1.0,300.0,0.0980187695516162,0.0095933263816475,0.0570262908498661,0.0044701527113844,0.0058095370925524,0.0013319829728298,584,0.009548182049326216,0.05263157894736842,520.0
563,0.5,387,410,13,1.714286,239.1666268055622,0.0980187695516162,0.0091406190391413,0.0570262908498661,0.0041835329620933,0.0058095370925524,0.0013432889020833,584,0.012631302521008404,0.08333333333333333,2394.0
564,0.1,81,121,12,1.0,121.0,0.0980187695516162,0.0116081662199777,0.0570262908498661,0.0053492901643761,0.0058095370925524,0.0013524363530961,629,0.004551744551744552,0.038461538461538464,663.0
564,0.2,162,227,13,1.0,227.0,0.0980187695516162,0.0098854809295659,0.0570262908498661,0.0046928075669525,0.0058095370925524,0.0013233158405163,629,0.00634037015615963,0.05263157894736842,988.0
564,0.3,243,314,13,1.0,314.0,0.0980187695516162,0.0093980592841534,0.0570262908498661,0.0043326332593856,0.0058095370925524,0.0012889924151624,629,0.013987889747383419,0.14285714285714285,1600.0
564,0.5,405,432,13,1.5,288.0,0.0980187695516162,0.0086558143127485,0.0570262908498661,0.0038457806531864,0.0058095370925524,0.0012393307108999,629,0.003167641325536062,0.037037037037037035,2652.0
565,0.1,84,130,13,1.0,130.0,0.0980187695516162,0.0102751263335204,0.0464749058416465,0.0042409324617973,0.0040871733233292,0.0013610596117616,611,0.020337048806715136,0.09523809523809523,646.0
565,0.2,168,228,13,1.0,228.0,0.0980187695516162,0.0097094927098768,0.0570262908498661,0.0043867728546523,0.0040871733233292,0.0013564315030818,611,0.02246932866800549,0.08333333333333333,442.0
565,0.3,251,303,13,1.0,303.0,0.0980187695516162,0.0094604872374619,0.0570262908498661,0.0041748214905733,0.0056186378747126,0.0013325758592729,611,0.017420536890645585,0.125,1344.0
565,0.5,418,427,13,1.5,284.6666666666667,0.0980187695516162,0.0087083295685151,0.0570262908498661,0.0038795633349641,0.0058095370925524,0.0012884674396195,611,0.02347999222999223,0.19230769230769232,450.0
566,0.1,83,129,13,1.0,129.0,0.0980187695516162,0.0110984471873963,0.0570262908498661,0.0049670829944086,0.0058095370925524,0.0012799166468413,630,0.010295429208472687,0.07692307692307693,798.0
566,0.2,165,223,13,1.0,223.0,0.0980187695516162,0.0106800338543979,0.0570262908498661,0.0047867480374686,0.0058095370925524,0.001339071685778,630,0.022258575146719736,0.13043478260869565,432.0
566,0.3,248,302,13,1.0,302.0,0.0980187695516162,0.0094227568728462,0.0570262908498661,0.0041576023870476,0.0058095370925524,0.0012677865603897,630,0.008187134502923975,0.1111111111111111,300.0
566,0.5,412,435,13,1.5,290.0,0.0980187695516162,0.0085218079177303,0.0570262908498661,0.0037380700758222,0.0058095370925524,0.0012492172905853,630,0.00898311956361492,0.05263157894736842,402.0
567,0.1,80,113,12,1.0,113.0,0.0980187695516162,0.0126053134256738,0.0464749058416465,0.0052355209763391,0.0039956275909326,0.0012157544757829,599,0.011046077345666948,0.1111111111111111,527.0
567,0.2,159,202,13,1.0,202.0,0.0980187695516162,0.010050692243364,0.0464749058416465,0.004120951161527,0.0048729601732022,0.0012166788135247,599,0.023916495326379045,0.14285714285714285,500.0
567,0.3,238,289,13,1.0,289.0,0.0980187695516162,0.0095002363332623,0.0570262908498661,0.0042630231335255,0.0058095370925524,0.0013238133828006,599,0.008397056957537489,0.05,1150.0
567,0.5,397,418,13,1.5,278.6666666666667,0.0980187695516162,0.0088384531334972,0.0570262908498661,0.0038716493100806,0.0058095370925524,0.0012946295722252,599,0.00375,0.041666666666666664,240.0
568,0.1,82,115,13,1.0,115.0,0.0980187695516162,0.0122591467561317,0.0570262908498661,0.00552341960761,0.0052421649220672,0.0013416792224348,612,0.03740981240981241,0.625,1254.0
568,0.2,164,205,13,1.0,205.0,0.0980187695516162,0.0108039370278999,0.0570262908498661,0.0048580317501587,0.0056186378747126,0.001324329897829,612,0.012560239491691105,0.09090909090909091,504.0
568,0.3,246,286,13,1.0,286.0,0.0980187695516162,0.0095379073481262,0.0570262908498661,0.0042151979987305,0.0056186378747126,0.0012897279177208,612,0.0011235955056179774,0.02247191011235955,1888.0
568,0.5,409,424,13,1.5,282.6666666666667,0.0980187695516162,0.0086273043854643,0.0570262908498661,0.0039440165970833,0.0058095370925524,0.0012924247350388,612,0.014378367374744424,0.1111111111111111,2166.0
569,0.1,86,124,12,1.0,124.0,0.0980187695516162,0.0113020955968918,0.0570262908498661,0.0054651493184622,0.0045513414488271,0.0013568257602864,654,0.007280711957105113,0.04,1711.0
569,0.2,171,222,13,1.0,222.0,0.0980187695516162,0.0095773562926847,0.0570262908498661,0.0044747564211794,0.0052421649220672,0.0012980964827986,654,0.011960140817131301,0.05555555555555555,3900.0
569,0.3,256,308,13,1.0,308.0,0.0980187695516162,0.0093712335631,0.0570262908498661,0.004328476526132,0.0056186378747126,0.0012731689788361,654,0.011948944457573081,0.1,800.0
569,0.5,427,457,13,1.5,304.6666666666667,0.0980187695516162,0.0081115677116251,0.0570262908498661,0.003621855372712,0.0058095370925524,0.0012168627388038,654,0.007851851851851851,0.12,234.0
570,0.1,80,128,13,1.0,128.0,0.0656934306569343,0.0109733446298226,0.0570262908498661,0.0046477720844062,0.0058095370925524,0.0013701695634688,613,0.01542130099166103,0.058823529411764705,1085.0
570,0.2,160,223,13,1.0,223.0,0.0980187695516162,0.0104649368503251,0.0570262908498661,0.0047920779156172,0.0058095370925524,0.0013912712217105,613,0.01071969696969697,0.16666666666666666,1005.0
570,0.3,240,294,13,1.0,294.0,0.0980187695516162,0.0098742312357685,0.0570262908498661,0.0045601469918791,0.0058095370925524,0.0013423610275515,613,0.00789073531009015,0.09090909090909091,2496.0
570,0.5,399,426,13,1.666667,255.59994888001023,0.0980187695516162,0.0084962328716826,0.0570262908498661,0.0038105393665245,0.0058095370925524,0.0012931708159232,613,0.003204225352112676,0.05,335.0
571,0.1,86,131,12,1.0,131.0,0.0980187695516162,0.0126085537574922,0.0492079830055308,0.0056006144795966,0.0045513414488271,0.0014231986046751,659,0.019765145092348543,0.05555555555555555,2000.0
571,0.2,171,243,12,1.0,243.0,0.0980187695516162,0.0098010187223487,0.0492079830055308,0.0043102041785417,0.0058095370925524,0.0012551279686188,659,0.007430323299888517,0.06666666666666667,299.0
571,0.3,257,316,13,1.0,316.0,0.0980187695516162,0.00894259579467,0.0492079830055308,0.0040032193522754,0.0058095370925524,0.0012382492925116,659,0.004551868802440884,0.05263157894736842,874.0
571,0.5,428,446,13,1.5,297.3333333333333,0.0980187695516162,0.0084846416063069,0.0570262908498661,0.0037820945126152,0.0058095370925524,0.0012379129430267,659,0.015534465534465535,0.14285714285714285,360.0
572,0.1,84,127,12,1.0,127.0,0.0980187695516162,0.0112239619682575,0.0570262908498661,0.0052607167896521,0.0052421649220672,0.0013073948230496,634,0.012638104456959204,0.07142857142857142,756.0
572,0.2,168,232,12,1.0,232.0,0.0980187695516162,0.0094881521700046,0.0570262908498661,0.0043156691897257,0.0052421649220672,0.0012510305686665,634,0.012626264482138017,0.07407407407407407,720.0
572,0.3,252,309,13,1.0,309.0,0.0980187695516162,0.0094455186936229,0.0570262908498661,0.0041277674116727,0.0056186378747126,0.0012285446243699,634,0.0054503367003367,0.041666666666666664,576.0
572,0.5,419,440,13,1.5,293.3333333333333,0.0980187695516162,0.008387050905299,0.0570262908498661,0.003713946073956,0.0058095370925524,0.0012279096422555,634,0.005180790960451978,0.06666666666666667,800.0
573,0.1,82,106,13,1.0,106.0,0.0980187695516162,0.0128081531469494,0.0570262908498661,0.0055997400530307,0.0039956275909326,0.0012164469791295,620,0.03004332823965718,0.1111111111111111,800.0
573,0.2,164,206,13,1.0,206.0,0.0980187695516162,0.0099820808487805,0.0570262908498661,0.0043721220272252,0.0058095370925524,0.0012188328689821,620,0.012498403575989782,0.075,460.0
573,0.3,246,285,13,1.0,285.0,0.0980187695516162,0.009212813054534,0.0570262908498661,0.0040297592771624,0.0058095370925524,0.0012074155328216,620,0.01314298433048433,0.1111111111111111,494.0
573,0.5,410,429,13,1.5,286.0,0.0980187695516162,0.0084732785462712,0.0570262908498661,0.0037236771444185,0.0058095370925524,0.0012442396048492,620,0.01821070691760347,0.2,198.0
574,0.1,84,129,13,1.0,129.0,0.0980187695516162,0.011454114832149,0.0464749058416465,0.0048360003785831,0.0058095370925524,0.0014060509574022,623,0.047858567405881985,0.7142857142857143,1344.0
574,0.2,168,227,13,1.0,227.0,0.0980187695516162,0.0098395446798932,0.0570262908498661,0.0041452167487787,0.0058095370925524,0.0013044024216539,623,0.014259687680740313,0.07692307692307693,400.0
574,0.3,252,308,13,1.0,308.0,0.0980187695516162,0.0092425822352829,0.0570262908498661,0.0041292547209469,0.0058095370925524,0.0012974973557115,623,0.002631578947368421,0.05263157894736842,520.0
574,0.5,419,440,13,1.5,293.3333333333333,0.0980187695516162,0.0085742724428855,0.0570262908498661,0.0038190532799056,0.0058095370925524,0.0012967727111695,623,0.02984761675551149,0.45454545454545453,460.0
575,0.1,81,118,12,1.0,118.0,0.0980187695516162,0.0112140117707357,0.0570262908498661,0.0048080114871284,0.0044179097289399,0.0011903488330116,630,0.011425657126876638,0.04878048780487805,1675.0
575,0.2,162,226,13,1.0,226.0,0.0980187695516162,0.0099015382911771,0.0570262908498661,0.004129017540891,0.0056186378747126,0.0012178972150649,630,0.015333333333333332,0.2,600.0
575,0.3,243,311,13,1.0,311.0,0.0980187695516162,0.009039426787684,0.0570262908498661,0.0040372154923864,0.0056186378747126,0.0012350812163802,630,0.013314225092772409,0.06451612903225806,504.0
575,0.5,405,430,13,1.5,286.6666666666667,0.0980187695516162,0.0084074981206197,0.0570262908498661,0.0037272742515472,0.0058095370925524,0.0012393504719839,630,0.003333333333333333,0.06666666666666667,536.0
576,0.1,81,119,12,1.0,119.0,0.0980187695516162,0.0121800545035532,0.0570262908498661,0.005467918947356,0.0045513414488271,0.0013023118108752,610,0.027695263242999903,0.27586206896551724,340.0
576,0.2,161,206,12,1.0,206.0,0.0980187695516162,0.0104427143970761,0.0570262908498661,0.0047166374152654,0.0045513414488271,0.0012581151209267,610,0.024284869779760583,0.25,576.0
576,0.3,242,282,13,1.0,282.0,0.0980187695516162,0.0096066381203824,0.0570262908498661,0.0043830899520901,0.0056186378747126,0.0012648814369111,610,0.01578042328042328,0.25,480.0
576,0.5,402,411,13,1.5,274.0,0.0980187695516162,0.0085703629845565,0.0570262908498661,0.0038192723690249,0.0056186378747126,0.0012390422283813,610,0.009369558634264516,0.08333333333333333,468.0
577,0.1,84,129,13,1.0,129.0,0.0761209593326381,0.0113086144320229,0.0570262908498661,0.0047456081035473,0.0052421649220672,0.0012567428270295,644,0.0027167277167277166,0.038461538461538464,950.0
577,0.2,168,219,13,1.0,219.0,0.0761209593326381,0.0104656201046561,0.0570262908498661,0.0045388255633568,0.0056186378747126,0.0013060745688187,644,0.010308030985780346,0.047619047619047616,1050.0
577,0.3,252,308,13,1.0,308.0,0.0980187695516162,0.0097165608114512,0.0570262908498661,0.0042648165885061,0.0056186378747126,0.00129330065661,644,0.02406890082951672,0.08333333333333333,1250.0
577,0.5,419,449,13,1.5,299.3333333333333,0.0980187695516162,0.0085510379919691,0.0570262908498661,0.0036741685372706,0.0058095370925524,0.0012591419495598,644,0.009664031620553359,0.1,1216.0
578,0.1,81,131,13,1.0,131.0,0.0980187695516162,0.0118284790932029,0.0464749058416465,0.0049150284832997,0.0039956275909326,0.0013564995824701,606,0.036648970354034596,0.16666666666666666,1250.0
578,0.2,161,218,13,1.0,218.0,0.0980187695516162,0.0102505476844189,0.0492079830055308,0.0043836419690718,0.0045513414488271,0.0013156905295122,606,0.02028497317899492,0.09782608695652174,1794.0
578,0.3,241,298,13,1.0,298.0,0.0980187695516162,0.0096017243913192,0.0570262908498661,0.0042474086155838,0.0056186378747126,0.0012928959856406,606,0.020665180390389927,0.1,1608.0
578,0.5,401,408,13,1.571429,259.6362928264656,0.0980187695516162,0.0085924880901265,0.0570262908498661,0.0038464288082482,0.0058095370925524,0.0012836092674187,606,0.03874269005847954,0.5,280.0
579,0.1,81,120,13,1.0,120.0,0.0980187695516162,0.0116006256517204,0.0464749058416465,0.0046188836481947,0.0037580805554219,0.0011553308793679,594,0.01353223334995161,0.06666666666666667,520.0
579,0.2,161,220,13,1.0,220.0,0.0980187695516162,0.0107308749644515,0.0570262908498661,0.0048269348288402,0.0056186378747126,0.0013202957913376,594,0.013246646524025612,0.08333333333333333,4000.0
579,0.3,241,297,13,1.0,297.0,0.0980187695516162,0.0099816377188639,0.0570262908498661,0.0044410851667737,0.0058095370925524,0.0012937735909466,594,0.009520481213199474,0.1111111111111111,1541.0
579,0.5,401,426,13,1.666667,255.59994888001023,0.0980187695516162,0.0089539671116724,0.0570262908498661,0.0040455147316084,0.0058095370925524,0.0013081741213244,594,0.010821899381221415,0.1111111111111111,345.0
580,0.1,83,131,12,1.0,131.0,0.0980187695516162,0.0113668022510725,0.0464749058416465,0.0047584929217196,0.0039956275909326,0.0012571710342968,616,0.015358442434904205,0.09090909090909091,680.0
580,0.2,165,230,13,1.0,230.0,0.0980187695516162,0.0100512309017545,0.0492079830055308,0.0044223801603138,0.0056186378747126,0.0013061989658213,616,0.011231361231361231,0.07142857142857142,800.0
580,0.3,248,305,13,1.0,305.0,0.0980187695516162,0.0095488811774559,0.0570262908498661,0.0042990767813514,0.0056186378747126,0.0013078881429031,616,0.017972629803699413,0.09090909090909091,1560.0
580,0.5,413,418,13,1.666667,250.79994984001004,0.0980187695516162,0.0087386681700934,0.0570262908498661,0.0039332724504235,0.0058095370925524,0.0013248683733215,616,0.009919950041433418,0.08695652173913043,413.0
581,0.1,83,132,13,1.0,132.0,0.0980187695516162,0.0112648908269345,0.0570262908498661,0.0051768714219255,0.0045513414488271,0.0012985279539027,632,0.008511178861788617,0.0625,432.0
581,0.2,165,213,13,1.0,213.0,0.0980187695516162,0.0103296176083263,0.0570262908498661,0.0048226775379188,0.0045513414488271,0.0012994616478424,632,0.033891612200435725,0.2,684.0
581,0.3,247,297,13,1.0,297.0,0.0980187695516162,0.0091741186631697,0.0570262908498661,0.0041241153677168,0.0056186378747126,0.0012397510108297,632,0.020923913043478258,0.125,240.0
581,0.5,411,427,13,1.6,266.875,0.0980187695516162,0.0083102763661405,0.0570262908498661,0.0037382767078519,0.0058095370925524,0.0012632693270885,632,0.014287790697674418,0.25,378.0
582,0.1,86,137,13,1.0,137.0,0.0980187695516162,0.012566313754443,0.0464749058416465,0.0054747041293542,0.0056186378747126,0.0013870322652976,640,0.012409951498237416,0.07407407407407407,780.0
582,0.2,171,229,13,1.0,229.0,0.0980187695516162,0.0106552039742999,0.0570262908498661,0.0048141001389029,0.0056186378747126,0.0013378269007257,640,0.021847369492410493,0.08695652173913043,800.0
582,0.3,257,316,13,1.0,316.0,0.0980187695516162,0.0094210741674475,0.0570262908498661,0.0042285767735551,0.0056186378747126,0.0012945407160628,640,0.006975108225108224,0.045454545454545456,961.0
582,0.5,428,439,13,1.5,292.6666666666667,0.0980187695516162,0.0083776523096144,0.0570262908498661,0.0035960649746454,0.0056186378747126,0.0012366983510115,640,0.013946360153256704,0.1111111111111111,936.0
583,0.1,85,132,13,1.0,132.0,0.0980187695516162,0.0122128479792712,0.0570262908498661,0.0058731332720081,0.0045513414488271,0.0014003407384067,635,0.015084623323013416,0.1,546.0
583,0.2,170,225,13,1.0,225.0,0.0980187695516162,0.0105294867338662,0.0570262908498661,0.0049510859763752,0.0058095370925524,0.0013553920022235,635,0.005714285714285714,0.06666666666666667,341.0
583,0.3,254,311,13,1.0,311.0,0.0980187695516162,0.0092372480712424,0.0570262908498661,0.0042472576327586,0.0058095370925524,0.0012921737240414,635,0.01397040319126151,0.10714285714285714,315.0
583,0.5,423,447,13,1.5,298.0,0.0980187695516162,0.0083630179647423,0.0570262908498661,0.003721900233554,0.0058095370925524,0.0012621314802342,635,0.002923076923076923,0.038461538461538464,560.0
584,0.1,79,130,12,1.0,130.0,0.0980187695516162,0.0115585144782224,0.0492079830055308,0.0052407425703104,0.0045513414488271,0.0013749405057104,592,0.007749717789363311,0.045454545454545456,684.0
584,0.2,158,213,13,1.0,213.0,0.0980187695516162,0.0099037044652341,0.0492079830055308,0.0042602026516324,0.0045513414488271,0.0012807544075508,592,0.012331423057229509,0.07142857142857142,900.0
584,0.3,236,275,13,1.0,275.0,0.0980187695516162,0.0090928050052137,0.0492079830055308,0.0039983770082883,0.0058095370925524,0.0012523580818627,592,0.011474859932938132,0.09090909090909091,315.0
584,0.5,393,405,13,1.5,270.0,0.0980187695516162,0.0084475855765393,0.0570262908498661,0.0037605262819235,0.0058095370925524,0.0012662028552942,592,0.01217948717948718,0.16666666666666666,480.0
585,0.1,81,121,13,1.0,121.0,0.0980187695516162,0.0120649092115581,0.0570262908498661,0.005307988998418,0.0058095370925524,0.0013980681983384,612,0.019600259423774233,0.125,3900.0
585,0.2,162,219,13,1.0,219.0,0.0980187695516162,0.0103227772460848,0.0570262908498661,0.0047714175639145,0.0058095370925524,0.0013803163586633,612,0.02080767694104408,0.125,1120.0
585,0.3,243,304,13,1.0,304.0,0.0980187695516162,0.0092510015915701,0.0570262908498661,0.0042588539794253,0.0058095370925524,0.0013285866361717,612,0.012063718315084241,0.07142857142857142,1541.0
585,0.5,404,430,13,1.666667,257.99994840001034,0.0980187695516162,0.0085432984940708,0.0570262908498661,0.0038115210115543,0.0058095370925524,0.0012776710523031,612,0.0022727272727272726,0.045454545454545456,150.0
586,0.1,82,116,12,1.0,116.0,0.0980187695516162,0.0131243033332134,0.0570262908498661,0.0058926055681542,0.0052421649220672,0.001367677794696,630,0.014504569504569503,0.11428571428571428,616.0
586,0.2,164,217,13,1.0,217.0,0.0980187695516162,0.0111050777739868,0.0570262908498661,0.0050827146635726,0.0056186378747126,0.0013912167469065,630,0.011500035117291753,0.14285714285714285,1500.0
586,0.3,245,300,13,1.0,300.0,0.0980187695516162,0.0095620437956203,0.0570262908498661,0.0043709829212139,0.0056186378747126,0.001340579851385,630,0.009730639730639732,0.09090909090909091,288.0
586,0.5,408,440,13,1.75,251.42857142857144,0.0980187695516162,0.0083704616551331,0.0570262908498661,0.0038975819969342,0.0056186378747126,0.0013005523120981,630,0.03036050156739812,0.2,300.0
587,0.1,88,131,13,1.0,131.0,0.0980187695516162,0.0119319583854045,0.0492079830055308,0.0051400265377815,0.0056186378747126,0.001291769116025,638,0.00846404157669522,0.041666666666666664,531.0
587,0.2,176,235,13,1.0,235.0,0.0980187695516162,0.010143544916025,0.0570262908498661,0.0047763114987232,0.0056186378747126,0.0013178410557338,638,0.006020066889632107,0.07692307692307693,189.0
587,0.3,264,316,13,1.0,316.0,0.0980187695516162,0.0088963978828156,0.0570262908498661,0.0040805850810395,0.0056186378747126,0.0012691683057218,638,0.00830564784053156,0.07142857142857142,480.0
587,0.5,440,454,13,1.75,259.42857142857144,0.0980187695516162,0.0082616345036358,0.0570262908498661,0.0036935456295776,0.0056186378747126,0.0012655197993137,638,0.01270658263305322,0.08333333333333333,532.0
588,0.1,86,125,12,1.0,125.0,0.0980187695516162,0.0115036496350364,0.0570262908498661,0.0052688631574844,0.0045513414488271,0.0013841170638952,626,0.01658629086165318,0.13043478260869565,1482.0
588,0.2,171,233,13,1.0,233.0,0.0980187695516162,0.0103782999995524,0.0570262908498661,0.0047707564960159,0.0056186378747126,0.0013566080923295,626,0.02244501758949513,0.13793103448275862,2280.0
588,0.3,256,315,13,1.0,315.0,0.0980187695516162,0.0098250492411075,0.0570262908498661,0.004496255085032,0.0056186378747126,0.0013298160622528,626,0.008985049958680791,0.06896551724137931,520.0
588,0.5,426,437,13,1.666667,262.1999475600105,0.0980187695516162,0.0088049384012235,0.0570262908498661,0.0039579148279318,0.0058095370925524,0.001307535884013,626,0.007907925407925408,0.08333333333333333,702.0
589,0.1,83,129,13,1.0,129.0,0.0980187695516162,0.0120280330770909,0.0570262908498661,0.0054181677103037,0.0052421649220672,0.0012882608340805,617,0.01787059751642004,0.1,700.0
589,0.2,166,225,13,1.0,225.0,0.0980187695516162,0.0098250492411075,0.0570262908498661,0.0041749701033566,0.0052421649220672,0.0011444236600647,617,0.015946334089191234,0.18518518518518517,720.0
589,0.3,248,304,13,1.0,304.0,0.0980187695516162,0.0091755392129959,0.0570262908498661,0.003987166986326,0.0056186378747126,0.0012065249611075,617,0.00826063744880973,0.07317073170731707,1120.0
589,0.5,413,422,13,1.5,281.3333333333333,0.0980187695516162,0.0083865005510281,0.0570262908498661,0.0037165301426546,0.0056186378747126,0.001233921715627,617,0.020965608465608465,0.25,360.0
590,0.1,85,127,12,1.0,127.0,0.0980187695516162,0.0111254341382509,0.0464749058416465,0.0045646861349238,0.0039956275909326,0.0012175955352113,648,0.00651716625347457,0.058823529411764705,768.0
590,0.2,169,229,12,1.0,229.0,0.0980187695516162,0.0100404806680903,0.0492079830055308,0.0042204846936827,0.0045513414488271,0.0012201775446018,648,0.014169375461219647,0.06666666666666667,672.0
590,0.3,253,324,13,1.0,324.0,0.0980187695516162,0.0091755815600097,0.0570262908498661,0.0039972314799921,0.0056186378747126,0.0012164472118968,648,0.0028846153846153848,0.038461538461538464,680.0
590,0.5,421,451,13,1.5,300.6666666666667,0.0980187695516162,0.0083073415813312,0.0570262908498661,0.0035966365665069,0.0056186378747126,0.0012273403526175,648,0.015079365079365078,0.12962962962962962,840.0
591,0.1,81,127,13,1.0,127.0,0.0980187695516162,0.0114867028482753,0.0464749058416465,0.0049591058483706,0.0058095370925524,0.001392590476647,610,0.018075396825396824,0.125,520.0
591,0.2,162,222,13,1.0,222.0,0.0980187695516162,0.0105872295653317,0.0464749058416465,0.0045149913786353,0.0058095370925524,0.0013598684426664,610,0.007159111226695708,0.058823529411764705,1326.0
591,0.3,243,292,13,1.0,292.0,0.0980187695516162,0.0096811747396688,0.0464749058416465,0.0041976524051493,0.0058095370925524,0.0013227550674364,610,0.006466817496229261,0.058823529411764705,728.0
591,0.5,405,425,13,2.0,212.5,0.0980187695516162,0.0087664846960681,0.0570262908498661,0.0039590791253359,0.0058095370925524,0.0013028349094295,610,0.003018018018018018,0.03333333333333333,680.0
592,0.1,86,135,12,1.0,135.0,0.0980187695516162,0.0109450430618313,0.0464749058416465,0.0044224916078572,0.0044179097289399,0.0012324278964859,630,0.0035765047583735015,0.03225806451612903,780.0
592,0.2,172,236,12,1.0,236.0,0.0980187695516162,0.0099856842402926,0.0464749058416465,0.0041186854183634,0.0044179097289399,0.0012686417037447,630,0.005974025974025974,0.09090909090909091,900.0
592,0.3,258,311,13,1.0,311.0,0.0980187695516162,0.0093009532303544,0.0570262908498661,0.0038789166681601,0.0044179097289399,0.0012077364022829,630,0.012526818419675562,0.16666666666666666,1005.0
592,0.5,429,444,13,1.666667,266.3999467200107,0.0980187695516162,0.0082292929008257,0.0570262908498661,0.0034389934087275,0.0058095370925524,0.0012076641210368,630,0.001282051282051282,0.02564102564102564,280.0
593,0.1,83,115,12,1.0,115.0,0.0980187695516162,0.0120505961826177,0.0464749058416465,0.0050935400139536,0.0052421649220672,0.0012172364540777,637,0.010731502163897807,0.125,1140.0
593,0.2,166,218,12,1.0,218.0,0.0980187695516162,0.01023141460428,0.0464749058416465,0.0044997646151186,0.0056186378747126,0.0013000678052951,637,0.004025764895330112,0.043478260869565216,540.0
593,0.3,249,307,12,1.0,307.0,0.0980187695516162,0.0094221382887304,0.0492079830055308,0.0042001632734973,0.0056186378747126,0.0012420722533947,637,0.005640681003584229,0.05555555555555555,400.0
593,0.5,415,430,12,1.875,229.33333333333331,0.0980187695516162,0.0085651235540897,0.0570262908498661,0.0038412009474748,0.0058095370925524,0.0012180366217318,637,0.023823485257911486,0.16666666666666666,960.0
594,0.1,81,131,12,1.0,131.0,0.0980187695516162,0.0098146128680479,0.0464749058416465,0.0041933012308707,0.0056186378747126,0.001319972012549,656,0.03568055555555556,0.5555555555555556,741.0
594,0.2,162,229,12,1.0,229.0,0.0980187695516162,0.0095487020231226,0.0570262908498661,0.0044198334265291,0.0056186378747126,0.0013119971102191,656,0.005897435897435898,0.06666666666666667,1680.0
594,0.3,243,312,13,1.0,312.0,0.0980187695516162,0.0090739552418384,0.0570262908498661,0.0040702275961785,0.0056186378747126,0.0012940980100263,656,0.00634037015615963,0.05263157894736842,300.0
594,0.5,405,436,13,1.5,290.6666666666667,0.0980187695516162,0.0080167605782016,0.0570262908498661,0.0034633934090267,0.0056186378747126,0.0012062832338922,656,0.00567134478424801,0.045454545454545456,280.0
595,0.1,83,124,12,1.0,124.0,0.0761209593326381,0.011823472030677,0.0570262908498661,0.0050553867345069,0.0056186378747126,0.0012320374883863,615,0.009375069375069375,0.05555555555555555,1062.0
595,0.2,165,222,13,1.0,222.0,0.0980187695516162,0.0105872295653317,0.0570262908498661,0.0046127084154295,0.0056186378747126,0.0012485087129022,615,0.01049439775910364,0.047619047619047616,720.0
595,0.3,247,304,13,1.0,304.0,0.0980187695516162,0.0091961198616979,0.0570262908498661,0.0039930054026868,0.0056186378747126,0.0012426893001671,615,0.008537191320210188,0.05555555555555555,700.0
595,0.5,411,422,13,1.5,281.3333333333333,0.0980187695516162,0.008327197070408,0.0570262908498661,0.0035752815210832,0.0056186378747126,0.0012250388968564,615,0.0076609848484848475,0.05,504.0
596,0.1,82,124,13,1.0,124.0,0.0980187695516162,0.0118066534360388,0.0464749058416465,0.0048210899978041,0.0040871733233292,0.0012588672692518,632,0.009091206276560968,0.06666666666666667,700.0
596,0.2,163,227,13,1.0,227.0,0.0980187695516162,0.0099681661789767,0.0570262908498661,0.0044536894307084,0.0058095370925524,0.0013444440568742,632,0.03592327213016868,0.5,483.0
596,0.3,245,307,13,1.0,307.0,0.0980187695516162,0.0090179441804539,0.0570262908498661,0.0038814780807497,0.0058095370925524,0.0012512365411748,632,0.017967631783421256,0.09090909090909091,216.0
596,0.5,407,439,13,1.5,292.6666666666667,0.0980187695516162,0.0084014052223153,0.0570262908498661,0.0036671978539727,0.0058095370925524,0.0012485071567365,632,0.010575963718820861,0.08,400.0
597,0.1,85,124,12,1.0,124.0,0.0980187695516162,0.011966430085102,0.0570262908498661,0.0052272922186291,0.0039254903849993,0.0012040352537694,639,0.009923495085768078,0.07894736842105263,640.0
597,0.2,170,224,13,1.0,224.0,0.0980187695516162,0.0101156338447787,0.0570262908498661,0.0044669358863517,0.0039956275909326,0.0012830301570845,639,0.023587301587301584,0.2222222222222222,413.0
597,0.3,254,307,13,1.0,307.0,0.0980187695516162,0.0090485134827605,0.0570262908498661,0.0039839711090488,0.0056186378747126,0.0012132628406426,639,0.008120578608383486,0.05714285714285714,1482.0
597,0.5,423,441,13,1.5,294.0,0.0980187695516162,0.008285274485185,0.0570262908498661,0.003700815302515,0.0058095370925524,0.0012399423926559,639,0.003943452380952381,0.047619047619047616,500.0
598,0.1,84,130,13,1.0,130.0,0.0656934306569343,0.0114863238950829,0.0570262908498661,0.0052817843012297,0.0056186378747126,0.0013881532264782,629,0.014719363969363969,0.15384615384615385,507.0
598,0.2,168,228,13,1.0,228.0,0.0980187695516162,0.0104275286757038,0.0570262908498661,0.0049347551008363,0.0056186378747126,0.0014603125622806,629,0.016708545078110294,0.08333333333333333,400.0
598,0.3,252,314,13,1.0,314.0,0.0980187695516162,0.0093914175461434,0.0570262908498661,0.0043533770914504,0.0056186378747126,0.0013540059561737,629,0.0045,0.05,392.0
598,0.5,420,447,13,2.0,223.5,0.0980187695516162,0.0083046984531332,0.0570262908498661,0.0037875414342808,0.0056186378747126,0.0012777718936658,629,0.014405312996862294,0.07692307692307693,536.0
599,0.1,85,125,13,1.0,125.0,0.0980187695516162,0.0118706986444212,0.0570262908498661,0.0052782816015712,0.0056186378747126,0.0013316445279953,639,0.014821743846858554,0.1111111111111111,600.0
599,0.2,170,234,13,1.0,234.0,0.0980187695516162,0.0100844005953494,0.0570262908498661,0.0043115026393066,0.0056186378747126,0.0012360259841908,639,0.011402267652267654,0.16216216216216217,700.0
599,0.3,255,307,13,1.0,307.0,0.0980187695516162,0.0089568055758406,0.0570262908498661,0.0038391097866785,0.0056186378747126,0.0011988197334684,639,0.004446640316205534,0.045454545454545456,560.0
599,0.5,424,452,13,1.5,301.3333333333333,0.0980187695516162,0.0082243671966557,0.0570262908498661,0.0035612225846966,0.0056186378747126,0.0012457691944542,639,0.012924902801649697,0.08333333333333333,1300.0
600,0.1,91,143,13,1.0,143.0,0.0980187695516162,0.0108067115366384,0.0570262908498661,0.0048040126723351,0.0045513414488271,0.0012471908684755,636,0.0063538611925708696,0.0967741935483871,360.0
600,0.2,181,240,13,1.0,240.0,0.0980187695516162,0.0105839416058393,0.0570262908498661,0.0048229779691806,0.0056186378747126,0.0013451381265022,636,0.015203953801852032,0.09090909090909091,2000.0
600,0.3,272,318,13,1.0,318.0,0.0980187695516162,0.0097126855149165,0.0570262908498661,0.0043810304724544,0.0056186378747126,0.0013166234027009,636,0.006588391324699641,0.058823529411764705,800.0
600,0.5,453,439,13,1.5,292.6666666666667,0.0980187695516162,0.0086246826017039,0.0570262908498661,0.0038432496829136,0.0058095370925524,0.0012776758691523,636,0.00702225995095265,0.05555555555555555,350.0
601,0.1,83,121,13,1.0,121.0,0.0980187695516162,0.0124010031110229,0.0464749058416465,0.0056277226828549,0.0056186378747126,0.0013858493602646,632,0.030284676876654905,0.175,1026.0
601,0.2,166,209,13,1.0,209.0,0.0980187695516162,0.0107268835659154,0.0570262908498661,0.0049610965997217,0.0058095370925524,0.0013884702390393,632,0.008506651695240477,0.05555555555555555,1240.0
601,0.3,248,295,13,1.0,295.0,0.0980187695516162,0.0092186423004188,0.0570262908498661,0.0042774857058961,0.0058095370925524,0.0013136401829913,632,0.018985042735042736,0.125,4000.0
601,0.5,413,424,13,1.5,282.6666666666667,0.0980187695516162,0.0083912093965805,0.0570262908498661,0.003717792758806,0.0058095370925524,0.0012326365045165,632,0.019387158094054648,0.08333333333333333,600.0
602,0.1,84,131,13,1.0,131.0,0.0761209593326381,0.0119160384942966,0.0570262908498661,0.0052495106633874,0.0058095370925524,0.0014187231063714,619,0.009663053627248,0.058823529411764705,570.0
602,0.2,167,230,13,1.0,230.0,0.0980187695516162,0.0108038264496531,0.0570262908498661,0.0048971768786914,0.0058095370925524,0.0013647251840152,619,0.016112954575489263,0.09523809523809523,840.0
602,0.3,250,313,13,1.0,313.0,0.0980187695516162,0.0096646200281842,0.0570262908498661,0.0041438597075588,0.0058095370925524,0.0012519279390795,619,0.033024691358024695,0.5,1206.0
602,0.5,417,433,13,1.5,288.6666666666667,0.0980187695516162,0.0086815798789635,0.0570262908498661,0.0038582521633246,0.0058095370925524,0.0012372661782466,619,0.004003370407819346,0.043478260869565216,1300.0
603,0.1,84,127,13,1.0,127.0,0.0980187695516162,0.0119629206933074,0.0570262908498661,0.0054669078214428,0.0058095370925524,0.0013450978504752,629,0.0038688282977155488,0.043478260869565216,945.0
603,0.2,167,228,13,1.0,228.0,0.0980187695516162,0.0098329766020891,0.0570262908498661,0.0045452057119664,0.0058095370925524,0.0013128107840442,629,0.006923076923076923,0.1,315.0
603,0.3,250,308,13,1.0,308.0,0.0980187695516162,0.0092391966740245,0.0570262908498661,0.0042980679188017,0.0058095370925524,0.0012880308749375,629,0.014649307009787954,0.13793103448275862,286.0
603,0.5,417,433,13,1.666667,259.7999480400104,0.0980187695516162,0.0085298629490399,0.0570262908498661,0.0038139472403279,0.0058095370925524,0.0012693986098812,629,0.015627017281764695,0.0967741935483871,600.0
604,0.1,80,122,13,1.0,122.0,0.0980187695516162,0.0116668661002751,0.0464749058416465,0.0046859073596921,0.0052421649220672,0.001183003475462,624,0.023582456399798668,0.13043478260869565,504.0
604,0.2,160,226,13,1.0,226.0,0.0980187695516162,0.0104967379368257,0.0570262908498661,0.0046944353614318,0.0058095370925524,0.0013167212252734,624,0.009705751360200299,0.08571428571428572,1428.0
604,0.3,240,307,13,1.0,307.0,0.0980187695516162,0.0093236372035201,0.0570262908498661,0.0040790555570719,0.0058095370925524,0.001254246597121,624,0.004945054945054945,0.05128205128205128,644.0
604,0.5,400,413,13,1.857143,222.38459827810783,0.0980187695516162,0.0088899100404729,0.0570262908498661,0.0039753763557722,0.0058095370925524,0.0012885813465382,624,0.015014109162726674,0.09523809523809523,620.0
605,0.1,84,127,12,1.0,127.0,0.0761209593326381,0.0114045963232697,0.0570262908498661,0.0050586230202565,0.0056186378747126,0.0013683191131906,624,0.015490301231792677,0.16666666666666666,975.0
605,0.2,168,220,12,1.0,220.0,0.0980187695516162,0.0103564318892785,0.0570262908498661,0.004575581856211,0.0056186378747126,0.0012934620640842,624,0.008494955020821563,0.05714285714285714,930.0
605,0.3,251,305,13,1.0,305.0,0.0980187695516162,0.0091728063727584,0.0570262908498661,0.0039851475150793,0.0056186378747126,0.0012114556230473,624,0.012570806100217866,0.058823529411764705,966.0
605,0.5,418,433,13,1.75,247.42857142857144,0.0980187695516162,0.0084118608924326,0.0570262908498661,0.0037744349389489,0.0056186378747126,0.0012524598980217,624,0.002819672131147541,0.04,600.0
606,0.1,84,126,12,1.0,126.0,0.0980187695516162,0.0136385454425078,0.0570262908498661,0.0062633521782736,0.0052421649220672,0.0014402322954287,627,0.03906862835447227,0.5,1600.0
606,0.2,168,218,13,1.0,218.0,0.0980187695516162,0.0102696807645578,0.0570262908498661,0.0044714044523012,0.0052421649220672,0.0012937704334877,627,0.006305585894835389,0.07692307692307693,1100.0
606,0.3,252,301,13,1.0,301.0,0.0980187695516162,0.0095787763416348,0.0570262908498661,0.0042114639170966,0.0056186378747126,0.0012942370832323,627,0.005506993006993007,0.045454545454545456,682.0
606,0.5,419,434,13,1.5,289.3333333333333,0.0980187695516162,0.0086087177983978,0.0570262908498661,0.003877939970335,0.0058095370925524,0.0012808918872086,627,0.014449786324786324,0.1111111111111111,525.0
607,0.1,88,131,13,1.0,131.0,0.0980187695516162,0.0103001695468402,0.0464749058416465,0.0043236031005219,0.0058095370925524,0.0012211196152233,637,0.007131590719826014,0.047619047619047616,720.0
607,0.2,175,235,13,1.0,235.0,0.0980187695516162,0.0096332615978523,0.0570262908498661,0.004373072470589,0.0058095370925524,0.0012706086072222,637,0.02708051801801802,0.125,360.0
607,0.3,262,324,13,1.0,324.0,0.0980187695516162,0.0094073044194698,0.0570262908498661,0.0041206587080073,0.0058095370925524,0.001235474468205,637,0.004922214897824654,0.05405405405405406,737.0
607,0.5,437,441,13,1.5,294.0,0.0980187695516162,0.0083396584215889,0.0570262908498661,0.0036874649553924,0.0058095370925524,0.0012052110445529,637,0.006711613038465569,0.06,780.0
608,0.1,81,124,12,1.0,124.0,0.0980187695516162,0.0128494063036092,0.0464749058416465,0.0054483181571472,0.0056186378747126,0.0013547780250714,627,0.00832446131257145,0.05,1008.0
608,0.2,162,218,13,1.0,218.0,0.0980187695516162,0.0106284260171623,0.0464749058416465,0.004443254296116,0.0056186378747126,0.0012913002823758,627,0.013939035229476407,0.05128205128205128,912.0
608,0.3,243,291,13,1.0,291.0,0.0980187695516162,0.0099437773453876,0.0570262908498661,0.0043112895102034,0.0058095370925524,0.0013044121478802,627,0.010027175527175528,0.047619047619047616,600.0
608,0.5,405,426,13,1.5,284.0,0.0980187695516162,0.008694502783122,0.0570262908498661,0.0038186361771628,0.0058095370925524,0.0012499681200271,627,0.009401709401709401,0.1111111111111111,600.0
609,0.1,86,139,13,1.0,139.0,0.0761209593326381,0.0118903834179788,0.0570262908498661,0.0049143755874333,0.0048729601732022,0.0013140242429973,652,0.024132113293498153,0.11235955056179775,2262.0
609,0.2,172,238,13,1.0,238.0,0.0980187695516162,0.0101427432286782,0.0570262908498661,0.0042406501194682,0.0048729601732022,0.0012584726946442,652,0.015810276679841896,0.25,858.0
609,0.3,258,334,13,1.0,334.0,0.0980187695516162,0.0089757918989965,0.0570262908498661,0.0039025852136571,0.0058095370925524,0.0012283901970423,652,0.0031382575757575764,0.03125,1440.0
609,0.5,430,468,13,1.666667,280.7999438400112,0.0980187695516162,0.0083509353582345,0.0570262908498661,0.0038084044846715,0.0058095370925524,0.0012729161234451,652,0.006364289446185997,0.0625,1273.0
610,0.1,81,127,13,1.0,127.0,0.0980187695516162,0.0109119571732365,0.0464749058416465,0.0046215666252473,0.0044179097289399,0.0013164900430444,608,0.007453355611250348,0.08571428571428572,600.0
610,0.2,162,219,13,1.0,219.0,0.0980187695516162,0.010013284385847,0.0464749058416465,0.0042342203195473,0.0044179097289399,0.0012781321738217,608,0.014130094043887148,0.1,700.0
610,0.3,243,296,13,1.0,296.0,0.0980187695516162,0.009307273905814,0.0464749058416465,0.0040342771630638,0.0056186378747126,0.0012854645055991,608,0.022905078550048495,0.14285714285714285,1400.0
610,0.5,405,421,13,1.5,280.6666666666667,0.0980187695516162,0.0085302633632123,0.0570262908498661,0.0038776449495804,0.0058095370925524,0.001298173076596,608,0.006666666666666666,0.08333333333333333,1139.0
611,0.1,84,131,13,1.0,131.0,0.0980187695516162,0.0115419210532599,0.0464749058416465,0.0048471846263867,0.0039956275909326,0.0013017566043157,620,0.024707778145278143,0.15625,1368.0
611,0.2,168,211,13,1.0,211.0,0.0980187695516162,0.0105016580264789,0.0464749058416465,0.0046315067137456,0.0056186378747126,0.0013744432452254,620,0.046002065168464404,0.625,1014.0
611,0.3,252,294,13,1.0,294.0,0.0980187695516162,0.009774921438857,0.0570262908498661,0.0042993736361711,0.0056186378747126,0.0013067001383947,620,0.010650807525807526,0.07692307692307693,1254.0
611,0.5,419,441,13,1.5,294.0,0.0980187695516162,0.0085548296482304,0.0570262908498661,0.003833542471913,0.0058095370925524,0.0012724205567027,620,0.01779680896702173,0.1,546.0
612,0.1,85,130,13,1.0,130.0,0.0980187695516162,0.0116467474131707,0.0570262908498661,0.0050513043408279,0.0039254903849993,0.0012625351550698,633,0.030059514371730295,0.25,780.0
612,0.2,170,231,13,1.0,231.0,0.0980187695516162,0.0106351764328823,0.0570262908498661,0.0046527125277133,0.0052421649220672,0.0013210898708368,633,0.008160522273425497,0.08333333333333333,342.0
612,0.3,254,305,13,1.0,305.0,0.0980187695516162,0.0098360655737704,0.0570262908498661,0.0044082689264299,0.0056186378747126,0.0012863387531774,633,0.00654562828475872,0.08695652173913043,1040.0
612,0.5,423,435,13,1.666667,260.99994780001043,0.0980187695516162,0.0087974782160535,0.0570262908498661,0.003931370210183,0.0058095370925524,0.0012790614061501,633,0.010352167182662539,0.125,368.0
613,0.1,85,134,13,1.0,134.0,0.0980187695516162,0.0107387981884113,0.0492079830055308,0.0049688399085805,0.0045513414488271,0.0013372985678618,627,0.008143939393939394,0.09090909090909091,713.0
613,0.2,170,236,13,1.0,236.0,0.0980187695516162,0.0103700888991003,0.0570262908498661,0.0046402758268402,0.0045513414488271,0.0013085974067512,627,0.014294561442929602,0.06382978723404255,950.0
613,0.3,254,317,13,1.0,317.0,0.0980187695516162,0.0095656950753775,0.0570262908498661,0.0042477303358043,0.0056186378747126,0.0012828912087719,627,0.015467889019986811,0.09523809523809523,2950.0
613,0.5,423,441,13,1.5,294.0,0.0980187695516162,0.0086706910779605,0.0570262908498661,0.0038434896354453,0.0058095370925524,0.001282973514511,627,0.002173913043478261,0.043478260869565216,306.0
614,0.1,84,126,13,1.0,126.0,0.0980187695516162,0.0100716685701043,0.0570262908498661,0.0045913618428095,0.0058095370925524,0.0013281848570699,622,0.021193811576354683,0.2,1995.0
614,0.2,167,222,13,1.0,222.0,0.0980187695516162,0.0094129583180677,0.0570262908498661,0.0041135527678457,0.0058095370925524,0.0012314731702843,622,0.00599537037037037,0.07407407407407407,544.0
614,0.3,250,300,13,1.0,300.0,0.0980187695516162,0.0088807785888077,0.0570262908498661,0.0039430862274869,0.0058095370925524,0.0012439076876181,622,0.03491146205445741,0.3,756.0
614,0.5,417,427,13,1.5,284.6666666666667,0.0980187695516162,0.0082174786870593,0.0570262908498661,0.0035802359473088,0.0058095370925524,0.001233001786712,622,0.003943452380952381,0.047619047619047616,280.0
615,0.1,81,113,12,1.0,113.0,0.0980187695516162,0.01088892374985,0.0464749058416465,0.0042512480867345,0.0039254903849993,0.0011471077523392,630,0.006445119734039789,0.04838709677419355,1014.0
615,0.2,161,224,12,1.0,224.0,0.0980187695516162,0.0096966706390585,0.0570262908498661,0.0044521652865908,0.0058095370925524,0.0013004696415687,630,0.02410689423511434,0.14285714285714285,680.0
615,0.3,242,307,13,1.0,307.0,0.0980187695516162,0.009075686195922,0.0570262908498661,0.0041649967837724,0.0058095370925524,0.001269932562688,630,0.0007142857142857143,0.014285714285714285,400.0
615,0.5,403,435,13,1.5,290.0,0.0980187695516162,0.0085433821149904,0.0570262908498661,0.0039068073414113,0.0058095370925524,0.0012946629070972,630,0.01460245956662356,0.1111111111111111,500.0
616,0.1,85,136,13,1.0,136.0,0.0980187695516162,0.0113629393363184,0.0464749058416465,0.0048068664792895,0.0052421649220672,0.0013903712686583,626,0.006392227993146283,0.047619047619047616,1216.0
616,0.2,169,233,13,1.0,233.0,0.0980187695516162,0.0100739772742529,0.0570262908498661,0.0045622101982371,0.0052421649220672,0.0013690268466798,626,0.013786759774663,0.07692307692307693,432.0
616,0.3,253,320,13,1.0,320.0,0.0980187695516162,0.0098540145985401,0.0570262908498661,0.0044531787438335,0.0056186378747126,0.001368335858607,626,0.013666354926725683,0.16666666666666666,1700.0
616,0.5,421,433,13,1.666667,259.7999480400104,0.0980187695516162,0.0086117419270939,0.0570262908498661,0.0038210359718287,0.0056186378747126,0.0013024736717692,626,0.008869736419157826,0.07142857142857142,3120.0
617,0.1,87,126,13,1.0,126.0,0.0980187695516162,0.0112799377658605,0.0464749058416465,0.0046420959026232,0.0039956275909326,0.001290789080599,624,0.002601330913490623,0.034482758620689655,551.0
617,0.2,173,218,13,1.0,218.0,0.0980187695516162,0.0100018176426131,0.0570262908498661,0.0045945526451503,0.0052421649220672,0.001329005227797,624,0.04370119242459668,0.7142857142857143,527.0
617,0.3,260,296,13,1.0,296.0,0.0980187695516162,0.0093389792294901,0.0570262908498661,0.0041754680067797,0.0056186378747126,0.0012659236332138,624,0.01086041272016527,0.047619047619047616,828.0
617,0.5,433,441,13,1.6,275.625,0.0980187695516162,0.0086399523312974,0.0570262908498661,0.0038382307540784,0.0056186378747126,0.0012711750749551,624,0.01174886580021287,0.06818181818181818,920.0
618,0.1,88,125,13,1.0,125.0,0.0980187695516162,0.011912408759124,0.0464749058416465,0.0051296949936013,0.0056186378747126,0.0013106813827219,651,0.015979450994643193,0.07142857142857142,920.0
618,0.2,175,236,13,1.0,236.0,0.0980187695516162,0.0099105706862727,0.0464749058416465,0.004268801425846,0.0056186378747126,0.0013210292006963,651,0.011226166956414495,0.14285714285714285,1092.0
618,0.3,263,321,13,1.0,321.0,0.0980187695516162,0.0088065514765834,0.0464749058416465,0.0038499069820448,0.0056186378747126,0.0012898560788444,651,0.006670037074486013,0.06666666666666667,760.0
618,0.5,437,446,13,1.5,297.3333333333333,0.0980187695516162,0.0081807001875084,0.0570262908498661,0.0036393418441283,0.0056186378747126,0.0012378632664433,651,0.012149046355942907,0.14285714285714285,279.0
619,0.1,82,124,13,1.0,124.0,0.0980187695516162,0.0104023007837464,0.0464749058416465,0.0045724512340246,0.0040871733233292,0.0012929475133967,625,0.002797202797202797,0.030303030303030304,780.0
619,0.2,164,218,13,1.0,218.0,0.0980187695516162,0.009164745386536,0.0570262908498661,0.0040512343673096,0.0040871733233292,0.0012210607610642,625,0.002541827541827542,0.02702702702702703,663.0
619,0.3,246,300,13,1.0,300.0,0.0980187695516162,0.0087347931873478,0.0570262908498661,0.0039897312495993,0.0056186378747126,0.0012241471025639,625,0.01606382978723404,0.16666666666666666,320.0
619,0.5,409,434,13,1.5,289.3333333333333,0.0980187695516162,0.0086135231111516,0.0570262908498661,0.0038353980336208,0.0056186378747126,0.0012380389097115,625,0.0015151515151515152,0.030303030303030304,176.0
620,0.1,85,132,13,1.0,132.0,0.0980187695516162,0.0107672133219578,0.0492079830055308,0.004737181064727,0.0052421649220672,0.0012824160541192,618,0.01508965120245608,0.2,980.0
620,0.2,169,219,13,1.0,219.0,0.0980187695516162,0.0100704215292756,0.0570262908498661,0.0044882048380647,0.0052421649220672,0.0012583754304671,618,0.01770628078817734,0.14285714285714285,500.0
620,0.3,253,300,13,1.0,300.0,0.0980187695516162,0.0091275634341327,0.0570262908498661,0.0041169903519715,0.0052421649220672,0.0012532073227019,618,0.012552213868003342,0.14285714285714285,804.0
620,0.5,422,420,13,1.5,280.0,0.0980187695516162,0.0085778837082277,0.0570262908498661,0.0038372812166903,0.0056186378747126,0.0012610502783741,618,0.03236614805073223,0.27586206896551724,640.0
621,0.1,83,134,13,1.0,134.0,0.0980187695516162,0.0121784196846839,0.0464749058416465,0.0049057327723244,0.0052421649220672,0.0012935833485292,625,0.01661890781709799,0.06451612903225806,720.0
621,0.2,166,227,13,1.0,227.0,0.0980187695516162,0.0103724051760965,0.0464749058416465,0.0042742297310559,0.0052421649220672,0.0012585026496217,625,0.0045,0.05,680.0
621,0.3,249,306,13,1.0,306.0,0.0980187695516162,0.0093506989170363,0.0570262908498661,0.0038970430984214,0.0052421649220672,0.0012199172661397,625,0.024186678683603427,0.125,1092.0
621,0.5,415,441,13,1.5,294.0,0.0980187695516162,0.0084886231169561,0.0570262908498661,0.0036995135253631,0.0056186378747126,0.001263962108508,625,0.0017647058823529412,0.03529411764705882,780.0
622,0.1,88,127,13,1.0,127.0,0.0980187695516162,0.0121681870058213,0.0464749058416465,0.0051665933677598,0.0056186378747126,0.0013019747534938,652,0.015377923228532986,0.1111111111111111,900.0
622,0.2,176,233,13,1.0,233.0,0.0980187695516162,0.010051600603275,0.0464749058416465,0.0042281348264861,0.0056186378747126,0.0012655183774168,652,0.01202225995095265,0.07142857142857142,600.0
622,0.3,264,328,13,1.0,328.0,0.0980187695516162,0.0091336249650295,0.0570262908498661,0.0039278102996053,0.0056186378747126,0.0012200286796067,652,0.014065934065934066,0.1,345.0
622,0.5,439,464,13,1.375,337.45454545454544,0.0980187695516162,0.0083015713207003,0.0570262908498661,0.003626728356107,0.0058095370925524,0.0012096916485301,652,0.018846153846153846,0.16666666666666666,400.0
623,0.1,86,126,12,1.0,126.0,0.0980187695516162,0.01186752073092,0.0464749058416465,0.005470165003943,0.0056186378747126,0.0013544168938359,643,0.06956890331890331,1.0,1300.0
623,0.2,172,226,13,1.0,226.0,0.0980187695516162,0.0098231011285723,0.0464749058416465,0.0042273889769377,0.0056186378747126,0.0012904649754484,643,0.006806669870965357,0.058823529411764705,560.0
623,0.3,258,312,13,1.0,312.0,0.0980187695516162,0.008886794470736,0.0570262908498661,0.003881348152108,0.0056186378747126,0.0012205761227374,643,0.012803030303030302,0.1111111111111111,350.0
623,0.5,430,449,13,1.5,299.3333333333333,0.0980187695516162,0.0084070498454449,0.0570262908498661,0.0037296308740533,0.0058095370925524,0.0012486514288924,643,0.007222222222222223,0.1,496.0
624,0.1,84,128,13,1.0,128.0,0.0761209593326381,0.0107208029197079,0.0293591471972982,0.0044821077316637,0.0056186378747126,0.0012461745884072,628,0.046370920745920745,0.6666666666666666,531.0
624,0.2,167,219,13,1.0,219.0,0.0980187695516162,0.0104989501049894,0.0464749058416465,0.0044473721841101,0.0056186378747126,0.0013107562292563,628,0.005277483209614704,0.06666666666666667,1144.0
624,0.3,250,299,13,1.0,299.0,0.0980187695516162,0.0093603635336418,0.0570262908498661,0.0041573201598882,0.0056186378747126,0.0012369868170842,628,0.0058439647867432444,0.041666666666666664,435.0
624,0.5,416,432,13,1.375,314.1818181818182,0.0980187695516162,0.0084699532692232,0.0570262908498661,0.003741808935838,0.0058095370925524,0.0012448988167344,628,0.009003126954346467,0.05128205128205128,676.0
625,0.1,85,131,13,1.0,131.0,0.0980187695516162,0.0110484044289136,0.0492079830055308,0.0047848318422277,0.0045513414488271,0.0012752721028396,628,0.011612903225806452,0.2,414.0
625,0.2,170,233,13,1.0,233.0,0.0980187695516162,0.0093982018107201,0.0492079830055308,0.0039491262579303,0.0045513414488271,0.0012167750412959,628,0.010493077072135103,0.07142857142857142,840.0
625,0.3,255,324,13,1.0,324.0,0.0980187695516162,0.0085962744113595,0.0570262908498661,0.0038454546560193,0.0045513414488271,0.0012199397157299,628,0.0095,0.08333333333333333,540.0
625,0.5,425,447,13,1.666667,268.1999463600108,0.0980187695516162,0.0083793474279928,0.0570262908498661,0.0036841677806741,0.0056186378747126,0.0012310902147766,628,0.011170055097353743,0.06521739130434782,2600.0
626,0.1,87,138,13,1.0,138.0,0.0980187695516162,0.0095661241329282,0.0464749058416465,0.0037579404570481,0.0044179097289399,0.0012021617472293,621,0.0038757559098405716,0.058823529411764705,900.0
626,0.2,173,237,13,1.0,237.0,0.0980187695516162,0.0093363779957145,0.0570262908498661,0.0042033047657589,0.0052421649220672,0.0012471750099446,621,0.023252029566767418,0.13043478260869565,512.0
626,0.3,259,321,13,1.0,321.0,0.0980187695516162,0.0092288501456929,0.0570262908498661,0.0041262495012073,0.0052421649220672,0.0012634551768833,621,0.014390804597701149,0.16666666666666666,2000.0
626,0.5,431,438,13,1.5,292.0,0.0980187695516162,0.0083729722265868,0.0570262908498661,0.0037327559600758,0.0056186378747126,0.0012453407241513,621,0.043426700839810595,0.3333333333333333,469.0
627,0.1,85,125,12,1.0,125.0,0.0980187695516162,0.0117122002085505,0.0464749058416465,0.0047546702985079,0.0056186378747126,0.0013098702161234,638,0.008405908453972658,0.06896551724137931,1888.0
627,0.2,170,222,12,1.0,222.0,0.0980187695516162,0.0101691890013057,0.0464749058416465,0.0042256912830998,0.0056186378747126,0.0012837208871808,638,0.012808190689489681,0.08,432.0
627,0.3,255,305,12,1.0,305.0,0.0980187695516162,0.0089847689704097,0.0464749058416465,0.0037729278029322,0.0056186378747126,0.0012609197020507,638,0.006110987873410234,0.043478260869565216,880.0
627,0.5,424,447,13,1.333333,335.2500838125209,0.0980187695516162,0.0084586619637812,0.0570262908498661,0.0038190999296382,0.0058095370925524,0.0012734552456586,638,0.002173913043478261,0.043478260869565216,236.0
628,0.1,80,127,13,1.0,127.0,0.0980187695516162,0.0113963856707692,0.0570262908498661,0.0055660277811598,0.0052421649220672,0.0013564576648218,622,0.010154678567460128,0.07142857142857142,1800.0
628,0.2,160,222,13,1.0,222.0,0.0980187695516162,0.0109958759593795,0.0570262908498661,0.005187449223016,0.0056186378747126,0.0014171682992989,622,0.010620573817677708,0.0625,800.0
628,0.3,240,292,13,1.0,292.0,0.0980187695516162,0.0098561572414186,0.0570262908498661,0.0044704083667403,0.0056186378747126,0.001329557924959,622,0.006468531468531468,0.09090909090909091,480.0
628,0.5,399,414,13,1.5,276.0,0.0980187695516162,0.008717313223819,0.0570262908498661,0.0039085792040126,0.0056186378747126,0.001280179800175,622,0.0029411764705882353,0.058823529411764705,800.0
629,0.1,85,128,13,1.0,128.0,0.0980187695516162,0.0108185610010427,0.0492079830055308,0.0044451768902111,0.0045513414488271,0.0012872131212663,626,0.024816870168373927,0.08,1000.0
629,0.2,170,230,13,1.0,230.0,0.0980187695516162,0.0100466971936346,0.0570262908498661,0.0044184925312923,0.0045513414488271,0.0012865352039725,626,0.052824194080773025,0.625,1100.0
629,0.3,255,318,13,1.0,318.0,0.0980187695516162,0.0092700074107593,0.0570262908498661,0.0041732136246683,0.0056186378747126,0.0012909085134826,626,0.015872863515744164,0.11320754716981132,780.0
629,0.5,425,428,13,2.0,214.0,0.0980187695516162,0.0084321674641614,0.0570262908498661,0.0037714291853438,0.0056186378747126,0.0012548658346863,626,0.015883142198931673,0.09259259259259259,798.0
630,0.1,87,126,13,1.0,126.0,0.0980187695516162,0.0114040750119998,0.0570262908498661,0.005207102358957,0.0058095370925524,0.0013314924946593,630,0.019152588746170294,0.1,1800.0
630,0.2,174,225,13,1.0,225.0,0.0980187695516162,0.0103950874753794,0.0570262908498661,0.0046870981369526,0.0058095370925524,0.0013490375891687,630,0.008952702702702703,0.07142857142857142,714.0
630,0.3,260,302,13,1.0,302.0,0.0980187695516162,0.0094952661782071,0.0570262908498661,0.0042965016815429,0.0058095370925524,0.0012814464422776,630,0.008989898989898989,0.09090909090909091,558.0
630,0.5,433,444,13,1.5,296.0,0.0980187695516162,0.008471192777762,0.0570262908498661,0.0037785234231115,0.0058095370925524,0.0012545778734046,630,0.008253968253968253,0.08333333333333333,456.0
631,0.1,83,123,12,1.0,123.0,0.0980187695516162,0.0129877836838847,0.0492079830055308,0.0057744605637108,0.0052421649220672,0.0012903850392566,622,0.010974264705882354,0.06666666666666667,546.0
631,0.2,165,225,13,1.0,225.0,0.0980187695516162,0.0102606882168925,0.0492079830055308,0.0044522584129863,0.0058095370925524,0.0012762290069458,622,0.011907378335949766,0.1,800.0
631,0.3,247,303,13,1.0,303.0,0.0980187695516162,0.0096084686675132,0.0570262908498661,0.0043707616015606,0.0058095370925524,0.0013073562592731,622,0.002538461538461539,0.03076923076923077,608.0
631,0.5,411,418,13,1.555556,268.71420893879747,0.0980187695516162,0.0087785821554549,0.0570262908498661,0.0039688588915618,0.0058095370925524,0.0013024735500541,622,0.007099273275743864,0.07692307692307693,335.0
632,0.1,82,115,12,1.0,115.0,0.0980187695516162,0.0124404950809266,0.0492079830055308,0.0054833278365155,0.0045513414488271,0.0012519051661516,627,0.006947818263607737,0.05263157894736842,1116.0
632,0.2,163,211,12,1.0,211.0,0.0980187695516162,0.0096170477738955,0.0492079830055308,0.0039988924779328,0.0045513414488271,0.0011784194235723,627,0.022405538273659716,0.11538461538461539,434.0
632,0.3,245,288,13,1.0,288.0,0.0980187695516162,0.0090154675008689,0.0570262908498661,0.0040508070467749,0.0058095370925524,0.0012293034704836,627,0.015375457875457877,0.1,345.0
632,0.5,407,428,13,1.5,285.3333333333333,0.0980187695516162,0.0085052576184303,0.0570262908498661,0.0038226084998659,0.0058095370925524,0.0012783058220826,627,0.007588612368024132,0.058823529411764705,720.0
633,0.1,81,117,13,1.0,117.0,0.0980187695516162,0.0126734579289323,0.0492079830055308,0.0059369818334785,0.0056186378747126,0.0013867252597713,622,0.03572701407607068,0.625,826.0
633,0.2,162,213,13,1.0,213.0,0.0980187695516162,0.0101631687937845,0.0492079830055308,0.0044560195778114,0.0056186378747126,0.0012368328928329,622,0.01432803138560113,0.07142857142857142,403.0
633,0.3,243,303,13,1.0,303.0,0.0980187695516162,0.0095086672379437,0.0570262908498661,0.004267485182229,0.0056186378747126,0.001237268324902,622,0.005774928774928775,0.04,238.0
633,0.5,404,417,13,1.5,278.0,0.0980187695516162,0.0087071114745325,0.0570262908498661,0.0039008834501523,0.0056186378747126,0.0012572418651578,622,0.0163317526700309,0.13043478260869565,896.0
634,0.1,86,134,12,1.0,134.0,0.0980187695516162,0.0118827136476117,0.0570262908498661,0.005484478086042,0.0052421649220672,0.0014296340145069,634,0.0031280809110997786,0.02702702702702703,648.0
634,0.2,171,232,12,1.0,232.0,0.0980187695516162,0.0110927330912228,0.0570262908498661,0.0050590989089132,0.0052421649220672,0.0013749746788935,634,0.006130952380952381,0.075,780.0
634,0.3,256,312,13,1.0,312.0,0.0980187695516162,0.009742386567204,0.0570262908498661,0.0043072244251916,0.0052421649220672,0.0012726208178931,634,0.010696778711484594,0.125,702.0
634,0.5,426,425,13,1.5,283.3333333333333,0.0980187695516162,0.0085898300926209,0.0570262908498661,0.0037059260819765,0.0056186378747126,0.001220890480455,634,0.0035714285714285713,0.07142857142857142,472.0
635,0.1,83,130,12,1.0,130.0,0.0980187695516162,0.0104916980829389,0.0570262908498661,0.0047908071739824,0.0045513414488271,0.0012919778701438,621,0.02474361855726272,0.16666666666666666,650.0
635,0.2,166,224,12,1.0,224.0,0.0980187695516162,0.0096408088782958,0.0570262908498661,0.0043302672824384,0.0045513414488271,0.0012742925061271,621,0.007025965359298693,0.030303030303030304,1600.0
635,0.3,249,307,13,1.0,307.0,0.0980187695516162,0.0092387224748906,0.0570262908498661,0.0040634117813251,0.0052421649220672,0.001250495718064,621,0.008987590670030621,0.08,680.0
635,0.5,414,425,13,1.555556,273.2142076530835,0.0980187695516162,0.008575108875667,0.0570262908498661,0.0038502288369046,0.0058095370925524,0.0012709099936728,621,0.008168636882485241,0.09090909090909091,1062.0
636,0.1,83,126,13,1.0,126.0,0.0980187695516162,0.0113295926643162,0.0464749058416465,0.0044685514957628,0.0058095370925524,0.0012961539202337,606,0.014708565415774774,0.08333333333333333,1200.0
636,0.2,165,223,13,1.0,223.0,0.0980187695516162,0.0100768270386285,0.0570262908498661,0.004506869937349,0.0058095370925524,0.001308644327464,606,0.0195257858083945,0.09090909090909091,1344.0
636,0.3,248,299,13,1.0,299.0,0.0980187695516162,0.0092731768390289,0.0570262908498661,0.0042353365791991,0.0058095370925524,0.0012813892066181,606,0.006410984848484849,0.06666666666666667,513.0
636,0.5,412,424,13,1.4,302.8571428571429,0.0980187695516162,0.0085338501190311,0.0570262908498661,0.0038532158331555,0.0058095370925524,0.0012770860594399,606,0.027831102863997603,0.23076923076923078,338.0
637,0.1,84,129,13,1.0,129.0,0.0980187695516162,0.0112116141652722,0.0464749058416465,0.0044875985147831,0.0038221510689287,0.0011850240555496,637,0.010686725012906306,0.1111111111111111,1120.0
637,0.2,168,224,13,1.0,224.0,0.0980187695516162,0.0111211455385073,0.0570262908498661,0.0051721128310464,0.0056186378747126,0.0013560190867138,637,0.013203286493380834,0.09433962264150944,760.0
637,0.3,252,299,13,1.0,299.0,0.0980187695516162,0.0098904586368882,0.0570262908498661,0.0044296377049714,0.0056186378747126,0.0012850964912761,637,0.007029569892473118,0.08333333333333333,960.0
637,0.5,420,435,13,1.5,290.0,0.0980187695516162,0.0086368703031174,0.0570262908498661,0.0037785386454868,0.0058095370925524,0.0012602706380899,637,0.011343700159489633,0.09090909090909091,182.0
638,0.1,79,123,13,1.0,123.0,0.0980187695516162,0.0114448485465041,0.0464749058416465,0.0048430391381088,0.0052421649220672,0.0012916616775601,616,0.007864949137549756,0.048,3100.0
638,0.2,158,221,13,1.0,221.0,0.0980187695516162,0.0098471730073275,0.0464749058416465,0.0040078578903184,0.0052421649220672,0.0012106883358321,616,0.006407407407407408,0.08,1888.0
638,0.3,236,295,13,1.0,295.0,0.0980187695516162,0.0091373429243031,0.0570262908498661,0.0039158261580871,0.0058095370925524,0.0012208584394281,616,0.009466418136630902,0.06382978723404255,400.0
638,0.5,393,421,13,1.666667,252.5999494800101,0.0980187695516162,0.0086392446605356,0.0570262908498661,0.0038436937166585,0.0058095370925524,0.0012552310440517,616,0.002,0.04,252.0
639,0.1,83,139,13,1.0,139.0,0.0980187695516162,0.0108326269120261,0.0464749058416465,0.0045100591714715,0.0058095370925524,0.0012289796851028,631,0.030793650793650797,0.2727272727272727,396.0
639,0.2,165,229,13,1.0,229.0,0.0980187695516162,0.0099676245725395,0.0570262908498661,0.0044705017361618,0.0058095370925524,0.0012480479683156,631,0.010054812834224599,0.06060606060606061,603.0
639,0.3,247,310,13,1.0,310.0,0.0980187695516162,0.0094015944027716,0.0570262908498661,0.0041727408049712,0.0058095370925524,0.0012302134559894,631,0.0035714285714285713,0.07142857142857142,544.0
639,0.5,411,444,13,1.666667,266.3999467200107,0.0980187695516162,0.0084688442352675,0.0570262908498661,0.0037786636466232,0.0058095370925524,0.0012559024694121,631,0.00252548656163114,0.038461538461538464,650.0
640,0.1,84,126,13,1.0,126.0,0.0980187695516162,0.0102702881639273,0.0464749058416465,0.0042844669635996,0.0058095370925524,0.0012705722962529,610,0.004847175049380932,0.03125,1520.0
640,0.2,167,231,13,1.0,231.0,0.0980187695516162,0.0099354937728242,0.0570262908498661,0.0043765141446723,0.0058095370925524,0.0012891508445341,610,0.004740957966764418,0.06451612903225806,1008.0
640,0.3,250,311,13,1.0,311.0,0.0980187695516162,0.0092674241992428,0.0570262908498661,0.004034842408759,0.0058095370925524,0.0012426672895442,610,0.010629264132553606,0.06666666666666667,320.0
640,0.5,416,428,13,1.666667,256.7999486400103,0.0980187695516162,0.0084930759260522,0.0570262908498661,0.0037095831856473,0.0058095370925524,0.0012579450181876,610,0.015913282120178673,0.16666666666666666,1064.0
641,0.1,84,123,13,1.0,123.0,0.0656934306569343,0.0100799443865136,0.0570262908498661,0.0046570161652711,0.0058095370925524,0.0013034072750918,624,0.006636178861788617,0.075,442.0
641,0.2,167,225,13,1.0,225.0,0.0980187695516162,0.0099177383848916,0.0570262908498661,0.0045102295429048,0.0058095370925524,0.0013176408760499,624,0.025820477607869513,0.10909090909090909,900.0
641,0.3,250,307,13,1.0,307.0,0.0980187695516162,0.0095681916219731,0.0570262908498661,0.0044471697992808,0.0058095370925524,0.0012994913070828,624,0.00791695063411165,0.09090909090909091,704.0
641,0.5,416,445,13,1.5,296.6666666666667,0.0980187695516162,0.0084287237407879,0.0570262908498661,0.0038104268721248,0.0058095370925524,0.0012580719822358,624,0.010698223733938018,0.1111111111111111,620.0
642,0.1,83,122,13,1.0,122.0,0.0980187695516162,0.011701054718884,0.0464749058416465,0.0046259973950909,0.0040871733233292,0.0011967174254172,600,0.019297655178930125,0.1111111111111111,1000.0
642,0.2,166,222,13,1.0,222.0,0.0980187695516162,0.0099249405818748,0.0464749058416465,0.0040646473326177,0.0058095370925524,0.0012786129029645,600,0.013893280632411067,0.07142857142857142,413.0
642,0.3,249,298,13,1.0,298.0,0.0980187695516162,0.0090663512747478,0.0492079830055308,0.0039822140037046,0.0058095370925524,0.0012899793326446,600,0.012392912772585668,0.08333333333333333,900.0
642,0.5,415,424,13,1.666667,254.3999491200102,0.0980187695516162,0.0087330552659019,0.0570262908498661,0.0038891695160915,0.0058095370925524,0.0012871541016411,600,0.023535797730307076,0.3,1000.0
643,0.1,85,119,12,1.0,119.0,0.0980187695516162,0.0117243977883123,0.0464749058416465,0.0046006278585492,0.0058095370925524,0.0012162575148735,622,0.008527021919879061,0.07142857142857142,624.0
643,0.2,170,226,12,1.0,226.0,0.0980187695516162,0.0101460776804746,0.0570262908498661,0.0044277349823269,0.0058095370925524,0.0012598190461729,622,0.014128600158011923,0.1111111111111111,684.0
643,0.3,255,304,13,1.0,304.0,0.0980187695516162,0.0097209264036001,0.0570262908498661,0.0042813164850248,0.0058095370925524,0.001270233228516,622,0.01294871794871795,0.15384615384615385,416.0
643,0.5,425,438,13,1.666667,262.79994744001056,0.0980187695516162,0.0087753129448959,0.0570262908498661,0.0039048124071168,0.0058095370925524,0.0012831477601854,622,0.013033200242462576,0.1111111111111111,504.0
644,0.1,89,136,13,1.0,136.0,0.0980187695516162,0.0112019260258847,0.0464749058416465,0.0047362193214634,0.0056186378747126,0.0013205548697716,616,0.004330372141103501,0.027522935779816515,1200.0
644,0.2,178,224,13,1.0,224.0,0.0980187695516162,0.0105625279308803,0.0464749058416465,0.004625128846479,0.0056186378747126,0.0013086003695916,616,0.029681822461357373,0.16216216216216217,3900.0
644,0.3,267,309,13,1.0,309.0,0.0980187695516162,0.0092430424086578,0.0464749058416465,0.0039443018787853,0.0056186378747126,0.0012450795243799,616,0.00737844313137549,0.05,640.0
644,0.5,445,439,13,1.5,292.6666666666667,0.0980187695516162,0.0085462979897909,0.0570262908498661,0.0038363839543454,0.0056186378747126,0.0012671948917525,616,0.006406136308513219,0.05,1560.0
645,0.1,87,133,13,1.0,133.0,0.0980187695516162,0.0107332983135628,0.0492079830055308,0.0047309122953421,0.0052421649220672,0.0013334319035117,624,0.006843267882187938,0.04838709677419355,1000.0
645,0.2,173,238,13,1.0,238.0,0.0980187695516162,0.0099543467021844,0.0570262908498661,0.0045211199442529,0.0052421649220672,0.0013356808563357,624,0.02154723318751115,0.07142857142857142,1248.0
645,0.3,259,323,13,1.0,323.0,0.0980187695516162,0.0094267441898003,0.0570262908498661,0.0042339162840934,0.0052421649220672,0.0013077425811742,624,0.004301242236024845,0.05,885.0
645,0.5,432,440,13,1.5,293.3333333333333,0.0980187695516162,0.0082638164754952,0.0570262908498661,0.003613346872526,0.0052421649220672,0.0012286126655106,624,0.013028895768833848,0.1,450.0
646,0.1,85,125,12,1.0,125.0,0.0980187695516162,0.0127549530761209,0.0570262908498661,0.0058060416137119,0.0052421649220672,0.0013806367045792,648,0.011991112374628693,0.06557377049180328,1014.0
646,0.2,169,225,12,1.0,225.0,0.0980187695516162,0.0109095122233807,0.0570262908498661,0.0050108179439099,0.0052421649220672,0.0013525806451289,648,0.005797947021351277,0.045454545454545456,944.0
646,0.3,254,308,12,1.0,308.0,0.0980187695516162,0.009733488617743,0.0570262908498661,0.0043489986420204,0.0052421649220672,0.0012624292528871,648,0.008821816462882293,0.07142857142857142,2200.0
646,0.5,423,446,13,2.0,223.0,0.0980187695516162,0.0084051492352365,0.0570262908498661,0.0037229723024498,0.0056186378747126,0.0012637389163908,648,0.022584033613445378,0.14285714285714285,360.0
647,0.1,84,133,13,1.0,133.0,0.0980187695516162,0.0112037131410381,0.0464749058416465,0.0043331931595274,0.0052421649220672,0.0012525968103174,632,0.019308020587432355,0.125,1357.0
647,0.2,167,221,13,1.0,221.0,0.0980187695516162,0.0109701376339417,0.0570262908498661,0.004712908879957,0.0052421649220672,0.0012834029452304,632,0.0450267094017094,0.6666666666666666,702.0
647,0.3,251,306,13,1.0,306.0,0.0980187695516162,0.0095994602220449,0.0570262908498661,0.0041859685701041,0.0056186378747126,0.0012859357624973,632,0.0021565934065934066,0.028846153846153848,2680.0
647,0.5,417,437,13,1.5,291.3333333333333,0.0980187695516162,0.0085877976439034,0.0570262908498661,0.0037070909887645,0.0058095370925524,0.0012669579184073,632,0.017051961270583095,0.07142857142857142,627.0
648,0.1,81,126,13,1.0,126.0,0.0980187695516162,0.0120495886919244,0.0492079830055308,0.0058621284376024,0.0058095370925524,0.0014457973325657,614,0.008,0.06666666666666667,1062.0
648,0.2,162,222,13,1.0,222.0,0.0980187695516162,0.0105496528854192,0.0492079830055308,0.0048572707416837,0.0058095370925524,0.0013784633442987,614,0.009844662612519756,0.06666666666666667,1638.0
648,0.3,243,288,13,1.0,288.0,0.0980187695516162,0.0098228768393001,0.0570262908498661,0.0045190179523255,0.0058095370925524,0.001292937138679,614,0.004894427786106947,0.041666666666666664,920.0
648,0.5,405,423,13,1.5,282.0,0.0980187695516162,0.0086822118193448,0.0570262908498661,0.0038910179961072,0.0058095370925524,0.001263927589456,614,0.011057347670250895,0.1111111111111111,216.0
649,0.1,83,125,13,1.0,125.0,0.0980187695516162,0.0109030239833159,0.0464749058416465,0.0043419910300313,0.0039956275909326,0.001136639505033,622,0.014487647289580161,0.08333333333333333,667.0
649,0.2,165,228,13,1.0,228.0,0.0980187695516162,0.0098284031245997,0.0464749058416465,0.004018952868728,0.0052421649220672,0.0012328656786107,622,0.01643227925207903,0.08333333333333333,708.0
649,0.3,248,306,13,1.0,306.0,0.0980187695516162,0.0092075759744286,0.0464749058416465,0.0038853278429689,0.0058095370925524,0.001267886957274,622,0.008391233606456534,0.06451612903225806,1014.0
649,0.5,413,433,13,1.666667,259.7999480400104,0.0980187695516162,0.0084263101238539,0.0570262908498661,0.0036212868524314,0.0058095370925524,0.0012465566558429,622,0.0017241379310344827,0.034482758620689655,455.0
650,0.1,84,125,13,1.0,125.0,0.0980187695516162,0.0102022940563086,0.0464749058416465,0.0042304921321655,0.0048729601732022,0.0012430233200734,632,0.009417641325536063,0.125,1700.0
650,0.2,168,211,13,1.0,211.0,0.0980187695516162,0.0099481588740245,0.0570262908498661,0.0044862781880682,0.0056186378747126,0.0012497385968584,632,0.030115742896436197,0.1111111111111111,756.0
650,0.3,252,302,13,1.0,302.0,0.0980187695516162,0.0092190402530229,0.0570262908498661,0.0041227996727641,0.0056186378747126,0.0012501510219466,632,0.012095588235294118,0.1,402.0
650,0.5,419,433,13,1.5,288.6666666666667,0.0980187695516162,0.0083299819143786,0.0570262908498661,0.0037657919858837,0.0056186378747126,0.0012557852747358,632,0.00485170857511283,0.045454545454545456,320.0
651,0.1,79,116,12,1.0,116.0,0.0980187695516162,0.0125310129085613,0.0570262908498661,0.0058362647237686,0.0052421649220672,0.0013560504585351,607,0.012606716853805152,0.1111111111111111,1800.0
651,0.2,158,220,12,1.0,220.0,0.0980187695516162,0.0105223243909374,0.0570262908498661,0.0049101133684363,0.0056186378747126,0.0013582695899704,607,0.013245363010068891,0.16216216216216217,936.0
651,0.3,237,293,13,1.0,293.0,0.0980187695516162,0.0094417179442464,0.0570262908498661,0.0043539922326481,0.0056186378747126,0.0012996250476706,607,0.0066071428571428574,0.07142857142857142,420.0
651,0.5,395,410,13,1.666667,245.99995080000983,0.0980187695516162,0.0086802817976041,0.0570262908498661,0.0039148125373334,0.0058095370925524,0.0012820289878065,607,0.005167796955496696,0.058823529411764705,252.0
652,0.1,81,132,13,1.0,132.0,0.0980187695516162,0.0107277151072771,0.0570262908498661,0.0048401238223519,0.0058095370925524,0.0013228091969331,627,0.021781025487512828,0.16666666666666666,938.0
652,0.2,162,219,13,1.0,219.0,0.0980187695516162,0.0095847558101332,0.0570262908498661,0.0041341748327768,0.0058095370925524,0.0012253384289052,627,0.004772079772079772,0.038461538461538464,1239.0
652,0.3,243,310,13,1.0,310.0,0.0980187695516162,0.0090753136667899,0.0570262908498661,0.0041544301965508,0.0058095370925524,0.001262702133511,627,0.00905444049493986,0.05263157894736842,3500.0
652,0.5,404,441,13,1.5,294.0,0.0980187695516162,0.0084200520667077,0.0570262908498661,0.0037067160027797,0.0058095370925524,0.0012373122629102,627,0.048005221728625994,0.8333333333333334,324.0
653,0.1,86,127,11,1.0,127.0,0.0980187695516162,0.0113471217557658,0.0464749058416465,0.0042834006684424,0.0034176043514391,0.001165999556493,625,0.016857595857931045,0.16666666666666666,2124.0
653,0.2,171,235,13,1.0,235.0,0.0980187695516162,0.0108978767776717,0.0570262908498661,0.0049038454569455,0.0058095370925524,0.0013562228498089,625,0.009545454545454546,0.1,330.0
653,0.3,257,313,13,1.0,313.0,0.0980187695516162,0.0098012106593995,0.0570262908498661,0.0044090301320177,0.0058095370925524,0.0013342781052591,625,0.002829601990049751,0.041666666666666664,531.0
653,0.5,428,441,13,1.5,294.0,0.0980187695516162,0.0085666522431008,0.0570262908498661,0.0038339054789682,0.0058095370925524,0.0012879765834878,625,0.004947368421052632,0.05263157894736842,378.0
654,0.1,83,121,13,1.0,121.0,0.0980187695516162,0.0122372650574375,0.0464749058416465,0.0052914450166652,0.0039254903849993,0.001307909446044,623,0.012853184752161734,0.058823529411764705,828.0
654,0.2,166,219,13,1.0,219.0,0.0980187695516162,0.0103846758181324,0.0570262908498661,0.0047255203262639,0.0045513414488271,0.0013132791902591,623,0.006620553359683795,0.08695652173913043,1092.0
654,0.3,249,301,13,1.0,301.0,0.0980187695516162,0.0093917043986156,0.0570262908498661,0.0042972310369962,0.0058095370925524,0.0012898367832635,623,0.014894839072579939,0.1,1900.0
654,0.5,414,430,13,1.666667,257.99994840001034,0.0980187695516162,0.0085966486407837,0.0570262908498661,0.0038549987661707,0.0058095370925524,0.0012811825905464,623,0.008803366174055829,0.06896551724137931,800.0
655,0.1,85,120,12,1.0,120.0,0.0980187695516162,0.012956204379562,0.0570262908498661,0.0057717013016906,0.0039956275909326,0.0012740907095745,623,0.00992464667090469,0.1,840.0
655,0.2,169,217,13,1.0,217.0,0.0980187695516162,0.0104803871159954,0.0570262908498661,0.0046501340452822,0.0040871733233292,0.0013143898353891,623,0.015722245198051647,0.1,2814.0
655,0.3,253,300,13,1.0,300.0,0.0980187695516162,0.0095342370524851,0.0570262908498661,0.004091716423148,0.0040871733233292,0.0012571635314523,623,0.015683928140824692,0.1,288.0
655,0.5,422,417,13,1.666667,250.19994996001003,0.0980187695516162,0.0087071114745325,0.0570262908498661,0.0038040714472248,0.0056186378747126,0.0012619839842113,623,0.012016935766935766,0.14285714285714285,408.0
656,0.1,82,122,13,1.0,122.0,0.0980187695516162,0.01099164088275,0.0464749058416465,0.0046268049773204,0.0039956275909326,0.0011619277870863,610,0.007142857142857143,0.05357142857142857,714.0
656,0.2,164,218,13,1.0,218.0,0.0980187695516162,0.0098439697314671,0.0570262908498661,0.0045775854729612,0.0056186378747126,0.0012747578111139,610,0.01882030541606618,0.07407407407407407,3363.0
656,0.3,246,300,13,1.0,300.0,0.0980187695516162,0.0090406673618352,0.0570262908498661,0.0041384735958061,0.0058095370925524,0.0012349537476024,610,0.01672482036292778,0.13043478260869565,1280.0
656,0.5,409,421,13,1.5,280.6666666666667,0.0980187695516162,0.0084064209798904,0.0570262908498661,0.0039160839121399,0.0058095370925524,0.0012949199950088,610,0.0067634017508509505,0.0449438202247191,1742.0
657,0.1,85,131,13,1.0,131.0,0.0980187695516162,0.0107538864434166,0.0464749058416465,0.0042502626657271,0.0039956275909326,0.001158673383339,637,0.012121124031007752,0.047619047619047616,342.0
657,0.2,170,223,13,1.0,223.0,0.0980187695516162,0.0093099594588907,0.0464749058416465,0.0036948634289064,0.0039956275909326,0.0012159100165363,637,0.017747995823443392,0.1,1800.0
657,0.3,255,314,13,1.0,314.0,0.0980187695516162,0.0090194802175832,0.0464749058416465,0.003768470553429,0.0056186378747126,0.0012465352369235,637,0.01025,0.08333333333333333,225.0
657,0.5,424,442,13,1.5,294.6666666666667,0.0980187695516162,0.0083255087548775,0.0570262908498661,0.0036632122106162,0.0058095370925524,0.001242978335771,637,0.005408653846153846,0.07692307692307693,588.0
658,0.1,83,128,12,1.0,128.0,0.0980187695516162,0.010183133472367,0.0464749058416465,0.0043750651794851,0.0058095370925524,0.0012769184350194,620,0.008413625660455762,0.05263157894736842,936.0
658,0.2,165,222,13,1.0,222.0,0.0980187695516162,0.0100376706216121,0.0570262908498661,0.0045328813809942,0.0058095370925524,0.0013030723475064,620,0.012177644234095846,0.1111111111111111,2808.0
658,0.3,247,307,13,1.0,307.0,0.0980187695516162,0.0093643962732623,0.0570262908498661,0.0042193366915493,0.0058095370925524,0.001295905042155,620,0.01056960179300605,0.09090909090909091,1360.0
658,0.5,412,426,13,1.666667,255.59994888001023,0.0980187695516162,0.008733667210073,0.0570262908498661,0.0038670726199082,0.0058095370925524,0.0012745204399437,620,0.015475120456323464,0.07142857142857142,1500.0
659,0.1,82,123,13,1.0,123.0,0.0594369134515119,0.0099782123994336,0.031948254360793,0.0040181308067179,0.0040871733233292,0.0011687078998008,610,0.018351122058018608,0.1111111111111111,507.0
659,0.2,164,227,13,1.0,227.0,0.0656934306569343,0.0085671105639592,0.0570262908498661,0.003660845744552,0.0040871733233292,0.0011935773635402,610,0.008846153846153847,0.1,513.0
659,0.3,246,311,13,1.0,311.0,0.0656934306569343,0.0084291984214531,0.0570262908498661,0.0035791027952349,0.0040871733233292,0.0012310525789475,610,0.007511997046880767,0.07142857142857142,288.0
659,0.5,409,429,13,1.666667,257.3999485200103,0.0980187695516162,0.0082302126097746,0.0570262908498661,0.0035417516267111,0.0056186378747126,0.0012587348494982,610,0.04009782608695652,0.625,1050.0
660,0.1,87,127,12,1.0,127.0,0.0980187695516162,0.0123077680983307,0.0570262908498661,0.0054260104595966,0.0044179097289399,0.0013261981597677,635,0.04169578421877808,0.6666666666666666,2166.0
660,0.2,174,218,13,1.0,218.0,0.0980187695516162,0.0110445705101835,0.0570262908498661,0.0048480192196224,0.0044179097289399,0.0013058335235495,635,0.013840408410819186,0.1111111111111111,936.0
660,0.3,261,303,13,1.0,303.0,0.0980187695516162,0.009852810098528,0.0570262908498661,0.0043204619456416,0.0052421649220672,0.0012593952559018,635,0.013454034391534392,0.09523809523809523,1700.0
660,0.5,434,445,13,1.333333,333.75008343752086,0.0980187695516162,0.0084638727138521,0.0570262908498661,0.0036123906861878,0.0052421649220672,0.0012258895947938,635,0.018361996400789504,0.09090909090909091,826.0
661,0.1,86,124,12,1.0,124.0,0.0980187695516162,0.0114534629486359,0.0464749058416465,0.0049354436983015,0.0056186378747126,0.0013084125621753,651,0.012688728895625449,0.1,600.0
661,0.2,172,239,13,1.0,239.0,0.0980187695516162,0.0096334658225748,0.0464749058416465,0.0043509270547691,0.0058095370925524,0.0013053818298663,651,0.009785024154589372,0.08,550.0
661,0.3,258,316,13,1.0,316.0,0.0980187695516162,0.0093781761064399,0.0570262908498661,0.0042737954124111,0.0058095370925524,0.0012930140423322,651,0.012965466478996717,0.1111111111111111,504.0
661,0.5,430,450,13,1.5,300.0,0.0980187695516162,0.0081914030819139,0.0570262908498661,0.0036473435073199,0.0058095370925524,0.0012582955168231,651,0.009167767751776596,0.06521739130434782,500.0
662,0.1,85,129,13,1.0,129.0,0.0980187695516162,0.0125130344108445,0.0570262908498661,0.0052224052281524,0.0052421649220672,0.0011944345174591,626,0.011232933732933732,0.06666666666666667,800.0
662,0.2,170,231,13,1.0,231.0,0.0980187695516162,0.0101837682651029,0.0570262908498661,0.0044533937537976,0.0052421649220672,0.0012598233159021,626,0.004502208317997791,0.05263157894736842,780.0
662,0.3,255,312,13,1.0,312.0,0.0980187695516162,0.0093814336515065,0.0570262908498661,0.0041463926369623,0.0056186378747126,0.001262877943389,626,0.015641821946169775,0.2,600.0
662,0.5,425,425,13,1.666667,254.99994900001025,0.0980187695516162,0.0083812795191068,0.0570262908498661,0.0036262186080643,0.0056186378747126,0.0012241590692075,626,0.01628787878787879,0.25,528.0
663,0.1,86,123,12,1.0,123.0,0.0980187695516162,0.0113176835626541,0.0464749058416465,0.0050716249339046,0.0056186378747126,0.0013539280427465,620,0.011351648351648352,0.16,320.0
663,0.2,171,213,12,1.0,213.0,0.0980187695516162,0.0109121884592224,0.0570262908498661,0.0049248748607542,0.0056186378747126,0.0013356978779023,620,0.008237639553429026,0.06666666666666667,255.0
663,0.3,256,290,12,1.0,290.0,0.0980187695516162,0.0098522167487684,0.0570262908498661,0.0044164077097235,0.0056186378747126,0.0013057851158239,620,0.012466737865714849,0.058823529411764705,480.0
663,0.5,426,436,13,1.333333,327.0000817500204,0.0980187695516162,0.0086314107776639,0.0570262908498661,0.0038886396600852,0.0058095370925524,0.001292916631233,620,0.008348717055613608,0.05,208.0
664,0.1,84,127,12,1.0,127.0,0.0980187695516162,0.0111172234857503,0.0570262908498661,0.0048582591179886,0.0052421649220672,0.0012287014325901,630,0.015140415140415142,0.08333333333333333,600.0
664,0.2,167,235,13,1.0,235.0,0.0980187695516162,0.0100947352073302,0.0570262908498661,0.0047611609624194,0.0056186378747126,0.0013414112506521,630,0.012318121693121692,0.1111111111111111,1500.0
664,0.3,251,307,13,1.0,307.0,0.0980187695516162,0.0095308291413761,0.0570262908498661,0.0044368535893693,0.0056186378747126,0.0013165114316353,630,0.014477732793522265,0.1,378.0
664,0.5,418,456,13,1.571429,290.1817390413439,0.0980187695516162,0.0082688473007335,0.0570262908498661,0.0037052356514016,0.0056186378747126,0.0012494706080399,630,0.008824786324786326,0.07692307692307693,312.0
665,0.1,78,119,13,1.0,119.0,0.0980187695516162,0.0113476047353247,0.0464749058416465,0.0044980372886951,0.0044179097289399,0.0012228792841116,605,0.007553502262148878,0.05263157894736842,800.0
665,0.2,156,222,13,1.0,222.0,0.0980187695516162,0.0098075134571484,0.0570262908498661,0.0041156534317151,0.0044179097289399,0.0012507612421602,605,0.015061399506763922,0.1282051282051282,3800.0
665,0.3,234,303,13,1.0,303.0,0.0980187695516162,0.0090131015187024,0.0570262908498661,0.0038324494521613,0.0044179097289399,0.0012178013980611,605,0.006004854032313987,0.043478260869565216,650.0
665,0.5,390,428,13,1.5,285.3333333333333,0.0980187695516162,0.0085661660803211,0.0570262908498661,0.0036654828977755,0.0056186378747126,0.0012323457107252,605,0.02168367726417262,0.13333333333333333,325.0
666,0.1,83,111,12,1.0,111.0,0.0980187695516162,0.0127666770002535,0.0570262908498661,0.0063105099299404,0.0052421649220672,0.0013792217819552,619,0.015606738774989637,0.1,700.0
666,0.2,166,212,13,1.0,212.0,0.0980187695516162,0.0105603321069509,0.0570262908498661,0.0049043386145944,0.0058095370925524,0.001353353376205,619,0.005949820788530466,0.0967741935483871,700.0
666,0.3,249,297,13,1.0,297.0,0.0980187695516162,0.009247848663907,0.0570262908498661,0.0041596718390794,0.0058095370925524,0.0012535009963903,619,0.007968189443799201,0.04,392.0
666,0.5,414,431,13,1.666667,258.5999482800104,0.0980187695516162,0.0086057353827096,0.0570262908498661,0.0037950594173183,0.0058095370925524,0.0012572630993686,619,0.02767857142857143,0.35714285714285715,680.0
667,0.1,86,127,13,1.0,127.0,0.0980187695516162,0.0114292282807714,0.0464749058416465,0.0046154824143098,0.0044179097289399,0.0012190200260156,643,0.008947159212900905,0.06666666666666667,1100.0
667,0.2,172,228,13,1.0,228.0,0.0980187695516162,0.0098970052869399,0.0570262908498661,0.0042913118977673,0.0044179097289399,0.0012299671963955,643,0.024805644914923312,0.313953488372093,2730.0
667,0.3,258,312,13,1.0,312.0,0.0980187695516162,0.0092477473864334,0.0570262908498661,0.0041106999686914,0.0052421649220672,0.0012392546440828,643,0.014907358623112049,0.1,1300.0
667,0.5,430,439,13,1.5,292.6666666666667,0.0980187695516162,0.0085938038151927,0.0570262908498661,0.0038567835649859,0.0058095370925524,0.0012457743591696,643,0.002803030303030303,0.03333333333333333,897.0
668,0.1,87,131,13,1.0,131.0,0.0980187695516162,0.0105310079679054,0.0464749058416465,0.0044298979057261,0.0058095370925524,0.0012670506777392,623,0.006351540616246498,0.05,300.0
668,0.2,173,240,13,1.0,240.0,0.0980187695516162,0.0093891206117483,0.0464749058416465,0.0038288859818367,0.0058095370925524,0.0012066660834411,623,0.0356962481962482,0.5,1100.0
668,0.3,259,325,13,1.0,325.0,0.0980187695516162,0.009166599823534,0.0464749058416465,0.0038266284276,0.0058095370925524,0.0012405311219427,623,0.0054942810457516335,0.0625,651.0
668,0.5,431,449,13,1.666667,269.3999461200108,0.0980187695516162,0.0087414739276946,0.0570262908498661,0.0038694875475015,0.0058095370925524,0.0012670353643522,623,0.01890503906031856,0.14285714285714285,672.0
669,0.1,84,128,13,1.0,128.0,0.0980187695516162,0.0114621350364963,0.0464749058416465,0.0050178485598987,0.0058095370925524,0.0013636966331258,642,0.011005789875758915,0.07142857142857142,1600.0
669,0.2,168,224,13,1.0,224.0,0.0980187695516162,0.0100318412036346,0.0570262908498661,0.0044649421190395,0.0058095370925524,0.0013122736405065,642,0.013419117647058823,0.1111111111111111,1534.0
669,0.3,252,306,13,1.0,306.0,0.0980187695516162,0.0092689143784033,0.0570262908498661,0.0041007962513724,0.0058095370925524,0.0012998505996988,642,0.006928793256433008,0.07142857142857142,522.0
669,0.5,419,439,13,1.714286,256.0832906527849,0.0980187695516162,0.0085605497374115,0.0570262908498661,0.0037196420791914,0.0058095370925524,0.0012775671174604,642,0.010555555555555556,0.1,570.0
670,0.1,77,122,13,1.0,122.0,0.0980187695516162,0.0125386758748012,0.0464749058416465,0.0048696658328369,0.0039956275909326,0.0012510915783949,606,0.007245517010222894,0.04,378.0
670,0.2,154,219,13,1.0,219.0,0.0980187695516162,0.0104941886763704,0.0464749058416465,0.0042119741438392,0.0058095370925524,0.0012328070827157,606,0.005325963718820862,0.044444444444444446,576.0
670,0.3,231,293,13,1.0,293.0,0.0980187695516162,0.00947374789581,0.0464749058416465,0.0039596168011966,0.0058095370925524,0.0012304139858363,606,0.01395444288826642,0.11764705882352941,960.0
670,0.5,385,413,13,1.5,275.3333333333333,0.0980187695516162,0.0088873852151277,0.0570262908498661,0.0039768662251376,0.0058095370925524,0.001289929416412,606,0.008290459316748497,0.05,1000.0
671,0.1,89,128,13,1.0,128.0,0.0980187695516162,0.0124641553701772,0.0492079830055308,0.0054230654582549,0.0045513414488271,0.0012832962898572,655,0.008242835595776772,0.1,598.0
671,0.2,177,231,13,1.0,231.0,0.0980187695516162,0.0103191907154367,0.0492079830055308,0.0042987639524892,0.0045513414488271,0.0012083488173961,655,0.01597172619047619,0.08333333333333333,1054.0
671,0.3,266,316,13,1.0,316.0,0.0980187695516162,0.0094144744657541,0.0492079830055308,0.0039762711440619,0.0056186378747126,0.0012250214311399,655,0.019094794094794094,0.2222222222222222,800.0
671,0.5,442,448,13,1.666667,268.79994624001074,0.0980187695516162,0.0087493482794577,0.0570262908498661,0.0040172488290004,0.0058095370925524,0.001312899866984,655,0.011361076199785877,0.0967741935483871,900.0
672,0.1,82,110,12,1.0,110.0,0.0980187695516162,0.0121338515499099,0.0464749058416465,0.0049305220458946,0.0056186378747126,0.0011663542320262,621,0.004919290948702713,0.058823529411764705,1015.0
672,0.2,163,199,13,1.0,199.0,0.0980187695516162,0.0102598498226271,0.0464749058416465,0.0044880377308808,0.0056186378747126,0.0012726886350316,621,0.044650450344295003,0.6666666666666666,1872.0
672,0.3,245,287,13,1.0,287.0,0.0980187695516162,0.0093048435325705,0.0464749058416465,0.0039875601375621,0.0056186378747126,0.0012523943879629,621,0.026066104068379486,0.15789473684210525,2124.0
672,0.5,408,412,13,1.666667,247.1999505600099,0.0980187695516162,0.0086710469036313,0.0570262908498661,0.0037818613287424,0.0056186378747126,0.0012571631385733,621,0.00978355851314109,0.07407407407407407,510.0
673,0.1,80,123,12,1.0,123.0,0.0980187695516162,0.0118941648227743,0.0464749058416465,0.0047747768566527,0.0038790328069506,0.001288887030631,610,0.01400354627850936,0.0625,1250.0
673,0.2,160,222,12,1.0,222.0,0.0980187695516162,0.0098497872220499,0.0464749058416465,0.0040044644058487,0.0048729601732022,0.0012475819421986,610,0.0,0.0,864.0
673,0.3,240,299,13,1.0,299.0,0.0980187695516162,0.0090395164974663,0.0492079830055308,0.003763539825336,0.0048729601732022,0.0012100569571487,610,0.0042971637102734665,0.03125,351.0
673,0.5,399,417,13,1.666667,250.19994996001003,0.0980187695516162,0.0087921320920322,0.0570262908498661,0.0038744747963014,0.0058095370925524,0.0012733703481654,610,0.016286984352773825,0.125,420.0
674,0.1,87,126,13,1.0,126.0,0.0980187695516162,0.0109985600079447,0.0570262908498661,0.0049844944835065,0.0045513414488271,0.0012735928895444,624,0.004381999341238472,0.03125,1800.0
674,0.2,173,223,13,1.0,223.0,0.0980187695516162,0.0104976690031188,0.0570262908498661,0.0046932131576819,0.0056186378747126,0.0012867882948824,624,0.01274421850079745,0.10526315789473684,1020.0
674,0.3,259,307,13,1.0,307.0,0.0980187695516162,0.0096327268157315,0.0570262908498661,0.0041875704961383,0.0056186378747126,0.0012520010947296,624,0.007903172079642667,0.07142857142857142,612.0
674,0.5,431,431,13,1.5,287.3333333333333,0.0980187695516162,0.0084847663725506,0.0570262908498661,0.0037485686754758,0.0058095370925524,0.0012470087497957,624,0.005734827264239029,0.058823529411764705,1008.0
675,0.1,89,138,13,1.0,138.0,0.0980187695516162,0.0121881186622538,0.0570262908498661,0.0055322010780309,0.0056186378747126,0.0013421274581503,627,0.011806742640075973,0.05,580.0
675,0.2,178,240,13,1.0,240.0,0.0980187695516162,0.0105926312130691,0.0570262908498661,0.0048118324297068,0.0056186378747126,0.0013371690120778,627,0.019082704117587834,0.16666666666666666,1260.0
675,0.3,266,316,13,1.0,316.0,0.0980187695516162,0.0091141880387006,0.0570262908498661,0.0040924694928516,0.0056186378747126,0.0012612054367827,627,0.023103687777600822,0.08695652173913043,510.0
675,0.5,443,431,13,1.5,287.3333333333333,0.0980187695516162,0.0084533144299093,0.0570262908498661,0.0037529520847042,0.0058095370925524,0.0012416428323055,627,0.012462462462462461,0.08333333333333333,312.0
676,0.1,87,132,13,1.0,132.0,0.0980187695516162,0.011122697254084,0.0492079830055308,0.004921817768333,0.0058095370925524,0.0013476785313528,648,0.0075741867803183855,0.047619047619047616,640.0
676,0.2,174,226,13,1.0,226.0,0.0980187695516162,0.0102429706460453,0.0570262908498661,0.0048716327977899,0.0058095370925524,0.001364822687752,648,0.007826706734473724,0.037037037037037035,400.0
676,0.3,261,313,13,1.0,313.0,0.0980187695516162,0.009271505528589,0.0570262908498661,0.0042670093454825,0.0058095370925524,0.0013090409817731,648,0.025909274548980434,0.2,464.0
676,0.5,434,443,13,1.5,295.3333333333333,0.0980187695516162,0.0083514383163424,0.0570262908498661,0.003759121604008,0.0058095370925524,0.001255077229108,648,0.010274725274725276,0.1,299.0
677,0.1,89,132,13,1.0,132.0,0.0980187695516162,0.0106329193920434,0.0464749058416465,0.0044326532062806,0.0039956275909326,0.0012623809864479,636,0.015829695767195767,0.07407407407407407,780.0
677,0.2,177,231,13,1.0,231.0,0.0980187695516162,0.0098181276492016,0.0570262908498661,0.0045223541150198,0.0058095370925524,0.0012937798774392,636,0.010099206349206347,0.07142857142857142,403.0
677,0.3,265,332,13,1.0,332.0,0.0980187695516162,0.0090644119753256,0.0570262908498661,0.0041299766844819,0.0058095370925524,0.0012895185256322,636,0.009471153846153846,0.07692307692307693,620.0
677,0.5,441,457,13,1.666667,274.199945160011,0.0980187695516162,0.0083830941694826,0.0570262908498661,0.0037156108696776,0.0058095370925524,0.0012525930887499,636,0.007291666666666666,0.08333333333333333,306.0
678,0.1,86,131,13,1.0,131.0,0.0980187695516162,0.0103877289479339,0.0570262908498661,0.0042530128252218,0.0039254903849993,0.0012162743639844,614,0.006379921960794875,0.041666666666666664,2680.0
678,0.2,172,241,13,1.0,241.0,0.0980187695516162,0.0099342762819153,0.0570262908498661,0.0045123490017813,0.0058095370925524,0.0013111700190207,614,0.012769607843137253,0.08823529411764706,391.0
678,0.3,258,335,13,1.0,335.0,0.0980187695516162,0.0093847758081334,0.0570262908498661,0.0041859314477969,0.0058095370925524,0.0012638843736691,614,0.00787878787878788,0.09090909090909091,480.0
678,0.5,430,440,13,1.571429,279.9999236363845,0.0980187695516162,0.0086358896577874,0.0570262908498661,0.0038587489131395,0.0058095370925524,0.0012722327686438,614,0.0062271062271062275,0.07692307692307693,180.0
679,0.1,80,126,12,1.0,126.0,0.0980187695516162,0.011321316847907,0.0464749058416465,0.0048650927329707,0.0056186378747126,0.0014413328475745,612,0.011524170274170274,0.1111111111111111,1200.0
679,0.2,159,217,13,1.0,217.0,0.0980187695516162,0.01042272336295,0.0464749058416465,0.0044738454384668,0.0056186378747126,0.0013741652042328,612,0.004076305220883534,0.04819277108433735,702.0
679,0.3,238,291,13,1.0,291.0,0.0980187695516162,0.0092593587965699,0.0464749058416465,0.0038991977172378,0.0056186378747126,0.0012765477166466,612,0.019585705180880153,0.09090909090909091,460.0
679,0.5,397,427,13,1.5,284.6666666666667,0.0980187695516162,0.0084738933266258,0.0570262908498661,0.0037372488752406,0.0056186378747126,0.0012704241625766,612,0.010418017178510656,0.07142857142857142,1760.0
680,0.1,82,132,13,1.0,132.0,0.0980187695516162,0.0096533636679621,0.0570262908498661,0.0041443898646191,0.0058095370925524,0.0011930510344516,632,0.018664375477145563,0.1111111111111111,273.0
680,0.2,164,231,13,1.0,231.0,0.0980187695516162,0.0094163743798779,0.0570262908498661,0.0039093258428597,0.0058095370925524,0.0012380779832638,632,0.017869971264367818,0.1,684.0
680,0.3,246,318,13,1.0,318.0,0.0980187695516162,0.0095224978849823,0.0570262908498661,0.0041214199170045,0.0058095370925524,0.0012509468545197,632,0.011697505197505198,0.08,520.0
680,0.5,409,439,13,1.5,292.6666666666667,0.0980187695516162,0.0083705264358041,0.0570262908498661,0.0035647080817225,0.0058095370925524,0.0012239587373588,632,0.003480392156862745,0.05,612.0
681,0.1,84,125,13,1.0,125.0,0.0980187695516162,0.0112200208550573,0.0464749058416465,0.0048025392466728,0.0056186378747126,0.0013212320326188,641,0.011764323769345292,0.058823529411764705,1512.0
681,0.2,167,226,13,1.0,226.0,0.0980187695516162,0.0097400500152259,0.0570262908498661,0.0042313722552736,0.0056186378747126,0.0012736995370828,641,0.052608408748114635,0.8333333333333334,285.0
681,0.3,250,312,13,1.0,312.0,0.0980187695516162,0.0088734258442287,0.0570262908498661,0.0038434827986902,0.0058095370925524,0.0012378396085198,641,0.005844155844155844,0.07142857142857142,299.0
681,0.5,417,452,13,1.5,301.3333333333333,0.0980187695516162,0.0084389159061337,0.0570262908498661,0.0037743464713746,0.0058095370925524,0.0012442300922719,641,0.008654227716727716,0.0625,408.0
682,0.1,84,129,13,1.0,129.0,0.0980187695516162,0.0117451156324012,0.0570262908498661,0.0058990379086266,0.0058095370925524,0.0014227664734914,638,0.008730755460078768,0.08163265306122448,2613.0
682,0.2,168,229,13,1.0,229.0,0.0980187695516162,0.0104320821816757,0.0570262908498661,0.0050073187643584,0.0058095370925524,0.0013998578938209,638,0.020476190476190474,0.16666666666666666,713.0
682,0.3,252,310,13,1.0,310.0,0.0980187695516162,0.0095933263816475,0.0570262908498661,0.0044903969543839,0.0058095370925524,0.0013423586172927,638,0.00824098124098124,0.05555555555555555,442.0
682,0.5,420,437,13,1.5,291.3333333333333,0.0980187695516162,0.0084183801299503,0.0570262908498661,0.0037952122001304,0.0058095370925524,0.0012781814654056,638,0.022532894736842106,0.2631578947368421,969.0
683,0.1,85,119,12,1.0,119.0,0.0980187695516162,0.0128284890598574,0.0492079830055308,0.0060898325050151,0.0058095370925524,0.0014131489376124,622,0.003359397608265484,0.021739130434782608,1000.0
683,0.2,170,203,12,1.0,203.0,0.0980187695516162,0.0108384657663719,0.0570262908498661,0.0051465149250726,0.0058095370925524,0.001353971634671,622,0.009542908072319837,0.07142857142857142,1000.0
683,0.3,255,285,13,1.0,285.0,0.0980187695516162,0.0096555256755025,0.0570262908498661,0.0044271856991792,0.0058095370925524,0.0012924470733319,622,0.010469130895601485,0.10810810810810811,840.0
683,0.5,425,431,13,1.5,287.3333333333333,0.0980187695516162,0.008462991950722,0.0570262908498661,0.0038064020716744,0.0058095370925524,0.001279744866858,622,0.0075000000000000015,0.1,252.0
684,0.1,83,131,13,1.0,131.0,0.0980187695516162,0.0119956379498363,0.0570262908498661,0.0050092045341434,0.0056186378747126,0.0013071755237392,620,0.004316275709907315,0.03125,704.0
684,0.2,165,227,13,1.0,227.0,0.0980187695516162,0.0098257638049913,0.0570262908498661,0.0043254099765615,0.0056186378747126,0.0013057137192224,620,0.004272727272727273,0.045454545454545456,468.0
684,0.3,248,300,13,1.0,300.0,0.0980187695516162,0.0089781021897809,0.0570262908498661,0.0040383272238112,0.0058095370925524,0.0012845435257487,620,0.025738795518207284,0.15,238.0
684,0.5,413,431,13,1.5,287.3333333333333,0.0980187695516162,0.0085863803410841,0.0570262908498661,0.0036959193572975,0.0058095370925524,0.0012495829932018,620,0.01339892547928262,0.12,737.0
685,0.1,87,119,12,1.0,119.0,0.0980187695516162,0.0118645998545403,0.0464749058416465,0.0049708243250681,0.0034176043514391,0.0012102516930687,625,0.012508651321081954,0.1,648.0
685,0.2,173,225,13,1.0,225.0,0.0980187695516162,0.0103394739891089,0.0492079830055308,0.004651062259994,0.0052421649220672,0.0012924149173807,625,0.009798182049326214,0.05263157894736842,465.0
685,0.3,260,302,13,1.0,302.0,0.0980187695516162,0.0092397571974117,0.0492079830055308,0.0041265857909501,0.0058095370925524,0.0012667502597217,625,0.004688881520778072,0.038461538461538464,2000.0
685,0.5,432,431,13,1.5,287.3333333333333,0.0980187695516162,0.0084992826537697,0.0570262908498661,0.0038174807638176,0.0058095370925524,0.0012374825054873,625,0.008358974358974359,0.15384615384615385,603.0
686,0.1,81,123,12,1.0,123.0,0.0980187695516162,0.0123689140958145,0.0464749058416465,0.005298844669732,0.0056186378747126,0.0012784287624756,601,0.008560150804507848,0.06976744186046512,600.0
686,0.2,161,225,12,1.0,225.0,0.0980187695516162,0.0100706754721352,0.0464749058416465,0.0040556955251657,0.0056186378747126,0.0011940034824324,601,0.019419642857142858,0.16666666666666666,432.0
686,0.3,241,289,12,1.0,289.0,0.0980187695516162,0.0091935443133886,0.0492079830055308,0.0039505064342128,0.0058095370925524,0.0012135190628181,601,0.004854565724130942,0.043478260869565216,1102.0
686,0.5,402,404,12,1.555556,259.7142115102253,0.0980187695516162,0.0088195211596237,0.0570262908498661,0.0039566273428229,0.0058095370925524,0.0012777185269131,601,0.009712121212121212,0.09090909090909091,390.0
687,0.1,85,130,12,1.0,130.0,0.0656934306569343,0.0099623004732493,0.0570262908498661,0.0046501645569341,0.0045513414488271,0.0013281948124965,631,0.010385691431297661,0.0967741935483871,900.0
687,0.2,170,225,13,1.0,225.0,0.0980187695516162,0.0102050747306221,0.0570262908498661,0.004774062460107,0.0052421649220672,0.0013301557349502,631,0.031016548463356976,0.5555555555555556,558.0
687,0.3,255,308,13,1.0,308.0,0.0980187695516162,0.0093035223379331,0.0570262908498661,0.0042086237934673,0.0052421649220672,0.00130114260939,631,0.044760360967257516,0.7142857142857143,650.0
687,0.5,425,430,13,1.666667,257.99994840001034,0.0980187695516162,0.0084705482940077,0.0570262908498661,0.0037980701625688,0.0058095370925524,0.0012874412482135,631,0.010441774270683882,0.0975609756097561,640.0
688,0.1,83,122,13,1.0,122.0,0.0980187695516162,0.012333544163148,0.0464749058416465,0.0048478480464879,0.0039956275909326,0.001228100272601,616,0.028880404000541305,0.13636363636363635,2052.0
688,0.2,165,226,13,1.0,226.0,0.0980187695516162,0.0100814823700941,0.0492079830055308,0.0043751029662263,0.0048729601732022,0.001295066834747,616,0.0125,0.25,336.0
688,0.3,248,307,13,1.0,307.0,0.0980187695516162,0.0093745860406978,0.0570262908498661,0.0042551999093737,0.0056186378747126,0.0012987086892357,616,0.014657308966252058,0.1,2028.0
688,0.5,412,432,13,1.5,288.0,0.0980187695516162,0.0085906422585254,0.0570262908498661,0.0039051702809542,0.0056186378747126,0.0012964679516832,616,0.0,0.0,580.0
689,0.1,79,118,12,1.0,118.0,0.0980187695516162,0.0118414308690195,0.0570262908498661,0.0052241966888518,0.0039956275909326,0.0011853736475136,619,0.011042308542308543,0.09090909090909091,528.0
689,0.2,158,211,12,1.0,211.0,0.0980187695516162,0.0098888553934044,0.0570262908498661,0.0045145415135833,0.0045513414488271,0.0011780332267051,619,0.019261582643935588,0.16666666666666666,684.0
689,0.3,237,293,12,1.0,293.0,0.0980187695516162,0.0093313925555274,0.0570262908498661,0.0042204931441307,0.0052421649220672,0.0012213137246314,619,0.0062790033554651235,0.047619047619047616,472.0
689,0.5,395,424,13,1.5,282.6666666666667,0.0980187695516162,0.0084895823086154,0.0570262908498661,0.0037626371023576,0.0056186378747126,0.0012469028254061,619,0.014538234097057626,0.11764705882352941,276.0
690,0.1,87,130,13,1.0,130.0,0.0980187695516162,0.0113660062565171,0.0464749058416465,0.0044662366852829,0.0039254903849993,0.0012470433276693,637,0.005626000831224711,0.06666666666666667,3500.0
690,0.2,173,218,13,1.0,218.0,0.0980187695516162,0.0101309659335507,0.0464749058416465,0.0042014832305856,0.0056186378747126,0.001258326051604,637,0.02288819875776397,0.2,500.0
690,0.3,259,307,13,1.0,307.0,0.0980187695516162,0.0094561041801822,0.0464749058416465,0.0040484603401098,0.0058095370925524,0.0012493784000459,637,0.0072306188435220685,0.06666666666666667,1080.0
690,0.5,431,434,13,1.75,248.0,0.0980187695516162,0.0085414434198449,0.0570262908498661,0.0037445943970919,0.0058095370925524,0.0012403682995634,637,0.010820812776201805,0.06896551724137931,1014.0
691,0.1,81,118,12,1.0,118.0,0.0980187695516162,0.0108870468885314,0.0464749058416465,0.004274248363572,0.0058095370925524,0.0012522547640603,608,0.0025,0.05,648.0
691,0.2,162,207,12,1.0,207.0,0.0980187695516162,0.0102310679905093,0.0570262908498661,0.0045172919415928,0.0058095370925524,0.0012613119241675,608,0.008705331705331705,0.09259259259259259,988.0
691,0.3,243,290,12,1.0,290.0,0.0980187695516162,0.0094962424939771,0.0570262908498661,0.0042066497509639,0.0058095370925524,0.0012643480818126,608,0.009403611686220382,0.05,1240.0
691,0.5,404,407,12,1.5,271.3333333333333,0.0980187695516162,0.0086366582716947,0.0570262908498661,0.0038119663326106,0.0058095370925524,0.0012361445240435,608,0.016830649970184852,0.09302325581395349,560.0
692,0.1,83,129,12,1.0,129.0,0.0980187695516162,0.0132647864781627,0.0570262908498661,0.0060799899089066,0.0045513414488271,0.0013315700225376,606,0.031495730256267604,0.2,1248.0
692,0.2,165,232,12,1.0,232.0,0.0980187695516162,0.0102657221962532,0.0570262908498661,0.00444190894668,0.0045513414488271,0.0012760863966893,606,0.011086644339265416,0.07142857142857142,3600.0
692,0.3,248,313,12,1.0,313.0,0.0980187695516162,0.0089516835628166,0.0570262908498661,0.0038741563460474,0.0045513414488271,0.0012202687587283,606,0.022915868991888647,0.125,736.0
692,0.5,413,430,13,1.714286,250.83329152778475,0.0980187695516162,0.008572398574096,0.0570262908498661,0.0038397723550275,0.0058095370925524,0.0012637405217332,606,0.007985452245414294,0.08333333333333333,2000.0
693,0.1,88,119,12,1.0,119.0,0.0980187695516162,0.0122238676492494,0.0464749058416465,0.0051804884972952,0.0056186378747126,0.0012345444472054,616,0.01923981655599303,0.08571428571428572,640.0
693,0.2,175,231,12,1.0,231.0,0.0980187695516162,0.0103553033688591,0.0570262908498661,0.004580197933587,0.0056186378747126,0.0012648921605555,616,0.021393606393606397,0.2,1160.0
693,0.3,263,312,12,1.0,312.0,0.0980187695516162,0.0094482767840431,0.0570262908498661,0.00417325267272,0.0058095370925524,0.0012598324877752,616,0.012698412698412698,0.09523809523809523,399.0
693,0.5,438,448,13,1.5,298.6666666666667,0.0980187695516162,0.0086236593177416,0.0570262908498661,0.0038633509776545,0.0058095370925524,0.0013063689584688,616,0.018245920745920748,0.1,500.0
694,0.1,86,136,12,1.0,136.0,0.0980187695516162,0.0105732073851437,0.0492079830055308,0.0046427017570458,0.0052421649220672,0.001365519489171,631,0.0018518518518518517,0.037037037037037035,324.0
694,0.2,171,229,13,1.0,229.0,0.0980187695516162,0.0098082518635222,0.0570262908498661,0.0046689624946038,0.0052421649220672,0.001348090109891,631,0.11599543150593569,0.8571428571428571,1407.0
694,0.3,257,321,13,1.0,321.0,0.0980187695516162,0.0093035645256123,0.0570262908498661,0.0041799316286328,0.0056186378747126,0.0012895612401544,631,0.015552307554192823,0.08,1005.0
694,0.5,427,440,13,1.666667,263.9999472000106,0.0980187695516162,0.0084368186557967,0.0570262908498661,0.0037390833690678,0.0056186378747126,0.001276462451192,631,0.011746309246309247,0.09090909090909091,320.0
695,0.1,85,130,13,1.0,130.0,0.0980187695516162,0.01159059918184,0.0464749058416465,0.0048803925542728,0.0058095370925524,0.0013335359072006,627,0.0035625000000000006,0.04,600.0
695,0.2,169,230,13,1.0,230.0,0.0980187695516162,0.0103776578863852,0.0570262908498661,0.0045664499714118,0.0058095370925524,0.0013469622572113,627,0.007817460317460317,0.07142857142857142,525.0
695,0.3,253,314,13,1.0,314.0,0.0980187695516162,0.0092951123449983,0.0570262908498661,0.0041539701395389,0.0058095370925524,0.001299478406004,627,0.009875438945206386,0.07692307692307693,1900.0
695,0.5,421,445,13,1.666667,266.9999466000107,0.0980187695516162,0.0083373364108211,0.0570262908498661,0.003642563437967,0.0058095370925524,0.0012625262977495,627,0.012688772101881856,0.09090909090909091,432.0
696,0.1,80,114,12,1.0,114.0,0.0980187695516162,0.012147156211697,0.0570262908498661,0.0056253790450648,0.0052421649220672,0.0012773449070515,631,0.004041353383458646,0.045112781954887216,3900.0
696,0.2,159,219,12,1.0,219.0,0.0980187695516162,0.0100704215292756,0.0570262908498661,0.0045532837226013,0.0052421649220672,0.0013159708565226,631,0.01079059829059829,0.08333333333333333,273.0
696,0.3,238,295,12,1.0,295.0,0.0980187695516162,0.0093352892313673,0.0570262908498661,0.0043158745659424,0.0056186378747126,0.0012786668760458,631,0.003902714932126697,0.058823529411764705,462.0
696,0.5,397,421,12,1.75,240.57142857142856,0.0980187695516162,0.0085129254295472,0.0570262908498661,0.0038924134903907,0.0058095370925524,0.0012679520753988,631,0.013718408192564615,0.06666666666666667,420.0
697,0.1,83,125,13,1.0,125.0,0.0980187695516162,0.0111282586027111,0.0570262908498661,0.004975950489297,0.0056186378747126,0.0012853512909376,621,0.014181095283076536,0.0975609756097561,754.0
697,0.2,166,222,13,1.0,222.0,0.0980187695516162,0.0098028163721593,0.0570262908498661,0.0042456274604977,0.0056186378747126,0.001256363485578,621,0.0010416666666666667,0.020833333333333332,1408.0
697,0.3,248,301,13,1.0,301.0,0.0980187695516162,0.0091353465507743,0.0570262908498661,0.0039151343650028,0.0056186378747126,0.0012375139313558,621,0.05664102564102563,0.4,1450.0
697,0.5,413,431,13,1.75,246.28571428571428,0.0980187695516162,0.0085283152162078,0.0570262908498661,0.0037864083559993,0.0056186378747126,0.0012756358097208,621,0.01037135278514589,0.1,168.0
698,0.1,82,129,12,1.0,129.0,0.0980187695516162,0.0114056146987737,0.0492079830055308,0.0050667837928398,0.0058095370925524,0.00126794755165,629,0.015064209164818923,0.10416666666666667,570.0
698,0.2,163,225,13,1.0,225.0,0.0980187695516162,0.0099687174139728,0.0570262908498661,0.0046757243539396,0.0058095370925524,0.0013172995146288,629,0.015877518637495848,0.1,966.0
698,0.3,245,315,13,1.0,315.0,0.0980187695516162,0.0092689143784033,0.0570262908498661,0.0043026363485678,0.0058095370925524,0.0012823739919685,629,0.010818713450292398,0.1111111111111111,216.0
698,0.5,408,434,13,1.5,289.3333333333333,0.0980187695516162,0.0087817090575339,0.0570262908498661,0.0039822730517574,0.0058095370925524,0.0012969713107081,629,0.020501893939393938,0.16666666666666666,272.0
699,0.1,84,127,13,1.0,127.0,0.0980187695516162,0.0097132019081555,0.0464749058416465,0.0041653458391797,0.0039956275909326,0.0011533921250323,632,0.007489106753812635,0.08333333333333333,420.0
699,0.2,168,228,13,1.0,228.0,0.0980187695516162,0.0089457219691564,0.0492079830055308,0.0038339967737949,0.0045513414488271,0.0012290778175134,632,0.00615691104027818,0.03571428571428571,200.0
699,0.3,252,306,13,1.0,306.0,0.0980187695516162,0.0088906608872258,0.0570262908498661,0.0038714080454997,0.0056186378747126,0.0012277442453776,632,0.009417989417989417,0.07407407407407407,192.0
699,0.5,420,437,13,2.0,218.5,0.0980187695516162,0.0083205474810478,0.0570262908498661,0.0036775437101925,0.0056186378747126,0.0012491137334464,632,0.019223484848484847,0.2727272727272727,294.0
700,0.1,81,129,13,1.0,129.0,0.0980187695516162,0.0123998674329687,0.0464749058416465,0.0052484641871193,0.0058095370925524,0.0013356289871909,620,0.010114879960081197,0.058823529411764705,352.0
700,0.2,162,234,13,1.0,234.0,0.0980187695516162,0.0104854593905688,0.0570262908498661,0.0044901783610547,0.0058095370925524,0.0012702210738964,620,0.009021739130434784,0.13043478260869565,420.0
700,0.3,243,318,13,1.0,318.0,0.0980187695516162,0.0098110584269515,0.0570262908498661,0.0041407002431819,0.0058095370925524,0.0012263833515141,620,0.018691353231085724,0.1,700.0
700,0.5,404,430,13,1.666667,257.99994840001034,0.0980187695516162,0.008802774207629,0.0570262908498661,0.003806199532159,0.0058095370925524,0.0012679795194406,620,0.012801518883415436,0.07142857142857142,676.0
701,0.1,82,130,13,1.0,130.0,0.0980187695516162,0.0102269992780941,0.0464749058416465,0.0042620125453195,0.0048729601732022,0.0012558177798271,609,0.0270219322622479,0.2222222222222222,392.0
701,0.2,163,225,13,1.0,225.0,0.0980187695516162,0.0098204147839183,0.0570262908498661,0.0044710289123165,0.0058095370925524,0.0012925019026186,609,0.01410905248133509,0.1111111111111111,1040.0
701,0.3,245,305,13,1.0,305.0,0.0980187695516162,0.0090702405169318,0.0570262908498661,0.0041313826446041,0.0058095370925524,0.0012896352591711,609,0.01147273323743912,0.1111111111111111,351.0
701,0.5,408,440,13,1.571429,279.9999236363845,0.0980187695516162,0.0086003412645747,0.0570262908498661,0.003888444177901,0.0058095370925524,0.0013121553233852,609,0.006024509803921569,0.058823529411764705,540.0
702,0.1,79,120,13,1.0,120.0,0.0980187695516162,0.0122349669794924,0.0570262908498661,0.0055823431612671,0.0039956275909326,0.0012866792076084,613,0.009433140933140932,0.07142857142857142,3600.0
702,0.2,157,217,13,1.0,217.0,0.0980187695516162,0.0100334930298938,0.0570262908498661,0.0044533042220815,0.0048729601732022,0.001242585375347,613,0.019063553036192386,0.09302325581395349,1298.0
702,0.3,236,311,13,1.0,311.0,0.0980187695516162,0.0090327209814617,0.0570262908498661,0.0038736342086151,0.0056186378747126,0.0011884623006444,613,0.014389369585504144,0.06666666666666667,960.0
702,0.5,392,434,13,1.666667,260.39994792001045,0.0980187695516162,0.008539040763468,0.0570262908498661,0.0038036465737074,0.0058095370925524,0.0012529777333548,613,0.004861885296667905,0.038461538461538464,560.0
703,0.1,84,131,12,1.0,131.0,0.0980187695516162,0.0125209943563985,0.0570262908498661,0.0056544350735161,0.0039956275909326,0.0012962823962733,649,0.00608974358974359,0.05555555555555555,378.0
703,0.2,168,231,13,1.0,231.0,0.0980187695516162,0.0098768107110129,0.0570262908498661,0.0044571380451314,0.0058095370925524,0.0012640607177567,649,0.0635217422451465,0.8333333333333334,2808.0
703,0.3,252,306,13,1.0,306.0,0.0980187695516162,0.0092620990001839,0.0570262908498661,0.0040483100582883,0.0058095370925524,0.001251459896623,649,0.013815284178187403,0.1,2223.0
703,0.5,420,450,13,1.4,321.42857142857144,0.0980187695516162,0.0081149345382921,0.0570262908498661,0.0036892530635255,0.0058095370925524,0.0012398449229029,649,0.007488738738738739,0.10810810810810811,220.0
704,0.1,86,124,13,1.0,124.0,0.0980187695516162,0.0121177974368461,0.0464749058416465,0.0050254847532698,0.0056186378747126,0.0012676171075491,629,0.012231384307846076,0.09090909090909091,756.0
704,0.2,171,229,13,1.0,229.0,0.0980187695516162,0.0096078976007576,0.0464749058416465,0.0039606418744041,0.0056186378747126,0.0012268231593693,629,0.015807778738458216,0.1111111111111111,2280.0
704,0.3,256,302,13,1.0,302.0,0.0980187695516162,0.0090705688182363,0.0570262908498661,0.0038997427781675,0.0056186378747126,0.0012249005077671,629,0.008935226595110316,0.05128205128205128,360.0
704,0.5,426,439,13,1.5,292.6666666666667,0.0980187695516162,0.0084774145429582,0.0570262908498661,0.0037866229554023,0.0056186378747126,0.001270360126976,629,0.0027777777777777775,0.05555555555555555,648.0
705,0.1,84,131,13,1.0,131.0,0.0980187695516162,0.011788679365433,0.0464749058416465,0.0052599907883541,0.0056186378747126,0.0013885104734114,637,0.004218730970649129,0.043478260869565216,930.0
705,0.2,168,230,13,1.0,230.0,0.0980187695516162,0.0103277870970666,0.0464749058416465,0.0047416640274698,0.0058095370925524,0.0013764200479041,637,0.00962337108756546,0.08333333333333333,360.0
705,0.3,251,318,13,1.0,318.0,0.0980187695516162,0.0091814717899278,0.0464749058416465,0.0041164291925791,0.0058095370925524,0.0012974312078443,637,0.006479036574487065,0.06,520.0
705,0.5,418,452,13,1.5,301.3333333333333,0.0980187695516162,0.0082612788025874,0.0570262908498661,0.0037136281212865,0.0058095370925524,0.0012451095566751,637,0.016565634318243424,0.14285714285714285,304.0
706,0.1,85,124,13,1.0,124.0,0.0980187695516162,0.0117225604628476,0.0492079830055308,0.0053212335219572,0.0048729601732022,0.00134670362803,625,0.008241681521093286,0.058823529411764705,1083.0
706,0.2,169,223,13,1.0,223.0,0.0980187695516162,0.0101329393005606,0.0492079830055308,0.0045785747578389,0.0056186378747126,0.0013209570014314,625,0.013020516717325226,0.14285714285714285,840.0
706,0.3,254,314,13,1.0,314.0,0.0980187695516162,0.0090460471696233,0.0492079830055308,0.0040578859016351,0.0056186378747126,0.0012931967666541,625,0.005984625054392496,0.03333333333333333,1450.0
706,0.5,423,446,13,1.5,297.3333333333333,0.0980187695516162,0.0085243877918421,0.0570262908498661,0.0038149470225493,0.0056186378747126,0.0012966076007205,625,0.010306389013285563,0.05,780.0
707,0.1,80,121,12,1.0,121.0,0.0980187695516162,0.011521988297038,0.0570262908498661,0.005542845817275,0.0045513414488271,0.0013188525181025,615,0.010368182221630499,0.125,900.0
707,0.2,159,218,12,1.0,218.0,0.0980187695516162,0.0099731180224047,0.0570262908498661,0.0046136070322725,0.0052421649220672,0.0012953250225476,615,0.04873515373515373,0.8571428571428571,924.0
707,0.3,239,302,13,1.0,302.0,0.0980187695516162,0.0089220973834498,0.0570262908498661,0.0040355928943711,0.0056186378747126,0.0012431909782089,615,0.008357843137254902,0.0625,1116.0
707,0.5,397,431,13,1.5,287.3333333333333,0.0980187695516162,0.0083444423207662,0.0570262908498661,0.0037344993362847,0.0058095370925524,0.001250358813808,615,0.015147357723577237,0.125,680.0
708,0.1,84,126,13,1.0,126.0,0.0594369134515119,0.0103530463280202,0.0267679426794943,0.0040848237719698,0.0039254903849993,0.0011763239738916,624,0.02512789014570489,0.10344827586206896,1026.0
708,0.2,168,223,13,1.0,223.0,0.0980187695516162,0.0098944621873494,0.0464749058416465,0.0041890517701029,0.0039956275909326,0.0012303486070339,624,0.018687806127138783,0.14285714285714285,713.0
708,0.3,252,302,13,1.0,302.0,0.0980187695516162,0.009374417335939,0.0570262908498661,0.0041496950093636,0.0058095370925524,0.0012787245705664,624,0.007658730158730159,0.05555555555555555,248.0
708,0.5,419,422,13,1.5,281.3333333333333,0.0980187695516162,0.0086212434951494,0.0570262908498661,0.0039022990116823,0.0058095370925524,0.0012865381115007,624,0.014809634117367543,0.13333333333333333,510.0
709,0.1,83,120,13,1.0,120.0,0.0980187695516162,0.0112791101842196,0.0464749058416465,0.0045741906924074,0.0039956275909326,0.0011994984470001,631,0.010272750125691303,0.1,462.0
709,0.2,166,216,13,1.0,216.0,0.0980187695516162,0.0092978797358358,0.0570262908498661,0.0041657364242651,0.0045513414488271,0.0012034124277238,631,0.04170554845612054,0.7142857142857143,342.0
709,0.3,249,293,13,1.0,293.0,0.0980187695516162,0.0088082366799887,0.0570262908498661,0.0039478980568742,0.0056186378747126,0.0012019322026798,631,0.009068627450980393,0.1,988.0
709,0.5,415,429,13,1.5,286.0,0.0980187695516162,0.0084343879964317,0.0570262908498661,0.0037792574710049,0.0056186378747126,0.0012550624603991,631,0.005357142857142857,0.07142857142857142,338.0
710,0.1,85,125,13,1.0,125.0,0.0980187695516162,0.0119708029197079,0.0464749058416465,0.0051198088867897,0.0058095370925524,0.0012963205306341,628,0.019118251118251117,0.13636363636363635,1140.0
710,0.2,169,219,13,1.0,219.0,0.0980187695516162,0.0104322901043228,0.0464749058416465,0.0042577412844177,0.0058095370925524,0.001274420310794,628,0.0181838276246171,0.06666666666666667,3200.0
710,0.3,254,311,13,1.0,311.0,0.0980187695516162,0.009629537735248,0.0570262908498661,0.0041803440685118,0.0058095370925524,0.0012603942637969,628,0.013622291021671826,0.16666666666666666,880.0
710,0.5,423,447,13,1.571429,284.4544678760542,0.0980187695516162,0.0086102926939648,0.0570262908498661,0.0038180048351615,0.0058095370925524,0.0012628693970854,628,0.01270160395160395,0.06666666666666667,402.0
711,0.1,84,134,13,1.0,134.0,0.0980187695516162,0.0110967581280251,0.0570262908498661,0.0050745029665354,0.0058095370925524,0.0013267250686787,605,0.005455300764373545,0.058823529411764705,585.0
711,0.2,167,228,13,1.0,228.0,0.0980187695516162,0.0101211056839177,0.0570262908498661,0.0045588140684122,0.0058095370925524,0.0013007925772494,605,0.0145509830726549,0.09090909090909091,3042.0
711,0.3,250,308,13,1.0,308.0,0.0980187695516162,0.0095912950448924,0.0570262908498661,0.0043584597471768,0.0058095370925524,0.0012999623002087,605,0.016041666666666666,0.08333333333333333,531.0
711,0.5,416,426,13,1.5,284.0,0.0980187695516162,0.0087556972002329,0.0570262908498661,0.0039503841541603,0.0058095370925524,0.0012832490601055,605,0.020199166359050082,0.1,1475.0
712,0.1,87,131,13,1.0,131.0,0.0980187695516162,0.0109688049733739,0.0464749058416465,0.0048001510567693,0.0040871733233292,0.0013518376940553,641,0.01744927486306797,0.13333333333333333,840.0
712,0.2,174,241,13,1.0,241.0,0.0980187695516162,0.0104448357772402,0.0464749058416465,0.004596781900314,0.0056186378747126,0.0013514577561013,641,0.006231384307846077,0.043478260869565216,1408.0
712,0.3,260,319,13,1.0,319.0,0.0980187695516162,0.0095939801452008,0.0570262908498661,0.0043043298290826,0.0058095370925524,0.0013244687324761,641,0.018617891683929418,0.14285714285714285,600.0
712,0.5,433,443,13,1.5,295.3333333333333,0.0980187695516162,0.0085774073350484,0.0570262908498661,0.0037738264139865,0.0058095370925524,0.0012529410868264,641,0.011136904761904761,0.09523809523809523,252.0
713,0.1,81,125,12,1.0,125.0,0.0980187695516162,0.0112200208550573,0.0492079830055308,0.0049149143490968,0.0045513414488271,0.0012183412405163,622,0.010855683269476373,0.1111111111111111,216.0
713,0.2,161,221,13,1.0,221.0,0.0980187695516162,0.009526325971152,0.0570262908498661,0.0042377801271306,0.0048729601732022,0.0012361618747962,622,0.018155540819333925,0.125,928.0
713,0.3,242,304,13,1.0,304.0,0.0980187695516162,0.0088977004555183,0.0570262908498661,0.0039910995270457,0.0056186378747126,0.0012625746963154,622,0.003563829787234043,0.05,320.0
713,0.5,403,428,13,1.5,285.3333333333333,0.0980187695516162,0.0085856567881262,0.0570262908498661,0.0038233501844678,0.0056186378747126,0.0012679560061248,622,0.0031339031339031333,0.037037037037037035,400.0
714,0.1,83,119,12,1.0,119.0,0.0980187695516162,0.0117156351591731,0.0570262908498661,0.0053117978013087,0.0056186378747126,0.0013748984690543,631,0.024869594561471316,0.2,684.0
714,0.2,166,208,13,1.0,208.0,0.0980187695516162,0.0104876874949867,0.0570262908498661,0.0048697927693459,0.0056186378747126,0.0013575587221034,631,0.010102991057662658,0.06666666666666667,2010.0
714,0.3,249,298,13,1.0,298.0,0.0980187695516162,0.0096017243913192,0.0570262908498661,0.0044740820287806,0.0056186378747126,0.0013523381308566,631,0.022684011121317623,0.125,1300.0
714,0.5,415,426,13,1.666667,255.59994888001023,0.0980187695516162,0.0086284128126422,0.0570262908498661,0.0038508079463603,0.0056186378747126,0.0012725910030698,631,0.0126270468661773,0.14285714285714285,649.0
715,0.1,83,126,12,1.0,126.0,0.0980187695516162,0.0120909677739708,0.0464749058416465,0.0051382107846935,0.0039956275909326,0.0013030708960051,617,0.02438419150375672,0.3333333333333333,1512.0
715,0.2,166,223,13,1.0,223.0,0.0980187695516162,0.010764202247296,0.0570262908498661,0.0046174668200843,0.0039956275909326,0.0012668352947618,617,0.007590579710144927,0.06666666666666667,288.0
715,0.3,249,305,13,1.0,305.0,0.0980187695516162,0.0093334928802201,0.0570262908498661,0.0041105282320836,0.0056186378747126,0.0012406391711644,617,0.006081233806843563,0.047619047619047616,500.0
715,0.5,414,436,13,1.666667,261.5999476800105,0.0980187695516162,0.0086792434780112,0.0570262908498661,0.0038524460783931,0.0058095370925524,0.0012802035650756,617,0.02236466673423195,0.16666666666666666,722.0
716,0.1,85,132,13,1.0,132.0,0.0761209593326381,0.0111858943975731,0.0570262908498661,0.0047791000988622,0.0039956275909326,0.0012741288584395,624,0.011584940612400566,0.1111111111111111,3042.0
716,0.2,170,225,13,1.0,225.0,0.0980187695516162,0.010112385586838,0.0570262908498661,0.0044721670613272,0.0058095370925524,0.0013256180704501,624,0.009226190476190475,0.14285714285714285,720.0
716,0.3,255,309,13,1.0,309.0,0.0980187695516162,0.0094995123696136,0.0570262908498661,0.0043692705368967,0.0058095370925524,0.0013414769609178,624,0.07346235833946765,0.8571428571428571,660.0
716,0.5,425,442,13,1.333333,331.50008287502067,0.0980187695516162,0.0084623405791288,0.0570262908498661,0.0038302689049336,0.0058095370925524,0.0012701514478119,624,0.005386178861788618,0.08333333333333333,400.0
717,0.1,85,123,13,1.0,123.0,0.0980187695516162,0.0117330891765642,0.0570262908498661,0.0058524231070522,0.0052421649220672,0.0014086689025558,625,0.007877187366623985,0.07042253521126761,1300.0
717,0.2,169,229,13,1.0,229.0,0.0980187695516162,0.0099812850904553,0.0570262908498661,0.0046084517042726,0.0052421649220672,0.0012961733826079,625,0.016747594117161903,0.08,1140.0
717,0.3,254,306,13,1.0,306.0,0.0980187695516162,0.0090576376536015,0.0570262908498661,0.0040595563207903,0.0056186378747126,0.0012450810122831,625,0.043093786295005806,0.5714285714285714,462.0
717,0.5,422,441,13,1.75,252.0,0.0980187695516162,0.008514632825671,0.0570262908498661,0.0037560004900099,0.0058095370925524,0.0012794754365506,625,0.008621807091117043,0.1,690.0
718,0.1,84,128,12,1.0,128.0,0.0980187695516162,0.0131077294056308,0.0570262908498661,0.0061840367983514,0.0052421649220672,0.0014309794851746,613,0.0051641414141414144,0.03333333333333333,462.0
718,0.2,167,212,12,1.0,212.0,0.0980187695516162,0.0111407322879571,0.0570262908498661,0.0051066998566998,0.0056186378747126,0.0013643639823721,613,0.00877700730641907,0.058823529411764705,1450.0
718,0.3,251,301,12,1.0,301.0,0.0980187695516162,0.0096307407702513,0.0570262908498661,0.0042446352435384,0.0056186378747126,0.0012781094061186,613,0.005329457364341085,0.08333333333333333,312.0
718,0.5,417,430,12,1.666667,257.99994840001034,0.0980187695516162,0.0086815238741906,0.0570262908498661,0.003884839774012,0.0058095370925524,0.0012875462525731,613,0.0,0.0,364.0
719,0.1,79,118,13,1.0,118.0,0.0980187695516162,0.0126809352963008,0.0464749058416465,0.0049918830557272,0.0039254903849993,0.0011987131442661,607,0.010669997835848837,0.08333333333333333,1200.0
719,0.2,158,220,13,1.0,220.0,0.0980187695516162,0.0103042942459,0.0570262908498661,0.004386839722416,0.0056186378747126,0.0012460630563459,607,0.019138789052582154,0.08333333333333333,400.0
719,0.3,237,285,13,1.0,285.0,0.0980187695516162,0.0097030898413917,0.0570262908498661,0.0042151260097734,0.0058095370925524,0.0012925220929908,607,0.014166666666666666,0.25,486.0
719,0.5,394,418,13,1.5,278.6666666666667,0.0980187695516162,0.0085715283563919,0.0570262908498661,0.0036937189900793,0.0058095370925524,0.0012363830561693,607,0.006965579710144927,0.0625,184.0
720,0.1,83,124,13,1.0,124.0,0.0980187695516162,0.0116384674896565,0.0464749058416465,0.0050821197011992,0.0052421649220672,0.0013517474340712,629,0.010238123945020498,0.08333333333333333,649.0
720,0.2,166,221,13,1.0,221.0,0.0980187695516162,0.0104558387083075,0.0570262908498661,0.0046728277509175,0.0052421649220672,0.00132258448672,629,0.023839263592079614,0.125,3350.0
720,0.3,249,302,13,1.0,302.0,0.0980187695516162,0.0094710964097534,0.0570262908498661,0.0041276408420547,0.0052421649220672,0.0012763310869199,629,0.003125,0.0625,708.0
720,0.5,415,435,13,1.5,290.0,0.0980187695516162,0.0085553677801349,0.0570262908498661,0.0037290687505735,0.0058095370925524,0.0012295828268215,629,0.0066214382632293085,0.05970149253731343,1248.0
721,0.1,83,114,13,1.0,114.0,0.0980187695516162,0.0116349267328905,0.0464749058416465,0.0047672802775525,0.0039254903849993,0.0011327831914689,610,0.012085797326324269,0.08333333333333333,900.0
721,0.2,165,222,13,1.0,222.0,0.0980187695516162,0.0096619038224877,0.0464749058416465,0.0041697881428822,0.0058095370925524,0.0012301130031817,610,0.017360930383864673,0.125,684.0
721,0.3,248,303,13,1.0,303.0,0.0980187695516162,0.0091163443768776,0.0570262908498661,0.0040202126063063,0.0058095370925524,0.0012362537667653,610,0.011173463790752708,0.07142857142857142,1710.0
721,0.5,413,425,13,2.0,212.5,0.0980187695516162,0.0086119119180518,0.0570262908498661,0.0039028693824253,0.0058095370925524,0.0012630104971337,610,0.008110369174491913,0.04878048780487805,560.0
722,0.1,82,123,12,1.0,123.0,0.0980187695516162,0.0121908831184244,0.0570262908498661,0.0054511431254634,0.0052421649220672,0.001318922035105,614,0.04173468057366363,0.625,2400.0
722,0.2,164,221,13,1.0,221.0,0.0980187695516162,0.0110173210216146,0.0570262908498661,0.004931108791277,0.0052421649220672,0.001327460209679,614,0.009364984430773904,0.05555555555555555,1500.0
722,0.3,246,303,13,1.0,303.0,0.0980187695516162,0.0094949015235203,0.0570262908498661,0.004198186858789,0.0058095370925524,0.001287280377011,614,0.028392195767195767,0.2,2600.0
722,0.5,410,435,13,1.5,290.0,0.0980187695516162,0.0086368703031174,0.0570262908498661,0.00384677695364,0.0058095370925524,0.0012667267976561,614,0.011266166528702473,0.043478260869565216,885.0
723,0.1,81,120,12,1.0,120.0,0.0980187695516162,0.0123305526590197,0.0464749058416465,0.0054781627255171,0.0056186378747126,0.001352834066102,615,0.02318714783728643,0.25,558.0
723,0.2,161,215,13,1.0,215.0,0.0980187695516162,0.0108058297160316,0.0570262908498661,0.0047759918898082,0.0056186378747126,0.0013532555010912,615,0.013299135725011735,0.09523809523809523,720.0
723,0.3,241,293,13,1.0,293.0,0.0980187695516162,0.009580514401022,0.0570262908498661,0.0042420246057649,0.0058095370925524,0.0012966648989922,615,0.01060874210330732,0.0625,1005.0
723,0.5,401,430,13,1.75,245.7142857142857,0.0980187695516162,0.0085457235007395,0.0570262908498661,0.0037846277264689,0.0058095370925524,0.0012628571183341,615,0.00696058327637275,0.07142857142857142,570.0
724,0.1,83,119,13,1.0,119.0,0.0980187695516162,0.0123553070863381,0.0464749058416465,0.0049513629620758,0.0056186378747126,0.0012069756566642,626,0.006496948893974066,0.08695652173913043,1092.0
724,0.2,166,215,13,1.0,215.0,0.0980187695516162,0.0097291267550985,0.0464749058416465,0.0037810251455438,0.0056186378747126,0.00116722771595,626,0.007403935933347698,0.058823529411764705,448.0
724,0.3,249,285,13,1.0,285.0,0.0980187695516162,0.0092164718365255,0.0570262908498661,0.003771510889967,0.0056186378747126,0.0011667495678142,626,0.029304029304029304,0.25,288.0
724,0.5,415,421,13,1.5,280.6666666666667,0.0980187695516162,0.0085946614025397,0.0570262908498661,0.0036167106330323,0.0056186378747126,0.0012477927739004,626,0.005929487179487179,0.07692307692307693,440.0
725,0.1,83,128,13,1.0,128.0,0.0980187695516162,0.0112177398331594,0.0492079830055308,0.0051372225147829,0.0058095370925524,0.0013865844720779,613,0.005688934580444014,0.041666666666666664,897.0
725,0.2,166,223,13,1.0,223.0,0.0980187695516162,0.009871082078211,0.0570262908498661,0.004496267770472,0.0058095370925524,0.0013190391236662,613,0.009797482211275315,0.07142857142857142,1120.0
725,0.3,249,309,13,1.0,309.0,0.0980187695516162,0.0095231346028595,0.0570262908498661,0.0041411385204093,0.0058095370925524,0.001251462535854,613,0.015047452547452548,0.09523809523809523,504.0
725,0.5,414,420,13,1.5,280.0,0.0980187695516162,0.0085356770445403,0.0570262908498661,0.0036264338323405,0.0058095370925524,0.001228256704777,613,0.005833333333333334,0.06666666666666667,400.0
726,0.1,85,123,13,1.0,123.0,0.0761209593326381,0.0118263434980543,0.031948254360793,0.0048120957710247,0.0039956275909326,0.0012401770446542,632,0.02062487933653983,0.14285714285714285,1050.0
726,0.2,169,223,13,1.0,223.0,0.0980187695516162,0.0103994725447377,0.0464749058416465,0.0043697524392597,0.0058095370925524,0.0012866641445092,632,0.005329670329670329,0.047619047619047616,520.0
726,0.3,253,308,13,1.0,308.0,0.0980187695516162,0.0094491014720419,0.0570262908498661,0.0041234915514041,0.0058095370925524,0.0012837905184118,632,0.010437518954198116,0.0625,850.0
726,0.5,421,444,13,1.5,296.0,0.0980187695516162,0.0083067948031451,0.0570262908498661,0.0035446750078705,0.0058095370925524,0.0012474555610016,632,0.010720921590486808,0.07692307692307693,336.0
727,0.1,84,127,13,1.0,127.0,0.0980187695516162,0.0126197728933517,0.0570262908498661,0.0057199325112887,0.0044179097289399,0.0013534211315313,627,0.0182973263633641,0.14285714285714285,600.0
727,0.2,167,221,13,1.0,221.0,0.0980187695516162,0.0106964739854391,0.0570262908498661,0.0049368396307356,0.0052421649220672,0.0013421871131183,627,0.00513116269695217,0.05263157894736842,1121.0
727,0.3,250,289,13,1.0,289.0,0.0980187695516162,0.0095146688989034,0.0570262908498661,0.0042815893345265,0.0056186378747126,0.0012489097167956,627,0.00825,0.047619047619047616,1003.0
727,0.5,417,427,13,1.5,284.6666666666667,0.0980187695516162,0.0086399523312974,0.0570262908498661,0.0038109023561564,0.0058095370925524,0.001261115396886,627,0.0034382284382284386,0.038461538461538464,531.0
728,0.1,82,122,13,1.0,122.0,0.0980187695516162,0.0123164498538436,0.0464749058416465,0.0054103540428078,0.0056186378747126,0.0012958403206208,619,0.011943320453436374,0.1111111111111111,780.0
728,0.2,164,216,13,1.0,216.0,0.0980187695516162,0.0102440814119645,0.0464749058416465,0.0044424725540627,0.0058095370925524,0.0012728720249331,619,0.011214522753956525,0.06976744186046512,798.0
728,0.3,246,294,13,1.0,294.0,0.0980187695516162,0.0096188631865675,0.0464749058416465,0.0041021351215026,0.0058095370925524,0.0012128597861313,619,0.04517231134878194,0.8333333333333334,1794.0
728,0.5,409,410,13,1.714286,239.1666268055622,0.0980187695516162,0.0087260611917901,0.0570262908498661,0.0038360759695249,0.0058095370925524,0.0012380700971865,619,0.003018018018018018,0.03333333333333333,603.0
729,0.1,87,124,13,1.0,124.0,0.0980187695516162,0.0128073598170136,0.0464749058416465,0.0056914766689734,0.0056186378747126,0.0013274198519314,630,0.008843026667040678,0.0625,1440.0
729,0.2,173,220,13,1.0,220.0,0.0980187695516162,0.0101147028154327,0.0464749058416465,0.0042571487543037,0.0056186378747126,0.001209286169558,630,0.004872134038800705,0.06172839506172839,640.0
729,0.3,260,302,13,1.0,302.0,0.0980187695516162,0.0091741535401804,0.0464749058416465,0.0038683551132312,0.0058095370925524,0.0012012094123859,630,0.006564162817707911,0.04878048780487805,858.0
729,0.5,433,442,13,1.6,276.25,0.0980187695516162,0.0085779398789273,0.0570262908498661,0.0036806580948414,0.0058095370925524,0.0012268687777215,630,0.0018518518518518517,0.037037037037037035,375.0
730,0.1,83,125,12,1.0,125.0,0.0980187695516162,0.0118289885297184,0.0570262908498661,0.0056305450508007,0.0045513414488271,0.0013801152839231,616,0.021476925299982214,0.2222222222222222,493.0
730,0.2,165,224,13,1.0,224.0,0.0980187695516162,0.0104927007299269,0.0570262908498661,0.00465376870006,0.0045513414488271,0.0013144930974192,616,0.025733594980769305,0.16666666666666666,700.0
730,0.3,248,297,13,1.0,297.0,0.0980187695516162,0.0096761848586665,0.0570262908498661,0.0042316803547494,0.0056186378747126,0.001276461888741,616,0.0019230769230769232,0.038461538461538464,342.0
730,0.5,412,420,13,1.8,233.3333333333333,0.0980187695516162,0.0086747107602164,0.0570262908498661,0.0038176464810081,0.0056186378747126,0.0012518697359099,616,0.022617340843147295,0.16,760.0
731,0.1,80,129,13,1.0,129.0,0.0980187695516162,0.0105083622313294,0.0464749058416465,0.0045650143793519,0.0048729601732022,0.0013741856139431,613,0.011485290579784858,0.12121212121212122,936.0
731,0.2,159,213,13,1.0,213.0,0.0980187695516162,0.010221915434211,0.0492079830055308,0.0046179023495873,0.0052421649220672,0.0013709032349998,613,0.01873268493958149,0.1111111111111111,900.0
731,0.3,238,294,13,1.0,294.0,0.0980187695516162,0.0095018194973505,0.0492079830055308,0.0041890762386342,0.0058095370925524,0.0013257849932654,613,0.016199260781633577,0.1,1000.0
731,0.5,396,424,13,1.666667,254.3999491200102,0.0980187695516162,0.0085387687646329,0.0570262908498661,0.0038199801949615,0.0058095370925524,0.0012947928347779,613,0.016968498833290123,0.2,368.0
732,0.1,82,124,13,1.0,124.0,0.0980187695516162,0.0114114164620403,0.0464749058416465,0.0046775177302285,0.0056186378747126,0.0012812738625979,622,0.008937285987896126,0.05,1560.0
732,0.2,164,226,13,1.0,226.0,0.0980187695516162,0.0099938173060064,0.0464749058416465,0.0043945028045176,0.0058095370925524,0.001392616122242,622,0.006272163120567375,0.0625,805.0
732,0.3,246,301,13,1.0,301.0,0.0980187695516162,0.0095233476177773,0.0570262908498661,0.0042728613470034,0.0058095370925524,0.0013711493947135,622,0.007415618448637316,0.06,1360.0
732,0.5,409,427,13,1.75,244.0,0.0980187695516162,0.0086448364196701,0.0570262908498661,0.0037458101977733,0.0058095370925524,0.0013000418770993,622,0.00904399766899767,0.0625,900.0
733,0.1,83,128,13,1.0,128.0,0.0980187695516162,0.0107452424400416,0.0492079830055308,0.0048190340820349,0.0056186378747126,0.0013554506373317,636,0.012476360241066123,0.09090909090909091,399.0
733,0.2,165,230,13,1.0,230.0,0.0980187695516162,0.0099016185337987,0.0570262908498661,0.0046063917530369,0.0056186378747126,0.0013442321782389,636,0.004434760641657194,0.034482758620689655,425.0
733,0.3,247,315,13,1.0,315.0,0.0980187695516162,0.0093483622159325,0.0570262908498661,0.0042146803442347,0.0056186378747126,0.0012930924944038,636,0.010999584706481259,0.07692307692307693,900.0
733,0.5,411,441,13,1.666667,264.5999470800106,0.0980187695516162,0.008599755508738,0.0570262908498661,0.0038111433899813,0.0058095370925524,0.0012667373235358,636,0.011722785223929388,0.10526315789473684,750.0
734,0.1,85,126,13,1.0,126.0,0.0980187695516162,0.0124054487975238,0.0464749058416465,0.0052735385652018,0.0058095370925524,0.001267420770547,620,0.005008503401360544,0.041666666666666664,504.0
734,0.2,170,226,13,1.0,226.0,0.0980187695516162,0.0103813891682891,0.0570262908498661,0.0045579402050533,0.0058095370925524,0.0013283415569904,620,0.021834748374122186,0.2,2400.0
734,0.3,255,313,13,1.0,313.0,0.0980187695516162,0.0092082074311965,0.0570262908498661,0.0040406343130124,0.0058095370925524,0.0012520988183531,620,0.014758107389686336,0.1111111111111111,520.0
734,0.5,425,460,13,1.5,306.6666666666667,0.0980187695516162,0.0084848347463389,0.0570262908498661,0.0037452265805259,0.0058095370925524,0.0012687073511969,620,0.013549570996379507,0.07692307692307693,1200.0
735,0.1,86,117,13,1.0,117.0,0.0980187695516162,0.0119515520975374,0.0570262908498661,0.0054854958437645,0.0039956275909326,0.0013101962049037,646,0.008121413667188316,0.05555555555555555,1302.0
735,0.2,172,225,13,1.0,225.0,0.0980187695516162,0.0105155833622986,0.0570262908498661,0.0047791324745067,0.0052421649220672,0.0012920932746206,646,0.013238075738075738,0.1111111111111111,336.0
735,0.3,258,316,13,1.0,316.0,0.0980187695516162,0.0096817623843401,0.0570262908498661,0.0043239244553955,0.0052421649220672,0.0012768873988455,646,0.008023286033577628,0.05,2200.0
735,0.5,429,445,13,1.5,296.6666666666667,0.0980187695516162,0.0083771719136272,0.0570262908498661,0.0036865090688795,0.0056186378747126,0.0012362649621814,646,0.004059829059829059,0.05555555555555555,300.0
736,0.1,79,120,12,1.0,120.0,0.0980187695516162,0.0125477928397635,0.0570262908498661,0.0058728130058926,0.0058095370925524,0.0014268424161771,615,0.022634652610262367,0.12,1500.0
736,0.2,158,215,13,1.0,215.0,0.0980187695516162,0.0110871304896087,0.0570262908498661,0.0051387021385951,0.0058095370925524,0.0014139184459476,615,0.010508011249791522,0.038461538461538464,1400.0
736,0.3,237,291,13,1.0,291.0,0.0980187695516162,0.0099831941204504,0.0570262908498661,0.0045506780059345,0.0058095370925524,0.0013652298691671,615,0.011566517405748952,0.14285714285714285,480.0
736,0.5,395,418,13,1.571429,265.99992745456524,0.0980187695516162,0.00878107677954,0.0570262908498661,0.003869380824845,0.0058095370925524,0.0012938099471905,615,0.01579325959884036,0.09090909090909091,510.0
737,0.1,82,137,13,1.0,137.0,0.0980187695516162,0.0101078526141128,0.0492079830055308,0.0044531856462977,0.0048729601732022,0.0013232116796355,616,0.01123968384688472,0.06666666666666667,598.0
737,0.2,163,227,13,1.0,227.0,0.0980187695516162,0.0097384849306132,0.0570262908498661,0.0045224203184409,0.0058095370925524,0.0013012066266393,616,0.025801698876365235,0.16666666666666666,1600.0
737,0.3,245,314,13,1.0,314.0,0.0980187695516162,0.0092486201789283,0.0570262908498661,0.0041954531732415,0.0058095370925524,0.0013102174122758,616,0.00855830753353973,0.06666666666666667,780.0
737,0.5,407,434,13,1.5,289.3333333333333,0.0980187695516162,0.0085870938910058,0.0570262908498661,0.003860946326232,0.0058095370925524,0.0012820121992139,616,0.005112992270887008,0.030303030303030304,440.0
738,0.1,85,119,12,1.0,119.0,0.0980187695516162,0.0121450039869962,0.0570262908498661,0.0050505477241463,0.0034225241115278,0.0011343775693659,638,0.022895536055983816,0.16666666666666666,1300.0
738,0.2,169,211,12,1.0,211.0,0.0980187695516162,0.0109217243475381,0.0570262908498661,0.004612938558487,0.0039956275909326,0.0012076116187667,638,0.014658730158730158,0.08333333333333333,546.0
738,0.3,253,294,13,1.0,294.0,0.0980187695516162,0.0098068424450071,0.0570262908498661,0.0041702976588776,0.0056186378747126,0.0012046693995288,638,0.036615268256892305,0.38461538461538464,2000.0
738,0.5,421,432,13,1.5,288.0,0.0980187695516162,0.0085761595798091,0.0570262908498661,0.003821654799927,0.0058095370925524,0.001225473665907,638,0.0041666666666666675,0.05,840.0
739,0.1,82,125,13,1.0,125.0,0.0980187695516162,0.0108112617309697,0.0464749058416465,0.0042419560408858,0.0044179097289399,0.0012256526395051,622,0.01431049925951242,0.08333333333333333,1482.0
739,0.2,163,217,13,1.0,217.0,0.0980187695516162,0.0104371393012113,0.0570262908498661,0.0047438117761156,0.0058095370925524,0.0013376611528659,622,0.009035872413481522,0.07142857142857142,960.0
739,0.3,244,302,13,1.0,302.0,0.0980187695516162,0.0094296625209758,0.0570262908498661,0.0042255963901475,0.0058095370925524,0.0013146676312989,622,0.007280236063130799,0.07142857142857142,737.0
739,0.5,406,424,13,1.333333,318.00007950001987,0.0980187695516162,0.008401046687784,0.0570262908498661,0.0036701498109344,0.0058095370925524,0.0012519427102886,622,0.003393425238600212,0.043478260869565216,320.0
740,0.1,85,117,13,1.0,117.0,0.0980187695516162,0.0121208880332967,0.0464749058416465,0.0049525258373301,0.0039956275909326,0.0012263849326104,623,0.007409205570612412,0.0625,648.0
740,0.2,169,225,13,1.0,225.0,0.0980187695516162,0.0102838605028385,0.0570262908498661,0.004636997670482,0.0058095370925524,0.0013206138872187,623,0.011434331797235023,0.125,980.0
740,0.3,254,307,13,1.0,307.0,0.0980187695516162,0.0095206393739406,0.0570262908498661,0.0043124200764565,0.0058095370925524,0.001299809391162,623,0.035292415917415915,0.2857142857142857,780.0
740,0.5,422,436,13,1.666667,261.5999476800105,0.0980187695516162,0.0086194526025771,0.0570262908498661,0.0038129536066763,0.0058095370925524,0.0012770360478824,623,0.004986802413273002,0.041666666666666664,540.0
741,0.1,79,118,12,1.0,118.0,0.0980187695516162,0.0131581272865449,0.0464749058416465,0.0053961927831562,0.0039956275909326,0.0012277353053146,604,0.009567149671316338,0.07142857142857142,1040.0
741,0.2,158,220,12,1.0,220.0,0.0980187695516162,0.0107213953929281,0.0464749058416465,0.0044808912974016,0.0058095370925524,0.0012883320414788,604,0.014035470049351895,0.125,912.0
741,0.3,236,290,12,1.0,290.0,0.0980187695516162,0.0096364747761676,0.0570262908498661,0.0040970646971267,0.0058095370925524,0.0012528934103822,604,0.059853867541466176,1.0,540.0
741,0.5,393,411,13,1.5,274.0,0.0980187695516162,0.008694681452953,0.0570262908498661,0.0038565211915775,0.0058095370925524,0.0012749736916983,604,0.0072802197802197795,0.10714285714285714,360.0
742,0.1,84,124,12,1.0,124.0,0.0980187695516162,0.0133960106293517,0.0492079830055308,0.0063010225938466,0.0056186378747126,0.0014435083360754,627,0.018762281046847278,0.09523809523809523,899.0
742,0.2,167,219,13,1.0,219.0,0.0980187695516162,0.0105989401059893,0.0492079830055308,0.0047532876866267,0.0056186378747126,0.0012750783324688,627,0.005312451920611314,0.03225806451612903,1100.0
742,0.3,251,295,13,1.0,295.0,0.0980187695516162,0.0092787331436347,0.0492079830055308,0.0040337640512772,0.0056186378747126,0.0012028760596443,627,0.010160527116185484,0.10416666666666667,912.0
742,0.5,417,426,13,1.6,266.25,0.0980187695516162,0.0086430994727488,0.0570262908498661,0.0038411483094476,0.0058095370925524,0.0012557465395293,627,0.022177540991582735,0.11764705882352941,280.0
743,0.1,84,122,12,1.0,122.0,0.0980187695516162,0.011701054718884,0.0464749058416465,0.0047550385314709,0.0056186378747126,0.0013038456194808,620,0.01292856926708225,0.08333333333333333,960.0
743,0.2,167,216,13,1.0,216.0,0.0980187695516162,0.010610975939443,0.0464749058416465,0.0045981779691458,0.0056186378747126,0.0013176793651208,620,0.023872164906427188,0.1111111111111111,588.0
743,0.3,250,296,13,1.0,296.0,0.0980187695516162,0.0095961446326409,0.0570262908498661,0.0042629827750748,0.0058095370925524,0.0013016774766228,620,0.0035759897828863347,0.037037037037037035,196.0
743,0.5,417,436,13,1.5,290.6666666666667,0.0980187695516162,0.0085309621069347,0.0570262908498661,0.0038032655813367,0.0058095370925524,0.0012616769883479,620,0.009647954959430369,0.1111111111111111,792.0
744,0.1,84,126,12,1.0,126.0,0.0980187695516162,0.0122895873677937,0.0570262908498661,0.0055227293027819,0.0044179097289399,0.0013827452878956,615,0.010285622522712127,0.05,1040.0
744,0.2,167,229,13,1.0,229.0,0.0980187695516162,0.0105094917831984,0.0570262908498661,0.004696828336594,0.0052421649220672,0.0013461983497448,615,0.013107753357753358,0.125,1475.0
744,0.3,250,311,13,1.0,311.0,0.0980187695516162,0.0093311293583548,0.0570262908498661,0.0042048584522883,0.0052421649220672,0.0013053928998801,615,0.017128144682988997,0.08333333333333333,531.0
744,0.5,416,427,13,1.666667,256.1999487600103,0.0980187695516162,0.0086448364196701,0.0570262908498661,0.0038164388634275,0.0058095370925524,0.001277530069878,615,0.008187134502923975,0.05555555555555555,336.0
745,0.1,83,127,13,1.0,127.0,0.0980187695516162,0.012135344395819,0.0570262908498661,0.0052094360900737,0.0040871733233292,0.001335840178757,617,0.030248015873015878,0.5,800.0
745,0.2,165,225,13,1.0,225.0,0.0980187695516162,0.0104877766191634,0.0570262908498661,0.0045089773384739,0.0056186378747126,0.0012801812072417,617,0.007226574140294416,0.058823529411764705,1534.0
745,0.3,247,300,13,1.0,300.0,0.0980187695516162,0.0093778241223496,0.0570262908498661,0.0041176849883313,0.0056186378747126,0.0012593437385856,617,0.010854492465837955,0.07142857142857142,819.0
745,0.5,411,437,13,1.5,291.3333333333333,0.0980187695516162,0.008382587697425,0.0570262908498661,0.0036884030309865,0.0056186378747126,0.0012530042369699,617,0.016645576645576646,0.09090909090909091,450.0
746,0.1,83,120,13,1.0,120.0,0.0980187695516162,0.0116006256517205,0.0570262908498661,0.005158153178108,0.0038790328069506,0.0011928086957364,622,0.014821401863567701,0.1,944.0
746,0.2,166,223,13,1.0,223.0,0.0980187695516162,0.0097775616416577,0.0570262908498661,0.0044205151715422,0.0052421649220672,0.0012643577273433,622,0.011682730063539658,0.10869565217391304,608.0
746,0.3,248,302,13,1.0,302.0,0.0980187695516162,0.0094469266412998,0.0570262908498661,0.0040865126295539,0.0052421649220672,0.0012595190782632,622,0.011486568986568987,0.1,600.0
746,0.5,413,433,13,1.555556,278.3570633265534,0.0980187695516162,0.0087080701365692,0.0570262908498661,0.0038650627142625,0.0056186378747126,0.0012589914501561,622,0.03637741091349505,0.625,896.0
747,0.1,84,125,13,1.0,125.0,0.0980187695516162,0.0126298227320124,0.0464749058416465,0.0055303612251186,0.0058095370925524,0.0013979135369493,621,0.009061167945439045,0.06666666666666667,1596.0
747,0.2,167,239,13,1.0,239.0,0.0980187695516162,0.0101744756785528,0.0570262908498661,0.0045782070133118,0.0058095370925524,0.0012841307473837,621,0.010389102815573403,0.09090909090909091,672.0
747,0.3,250,328,13,1.0,328.0,0.0980187695516162,0.0094261044278846,0.0570262908498661,0.0042774168482021,0.0058095370925524,0.0012761867761399,621,0.0047619047619047615,0.09523809523809523,261.0
747,0.5,416,430,13,2.0,215.0,0.0980187695516162,0.0087445740475785,0.0570262908498661,0.0039418792741339,0.0058095370925524,0.0012677869513663,621,0.011618874773139746,0.10526315789473684,375.0
748,0.1,77,116,12,1.0,116.0,0.0980187695516162,0.0126029268994282,0.0464749058416465,0.0053585497808323,0.0056186378747126,0.001351586924085,593,0.011554884180678026,0.1,1829.0
748,0.2,154,208,13,1.0,208.0,0.0980187695516162,0.0101518007539904,0.0464749058416465,0.0042585019226796,0.0058095370925524,0.0013116853465712,593,0.012590579710144928,0.07407407407407407,210.0
748,0.3,231,290,13,1.0,290.0,0.0980187695516162,0.0092445435259429,0.0464749058416465,0.0038379766301442,0.0058095370925524,0.001229355240542,593,0.05145648714031067,0.7142857142857143,832.0
748,0.5,385,411,13,1.8,228.3333333333333,0.0980187695516162,0.0088672050417481,0.0570262908498661,0.0040039475623194,0.0058095370925524,0.001286243525187,593,0.0047964098089348425,0.03125,469.0
749,0.1,86,121,12,1.0,121.0,0.0980187695516162,0.0125992123337842,0.0464749058416465,0.005273177032554,0.0056186378747126,0.0012685545551693,634,0.008875633410517132,0.045454545454545456,3120.0
749,0.2,172,221,13,1.0,221.0,0.0980187695516162,0.0098896380562331,0.0464749058416465,0.0040379396423221,0.0056186378747126,0.0011811703848212,634,0.004463917911845111,0.037037037037037035,1900.0
749,0.3,258,317,13,1.0,317.0,0.0980187695516162,0.0090689894507619,0.0492079830055308,0.0039232016737084,0.0058095370925524,0.0011849870816229,634,0.01106875235343489,0.09090909090909091,800.0
749,0.5,430,434,13,2.0,217.0,0.0980187695516162,0.0085967045165134,0.0570262908498661,0.0037514351683913,0.0058095370925524,0.0012276518191824,634,0.0018518518518518517,0.037037037037037035,585.0
750,0.1,81,120,13,1.0,120.0,0.0980187695516162,0.0116353840806395,0.0464749058416465,0.0047099996395913,0.0039254903849993,0.0012267424473632,612,0.01573350522628295,0.1111111111111111,2223.0
750,0.2,161,206,13,1.0,206.0,0.0980187695516162,0.0105490144466828,0.0570262908498661,0.0047921119266298,0.0056186378747126,0.0012990071350104,612,0.0008064516129032258,0.016129032258064516,992.0
750,0.3,242,280,13,1.0,280.0,0.0980187695516162,0.0094853269775062,0.0570262908498661,0.0043034188284987,0.0056186378747126,0.0012789437992161,612,0.017834682318568783,0.11764705882352941,1085.0
750,0.5,402,416,13,1.5,277.3333333333333,0.0980187695516162,0.0085525788080532,0.0570262908498661,0.0038284803841476,0.0058095370925524,0.0012906250318929,612,0.003943452380952381,0.047619047619047616,552.0
751,0.1,81,127,12,1.0,127.0,0.0980187695516162,0.0128743031208689,0.0464749058416465,0.0056389682348632,0.0058095370925524,0.0014511072405354,584,0.015156690548482604,0.09090909090909091,690.0
751,0.2,161,216,13,1.0,216.0,0.0980187695516162,0.0113640752326883,0.0570262908498661,0.0051384632654152,0.0058095370925524,0.0014041343975635,584,0.01224589240968059,0.1111111111111111,1600.0
751,0.3,241,288,13,1.0,288.0,0.0980187695516162,0.0103406326034062,0.0570262908498661,0.0046072005856726,0.0058095370925524,0.0013496153737003,584,0.0062520579307506294,0.05263157894736842,1092.0
751,0.5,402,411,13,2.0,205.5,0.0980187695516162,0.0089585410593455,0.0570262908498661,0.0040659539802412,0.0058095370925524,0.0013052706438424,584,0.00685863317010858,0.06666666666666667,840.0
752,0.1,83,125,12,1.0,125.0,0.0980187695516162,0.0117956204379561,0.0492079830055308,0.005580556748687,0.0056186378747126,0.0013560730005921,613,0.011484460060876268,0.06451612903225806,1302.0
752,0.2,166,214,12,1.0,214.0,0.0980187695516162,0.0106273084307056,0.0492079830055308,0.0048648224033254,0.0056186378747126,0.0013272425823751,613,0.010950024437927664,0.0625,375.0
752,0.3,249,290,12,1.0,290.0,0.0980187695516162,0.0099636834346121,0.0570262908498661,0.0045736768402944,0.0056186378747126,0.0013248872553618,613,0.005934873949579832,0.047619047619047616,1000.0
752,0.5,415,419,13,1.666667,251.39994972001008,0.0980187695516162,0.0087426988634242,0.0570262908498661,0.0039873471235501,0.0056186378747126,0.0012954181049547,613,0.014567578201849302,0.1,294.0
753,0.1,85,127,12,1.0,127.0,0.0980187695516162,0.0130877800858833,0.0464749058416465,0.0054864489000137,0.0052421649220672,0.0014133008938333,600,0.010315650182308423,0.08139534883720931,1170.0
753,0.2,169,219,13,1.0,219.0,0.0980187695516162,0.0107036915356082,0.0464749058416465,0.0045196943816932,0.0052421649220672,0.0012872021542596,600,0.008333333333333333,0.125,600.0
753,0.3,253,292,13,1.0,292.0,0.0980187695516162,0.0097561672404187,0.0570262908498661,0.0043773448368017,0.0052421649220672,0.0012745136340942,600,0.034904153335622905,0.5,2166.0
753,0.5,421,424,13,1.666667,254.3999491200102,0.0980187695516162,0.0086937061010879,0.0570262908498661,0.0039160615724548,0.0056186378747126,0.0012896170508903,600,0.018876847290640396,0.2,560.0
754,0.1,84,130,12,1.0,130.0,0.0980187695516162,0.0121280179674339,0.0464749058416465,0.0052419794525219,0.0058095370925524,0.0014293402734221,623,0.017994505494505493,0.1111111111111111,900.0
754,0.2,167,218,12,1.0,218.0,0.0980187695516162,0.0106188594770928,0.0570262908498661,0.0050082446198897,0.0058095370925524,0.0013712444806928,623,0.009978213507625271,0.07407407407407407,1000.0
754,0.3,251,301,12,1.0,301.0,0.0980187695516162,0.0097693125798952,0.0570262908498661,0.0045604855295285,0.0058095370925524,0.0013383834331696,623,0.012042124542124541,0.06666666666666667,315.0
754,0.5,418,428,13,1.5,285.3333333333333,0.0980187695516162,0.0089072534669096,0.0570262908498661,0.0039896760103733,0.0058095370925524,0.0012828002233746,623,0.011663510101010102,0.09090909090909091,459.0
755,0.1,85,134,12,1.0,134.0,0.0980187695516162,0.0121706379468662,0.0492079830055308,0.0056913545817888,0.0056186378747126,0.0013756655861974,636,0.01345510626158893,0.1111111111111111,988.0
755,0.2,170,240,12,1.0,240.0,0.0980187695516162,0.0102971845672575,0.0492079830055308,0.0046520123243351,0.0058095370925524,0.001328808842563,636,0.0034855769230769233,0.038461538461538464,286.0
755,0.3,255,319,13,1.0,319.0,0.0980187695516162,0.0094828403411337,0.0570262908498661,0.0042665660187509,0.0058095370925524,0.0013205549186513,636,0.027269772851669406,0.375,460.0
755,0.5,425,439,13,1.75,250.8571428571429,0.0980187695516162,0.0084560369215274,0.0570262908498661,0.0037395599269819,0.0058095370925524,0.0012790296375802,636,0.011543615984405457,0.08333333333333333,598.0
756,0.1,81,124,13,1.0,124.0,0.0980187695516162,0.013850112684584,0.0570262908498661,0.0060657794800282,0.0056186378747126,0.0013937151229901,602,0.009038868970013037,0.06779661016949153,650.0
756,0.2,161,210,13,1.0,210.0,0.0980187695516162,0.0112964893986791,0.0570262908498661,0.0048079168367808,0.0056186378747126,0.0013081608494011,602,0.006055996472663139,0.07142857142857142,1600.0
756,0.3,242,285,13,1.0,285.0,0.0980187695516162,0.010098238296471,0.0570262908498661,0.0042736515252048,0.0056186378747126,0.0012804120011924,602,0.002040816326530612,0.04081632653061224,378.0
756,0.5,403,409,13,1.666667,245.39995092000984,0.0980187695516162,0.0089997985880768,0.0570262908498661,0.0039888026181685,0.0058095370925524,0.00128824097605,602,0.004819260254042863,0.047619047619047616,345.0
757,0.1,83,124,13,1.0,124.0,0.0980187695516162,0.0123112112751858,0.0464749058416465,0.0052463281788108,0.0056186378747126,0.0013028439500003,644,0.029790553078862348,0.5555555555555556,3600.0
757,0.2,166,227,13,1.0,227.0,0.0980187695516162,0.0100003215537476,0.0492079830055308,0.0043894843736784,0.0056186378747126,0.001260471294795,644,0.03195342035718494,0.2,1357.0
757,0.3,249,311,13,1.0,311.0,0.0980187695516162,0.0092003661370196,0.0570262908498661,0.0040268152366788,0.0056186378747126,0.0011867563052013,644,0.011786063398966625,0.14285714285714285,338.0
757,0.5,415,442,13,1.666667,265.1999469600106,0.0980187695516162,0.0085000872892671,0.0570262908498661,0.0038024800840036,0.0056186378747126,0.0012407181415616,644,0.0025,0.05,475.0
758,0.1,84,120,13,1.0,120.0,0.0980187695516162,0.0122523461939519,0.0464749058416465,0.0050282497334173,0.0056186378747126,0.0012473417540134,627,0.013570689312469584,0.1111111111111111,546.0
758,0.2,168,222,13,1.0,222.0,0.0980187695516162,0.0103523753158789,0.0464749058416465,0.0043259260752048,0.0056186378747126,0.0012488600165248,627,0.012363875847234982,0.07692307692307693,1062.0
758,0.3,252,301,13,1.0,301.0,0.0980187695516162,0.0092392754080073,0.0464749058416465,0.0039408288977783,0.0056186378747126,0.0012320935921626,627,0.01689503732981994,0.2,1224.0
758,0.5,419,435,13,2.0,217.5,0.0980187695516162,0.0085601620461927,0.0570262908498661,0.0038074905789559,0.0058095370925524,0.0012564100851005,627,0.010350378787878789,0.07142857142857142,330.0
759,0.1,82,130,13,1.0,130.0,0.0980187695516162,0.0100264698804844,0.0464749058416465,0.0040920348961285,0.0058095370925524,0.0011870641225654,616,0.04829234372712633,0.5555555555555556,588.0
759,0.2,163,226,13,1.0,226.0,0.0980187695516162,0.0095970175422406,0.0570262908498661,0.0042250290149083,0.0058095370925524,0.0012301048834034,616,0.011719185784975258,0.1111111111111111,578.0
759,0.3,244,306,13,1.0,306.0,0.0980187695516162,0.00895881466942,0.0570262908498661,0.0039250041044585,0.0058095370925524,0.0012331159846569,616,0.007739561980796203,0.07692307692307693,442.0
759,0.5,406,444,13,1.5,296.0,0.0980187695516162,0.0085393005101033,0.0570262908498661,0.0037708177817363,0.0058095370925524,0.0012453730972485,616,0.014706533776301217,0.1111111111111111,1541.0
760,0.1,85,127,12,1.0,127.0,0.0980187695516162,0.0129399883408734,0.0570262908498661,0.0060167133700122,0.0056186378747126,0.001447305855976,605,0.012635198135198136,0.08333333333333333,754.0
760,0.2,169,217,13,1.0,217.0,0.0980187695516162,0.0108503961980365,0.0570262908498661,0.0048369687703029,0.0056186378747126,0.0013526387786493,605,0.012336634767999935,0.09090909090909091,1520.0
760,0.3,253,305,13,1.0,305.0,0.0980187695516162,0.0095352057300124,0.0570262908498661,0.0040938050903087,0.0056186378747126,0.001261679790959,605,0.014447052006374039,0.08333333333333333,378.0
760,0.5,421,429,13,1.5,286.0,0.0980187695516162,0.0087600963513371,0.0570262908498661,0.0039572679767008,0.0056186378747126,0.0012914119925697,605,0.006439393939393939,0.08333333333333333,900.0
761,0.1,82,128,13,1.0,128.0,0.0761209593326381,0.0118531673618351,0.0570262908498661,0.0053204494841196,0.0045513414488271,0.0012698219399358,613,0.007441094941094942,0.08333333333333333,312.0
761,0.2,164,221,13,1.0,221.0,0.0980187695516162,0.0102435134637796,0.0570262908498661,0.0044505073015841,0.0045513414488271,0.0012629985692689,613,0.015373827009383922,0.1111111111111111,936.0
761,0.3,246,297,13,1.0,297.0,0.0980187695516162,0.0093847758081334,0.0570262908498661,0.0042112244183898,0.0056186378747126,0.0012617797368144,613,0.0035759897828863347,0.037037037037037035,225.0
761,0.5,409,425,13,1.666667,254.99994900001025,0.0980187695516162,0.0086389008158007,0.0570262908498661,0.003867129089839,0.0056186378747126,0.0012749150279717,613,0.020970307999284513,0.08695652173913043,680.0
762,0.1,86,127,12,1.0,127.0,0.0980187695516162,0.0109365891307381,0.0464749058416465,0.0042511537586065,0.0039254903849993,0.0011732700786381,645,0.006529629921881164,0.05263157894736842,600.0
762,0.2,171,227,13,1.0,227.0,0.0980187695516162,0.0094398993077406,0.0570262908498661,0.0040159311927935,0.0045513414488271,0.0011917962363571,645,0.008466644722405091,0.06666666666666667,1015.0
762,0.3,257,306,13,1.0,306.0,0.0980187695516162,0.0090371915189432,0.0570262908498661,0.0038689908772084,0.0045513414488271,0.0011927272871997,645,0.005572755417956656,0.058823529411764705,720.0
762,0.5,428,442,13,1.5,294.6666666666667,0.0980187695516162,0.0083538187874812,0.0570262908498661,0.0036764991096554,0.0058095370925524,0.001220097967223,645,0.02034155436901432,0.2,484.0
763,0.1,81,119,13,1.0,119.0,0.0980187695516162,0.0118383119671225,0.0492079830055308,0.005383239367316,0.0056186378747126,0.0014492994816971,611,0.013240649799748507,0.10714285714285714,2500.0
763,0.2,162,209,13,1.0,209.0,0.0980187695516162,0.0105971631134903,0.0492079830055308,0.0048737801678503,0.0056186378747126,0.001390826020323,611,0.0116593567251462,0.1,912.0
763,0.3,243,291,13,1.0,291.0,0.0980187695516162,0.0094456926423213,0.0492079830055308,0.0042861722965522,0.0056186378747126,0.0013320899709183,611,0.013646191574884276,0.1111111111111111,720.0
763,0.5,404,420,13,1.75,240.0,0.0980187695516162,0.0085207805750036,0.0570262908498661,0.0037854245000558,0.0056186378747126,0.001301532692452,611,0.016928663713547433,0.07142857142857142,800.0
764,0.1,82,125,13,1.0,125.0,0.0980187695516162,0.0124713242961417,0.0464749058416465,0.0051595357908854,0.0056186378747126,0.0013499999737021,614,0.007000436515580477,0.06060606060606061,1500.0
764,0.2,164,212,13,1.0,212.0,0.0980187695516162,0.0110079288567099,0.0570262908498661,0.0049941560065037,0.0056186378747126,0.0013403789797807,614,0.007297237076648841,0.058823529411764705,323.0
764,0.3,246,293,13,1.0,293.0,0.0980187695516162,0.0096943986732481,0.0570262908498661,0.0043445947687452,0.0056186378747126,0.0013063314791313,614,0.020602662629742974,0.1,2000.0
764,0.5,410,433,13,1.5,288.6666666666667,0.0980187695516162,0.0086117419270939,0.0570262908498661,0.0038438558785437,0.0058095370925524,0.0012841944783753,614,0.001282051282051282,0.02564102564102564,900.0
765,0.1,83,127,13,1.0,127.0,0.0980187695516162,0.0108709039107337,0.0570262908498661,0.0051084084806536,0.0045513414488271,0.0013882171192505,613,0.020500574721837077,0.1,1180.0
765,0.2,165,223,13,1.0,223.0,0.0980187695516162,0.0097401534670363,0.0570262908498661,0.0045287260102747,0.0056186378747126,0.0013852508532489,613,0.028144459706959706,0.125,575.0
765,0.3,247,304,13,1.0,304.0,0.0980187695516162,0.0089079907798693,0.0570262908498661,0.0040034182157572,0.0056186378747126,0.0012937283180776,613,0.011961959843889595,0.06666666666666667,4400.0
765,0.5,412,427,13,2.0,213.5,0.0980187695516162,0.0084226103987125,0.0570262908498661,0.0037484489315629,0.0058095370925524,0.0012643018854567,613,0.008422058422058423,0.1111111111111111,1400.0
766,0.1,86,133,12,1.0,133.0,0.0980187695516162,0.0106235348538185,0.0464749058416465,0.004421499732637,0.0058095370925524,0.0012612728135296,614,0.01229860365198711,0.1111111111111111,828.0
766,0.2,171,237,13,1.0,237.0,0.0980187695516162,0.009525569444261,0.0464749058416465,0.0040237180196074,0.0058095370925524,0.0012916516140251,614,0.013172043010752688,0.14285714285714285,624.0
766,0.3,257,310,13,1.0,310.0,0.0980187695516162,0.0098725150526421,0.0570262908498661,0.0044266378282128,0.0058095370925524,0.0013319247097878,614,0.01606382978723404,0.3,728.0
766,0.5,427,425,13,1.4,303.5714285714286,0.0980187695516162,0.0088106483469299,0.0570262908498661,0.003969180723762,0.0058095370925524,0.0012830986932057,614,0.003333333333333333,0.06666666666666667,484.0
767,0.1,86,134,13,1.0,134.0,0.0980187695516162,0.01006956873609,0.0570262908498661,0.0041898629262832,0.0044179097289399,0.0012996147621936,627,0.004982480580884836,0.05,938.0
767,0.2,172,242,13,1.0,242.0,0.0980187695516162,0.0101948482837666,0.0570262908498661,0.0046115407110377,0.0056186378747126,0.0013799728171196,627,0.0066417987680488805,0.04878048780487805,1541.0
767,0.3,258,309,13,1.0,309.0,0.0980187695516162,0.0093881504128828,0.0570262908498661,0.0041752256028189,0.0056186378747126,0.0013163181602283,627,0.040728034067699724,0.4,588.0
767,0.5,429,438,13,1.666667,262.79994744001056,0.0980187695516162,0.0084967693706819,0.0570262908498661,0.003736897345118,0.0058095370925524,0.0012459075275672,627,0.005276000116887292,0.058823529411764705,350.0
768,0.1,83,119,13,1.0,119.0,0.0980187695516162,0.0123903576028951,0.0570262908498661,0.0057146283223179,0.0039956275909326,0.0013249949483046,621,0.010631762564465567,0.0625,294.0
768,0.2,166,219,13,1.0,219.0,0.0980187695516162,0.009565710095657,0.0570262908498661,0.0043305638859856,0.0048729601732022,0.0012866152850745,621,0.015240534745556266,0.09090909090909091,768.0
768,0.3,249,292,13,1.0,292.0,0.0980187695516162,0.0095561872384189,0.0570262908498661,0.0042193979027338,0.0048729601732022,0.0012338278483991,621,0.015415140415140416,0.14285714285714285,616.0
768,0.5,414,418,13,1.5,278.6666666666667,0.0980187695516162,0.0086937649365616,0.0570262908498661,0.0037577431776006,0.0056186378747126,0.0012166853429227,621,0.01422964840892868,0.07142857142857142,1180.0
769,0.1,90,137,13,1.0,137.0,0.0980187695516162,0.0126348157676411,0.0570262908498661,0.0058684085880283,0.0056186378747126,0.0014325524022607,644,0.010840082958727026,0.06779661016949153,2052.0
769,0.2,180,236,13,1.0,236.0,0.0980187695516162,0.0102552093458934,0.0570262908498661,0.0045896353479143,0.0056186378747126,0.0012996976167009,644,0.0044725274725274725,0.04,700.0
769,0.3,270,318,13,1.0,318.0,0.0980187695516162,0.0094175667788117,0.0570262908498661,0.0041120545335282,0.0056186378747126,0.0012816143410857,644,0.0017857142857142857,0.03571428571428571,288.0
769,0.5,449,456,13,1.5,304.0,0.0980187695516162,0.0083854709767118,0.0570262908498661,0.0035860610104036,0.0058095370925524,0.0012504494950914,644,0.009368248206723707,0.10526315789473684,221.0
770,0.1,82,119,12,1.0,119.0,0.0980187695516162,0.0117769735631478,0.0570262908498661,0.0051201438936335,0.0052421649220672,0.0012998561123547,619,0.0465080107244641,0.7142857142857143,1950.0
770,0.2,163,209,13,1.0,209.0,0.0980187695516162,0.0100583243111095,0.0570262908498661,0.0045795536787306,0.0056186378747126,0.0012820429810962,619,0.015279913314797037,0.08,1400.0
770,0.3,244,290,13,1.0,290.0,0.0980187695516162,0.009287691920463,0.0570262908498661,0.0041411555160319,0.0056186378747126,0.0012369790606645,619,0.005131044665928387,0.05555555555555555,804.0
770,0.5,407,421,13,1.714286,245.5832924027846,0.0980187695516162,0.0083073470732329,0.0570262908498661,0.0037584423114338,0.0056186378747126,0.001255677453636,619,0.008796039638266171,0.08163265306122448,646.0
771,0.1,85,124,13,1.0,124.0,0.0980187695516162,0.0116132395976991,0.0464749058416465,0.005028929641097,0.0058095370925524,0.0013442183231441,620,0.021418526961025253,0.125,1200.0
771,0.2,169,222,13,1.0,222.0,0.0980187695516162,0.0096806921624439,0.0570262908498661,0.0044827866478317,0.0058095370925524,0.0013125254211042,620,0.009210526315789475,0.1,805.0
771,0.3,253,310,13,1.0,310.0,0.0980187695516162,0.0090484039153687,0.0570262908498661,0.0040734729806842,0.0058095370925524,0.001257851260319,620,0.0099010213087883,0.14285714285714285,546.0
771,0.5,421,441,13,1.5,294.0,0.0980187695516162,0.0084957166738784,0.0570262908498661,0.0037702421376333,0.0058095370925524,0.0012537202056583,620,0.008082264957264957,0.07692307692307693,651.0
772,0.1,92,137,13,1.0,137.0,0.0980187695516162,0.0109983787856876,0.0464749058416465,0.0047806072157238,0.0052421649220672,0.0013017322109051,664,0.00248099495225932,0.014285714285714285,798.0
772,0.2,183,238,13,1.0,238.0,0.0980187695516162,0.0095994602220449,0.0570262908498661,0.0043455143361953,0.0056186378747126,0.0012488548168145,664,0.010089743589743589,0.08333333333333333,420.0
772,0.3,274,330,13,1.0,330.0,0.0980187695516162,0.0092015040920149,0.0570262908498661,0.0040983732252957,0.0056186378747126,0.0012589977322454,664,0.01005132822359713,0.08333333333333333,400.0
772,0.5,456,468,13,1.5,312.0,0.0980187695516162,0.008243986346176,0.0570262908498661,0.0036618987995026,0.0058095370925524,0.0012395697377291,664,0.0015151515151515152,0.030303030303030304,546.0
773,0.1,86,125,12,1.0,125.0,0.0980187695516162,0.0109113660062564,0.0492079830055308,0.0047175925030366,0.0045513414488271,0.0012233064759003,626,0.009223014787310272,0.06666666666666667,690.0
773,0.2,171,228,13,1.0,228.0,0.0980187695516162,0.0101988548012366,0.0492079830055308,0.0045388847868492,0.0052421649220672,0.0012873354511639,626,0.005791807103966813,0.04,640.0
773,0.3,256,302,13,1.0,302.0,0.0980187695516162,0.0095056246504015,0.0570262908498661,0.0043622013919338,0.0056186378747126,0.0012518017710287,626,0.018776764171501016,0.09090909090909091,1596.0
773,0.5,426,423,13,2.0,211.5,0.0980187695516162,0.0086476999041061,0.0570262908498661,0.0038869428510214,0.0058095370925524,0.0012489565229082,626,0.01694934451513399,0.125,798.0
774,0.1,84,131,12,1.0,131.0,0.0980187695516162,0.0116215205087996,0.0464749058416465,0.0047204985393073,0.0058095370925524,0.001185306087767,643,0.026823937237730338,0.14285714285714285,720.0
774,0.2,167,229,13,1.0,229.0,0.0980187695516162,0.0099311965247641,0.0570262908498661,0.0044305636523398,0.0058095370925524,0.0012688576879576,643,0.014923076923076923,0.12,496.0
774,0.3,251,314,13,1.0,314.0,0.0980187695516162,0.0090659723836533,0.0570262908498661,0.0040425948267461,0.0058095370925524,0.0012404309696194,643,0.045093795093795096,0.7142857142857143,324.0
774,0.5,418,446,13,1.5,297.3333333333333,0.0980187695516162,0.0084074872461504,0.0570262908498661,0.0037293772666192,0.0058095370925524,0.0012596292645211,643,0.014333118148907623,0.09090909090909091,351.0
775,0.1,83,123,13,1.0,123.0,0.0980187695516162,0.0126486770602846,0.0464749058416465,0.0055410546652601,0.0039956275909326,0.0013010104897762,605,0.013015024716440926,0.06451612903225806,1008.0
775,0.2,165,213,13,1.0,213.0,0.0980187695516162,0.0107212618778363,0.0464749058416465,0.0045348706625689,0.0052421649220672,0.0012398242558429,605,0.006393557422969187,0.058823529411764705,312.0
775,0.3,247,293,13,1.0,293.0,0.0980187695516162,0.0097584585763753,0.0570262908498661,0.004306974569353,0.0052421649220672,0.0012616703996034,605,0.012818821973233738,0.058823529411764705,588.0
775,0.5,411,409,13,1.75,233.7142857142857,0.0980187695516162,0.0089207635296546,0.0570262908498661,0.0039602591883942,0.0058095370925524,0.0012743878843537,605,0.021988386098840063,0.11764705882352941,280.0
776,0.1,84,121,12,1.0,121.0,0.0980187695516162,0.012366531941847,0.0570262908498661,0.0055961667482545,0.0056186378747126,0.0012604385151963,646,0.02792179706524133,0.2857142857142857,2412.0
776,0.2,168,220,13,1.0,220.0,0.0980187695516162,0.0105934211773627,0.0570262908498661,0.00467776468917,0.0056186378747126,0.0012962197499765,646,0.011337301587301587,0.05555555555555555,630.0
776,0.3,252,315,13,1.0,315.0,0.0980187695516162,0.0096462916066669,0.0570262908498661,0.0041817413302895,0.0056186378747126,0.0012468076695611,646,0.010976958011841733,0.07692307692307693,1600.0
776,0.5,419,456,13,1.5,304.0,0.0980187695516162,0.0083465964180523,0.0570262908498661,0.0035871673217902,0.0058095370925524,0.0012215878458314,646,0.007857741462392626,0.06976744186046512,1092.0
777,0.1,85,119,13,1.0,119.0,0.0980187695516162,0.0127233375101865,0.0570262908498661,0.0057373710377062,0.0058095370925524,0.0014946049575426,614,0.017046654326066092,0.125,832.0
777,0.2,169,215,13,1.0,215.0,0.0980187695516162,0.0106845793825932,0.0570262908498661,0.0049004223836811,0.0058095370925524,0.0013782530396917,614,0.022497947454844004,0.1,800.0
777,0.3,253,291,13,1.0,291.0,0.0980187695516162,0.0097896935883239,0.0570262908498661,0.0044020236526052,0.0058095370925524,0.001355215627964,614,0.014650917034284176,0.13636363636363635,1600.0
777,0.5,421,420,13,1.5,280.0,0.0980187695516162,0.0088758130989621,0.0570262908498661,0.0038635247678222,0.0058095370925524,0.0012852544028708,614,0.006668743078626799,0.0625,225.0
778,0.1,85,132,13,1.0,132.0,0.0980187695516162,0.0112253926122538,0.0570262908498661,0.0045774868127384,0.0058095370925524,0.0011865003112872,629,0.008952167823651198,0.043478260869565216,1170.0
778,0.2,169,233,13,1.0,233.0,0.0980187695516162,0.0092684171190483,0.0570262908498661,0.0042052962094356,0.0058095370925524,0.0013053095307093,629,0.008101851851851851,0.125,429.0
778,0.3,253,314,13,1.0,314.0,0.0980187695516162,0.0088534367673332,0.0570262908498661,0.0041024047300205,0.0058095370925524,0.0012869274327991,629,0.017178268670688578,0.08695652173913043,472.0
778,0.5,421,446,13,1.666667,267.5999464800107,0.0980187695516162,0.008526725802756,0.0570262908498661,0.003832331550263,0.0058095370925524,0.0012954770137833,629,0.005042016806722689,0.07142857142857142,306.0
779,0.1,84,129,13,1.0,129.0,0.0980187695516162,0.0104841121646417,0.0570262908498661,0.0048365749486113,0.0058095370925524,0.0013409772302712,618,0.00929807442102524,0.08333333333333333,2600.0
779,0.2,168,227,13,1.0,227.0,0.0980187695516162,0.0099911343038131,0.0570262908498661,0.0045096788268879,0.0058095370925524,0.0013216790562114,618,0.01996914849856026,0.15,1596.0
779,0.3,252,315,13,1.0,315.0,0.0980187695516162,0.0095900160550837,0.0570262908498661,0.0043758930045673,0.0058095370925524,0.0013265545472592,618,0.019928136878601274,0.09090909090909091,840.0
779,0.5,419,436,13,1.5,290.6666666666667,0.0980187695516162,0.0087055514632022,0.0570262908498661,0.0039117125511736,0.0058095370925524,0.001293801319411,618,0.004504776269482152,0.038461538461538464,408.0
780,0.1,79,125,13,1.0,125.0,0.0980187695516162,0.0111366006256516,0.0492079830055308,0.0050819283849302,0.0058095370925524,0.0013296115417407,601,0.011473213586688893,0.05263157894736842,1534.0
780,0.2,157,223,13,1.0,223.0,0.0980187695516162,0.0105631333087062,0.0570262908498661,0.0048411926441451,0.0058095370925524,0.0013135749088294,601,0.04107572751322751,0.4444444444444444,372.0
780,0.3,235,305,13,1.0,305.0,0.0980187695516162,0.009607001829091,0.0570262908498661,0.0043562293202126,0.0058095370925524,0.0013131719932892,601,0.010287790697674418,0.1,440.0
780,0.5,391,428,13,1.5,285.3333333333333,0.0980187695516162,0.0086368198961144,0.0570262908498661,0.0038295542681628,0.0058095370925524,0.0012567103447064,601,0.002631578947368421,0.05263157894736842,234.0
781,0.1,83,131,13,1.0,131.0,0.0980187695516162,0.011788679365433,0.0570262908498661,0.0055524089400961,0.0056186378747126,0.0012799911338677,636,0.0062284567389502155,0.02564102564102564,480.0
781,0.2,165,231,13,1.0,231.0,0.0980187695516162,0.0108789368434832,0.0570262908498661,0.0050993020711594,0.0056186378747126,0.0013596625391166,636,0.01279350726931372,0.08571428571428572,1440.0
781,0.3,248,311,13,1.0,311.0,0.0980187695516162,0.0096228319290256,0.0570262908498661,0.0044399984902935,0.0056186378747126,0.0013029401040459,636,0.01741790373369321,0.13333333333333333,800.0
781,0.5,412,439,13,1.666667,263.39994732001054,0.0980187695516162,0.0085391721159806,0.0570262908498661,0.0038140198438716,0.0058095370925524,0.0012664087502632,636,0.01480284572994352,0.0625,672.0
782,0.1,85,123,13,1.0,123.0,0.0980187695516162,0.0122502267775544,0.0570262908498661,0.0053203274142667,0.0052421649220672,0.0012766359814691,634,0.010494061066816485,0.05263157894736842,2262.0
782,0.2,169,218,13,1.0,218.0,0.0980187695516162,0.0106714754474748,0.0570262908498661,0.0047913361253035,0.0056186378747126,0.0013288951964638,634,0.0071063842203548085,0.05555555555555555,885.0
782,0.3,254,302,13,1.0,302.0,0.0980187695516162,0.0095263415947903,0.0570262908498661,0.0041847635012877,0.0058095370925524,0.0012500166159149,634,0.01397721250662427,0.16666666666666666,720.0
782,0.5,423,434,13,1.5,289.3333333333333,0.0980187695516162,0.0084573504466537,0.0570262908498661,0.003678234792425,0.0058095370925524,0.0012425827812519,634,0.010949557688688123,0.08695652173913043,460.0
783,0.1,86,121,13,1.0,121.0,0.0980187695516162,0.0119701134963244,0.0464749058416465,0.0047398819141091,0.0056186378747126,0.0012051786956181,622,0.015522584252612737,0.08333333333333333,1716.0
783,0.2,171,230,13,1.0,230.0,0.0980187695516162,0.0097066690846442,0.0464749058416465,0.0038604197376614,0.0056186378747126,0.0012130915316443,622,0.01562683778485665,0.09090909090909091,832.0
783,0.3,257,305,13,1.0,305.0,0.0980187695516162,0.0089300671806355,0.0464749058416465,0.0037585224385715,0.0058095370925524,0.0012604338508189,622,0.02370435446906035,0.18181818181818182,480.0
783,0.5,427,433,13,1.666667,259.7999480400104,0.0980187695516162,0.0084503921762227,0.0570262908498661,0.0036970333913289,0.0058095370925524,0.0012688898120269,622,0.017257872846108142,0.1111111111111111,2596.0
784,0.1,83,130,13,1.0,130.0,0.0980187695516162,0.0123285473650436,0.0464749058416465,0.0052984460621544,0.0058095370925524,0.0013821873334293,628,0.011829309874522641,0.07692307692307693,598.0
784,0.2,165,223,13,1.0,223.0,0.0980187695516162,0.0105210491122572,0.0464749058416465,0.0045982638277102,0.0058095370925524,0.0013104745742995,628,0.023170593220996447,0.09090909090909091,874.0
784,0.3,247,300,13,1.0,300.0,0.0980187695516162,0.009363920750782,0.0570262908498661,0.0040283086475628,0.0058095370925524,0.0012172749182702,628,0.017489269339576625,0.2,684.0
784,0.5,412,427,13,1.5,284.6666666666667,0.0980187695516162,0.0086546045964155,0.0570262908498661,0.0039528429252027,0.0058095370925524,0.0012782954017147,628,0.004714407502131287,0.0392156862745098,1794.0
785,0.1,82,121,13,1.0,121.0,0.0656934306569343,0.0102379372452364,0.0570262908498661,0.0042708902211197,0.0048729601732022,0.0012064587699227,621,0.04856942496493689,0.7142857142857143,1260.0
785,0.2,164,224,13,1.0,224.0,0.0980187695516162,0.0096827051988678,0.0570262908498661,0.0041823556690641,0.0052421649220672,0.0012407927894804,621,0.00904108096327776,0.09523809523809523,1500.0
785,0.3,246,300,13,1.0,300.0,0.0980187695516162,0.0092874522071601,0.0570262908498661,0.0040085499192547,0.0056186378747126,0.0012531328819286,621,0.0065120013522650426,0.06896551724137931,576.0
785,0.5,409,437,13,1.666667,262.1999475600105,0.0980187695516162,0.0085997284547451,0.0570262908498661,0.0038741770585467,0.0058095370925524,0.0012781834592189,621,0.006012547735951991,0.04,1404.0
786,0.1,80,110,12,1.0,110.0,0.0980187695516162,0.0138970518532561,0.0464749058416465,0.0056641855924147,0.0039956275909326,0.0013914150354345,611,0.021949361939874273,0.14285714285714285,560.0
786,0.2,160,209,12,1.0,209.0,0.0980187695516162,0.0103377222086403,0.0464749058416465,0.0043764532652226,0.0058095370925524,0.0013558375209003,611,0.017340749752149092,0.08695652173913043,560.0
786,0.3,240,290,12,1.0,290.0,0.0980187695516162,0.0097479414620113,0.0570262908498661,0.0043274084199766,0.0058095370925524,0.0013140898025182,611,0.016168430513881005,0.08333333333333333,936.0
786,0.5,400,415,13,1.75,237.14285714285717,0.0980187695516162,0.008849579758031,0.0570262908498661,0.0039889614795985,0.0058095370925524,0.0013094918726115,611,0.01086710490647872,0.1,640.0
787,0.1,87,124,13,1.0,124.0,0.0594369134515119,0.0107050354872346,0.0267679426794943,0.004096462884352,0.0048729601732022,0.0012037015163439,645,0.010086324579537958,0.043478260869565216,1300.0
787,0.2,174,220,13,1.0,220.0,0.0980187695516162,0.0098919328846335,0.0464749058416465,0.0040791986754954,0.0056186378747126,0.0012253392662801,645,0.004482739482739483,0.045454545454545456,2052.0
787,0.3,261,307,13,1.0,307.0,0.0980187695516162,0.0086103534830322,0.0464749058416465,0.0036666677635494,0.0056186378747126,0.0011907707301745,645,0.012398738628321204,0.06896551724137931,1400.0
787,0.5,434,459,13,1.5,306.0,0.0980187695516162,0.0081012129101437,0.0570262908498661,0.0035702933442103,0.0058095370925524,0.0012242470258789,645,0.015812364406634895,0.2,312.0
788,0.1,87,136,12,1.0,136.0,0.0980187695516162,0.0102128442617922,0.0570262908498661,0.0042213919588625,0.0039956275909326,0.0011372070604711,626,0.008494208494208493,0.14285714285714285,400.0
788,0.2,174,240,13,1.0,240.0,0.0980187695516162,0.0101233924226624,0.0570262908498661,0.0043929392520587,0.0052421649220672,0.0012630641840607,626,0.02086769978787085,0.13043478260869565,936.0
788,0.3,260,318,13,1.0,318.0,0.0980187695516162,0.0092667283136914,0.0570262908498661,0.0040271455622024,0.0056186378747126,0.0012474707423065,626,0.007597930524759792,0.07317073170731707,1170.0
788,0.5,433,437,13,1.5,291.3333333333333,0.0980187695516162,0.0085734806708933,0.0570262908498661,0.0038050154536469,0.0058095370925524,0.0012721655208376,626,0.049212565460966994,0.7142857142857143,780.0
789,0.1,82,128,12,1.0,128.0,0.0980187695516162,0.0115680396246089,0.0464749058416465,0.0049271667531392,0.0058095370925524,0.0012444119405604,618,0.011611355595620227,0.07142857142857142,600.0
789,0.2,164,213,12,1.0,213.0,0.0980187695516162,0.0101386910269401,0.0570262908498661,0.0046992758538104,0.0058095370925524,0.0012929002147124,618,0.0077441773570805835,0.05405405405405406,504.0
789,0.3,246,294,12,1.0,294.0,0.0980187695516162,0.0098458570080795,0.0570262908498661,0.0044655636412458,0.0058095370925524,0.0013105608316594,618,0.005659323116219668,0.041666666666666664,560.0
789,0.5,410,397,12,1.5,264.6666666666667,0.0980187695516162,0.0090144278123464,0.0570262908498661,0.004072238382724,0.0058095370925524,0.001278631781471,618,0.005631868131868132,0.07692307692307693,352.0
790,0.1,82,123,13,1.0,123.0,0.0980187695516162,0.0130979933365548,0.0464749058416465,0.0055833626591624,0.0044179097289399,0.0014449526471199,617,0.0030969191270860076,0.04878048780487805,1470.0
790,0.2,164,222,13,1.0,222.0,0.0980187695516162,0.0103805578258132,0.0464749058416465,0.0045597852633448,0.0058095370925524,0.0013456760007642,617,0.011965967663584345,0.10526315789473684,700.0
790,0.3,246,300,13,1.0,300.0,0.0980187695516162,0.0095133819951337,0.0492079830055308,0.004297003369066,0.0058095370925524,0.0013140244499148,617,0.015051679586563307,0.25,330.0
790,0.5,410,427,13,1.5,284.6666666666667,0.0980187695516162,0.0088206636010871,0.0570262908498661,0.004009229885664,0.0058095370925524,0.001309760820657,617,0.0037500000000000007,0.05,399.0
791,0.1,86,126,13,1.0,126.0,0.0980187695516162,0.0106592515351638,0.0464749058416465,0.0042496280439094,0.0039956275909326,0.0011838829750458,626,0.001282051282051282,0.02564102564102564,1000.0
791,0.2,172,225,13,1.0,225.0,0.0980187695516162,0.0093569690649982,0.0570262908498661,0.004096831088766,0.0045513414488271,0.0012149034655596,626,0.008174908424908424,0.04,756.0
791,0.3,258,322,13,1.0,322.0,0.0980187695516162,0.0090253175214864,0.0570262908498661,0.0039800938283126,0.0052421649220672,0.0012464090944387,626,0.00278125,0.04,1054.0
791,0.5,429,444,13,1.5,296.0,0.0980187695516162,0.0085886199024884,0.0570262908498661,0.0038031242509465,0.0058095370925524,0.0012594696089787,626,0.0066288689202681494,0.05555555555555555,299.0
792,0.1,84,125,12,1.0,125.0,0.0980187695516162,0.0114285714285713,0.0570262908498661,0.0058623060494894,0.0058095370925524,0.0014832456465182,617,0.003956148216110266,0.038461538461538464,2000.0
792,0.2,168,223,13,1.0,223.0,0.0980187695516162,0.0104929929812911,0.0570262908498661,0.0049709818792114,0.0058095370925524,0.00138752363511,617,0.010578941755412343,0.05982905982905983,2400.0
792,0.3,252,296,13,1.0,296.0,0.0980187695516162,0.009814559084632,0.0570262908498661,0.0045056651657717,0.0058095370925524,0.001332477454554,617,0.023177536258031615,0.1111111111111111,1180.0
792,0.5,420,417,13,1.5,278.0,0.0980187695516162,0.0085895829738711,0.0570262908498661,0.0038777172104408,0.0058095370925524,0.001296248038204,617,0.010417285417285416,0.14285714285714285,256.0
793,0.1,83,120,13,1.0,120.0,0.0980187695516162,0.0117657281890858,0.0464749058416465,0.0047737917951457,0.0039956275909326,0.0011676185327725,613,0.008709827385875273,0.04878048780487805,720.0
793,0.2,165,225,13,1.0,225.0,0.0980187695516162,0.0099316417564592,0.0570262908498661,0.0042758354633187,0.0056186378747126,0.0012368520284433,613,0.015429020405413024,0.1111111111111111,1638.0
793,0.3,247,318,13,1.0,318.0,0.0980187695516162,0.0093388684491837,0.0570262908498661,0.0041390532523038,0.0058095370925524,0.0012470538785498,613,0.008727060618297661,0.058823529411764705,252.0
793,0.5,411,441,13,1.5,294.0,0.0980187695516162,0.0085571941672045,0.0570262908498661,0.0037566504291508,0.0058095370925524,0.001266356306319,613,0.008904569892473119,0.0625,414.0
794,0.1,81,114,13,1.0,114.0,0.0980187695516162,0.0100067687466841,0.0464749058416465,0.0040020359623143,0.0039254903849993,0.001180885055565,625,0.018692267877050486,0.125,638.0
794,0.2,162,222,13,1.0,222.0,0.0980187695516162,0.0095115971028379,0.0570262908498661,0.0043553215523981,0.0058095370925524,0.0012737339875718,625,0.010133378932968536,0.08333333333333333,448.0
794,0.3,243,306,13,1.0,306.0,0.0980187695516162,0.0095926448438255,0.0570262908498661,0.0043282420534217,0.0058095370925524,0.0012961952839378,625,0.015677409776218117,0.09090909090909091,608.0
794,0.5,405,424,13,1.5,282.6666666666667,0.0980187695516162,0.0086641942274774,0.0570262908498661,0.0039255788487426,0.0058095370925524,0.0013127015145853,625,0.003333333333333333,0.06666666666666667,1180.0
795,0.1,85,120,12,1.0,120.0,0.0980187695516162,0.0121480709071949,0.0464749058416465,0.0049593346538515,0.0039956275909326,0.0012888428190761,641,0.030211439003645923,0.18181818181818182,800.0
795,0.2,169,227,12,1.0,227.0,0.0980187695516162,0.0100554450533549,0.0464749058416465,0.0042845562090519,0.0056186378747126,0.00129659144449,641,0.0134818020045008,0.07407407407407407,1520.0
795,0.3,254,305,13,1.0,305.0,0.0980187695516162,0.0090975914118189,0.0570262908498661,0.0040256599538916,0.0056186378747126,0.0012500061778855,641,0.00993198110133594,0.09090909090909091,1000.0
795,0.5,423,437,13,1.666667,262.1999475600105,0.0980187695516162,0.0082752103998491,0.0570262908498661,0.003684085181163,0.0056186378747126,0.0012461628981674,641,0.025059849521203825,0.3333333333333333,360.0
796,0.1,83,131,12,1.0,131.0,0.0980187695516162,0.0099180921602495,0.0464749058416465,0.0043560855767727,0.0058095370925524,0.0012657167906896,632,0.009153638933050698,0.058823529411764705,570.0
796,0.2,166,233,13,1.0,233.0,0.0980187695516162,0.0099755199219501,0.0570262908498661,0.0047272726363079,0.0058095370925524,0.0013007012275956,632,0.002132034632034632,0.025974025974025976,1560.0
796,0.3,248,313,13,1.0,313.0,0.0980187695516162,0.0093581239776523,0.0570262908498661,0.004269453087313,0.0058095370925524,0.0012572843741133,632,0.020242054693274208,0.18181818181818182,460.0
796,0.5,413,433,13,1.666667,259.7999480400104,0.0980187695516162,0.0085154137176186,0.0570262908498661,0.0037859499570186,0.0058095370925524,0.0012547888494814,632,0.021434215838627604,0.09090909090909091,308.0
797,0.1,81,126,13,1.0,126.0,0.0980187695516162,0.0128026879851696,0.0464749058416465,0.0051914993661358,0.0052421649220672,0.0013558100150277,626,0.008704686829686831,0.10416666666666667,672.0
797,0.2,162,219,13,1.0,219.0,0.0980187695516162,0.0104894272477513,0.0464749058416465,0.0044417964445109,0.0056186378747126,0.0013140540496116,626,0.019975840536243246,0.1111111111111111,1092.0
797,0.3,243,303,13,1.0,303.0,0.0980187695516162,0.0096876215254475,0.0570262908498661,0.0043086471766768,0.0058095370925524,0.0012975654968917,626,0.016377389695168155,0.10714285714285714,800.0
797,0.5,405,438,13,1.5,292.0,0.0980187695516162,0.0085991400859913,0.0570262908498661,0.0038287208314813,0.0058095370925524,0.001250979536667,626,0.005458937198067633,0.08695652173913043,520.0
798,0.1,86,133,12,1.0,133.0,0.0980187695516162,0.010364806698707,0.0570262908498661,0.0043046174262462,0.0032827908000505,0.0011543043472055,605,0.005660251841292469,0.043478260869565216,936.0
798,0.2,172,236,13,1.0,236.0,0.0980187695516162,0.0095350029161732,0.0570262908498661,0.0043273198206542,0.0056186378747126,0.0012912477846657,605,0.01933523630762003,0.2,720.0
798,0.3,258,315,13,1.0,315.0,0.0980187695516162,0.0093516725424962,0.0570262908498661,0.0041553664576113,0.0056186378747126,0.0013229514267533,605,0.008929020326079149,0.07692307692307693,1248.0
798,0.5,429,429,13,1.5,286.0,0.0980187695516162,0.0085972421738844,0.0570262908498661,0.0038863878156841,0.0058095370925524,0.0012895094223099,605,0.016611400099303324,0.09090909090909091,680.0
799,0.1,86,122,13,1.0,122.0,0.0980187695516162,0.0112907912955776,0.0464749058416465,0.004651450098925,0.0056186378747126,0.0012043949876445,630,0.01499874928530589,0.16666666666666666,684.0
799,0.2,171,229,13,1.0,229.0,0.0980187695516162,0.0100632481979499,0.0464749058416465,0.0042608728213363,0.0056186378747126,0.0012547659526383,630,0.008566851764487514,0.06451612903225806,1560.0
799,0.3,256,306,13,1.0,306.0,0.0980187695516162,0.0093609219843654,0.0570262908498661,0.0042144219839735,0.0058095370925524,0.0012846335872291,630,0.016629962414846135,0.2222222222222222,804.0
799,0.5,427,441,13,1.5,294.0,0.0980187695516162,0.0083727616872261,0.0570262908498661,0.003656962178693,0.0058095370925524,0.0012484510437344,630,0.011410256410256411,0.07692307692307693,1092.0
800,0.1,83,118,13,1.0,118.0,0.0980187695516162,0.0118856153125607,0.0464749058416465,0.0052436727321036,0.0056186378747126,0.0012431639866572,619,0.008567578772802653,0.1,3500.0
800,0.2,165,221,13,1.0,221.0,0.0980187695516162,0.0098518913460948,0.0464749058416465,0.0043104098423427,0.0056186378747126,0.0012527657759044,619,0.022909485751971555,0.1111111111111111,279.0
800,0.3,248,311,13,1.0,311.0,0.0980187695516162,0.0089354867912381,0.0464749058416465,0.0039246420707598,0.0058095370925524,0.0012586197348561,619,0.004347826086956522,0.08695652173913043,621.0
800,0.5,413,450,13,1.5,300.0,0.0980187695516162,0.0085065461707797,0.0570262908498661,0.0038363681694837,0.0058095370925524,0.0012681793543107,619,0.00219583604424203,0.034482758620689655,700.0
801,0.1,86,142,11,1.0,142.0,0.0761209593326381,0.0109195317892757,0.0570262908498661,0.0051950143546417,0.0058095370925524,0.0013840997971585,641,0.012830907830907831,0.10256410256410256,585.0
801,0.2,171,243,12,1.0,243.0,0.0980187695516162,0.010268755605333,0.0570262908498661,0.0049067621206259,0.0058095370925524,0.0013947076272172,641,0.029751979776940385,0.23076923076923078,5700.0
801,0.3,256,320,12,1.0,320.0,0.0980187695516162,0.009417361835245,0.0570262908498661,0.0042421650749831,0.0058095370925524,0.0013088913361318,641,0.0024136435901141785,0.0196078431372549,690.0
801,0.5,426,442,13,1.5,294.6666666666667,0.0980187695516162,0.008275966197821,0.0570262908498661,0.003655898206236,0.0058095370925524,0.0012689725704828,641,0.00386957605208236,0.034482758620689655,484.0
802,0.1,85,129,12,1.0,129.0,0.0980187695516162,0.0117046988545884,0.0570262908498661,0.0051912519476266,0.0039956275909326,0.0013747865953967,627,0.015126056286271098,0.1111111111111111,3000.0
802,0.2,169,224,13,1.0,224.0,0.0980187695516162,0.0105392521972292,0.0570262908498661,0.0045685882620492,0.0039956275909326,0.0013127395336194,627,0.04775559288986399,0.7142857142857143,390.0
802,0.3,253,307,13,1.0,307.0,0.0980187695516162,0.0098772812341845,0.0570262908498661,0.0042564658798955,0.0056186378747126,0.0013247075796478,627,0.005849967614673497,0.07407407407407407,1026.0
802,0.5,422,421,13,1.5,280.6666666666667,0.0980187695516162,0.0087779481298561,0.0570262908498661,0.0037833331128925,0.0056186378747126,0.0012690883713964,627,0.00631578947368421,0.1,374.0
803,0.1,80,125,12,1.0,125.0,0.0980187695516162,0.0117622523461939,0.0570262908498661,0.0052328985918807,0.0044179097289399,0.0012726468844624,604,0.011023352400617286,0.05357142857142857,1140.0
803,0.2,160,215,12,1.0,215.0,0.0980187695516162,0.0099813274486504,0.0570262908498661,0.00455311079704,0.0052421649220672,0.0012540252118663,604,0.007239170856536975,0.059322033898305086,2500.0
803,0.3,240,301,12,1.0,301.0,0.0980187695516162,0.0092912398366237,0.0570262908498661,0.0041470470900862,0.0056186378747126,0.0012448413918004,604,0.01821045580236757,0.09090909090909091,1014.0
803,0.5,399,434,12,1.333333,325.5000813750204,0.0980187695516162,0.008363646847955,0.0570262908498661,0.0037145479812918,0.0058095370925524,0.0012536450902582,604,0.008228074875861824,0.04,435.0
804,0.1,80,113,13,1.0,113.0,0.0980187695516162,0.0133989129532052,0.0464749058416465,0.0058220946591519,0.0040871733233292,0.0012886154870963,619,0.012948776085290098,0.09090909090909091,442.0
804,0.2,160,208,13,1.0,208.0,0.0980187695516162,0.0105227801395684,0.0464749058416465,0.0045219038337793,0.0040871733233292,0.0012698391248053,619,0.005408935208509105,0.034482758620689655,2124.0
804,0.3,240,298,13,1.0,298.0,0.0980187695516162,0.0094092700030092,0.0570262908498661,0.0042386679675796,0.0052421649220672,0.0012467932218755,619,0.0014705882352941176,0.029411764705882353,306.0
804,0.5,399,423,13,1.666667,253.79994924001016,0.0980187695516162,0.0085786760736286,0.0570262908498661,0.0037502181618445,0.0056186378747126,0.0012065975370433,619,0.00672089947089947,0.041666666666666664,378.0
805,0.1,81,118,12,1.0,118.0,0.0980187695516162,0.0117088775383962,0.0464749058416465,0.0048971100286593,0.0056186378747126,0.0012451783234902,616,0.014958906684713138,0.08,1216.0
805,0.2,162,206,13,1.0,206.0,0.0980187695516162,0.0099820808487805,0.0464749058416465,0.0042962063347364,0.0058095370925524,0.0012399839032117,616,0.014991238258247242,0.14285714285714285,252.0
805,0.3,243,279,13,1.0,279.0,0.0980187695516162,0.00907830363917,0.0464749058416465,0.0038814553695522,0.0058095370925524,0.001206208317483,616,0.010819702531008514,0.09302325581395349,1248.0
805,0.5,405,422,13,1.5,281.3333333333333,0.0980187695516162,0.0087645602399813,0.0570262908498661,0.0039117856331389,0.0058095370925524,0.0012907377703193,616,0.0037123572170301143,0.05555555555555555,900.0
806,0.1,86,131,13,1.0,131.0,0.0980187695516162,0.0104354886212577,0.0570262908498661,0.0047076655966124,0.0045513414488271,0.0012638255847896,628,0.01707117579084212,0.125,510.0
806,0.2,172,233,13,1.0,233.0,0.0980187695516162,0.0094116278133069,0.0570262908498661,0.0043736440812679,0.0052421649220672,0.0013244234770267,628,0.00991161616161616,0.1111111111111111,209.0
806,0.3,258,324,13,1.0,324.0,0.0980187695516162,0.0086670786184167,0.0570262908498661,0.0039525786004049,0.0052421649220672,0.0012632337373176,628,0.0063220551378446125,0.05263157894736842,920.0
806,0.5,429,447,13,1.5,298.0,0.0980187695516162,0.0080994137722692,0.0570262908498661,0.0035924927541133,0.0056186378747126,0.0012402121362064,628,0.010687801932367149,0.08,540.0
807,0.1,84,123,12,1.0,123.0,0.0980187695516162,0.0127249760505946,0.0570262908498661,0.0059778278016342,0.0058095370925524,0.0014308450302138,615,0.0148377685988822,0.1111111111111111,756.0
807,0.2,167,211,12,1.0,211.0,0.0980187695516162,0.0103336314980552,0.0570262908498661,0.0049012153526805,0.0058095370925524,0.0013615962684229,615,0.009524653459079688,0.06666666666666667,988.0
807,0.3,251,296,13,1.0,296.0,0.0980187695516162,0.0095503480539976,0.0570262908498661,0.0044052860051602,0.0058095370925524,0.0013150518200426,615,0.021303212916116143,0.2,256.0
807,0.5,417,426,13,1.5,284.0,0.0980187695516162,0.0086724727929621,0.0570262908498661,0.0039500325111845,0.0058095370925524,0.0012788019011929,615,0.009863306982872199,0.06666666666666667,300.0
808,0.1,81,119,12,1.0,119.0,0.0980187695516162,0.01256561018568,0.0570262908498661,0.0055494212587357,0.0039956275909326,0.0012371801435573,606,0.006945355191256832,0.06557377049180328,1000.0
808,0.2,162,225,13,1.0,225.0,0.0980187695516162,0.009973351871162,0.0570262908498661,0.0041860423287334,0.0039956275909326,0.0011851797282758,606,0.038458331467341414,0.5,402.0
808,0.3,242,300,13,1.0,300.0,0.0980187695516162,0.0090893291623218,0.0570262908498661,0.0038392804926574,0.0056186378747126,0.0011904888566872,606,0.005125,0.0625,324.0
808,0.5,403,410,13,1.375,298.1818181818182,0.0980187695516162,0.0086446756021261,0.0570262908498661,0.0038506967271673,0.0056186378747126,0.0012274452452439,606,0.007054079696394687,0.058823529411764705,648.0
809,0.1,83,126,13,1.0,126.0,0.0980187695516162,0.0130509624774483,0.0570262908498661,0.006104009165964,0.0058095370925524,0.0014466871065133,606,0.022175277720247234,0.13333333333333333,1600.0
809,0.2,166,224,13,1.0,224.0,0.0980187695516162,0.0106556308654848,0.0570262908498661,0.0048596363608459,0.0058095370925524,0.001367393721382,606,0.008896602119108513,0.06666666666666667,700.0
809,0.3,249,303,13,1.0,303.0,0.0980187695516162,0.009808071526652,0.0570262908498661,0.0045178218027592,0.0058095370925524,0.0013463889696684,606,0.004401709401709401,0.06666666666666667,1800.0
809,0.5,414,419,13,1.714286,244.4166259305624,0.0980187695516162,0.0088969964237806,0.0570262908498661,0.0039483935665457,0.0058095370925524,0.001284622020099,606,0.012268793214069299,0.11538461538461539,532.0
810,0.1,81,127,13,1.0,127.0,0.0980187695516162,0.0136378938034205,0.0570262908498661,0.0060295581610452,0.0056186378747126,0.0013808890002481,624,0.015003158071362937,0.06896551724137931,1672.0
810,0.2,162,220,13,1.0,220.0,0.0980187695516162,0.0105839416058393,0.0570262908498661,0.0045489041374821,0.0056186378747126,0.0012383495060572,624,0.023540581882590977,0.1111111111111111,1440.0
810,0.3,243,299,13,1.0,299.0,0.0980187695516162,0.0095800740040663,0.0570262908498661,0.0041535983708886,0.0058095370925524,0.0012465336608296,624,0.006766716073781291,0.06060606060606061,276.0
810,0.5,404,419,13,1.5,279.3333333333333,0.0980187695516162,0.0087825175886775,0.0570262908498661,0.0039592223037772,0.0058095370925524,0.0012643023686433,624,0.0011363636363636363,0.022727272727272728,396.0
811,0.1,82,128,13,1.0,128.0,0.0980187695516162,0.0113725234619394,0.0464749058416465,0.0047595218580973,0.0052421649220672,0.0013797050315787,622,0.010474137931034484,0.13333333333333333,5000.0
811,0.2,163,219,13,1.0,219.0,0.0980187695516162,0.0104799043905132,0.0464749058416465,0.0045855367942456,0.0056186378747126,0.0013718491307988,622,0.012806842807857006,0.08,969.0
811,0.3,245,301,13,1.0,301.0,0.0980187695516162,0.009301632722347,0.0464749058416465,0.0039975961012155,0.0056186378747126,0.0012725468791532,622,0.005976738361450552,0.034482758620689655,780.0
811,0.5,407,432,13,1.333333,324.0000810000202,0.0980187695516162,0.0084337465724326,0.0570262908498661,0.0037456194033709,0.0056186378747126,0.0012311271282284,622,0.006604516806722689,0.07142857142857142,500.0
812,0.1,79,112,13,1.0,112.0,0.0980187695516162,0.0127737226277371,0.0464749058416465,0.005344854683523,0.0039956275909326,0.0012430675245613,615,0.013934331797235022,0.14285714285714285,480.0
812,0.2,157,210,13,1.0,210.0,0.0980187695516162,0.0110432494165548,0.0464749058416465,0.0047306508334598,0.0056186378747126,0.0013024558967239,615,0.004667038270489953,0.038834951456310676,828.0
812,0.3,236,293,13,1.0,293.0,0.0980187695516162,0.0096979575567552,0.0464749058416465,0.0040625385426527,0.0056186378747126,0.0012647068819939,615,0.022765151515151516,0.38461538461538464,1088.0
812,0.5,393,428,13,1.5,285.3333333333333,0.0980187695516162,0.0086514379269682,0.0570262908498661,0.0037849915070243,0.0056186378747126,0.0012466722295996,615,0.004272727272727273,0.045454545454545456,200.0
813,0.1,84,134,13,1.0,134.0,0.0980187695516162,0.0105598182186045,0.0492079830055308,0.0046363681465062,0.0058095370925524,0.0012523253420022,635,0.056911287414352675,1.0,576.0
813,0.2,168,231,13,1.0,231.0,0.0980187695516162,0.0097504164240347,0.0570262908498661,0.0044123433428163,0.0058095370925524,0.0013023329715767,635,0.007994579945799458,0.08333333333333333,612.0
813,0.3,251,307,13,1.0,307.0,0.0980187695516162,0.0091572043354063,0.0570262908498661,0.0041782242405788,0.0058095370925524,0.0012967841570734,635,0.03287878787878788,0.5,220.0
813,0.5,418,441,13,1.5,294.0,0.0980187695516162,0.0084720714841375,0.0570262908498661,0.0037583441965198,0.0058095370925524,0.0012670180646978,635,0.0,0.0,340.0
814,0.1,86,124,12,1.0,124.0,0.0980187695516162,0.0116889232735712,0.0464749058416465,0.0050916540892879,0.0039956275909326,0.0013070621358105,635,0.04108791780679486,0.625,4200.0
814,0.2,171,228,13,1.0,228.0,0.0980187695516162,0.0099473135393227,0.0464749058416465,0.0040848917241514,0.0039956275909326,0.0012626713827158,635,0.0025978407557354925,0.02631578947368421,1000.0
814,0.3,256,309,13,1.0,309.0,0.0980187695516162,0.0089427025859595,0.0570262908498661,0.003970130597725,0.0056186378747126,0.0012645263519407,635,0.007788003663003662,0.0625,392.0
814,0.5,426,444,13,1.666667,266.3999467200107,0.0980187695516162,0.0083443714830575,0.0570262908498661,0.003714517307672,0.0056186378747126,0.0012500729140592,635,0.008207070707070708,0.09090909090909091,336.0
815,0.1,80,123,12,1.0,123.0,0.0594369134515119,0.0105886043219138,0.0267679426794943,0.0042978811643971,0.0040871733233292,0.0012801870494462,620,0.014634332996078752,0.13043478260869565,992.0
815,0.2,159,220,12,1.0,220.0,0.0980187695516162,0.0106455588207412,0.0464749058416465,0.0047503309361417,0.0056186378747126,0.0013740036550299,620,0.011277025980262074,0.06896551724137931,2166.0
815,0.3,239,293,12,1.0,293.0,0.0980187695516162,0.0095911910515432,0.0464749058416465,0.0041583831406255,0.0056186378747126,0.001309980816041,620,0.016753564099262853,0.14285714285714285,704.0
815,0.5,397,423,13,1.555556,271.9284937347161,0.0980187695516162,0.0088720273531579,0.0570262908498661,0.0038239441873593,0.0058095370925524,0.0012750813640176,620,0.0037274618585298193,0.038834951456310676,950.0
816,0.1,83,136,12,1.0,136.0,0.0980187695516162,0.0116849659571857,0.0570262908498661,0.0056262760366595,0.0058095370925524,0.0015012905658845,628,0.006289081289081289,0.037037037037037035,768.0
816,0.2,165,225,13,1.0,225.0,0.0980187695516162,0.010571196848569,0.0570262908498661,0.0046984828934271,0.0058095370925524,0.0013355670768347,628,0.009015804597701151,0.125,580.0
816,0.3,247,310,13,1.0,310.0,0.0980187695516162,0.0093477748999293,0.0570262908498661,0.0041219086294125,0.0058095370925524,0.0012756337622381,628,0.01891640503588721,0.10526315789473684,1848.0
816,0.5,411,420,13,1.666667,251.9999496000101,0.0980187695516162,0.0085505735140771,0.0570262908498661,0.0037456607081281,0.0058095370925524,0.0012436069133888,628,0.01663705195667992,0.06521739130434782,648.0
817,0.1,84,130,13,1.0,130.0,0.0980187695516162,0.0120077003288681,0.0570262908498661,0.0056071849017229,0.0045513414488271,0.0013298110709632,623,0.015391067266067265,0.07692307692307693,595.0
817,0.2,168,224,13,1.0,224.0,0.0980187695516162,0.0105578727841501,0.0570262908498661,0.0047875760637245,0.0056186378747126,0.0013048651611786,623,0.008295454545454545,0.09090909090909091,234.0
817,0.3,252,299,13,1.0,299.0,0.0980187695516162,0.0097579348610766,0.0570262908498661,0.0043024402421615,0.0056186378747126,0.0012583766056933,623,0.010883874651990593,0.1111111111111111,345.0
817,0.5,419,429,13,1.333333,321.75008043752007,0.0980187695516162,0.0085291837116654,0.0570262908498661,0.0037704477966305,0.0058095370925524,0.001234021870023,623,0.012014785669446687,0.0625,704.0
818,0.1,83,132,13,1.0,132.0,0.0980187695516162,0.0114307833285935,0.0464749058416465,0.0047067140067838,0.0039956275909326,0.0013207299995287,633,0.016076815341521222,0.08571428571428572,900.0
818,0.2,166,236,13,1.0,236.0,0.0980187695516162,0.0096808115798589,0.0464749058416465,0.0040781423598666,0.0039956275909326,0.0012326044504993,633,0.056133249791144535,0.8333333333333334,708.0
818,0.3,249,303,13,1.0,303.0,0.0980187695516162,0.0091679658059653,0.0464749058416465,0.0038910337750203,0.0040328017800694,0.0012335324059702,633,0.008481443125839677,0.09090909090909091,1121.0
818,0.5,414,450,13,1.5,300.0,0.0980187695516162,0.0085482562854825,0.0570262908498661,0.0038308522583911,0.0058095370925524,0.0012673492359295,633,0.007018029648996929,0.045454545454545456,600.0
819,0.1,90,145,12,1.0,145.0,0.0980187695516162,0.0109021610154255,0.0464749058416465,0.0046782293971842,0.0058095370925524,0.0013567302668201,633,0.012646940618543054,0.06666666666666667,264.0
819,0.2,179,242,12,1.0,242.0,0.0980187695516162,0.0100871258800919,0.0570262908498661,0.0044621997989899,0.0058095370925524,0.0013465284914437,633,0.006292527821939587,0.058823529411764705,700.0
819,0.3,268,314,12,1.0,314.0,0.0980187695516162,0.0093947384151484,0.0570262908498661,0.0042026530810821,0.0058095370925524,0.0013294206662964,633,0.01716739906971963,0.16666666666666666,4000.0
819,0.5,447,437,12,1.666667,262.1999475600105,0.0980187695516162,0.008382587697425,0.0570262908498661,0.0036242923240052,0.0058095370925524,0.0012660787096114,633,0.006592299078301317,0.06382978723404255,1040.0
820,0.1,82,119,13,1.0,119.0,0.0980187695516162,0.0102347508346403,0.0464749058416465,0.0040911695504634,0.0039254903849993,0.0011556767337503,630,0.00422725611983924,0.043478260869565216,600.0
820,0.2,163,228,13,1.0,228.0,0.0980187695516162,0.0100067687466841,0.0570262908498661,0.0044481110526621,0.0056186378747126,0.0013737499784134,630,0.011999454446262957,0.13333333333333333,1152.0
820,0.3,244,309,13,1.0,309.0,0.0980187695516162,0.008777346953238,0.0570262908498661,0.0039118618580598,0.0056186378747126,0.0013085351021721,630,0.005666666666666667,0.08,234.0
820,0.5,406,443,13,1.5,295.3333333333333,0.0980187695516162,0.0083302537208387,0.0570262908498661,0.003742989397134,0.0056186378747126,0.0013002898235011,630,0.01006717170885087,0.09090909090909091,522.0
821,0.1,84,125,13,1.0,125.0,0.0980187695516162,0.0118706986444212,0.0570262908498661,0.0051174749897556,0.0052421649220672,0.0012540643165855,635,0.009545454545454546,0.1,341.0
821,0.2,168,227,13,1.0,227.0,0.0980187695516162,0.009683361431006,0.0570262908498661,0.0041975311515037,0.0052421649220672,0.0012077493755309,635,0.0024758454106280194,0.027777777777777776,522.0
821,0.3,252,312,13,1.0,312.0,0.0980187695516162,0.0093580385551188,0.0570262908498661,0.0041401892510906,0.0056186378747126,0.0012391796296182,635,0.011985930735930735,0.09090909090909091,1140.0
821,0.5,419,433,13,1.5,288.6666666666667,0.0980187695516162,0.0085202301280923,0.0570262908498661,0.0037637411662593,0.0058095370925524,0.0012358180830547,635,0.005595238095238095,0.047619047619047616,243.0
822,0.1,83,125,13,1.0,125.0,0.0980187695516162,0.0118289885297184,0.0570262908498661,0.0052469508381041,0.0040871733233292,0.0012985537554907,617,0.009993587582100564,0.07142857142857142,663.0
822,0.2,165,223,13,1.0,223.0,0.0980187695516162,0.009843025947245,0.0570262908498661,0.0042560914455948,0.0040871733233292,0.0012346049560461,617,0.01467755159174532,0.06666666666666667,512.0
822,0.3,248,303,13,1.0,303.0,0.0980187695516162,0.0089821286612498,0.0570262908498661,0.0038500098434812,0.0056186378747126,0.0011987341520551,617,0.009350230522831142,0.07142857142857142,640.0
822,0.5,413,430,13,1.333333,322.50008062502013,0.0980187695516162,0.0084293231806387,0.0570262908498661,0.0036951281229451,0.0058095370925524,0.0012498322250704,617,0.0,0.0,930.0
823,0.1,86,135,13,1.0,135.0,0.0980187695516162,0.0110686285868767,0.0570262908498661,0.0047090191931909,0.0058095370925524,0.0012083266197582,629,0.0027945990180032734,0.02127659574468085,1064.0
823,0.2,172,234,13,1.0,234.0,0.0980187695516162,0.0090862098161367,0.0570262908498661,0.0040852813416033,0.0058095370925524,0.0012152677625299,629,0.016599736956007888,0.0975609756097561,760.0
823,0.3,258,327,13,1.0,327.0,0.0980187695516162,0.0087884614771375,0.0570262908498661,0.0039119810484481,0.0058095370925524,0.0012309052373899,629,0.029637005942586704,0.20833333333333334,536.0
823,0.5,430,438,13,1.75,250.28571428571428,0.0980187695516162,0.0086039015146104,0.0570262908498661,0.0038634182559685,0.0058095370925524,0.0012792385686699,629,0.008177111840904944,0.06896551724137931,399.0
824,0.1,81,129,13,1.0,129.0,0.0980187695516162,0.0111631140318968,0.0492079830055308,0.0048098064801368,0.0058095370925524,0.0012888959344557,603,0.021040012059608922,0.15384615384615385,1700.0
824,0.2,162,222,13,1.0,222.0,0.0980187695516162,0.0103758607408242,0.0570262908498661,0.0047912099400177,0.0058095370925524,0.0013154329725505,603,0.010858395989974937,0.1,546.0
824,0.3,243,305,13,1.0,305.0,0.0980187695516162,0.0097232431323611,0.0570262908498661,0.0044026466459783,0.0058095370925524,0.0013169341877348,603,0.009184609250398724,0.06060606060606061,767.0
824,0.5,404,421,13,1.5,280.6666666666667,0.0980187695516162,0.0087407954148595,0.0570262908498661,0.0039337214140365,0.0058095370925524,0.0012741945569497,603,0.006666666666666666,0.06666666666666667,200.0
825,0.1,88,121,13,1.0,121.0,0.0980187695516162,0.0122200294728496,0.0464749058416465,0.005148827067473,0.0056186378747126,0.0012582035360528,634,0.01134631753483049,0.04504504504504504,3363.0
825,0.2,176,222,13,1.0,222.0,0.0980187695516162,0.009943728921831,0.0570262908498661,0.004331646834291,0.0058095370925524,0.0012701609335578,634,0.04071547917412579,0.5555555555555556,570.0
825,0.3,264,306,13,1.0,306.0,0.0980187695516162,0.009098529922918,0.0570262908498661,0.0041413966953567,0.0058095370925524,0.0012848698036274,634,0.013938283371101378,0.09090909090909091,858.0
825,0.5,439,457,13,1.5,304.6666666666667,0.0980187695516162,0.0085656329646809,0.0570262908498661,0.0038545443993114,0.0058095370925524,0.0012854940022561,634,0.007191591370090356,0.06896551724137931,312.0
826,0.1,84,125,12,1.0,125.0,0.0594369134515119,0.0108779979144942,0.031948254360793,0.0046736200766186,0.0058095370925524,0.0012977524768773,612,0.0014925373134328358,0.029850746268656716,590.0
826,0.2,168,233,13,1.0,233.0,0.0980187695516162,0.0099397172483854,0.0570262908498661,0.0046727051880551,0.0058095370925524,0.0013250489928809,612,0.019300769338262167,0.08,315.0
826,0.3,252,320,13,1.0,320.0,0.0980187695516162,0.0094010688216892,0.0570262908498661,0.0043211122472951,0.0058095370925524,0.0013009666229107,612,0.007001326846528084,0.058823529411764705,494.0
826,0.5,419,438,13,1.5,292.0,0.0980187695516162,0.0084039215126106,0.0570262908498661,0.0037931116670324,0.0058095370925524,0.0012629621630241,612,0.011723136758020478,0.07142857142857142,546.0
827,0.1,87,133,12,1.0,133.0,0.0594369134515119,0.0111645119054152,0.031948254360793,0.0047066784698209,0.0056186378747126,0.0012896918119061,644,0.006440337587065942,0.07692307692307693,1888.0
827,0.2,174,237,13,1.0,237.0,0.0980187695516162,0.0097015614894206,0.0464749058416465,0.0041577978059714,0.0056186378747126,0.0012883290860416,644,0.013137253111965851,0.09574468085106383,1950.0
827,0.3,261,317,13,1.0,317.0,0.0980187695516162,0.0090459633622036,0.0570262908498661,0.0039449133918629,0.0056186378747126,0.0012569583197072,644,0.017623716153127918,0.16666666666666666,560.0
827,0.5,434,435,13,1.5,290.0,0.0980187695516162,0.0083492143396497,0.0570262908498661,0.0036073657941931,0.0058095370925524,0.0012372523112351,644,0.022020451770451772,0.1,651.0
828,0.1,87,131,13,1.0,131.0,0.0980187695516162,0.0116533602910155,0.0492079830055308,0.0049090755011304,0.0045513414488271,0.001199174808492,661,0.007171074770286312,0.058823529411764705,468.0
828,0.2,173,233,13,1.0,233.0,0.0980187695516162,0.0101321566187954,0.0570262908498661,0.0045281910653878,0.0058095370925524,0.0013121464796074,661,0.014549045951505907,0.09090909090909091,338.0
828,0.3,259,318,13,1.0,318.0,0.0980187695516162,0.0088896321508908,0.0570262908498661,0.0040285537868864,0.0058095370925524,0.0012633803231702,661,0.008333333333333335,0.06666666666666667,418.0
828,0.5,432,449,13,1.555556,288.64277467349297,0.0980187695516162,0.0082003571834989,0.0570262908498661,0.0036684076361236,0.0058095370925524,0.0012584304394877,661,0.017339637107078965,0.16666666666666666,871.0
829,0.1,78,121,12,1.0,121.0,0.0980187695516162,0.0125044166185506,0.0570262908498661,0.0056749809733453,0.0058095370925524,0.0013840225643387,613,0.01546834539530766,0.06,858.0
829,0.2,156,224,12,1.0,224.0,0.0980187695516162,0.0100551169372858,0.0570262908498661,0.0043863643556045,0.0058095370925524,0.0012984380581897,613,0.00792956415483267,0.06896551724137931,378.0
829,0.3,234,301,12,1.0,301.0,0.0980187695516162,0.0094713831891608,0.0570262908498661,0.0042331127793515,0.0058095370925524,0.0012897361827845,613,0.007168458781362007,0.1111111111111111,480.0
829,0.5,390,419,13,1.5,279.3333333333333,0.0980187695516162,0.0084390810833679,0.0570262908498661,0.0036710339505336,0.0058095370925524,0.0012554050426775,613,0.00706892533265531,0.041666666666666664,1140.0
830,0.1,84,121,12,1.0,121.0,0.0980187695516162,0.0106257378984651,0.0464749058416465,0.0043548154879917,0.0052421649220672,0.0012483108594444,640,0.0070827297170008175,0.043478260869565216,490.0
830,0.2,168,227,13,1.0,227.0,0.0980187695516162,0.0103218753014565,0.0570262908498661,0.0046982013422566,0.0058095370925524,0.0013197018204093,640,0.011409115964342059,0.07042253521126761,1300.0
830,0.3,252,319,13,1.0,319.0,0.0980187695516162,0.0095580231497673,0.0570262908498661,0.0043043401791337,0.0058095370925524,0.0013297199794995,640,0.01922650849642,0.14285714285714285,3819.0
830,0.5,420,445,13,1.5,296.6666666666667,0.0980187695516162,0.0082834413187894,0.0570262908498661,0.00363053242059,0.0058095370925524,0.0012391305400305,640,0.009793743078626798,0.125,612.0
831,0.1,81,123,13,1.0,123.0,0.0980187695516162,0.0129199623591647,0.0570262908498661,0.0056796994166852,0.0045513414488271,0.0012220919934329,615,0.0023384663733500943,0.023255813953488372,624.0
831,0.2,162,216,13,1.0,216.0,0.0980187695516162,0.0111178696945119,0.0570262908498661,0.0049885706382714,0.0056186378747126,0.0012939116524477,615,0.0036024844720496892,0.043478260869565216,468.0
831,0.3,242,280,13,1.0,280.0,0.0980187695516162,0.0101966333978846,0.0570262908498661,0.0045912449562136,0.0056186378747126,0.001267082286651,615,0.030054765636662185,0.3,440.0
831,0.5,403,413,13,1.5,275.3333333333333,0.0980187695516162,0.0089429313727222,0.0570262908498661,0.0039573752699278,0.0058095370925524,0.0012522401576239,615,0.005579605579605579,0.047619047619047616,744.0
832,0.1,87,128,13,1.0,128.0,0.0980187695516162,0.011787995307612,0.0464749058416465,0.0050463079040183,0.0040871733233292,0.0012818795118811,630,0.011485469187675072,0.08333333333333333,544.0
832,0.2,174,225,13,1.0,225.0,0.0980187695516162,0.0109095122233807,0.0570262908498661,0.0048812753765217,0.0048729601732022,0.0013226528890811,630,0.0011904761904761904,0.023809523809523808,598.0
832,0.3,261,299,13,1.0,299.0,0.0980187695516162,0.0098067594100599,0.0570262908498661,0.0044643481164792,0.0058095370925524,0.0013107682536705,630,0.010647782902455799,0.10714285714285714,900.0
832,0.5,434,436,13,1.6,272.5,0.0980187695516162,0.0087677339736537,0.0570262908498661,0.0040292639178153,0.0058095370925524,0.0012798665619085,630,0.020395658263305323,0.16666666666666666,374.0
833,0.1,82,128,13,1.0,128.0,0.0980187695516162,0.0119753649635036,0.0464749058416465,0.0049895410171535,0.0058095370925524,0.0013467069582897,606,0.01111111111111111,0.2222222222222222,858.0
833,0.2,163,219,13,1.0,219.0,0.0980187695516162,0.0104180058184657,0.0570262908498661,0.0048938763437998,0.0058095370925524,0.0013991688513289,606,0.008225108225108224,0.07142857142857142,416.0
833,0.3,244,294,13,1.0,294.0,0.0980187695516162,0.0095656615096507,0.0570262908498661,0.0044641276300073,0.0058095370925524,0.001335516092363,606,0.011363076321059516,0.061224489795918366,832.0
833,0.5,407,413,13,1.5,275.3333333333333,0.0980187695516162,0.0086929736635467,0.0570262908498661,0.0039490836508368,0.0058095370925524,0.0013218254699212,606,0.00884160756501182,0.13333333333333333,360.0
834,0.1,82,116,12,1.0,116.0,0.0980187695516162,0.0119377224839092,0.0570262908498661,0.0055019441059004,0.0039956275909326,0.0012534911333102,617,0.028580259609671373,0.2,580.0
834,0.2,164,223,13,1.0,223.0,0.0980187695516162,0.0100627989731455,0.0570262908498661,0.0045282777892785,0.0058095370925524,0.001309667089581,617,0.008213809999524285,0.07692307692307693,2000.0
834,0.3,245,310,13,1.0,310.0,0.0980187695516162,0.0091055871371387,0.0570262908498661,0.0039337753602545,0.0058095370925524,0.0012193122736201,617,0.010716123499142366,0.08333333333333333,504.0
834,0.5,408,436,13,1.5,290.6666666666667,0.0980187695516162,0.0086864183830633,0.0570262908498661,0.003886141725452,0.0058095370925524,0.0012738747825869,617,0.006539351851851852,0.09375,741.0
835,0.1,85,126,13,1.0,126.0,0.0980187695516162,0.010634424085936,0.0492079830055308,0.0048562455828834,0.0045513414488271,0.0013664661008722,642,0.027470746363061356,0.125,420.0
835,0.2,170,213,13,1.0,213.0,0.0980187695516162,0.0097029867771103,0.0570262908498661,0.0046742872622155,0.0056186378747126,0.0013690257473032,642,0.01160776160776161,0.06666666666666667,184.0
835,0.3,255,299,13,1.0,299.0,0.0980187695516162,0.0091476279987863,0.0570262908498661,0.0042818149245296,0.0056186378747126,0.0013073671450538,642,0.030690131124913728,0.5777777777777777,1260.0
835,0.5,425,432,13,1.5,288.0,0.0980187695516162,0.0085278839840883,0.0570262908498661,0.0038351611577899,0.0058095370925524,0.0012551487170436,642,0.009422043010752688,0.06451612903225806,504.0
836,0.1,89,133,13,1.0,133.0,0.0980187695516162,0.0118387731581298,0.0492079830055308,0.0054347987639937,0.0058095370925524,0.0013540167555258,641,0.015590948109320069,0.10909090909090909,1000.0
836,0.2,178,237,13,1.0,237.0,0.0980187695516162,0.010717915550217,0.0570262908498661,0.0049112658055014,0.0058095370925524,0.0013705501600371,641,0.0449498361998362,0.625,1200.0
836,0.3,267,321,13,1.0,321.0,0.0980187695516162,0.00968038487651,0.0570262908498661,0.0044783753671538,0.0058095370925524,0.0013305201503895,641,0.010416666666666668,0.1,600.0
836,0.5,445,450,13,1.5,300.0,0.0980187695516162,0.0084208087127794,0.0570262908498661,0.003766053420919,0.0058095370925524,0.00124757737615,641,0.007835249042145593,0.06666666666666667,936.0
837,0.1,81,129,13,1.0,129.0,0.0980187695516162,0.0121007832771539,0.0570262908498661,0.0056430180042363,0.0058095370925524,0.0014327420433385,611,0.006832664884135473,0.0625,832.0
837,0.2,162,229,13,1.0,229.0,0.0980187695516162,0.011597779710488,0.0570262908498661,0.0054142301931975,0.0058095370925524,0.0014074364310934,611,0.020029161255010686,0.15789473684210525,1005.0
837,0.3,243,313,13,1.0,313.0,0.0980187695516162,0.0097379125620071,0.0570262908498661,0.0044298113990303,0.0058095370925524,0.0012557979702758,611,0.0016666666666666666,0.03333333333333333,616.0
837,0.5,404,420,13,1.666667,251.9999496000101,0.0980187695516162,0.0088286409454292,0.0570262908498661,0.0039588734483048,0.0058095370925524,0.00126741111987,611,0.006481481481481481,0.07407407407407407,484.0
838,0.1,79,118,11,1.0,118.0,0.0980187695516162,0.0129018575140064,0.0464749058416465,0.0053820352345062,0.0039956275909326,0.0012767360858974,596,0.01789896401707907,0.07692307692307693,702.0
838,0.2,157,208,13,1.0,208.0,0.0980187695516162,0.0104826742600464,0.0464749058416465,0.0042223808624853,0.0039956275909326,0.0011818419441092,596,0.027879769815446938,0.3333333333333333,1100.0
838,0.3,236,290,13,1.0,290.0,0.0980187695516162,0.009661644672971,0.0570262908498661,0.0041991891287083,0.0056186378747126,0.0012099294911582,596,0.004629629629629629,0.05555555555555555,295.0
838,0.5,393,410,13,2.0,205.0,0.0980187695516162,0.0087591240875911,0.0570262908498661,0.0039580114523581,0.0056186378747126,0.0012595589400381,596,0.010516047572499186,0.1,900.0
839,0.1,83,133,12,1.0,133.0,0.0980187695516162,0.0119642171121233,0.0570262908498661,0.0056457091616917,0.0052421649220672,0.0013872172660236,612,0.006393018018018018,0.06666666666666667,1003.0
839,0.2,166,223,12,1.0,223.0,0.0980187695516162,0.010806286443745,0.0570262908498661,0.0050439992180969,0.0056186378747126,0.0014117114983955,612,0.0026494565217391303,0.03125,522.0
839,0.3,249,298,12,1.0,298.0,0.0980187695516162,0.0099656381437598,0.0570262908498661,0.0045964211430728,0.0056186378747126,0.001343534160433,612,0.01013999645578593,0.09090909090909091,385.0
839,0.5,414,426,12,1.5,284.0,0.0980187695516162,0.0086014872691134,0.0570262908498661,0.0038286104613972,0.0056186378747126,0.0012733218114504,612,0.02786219985245473,0.10344827586206896,315.0
840,0.1,84,127,12,1.0,127.0,0.0980187695516162,0.0122338722258257,0.0570262908498661,0.0056020099036304,0.0044179097289399,0.0014337100880245,616,0.006986708626249273,0.06060606060606061,1824.0
840,0.2,167,232,13,1.0,232.0,0.0980187695516162,0.0111556578332314,0.0570262908498661,0.0049102625668227,0.0056186378747126,0.001402201367544,616,0.023418487788494098,0.18181818181818182,819.0
840,0.3,250,318,13,1.0,318.0,0.0980187695516162,0.0097749883592053,0.0570262908498661,0.0042275168702719,0.0056186378747126,0.0012997738297798,616,0.0008928571428571428,0.017857142857142856,680.0
840,0.5,416,427,13,1.666667,256.1999487600103,0.0980187695516162,0.0087156557010742,0.0570262908498661,0.0037354254870656,0.0056186378747126,0.0012776606383388,616,0.02129188712522046,0.125,1302.0
841,0.1,86,132,13,1.0,132.0,0.0980187695516162,0.0117625683319113,0.0464749058416465,0.0051642537903207,0.0056186378747126,0.001424070195994,641,0.015432453416149069,0.08695652173913043,324.0
841,0.2,171,232,13,1.0,232.0,0.0980187695516162,0.0107376577613174,0.0570262908498661,0.0048314967184902,0.0056186378747126,0.001367920253063,641,0.010828324808184143,0.07058823529411765,1608.0
841,0.3,257,309,13,1.0,309.0,0.0980187695516162,0.0095062615791125,0.0570262908498661,0.0041737709212803,0.0056186378747126,0.0013004936819396,641,0.006423076923076923,0.05,460.0
841,0.5,427,439,13,1.666667,263.39994732001054,0.0980187695516162,0.0083990299310452,0.0570262908498661,0.0037298754510657,0.0056186378747126,0.001272684511575,641,0.011184009306863998,0.06060606060606061,288.0
842,0.1,83,126,13,1.0,126.0,0.0980187695516162,0.0131916513564062,0.0464749058416465,0.0056008235751362,0.0039956275909326,0.0013960265259111,618,0.016026231243572518,0.09574468085106383,1950.0
842,0.2,165,218,13,1.0,218.0,0.0980187695516162,0.0105997263969539,0.0464749058416465,0.0044337383127746,0.0056186378747126,0.0013108623028209,618,0.01692289974269952,0.18181818181818182,552.0
842,0.3,247,303,13,1.0,303.0,0.0980187695516162,0.0094880186663087,0.0570262908498661,0.0040222847904868,0.0058095370925524,0.0012444431109434,618,0.0042602129671095185,0.034482758620689655,1008.0
842,0.5,412,437,13,1.5,291.3333333333333,0.0980187695516162,0.0085185989410211,0.0570262908498661,0.0037380072168328,0.0058095370925524,0.001272421805131,618,0.008110754985754986,0.0625,240.0
843,0.1,82,113,13,1.0,113.0,0.0980187695516162,0.011248811907684,0.0464749058416465,0.0042410946030672,0.0056186378747126,0.0010748304899994,626,0.011648793955245568,0.08333333333333333,1400.0
843,0.2,164,216,13,1.0,216.0,0.0980187695516162,0.0096647742633143,0.0464749058416465,0.0040500611097039,0.0056186378747126,0.0012868892399373,626,0.006837606837606837,0.1111111111111111,493.0
843,0.3,246,303,13,1.0,303.0,0.0980187695516162,0.0088547958028336,0.0492079830055308,0.0038666747587699,0.0056186378747126,0.0012525471654552,626,0.006309523809523809,0.06666666666666667,767.0
843,0.5,410,432,13,1.5,288.0,0.0980187695516162,0.008684779670181,0.0570262908498661,0.0039165341480687,0.0058095370925524,0.0012739859551602,626,0.005436389344130596,0.04878048780487805,800.0
844,0.1,80,124,12,1.0,124.0,0.0980187695516162,0.0114282350566786,0.0570262908498661,0.0053085008607372,0.0056186378747126,0.0013960250384708,619,0.013258795544080108,0.1111111111111111,680.0
844,0.2,160,215,12,1.0,215.0,0.0980187695516162,0.0110434803695709,0.0570262908498661,0.005113884682093,0.0056186378747126,0.0014071964460441,619,0.02604031554594759,0.11764705882352941,418.0
844,0.3,240,285,12,1.0,285.0,0.0980187695516162,0.0099043228509228,0.0570262908498661,0.0044441902836583,0.0056186378747126,0.0013216281312492,619,0.0058677490542244646,0.0625,900.0
844,0.5,399,423,13,1.5,282.0,0.0980187695516162,0.0086624907249227,0.0570262908498661,0.0039000272298288,0.0056186378747126,0.0012821539422036,619,0.013637605042016807,0.08,252.0
845,0.1,84,125,12,1.0,125.0,0.0980187695516162,0.011245046923879,0.0464749058416465,0.0048560304758902,0.0039956275909326,0.0012619901887589,617,0.0220761993675986,0.2,437.0
845,0.2,167,229,12,1.0,229.0,0.0980187695516162,0.009999499114343,0.0570262908498661,0.0045673865279576,0.0052421649220672,0.0013035984245277,617,0.018320353573225832,0.07142857142857142,589.0
845,0.3,251,308,13,1.0,308.0,0.0980187695516162,0.0094728004008504,0.0570262908498661,0.0043578716051328,0.0056186378747126,0.0012986766396824,617,0.011982244325282046,0.047619047619047616,598.0
845,0.5,418,432,13,1.5,288.0,0.0980187695516162,0.0087475379446181,0.0570262908498661,0.0039702626834254,0.0058095370925524,0.0012852876300106,617,0.011118101766147996,0.09090909090909091,1005.0
846,0.1,88,133,13,1.0,133.0,0.0980187695516162,0.011893654888002,0.0570262908498661,0.0054104732060509,0.0056186378747126,0.0013563412918743,644,0.01252849025161823,0.09375,728.0
846,0.2,175,230,13,1.0,230.0,0.0980187695516162,0.0106587477898172,0.0570262908498661,0.0045103475636028,0.0056186378747126,0.0012695728210643,644,0.02229167624315765,0.07692307692307693,900.0
846,0.3,262,322,13,1.0,322.0,0.0980187695516162,0.0091645671280253,0.0570262908498661,0.00386370613151,0.0056186378747126,0.0012123522151955,644,0.01736009574949861,0.1,440.0
846,0.5,436,464,13,1.5,309.3333333333333,0.0980187695516162,0.0084993347955844,0.0570262908498661,0.0038123710772173,0.0058095370925524,0.0012781220131517,644,0.005385075450864925,0.05263157894736842,500.0
847,0.1,86,133,12,1.0,133.0,0.0980187695516162,0.0110077069629234,0.0570262908498661,0.0046490774682171,0.0039254903849993,0.0011381070461667,632,0.030735546958951216,0.2222222222222222,650.0
847,0.2,171,234,13,1.0,234.0,0.0980187695516162,0.0104498097198826,0.0570262908498661,0.0045467195310006,0.0052421649220672,0.0012653243915178,632,0.021459392534443244,0.1,1170.0
847,0.3,256,327,13,1.0,327.0,0.0980187695516162,0.0093337542610963,0.0570262908498661,0.0040921501469747,0.0052421649220672,0.0012205052586263,632,0.0011904761904761904,0.023809523809523808,575.0
847,0.5,427,455,13,1.5,303.3333333333333,0.0980187695516162,0.0083901499959893,0.0570262908498661,0.0037395126481636,0.0058095370925524,0.0012315170248768,632,0.012276017125196331,0.058823529411764705,320.0
848,0.1,86,138,12,1.0,138.0,0.0980187695516162,0.0108657871272913,0.0464749058416465,0.0048779619443099,0.0039956275909326,0.0013628495098438,638,0.010816433308693372,0.05263157894736842,1596.0
848,0.2,171,238,12,1.0,238.0,0.0980187695516162,0.009901770927349,0.0464749058416465,0.0043997043863857,0.0058095370925524,0.001373857002155,638,0.01308780375797482,0.13043478260869565,840.0
848,0.3,257,324,12,1.0,324.0,0.0980187695516162,0.0091401794564811,0.0570262908498661,0.0041531146339569,0.0058095370925524,0.0013334315110895,638,0.005166881074899943,0.03333333333333333,696.0
848,0.5,427,448,13,1.5,298.6666666666667,0.0980187695516162,0.0082046961120214,0.0570262908498661,0.003699380280908,0.0058095370925524,0.0012714975664628,638,0.0070488721804511266,0.10526315789473684,252.0
849,0.1,81,117,13,1.0,117.0,0.0980187695516162,0.0116663547320481,0.0464749058416465,0.0048299113264009,0.0039956275909326,0.0011523278801559,618,0.015330972562009715,0.09090909090909091,1064.0
849,0.2,162,236,13,1.0,236.0,0.0980187695516162,0.0096896484685671,0.0464749058416465,0.0040408914430957,0.0058095370925524,0.0012512354914861,618,0.0030303030303030303,0.06060606060606061,760.0
849,0.3,243,316,13,1.0,316.0,0.0980187695516162,0.0090778896793864,0.0570262908498661,0.0039222665518331,0.0058095370925524,0.0012330389916842,618,0.010758750293634014,0.09090909090909091,456.0
849,0.5,404,431,13,1.5,287.3333333333333,0.0980187695516162,0.008530734596411,0.0570262908498661,0.0036706487823968,0.0058095370925524,0.0012371192126799,618,0.007569945665396155,0.06666666666666667,1120.0
850,0.1,85,131,12,1.0,131.0,0.0980187695516162,0.0121707567520237,0.0570262908498661,0.0052332573398346,0.0039956275909326,0.0013025381231637,624,0.01582863707800777,0.07407407407407407,900.0
850,0.2,169,226,13,1.0,226.0,0.0980187695516162,0.0099292219956259,0.0570262908498661,0.0042595269506455,0.0056186378747126,0.0012392273863938,624,0.005707282913165266,0.0784313725490196,5226.0
850,0.3,253,317,13,1.0,317.0,0.0980187695516162,0.0090032006263095,0.0570262908498661,0.0038871458464473,0.0056186378747126,0.001227970455563,624,0.012245310137751998,0.07692307692307693,1742.0
850,0.5,422,442,13,1.5,294.6666666666667,0.0980187695516162,0.008235860318299,0.0570262908498661,0.0035669638510632,0.0058095370925524,0.001231822008829,624,0.008608058608058609,0.09523809523809523,570.0
851,0.1,86,127,13,1.0,127.0,0.0980187695516162,0.0122338722258257,0.0570262908498661,0.005327491149118,0.0058095370925524,0.0013338701640791,611,0.010689398943981332,0.05128205128205128,598.0
851,0.2,171,234,13,1.0,234.0,0.0980187695516162,0.0101601561455575,0.0570262908498661,0.0045418881060913,0.0058095370925524,0.0013102463501731,611,0.015071598336304217,0.09523809523809523,520.0
851,0.3,257,311,13,1.0,311.0,0.0980187695516162,0.0094417751610231,0.0570262908498661,0.004224756995829,0.0058095370925524,0.0012852483744147,611,0.019364834414194516,0.0975609756097561,900.0
851,0.5,428,422,13,1.5,281.3333333333333,0.0980187695516162,0.0085742949063251,0.0570262908498661,0.0038408670940968,0.0058095370925524,0.0012866520321884,611,0.008643018018018016,0.08333333333333333,546.0
852,0.1,84,130,13,1.0,130.0,0.0980187695516162,0.0105719098419827,0.0464749058416465,0.0043075270065989,0.0052421649220672,0.0013175868206909,640,0.0021521035598705504,0.03333333333333333,1040.0
852,0.2,168,228,13,1.0,228.0,0.0980187695516162,0.0098329766020891,0.0570262908498661,0.0043224342405257,0.0052421649220672,0.0013155242552472,640,0.006585804299481098,0.05263157894736842,612.0
852,0.3,252,315,13,1.0,315.0,0.0980187695516162,0.0090802257642715,0.0570262908498661,0.0039609379750709,0.0052421649220672,0.0012656879543902,640,0.014211203710783188,0.05555555555555555,2800.0
852,0.5,419,438,13,2.0,219.0,0.0980187695516162,0.0084253479413962,0.0570262908498661,0.003650319258395,0.0056186378747126,0.0012327418033216,640,0.013947163947163948,0.1111111111111111,375.0
853,0.1,87,139,12,1.0,139.0,0.0980187695516162,0.0118303688644495,0.0492079830055308,0.0054859079674094,0.0052421649220672,0.0014480794599233,625,0.01519212962962963,0.09259259259259259,798.0
853,0.2,173,231,13,1.0,231.0,0.0980187695516162,0.0104500990840927,0.0492079830055308,0.0047273973041627,0.0056186378747126,0.0013659154810539,625,0.004821551132463966,0.06451612903225806,2242.0
853,0.3,259,313,13,1.0,313.0,0.0980187695516162,0.009581333057931,0.0492079830055308,0.0042602980003339,0.0056186378747126,0.0013524716171372,625,0.006838709677419355,0.0967741935483871,576.0
853,0.5,432,447,13,1.666667,268.1999463600108,0.0980187695516162,0.0085589715237488,0.0570262908498661,0.0037853480148355,0.0056186378747126,0.0012780682339509,625,0.018722513597513597,0.1111111111111111,280.0
854,0.1,82,126,12,1.0,126.0,0.0594369134515119,0.0118261416488736,0.0293591471972982,0.0051338626886356,0.0056186378747126,0.0014304779555753,612,0.006626909126909127,0.05714285714285714,540.0
854,0.2,163,217,13,1.0,217.0,0.0980187695516162,0.0107542899429608,0.0464749058416465,0.0047335583419873,0.0056186378747126,0.0013472475205769,612,0.008789625498458199,0.043478260869565216,2000.0
854,0.3,244,306,13,1.0,306.0,0.0980187695516162,0.0094870064814246,0.0464749058416465,0.0040383880969883,0.0056186378747126,0.0012625926181656,612,0.025833451230368887,0.125,1500.0
854,0.5,406,428,13,1.666667,256.7999486400103,0.0980187695516162,0.0085612934033698,0.0570262908498661,0.0037769417313504,0.0058095370925524,0.001243257489968,612,0.007754944426283097,0.0625,1742.0
855,0.1,84,124,12,1.0,124.0,0.0980187695516162,0.011100272461233,0.0464749058416465,0.0045836152182783,0.0056186378747126,0.001265849120432,626,0.017358502581459698,0.14285714285714285,1400.0
855,0.2,167,226,12,1.0,226.0,0.0980187695516162,0.0099522917493332,0.0464749058416465,0.0041501320522726,0.0058095370925524,0.0013083822960321,626,0.06312213096620763,0.7142857142857143,576.0
855,0.3,250,310,13,1.0,310.0,0.0980187695516162,0.009283864240304,0.0464749058416465,0.0040192243902031,0.0058095370925524,0.0012841615362769,626,0.01812187812187812,0.14285714285714285,460.0
855,0.5,416,438,13,1.666667,262.79994744001056,0.0980187695516162,0.0085181957994676,0.0570262908498661,0.0037580293429602,0.0058095370925524,0.0012606189352684,626,0.024608990073785662,0.125,1092.0
856,0.1,83,128,12,1.0,128.0,0.0656934306569343,0.0088226668404587,0.0570262908498661,0.003654792016668,0.0044179097289399,0.0012226551820363,617,0.005966735966735967,0.07692307692307693,780.0
856,0.2,165,226,12,1.0,226.0,0.0980187695516162,0.0098415569315381,0.0570262908498661,0.0041447292010245,0.0044179097289399,0.0012815821797344,617,0.006084656084656084,0.07407407407407407,531.0
856,0.3,248,292,12,1.0,292.0,0.0980187695516162,0.0097490250974902,0.0570262908498661,0.0042750007703335,0.0056186378747126,0.0013278181980728,617,0.01374878399097077,0.08695652173913043,1139.0
856,0.5,412,430,13,1.5,286.6666666666667,0.0980187695516162,0.0086742488541843,0.0570262908498661,0.0038104988217355,0.0058095370925524,0.0012913241897679,617,0.022941176470588236,0.4,184.0
857,0.1,82,125,13,1.0,125.0,0.0980187695516162,0.0111949947862356,0.0464749058416465,0.0046313872807018,0.0056186378747126,0.0012897082674635,615,0.007841503267973856,0.05555555555555555,500.0
857,0.2,163,218,13,1.0,218.0,0.0980187695516162,0.0102457644143842,0.0464749058416465,0.0043603976525229,0.0058095370925524,0.0013357811126223,615,0.003922214897824653,0.05405405405405406,420.0
857,0.3,245,305,13,1.0,305.0,0.0980187695516162,0.0092822099523068,0.0464749058416465,0.003982826492778,0.0058095370925524,0.001327970245393,615,0.022266701888942975,0.2,416.0
857,0.5,407,435,13,1.5,290.0,0.0980187695516162,0.0084882480553257,0.0570262908498661,0.0037721936052787,0.0058095370925524,0.001270743608216,615,0.010265507518796993,0.05263157894736842,260.0
858,0.1,82,128,12,1.0,128.0,0.0980187695516162,0.0111688607924921,0.0464749058416465,0.004808633038089,0.0058095370925524,0.0013311186388736,631,0.020348060411523785,0.0967741935483871,2000.0
858,0.2,164,228,12,1.0,228.0,0.0980187695516162,0.0103726469458316,0.0570262908498661,0.0048934102448277,0.0058095370925524,0.0013918459407069,631,0.01702001013171226,0.23809523809523808,2166.0
858,0.3,246,314,13,1.0,314.0,0.0980187695516162,0.0097567131366935,0.0570262908498661,0.0045463977452902,0.0058095370925524,0.0013264947696875,631,0.014179292929292927,0.16666666666666666,826.0
858,0.5,410,439,13,1.666667,263.39994732001054,0.0980187695516162,0.0089453469231664,0.0570262908498661,0.0040720234839041,0.0058095370925524,0.001292409360629,631,0.037191093220504984,0.42857142857142855,506.0
859,0.1,79,111,12,1.0,111.0,0.0980187695516162,0.012888801209969,0.0464749058416465,0.0050034657764095,0.0039956275909326,0.00115427969047,611,0.009090368235795522,0.07936507936507936,3276.0
859,0.2,158,199,13,1.0,199.0,0.0980187695516162,0.0112030433711832,0.0570262908498661,0.0048565003526522,0.0056186378747126,0.0013046203114285,611,0.012755102040816327,0.11428571428571428,644.0
859,0.3,236,275,13,1.0,275.0,0.0980187695516162,0.0097184567257559,0.0570262908498661,0.0040597275889366,0.0056186378747126,0.0011963119240134,611,0.012990173840847035,0.09090909090909091,720.0
859,0.5,393,418,13,1.5,278.6666666666667,0.0980187695516162,0.0086563455752852,0.0570262908498661,0.0037386794375167,0.0058095370925524,0.001222865110309,611,0.015368189747718733,0.13043478260869565,2600.0
860,0.1,85,127,12,1.0,127.0,0.0980187695516162,0.0115523880682797,0.0570262908498661,0.0055747108561428,0.0045513414488271,0.0014007131261628,629,0.012415177415177416,0.07692307692307693,338.0
860,0.2,169,228,12,1.0,228.0,0.0980187695516162,0.0102034282787259,0.0570262908498661,0.0047101437121767,0.0052421649220672,0.0013562447387749,629,0.011351965028435617,0.07142857142857142,480.0
860,0.3,254,312,12,1.0,312.0,0.0980187695516162,0.0093012218924627,0.0570262908498661,0.0042846910122884,0.0056186378747126,0.0012997441707478,629,0.008063725490196077,0.1,440.0
860,0.5,422,440,13,1.5,293.3333333333333,0.0980187695516162,0.0082993648687078,0.0570262908498661,0.0036834419509891,0.0056186378747126,0.0012469483730485,629,0.006325581395348836,0.08,506.0
861,0.1,85,128,13,1.0,128.0,0.0980187695516162,0.0103134775808133,0.0464749058416465,0.0041417185429315,0.0039254903849993,0.0011927324052927,649,0.01427090900948746,0.09090909090909091,2800.0
861,0.2,170,232,13,1.0,232.0,0.0980187695516162,0.0098522167487684,0.0464749058416465,0.0041004281578612,0.0056186378747126,0.0012389061467819,649,0.008698473054955313,0.06060606060606061,828.0
861,0.3,255,315,13,1.0,315.0,0.0980187695516162,0.0087591240875911,0.0464749058416465,0.0036969277163155,0.0056186378747126,0.0012284058535989,649,0.012452214452214453,0.07692307692307693,1000.0
861,0.5,424,444,13,1.5,296.0,0.0980187695516162,0.0082927035481779,0.0570262908498661,0.0036647945275513,0.0056186378747126,0.001241825671129,649,0.004152840409540826,0.047619047619047616,469.0
862,0.1,87,130,12,1.0,130.0,0.0980187695516162,0.0114542391914654,0.0570262908498661,0.0050173413385131,0.0039956275909326,0.0012270471810631,620,0.01710588023088023,0.09090909090909091,2028.0
862,0.2,173,235,13,1.0,235.0,0.0980187695516162,0.0103875934594989,0.0570262908498661,0.0047061960869295,0.0052421649220672,0.0012837222172056,620,0.004252273943285179,0.05,2600.0
862,0.3,260,314,13,1.0,314.0,0.0980187695516162,0.0097799592197285,0.0570262908498661,0.0043980846856422,0.0056186378747126,0.0012563656943339,620,0.015693374062939282,0.06666666666666667,750.0
862,0.5,433,443,13,1.5,295.3333333333333,0.0980187695516162,0.0087916071340301,0.0570262908498661,0.0038795055457687,0.0056186378747126,0.00126483398642,620,0.013093258093258092,0.14285714285714285,536.0
863,0.1,82,120,13,1.0,120.0,0.0980187695516162,0.0123479318734792,0.0570262908498661,0.005636250003623,0.0040328017800694,0.0013484626218993,618,0.017136063484265482,0.11235955056179775,2144.0
863,0.2,164,224,13,1.0,224.0,0.0980187695516162,0.0097618426932816,0.0570262908498661,0.0043020128850512,0.0040328017800694,0.0013115215090968,618,0.008046551954114979,0.1111111111111111,400.0
863,0.3,246,306,13,1.0,306.0,0.0980187695516162,0.0093949988754625,0.0570262908498661,0.0042816584346233,0.0045513414488271,0.0013075947307069,618,0.013552473773773185,0.10344827586206896,598.0
863,0.5,410,428,13,1.5,285.3333333333333,0.0980187695516162,0.0087562004814204,0.0570262908498661,0.0039562720625735,0.0056186378747126,0.0013054410774422,618,0.010452069716775599,0.07407407407407407,702.0
864,0.1,81,127,13,1.0,127.0,0.0761209593326381,0.0123980852758368,0.0570262908498661,0.0055163224170138,0.0056186378747126,0.0014702056781868,617,0.01460967137437726,0.1,900.0
864,0.2,162,215,13,1.0,215.0,0.0980187695516162,0.0109513301161577,0.0570262908498661,0.0048914235931257,0.0056186378747126,0.0013571330017678,617,0.0152039382186441,0.07142857142857142,1742.0
864,0.3,243,293,13,1.0,293.0,0.0980187695516162,0.0096623687216845,0.0570262908498661,0.0041760115947248,0.0056186378747126,0.0012360619149949,617,0.004904306220095694,0.05263157894736842,609.0
864,0.5,404,418,13,1.5,278.6666666666667,0.0980187695516162,0.0088559155020929,0.0570262908498661,0.0038907360912315,0.0058095370925524,0.0012638036285997,617,0.007735897878212869,0.058823529411764705,320.0
865,0.1,81,112,13,1.0,112.0,0.0980187695516162,0.0128482049754207,0.0570262908498661,0.0058908943677241,0.0045513414488271,0.0013152861827964,597,0.013157894736842105,0.14285714285714285,1062.0
865,0.2,161,207,13,1.0,207.0,0.0980187695516162,0.0111881841491488,0.0570262908498661,0.0052224319002349,0.0058095370925524,0.0013866095441563,597,0.031503340713867026,0.2857142857142857,864.0
865,0.3,241,288,13,1.0,288.0,0.0980187695516162,0.0099061522419186,0.0570262908498661,0.0046132308344296,0.0058095370925524,0.0013655097252718,597,0.009961243360220343,0.058823529411764705,864.0
865,0.5,401,409,13,1.5,272.6666666666667,0.0980187695516162,0.0089564567818453,0.0570262908498661,0.0040385923667268,0.0058095370925524,0.001304626276822,597,0.006696428571428571,0.07142857142857142,936.0
866,0.1,82,116,12,1.0,116.0,0.0761209593326381,0.0114882600409909,0.0293591471972982,0.0048269251375041,0.0056186378747126,0.0011820222693954,602,0.012157658932276928,0.08,1000.0
866,0.2,163,209,13,1.0,209.0,0.0980187695516162,0.0106420663470221,0.0464749058416465,0.0044288400497494,0.0056186378747126,0.0012637009999895,602,0.0024634110998406024,0.029850746268656716,828.0
866,0.3,244,280,13,1.0,280.0,0.0980187695516162,0.0098391181290033,0.0570262908498661,0.004271921739692,0.0056186378747126,0.0012514834218207,602,0.012105755766025536,0.0967741935483871,400.0
866,0.5,406,421,13,1.5,280.6666666666667,0.0980187695516162,0.0089216052945095,0.0570262908498661,0.0039253059000367,0.0058095370925524,0.0012707038686162,602,0.00651580459770115,0.0625,520.0
867,0.1,87,129,13,1.0,129.0,0.0980187695516162,0.0126181180331578,0.0570262908498661,0.0058357004620514,0.0058095370925524,0.0014227078636554,631,0.02694220625507359,0.10526315789473684,1482.0
867,0.2,173,243,13,1.0,243.0,0.0980187695516162,0.0102172616365641,0.0570262908498661,0.0046847078648327,0.0058095370925524,0.0013363826225047,631,0.006301899917394896,0.06097560975609756,1340.0
867,0.3,259,332,13,1.0,332.0,0.0980187695516162,0.0092151714260587,0.0570262908498661,0.0042131324521285,0.0058095370925524,0.0013106929050858,631,0.018159430438842203,0.125,442.0
867,0.5,431,438,13,1.75,250.28571428571428,0.0980187695516162,0.0086277086577056,0.0570262908498661,0.0039034345003866,0.0058095370925524,0.0012965859666892,631,0.017045454545454548,0.25,308.0
868,0.1,86,136,13,1.0,136.0,0.0980187695516162,0.0124210268048824,0.0464749058416465,0.0054815277222145,0.0058095370925524,0.0014768558695805,622,0.0250003761142072,0.2631578947368421,320.0
868,0.2,172,230,13,1.0,230.0,0.0980187695516162,0.0106451466654576,0.0464749058416465,0.0046751061448903,0.0058095370925524,0.0013759574739158,622,0.011952687159583713,0.07692307692307693,308.0
868,0.3,258,303,13,1.0,303.0,0.0980187695516162,0.0096600900966008,0.0570262908498661,0.0043185401705671,0.0058095370925524,0.001303279222449,622,0.020502504031915794,0.09090909090909091,800.0
868,0.5,430,438,13,1.571429,278.72719671076453,0.0980187695516162,0.0084729622275867,0.0570262908498661,0.0037279965056873,0.0058095370925524,0.0012498220944634,622,0.002631578947368421,0.05263157894736842,300.0
869,0.1,85,131,13,1.0,131.0,0.0980187695516162,0.0114225218699503,0.0464749058416465,0.0049753023349212,0.0056186378747126,0.0013330638950491,613,0.006465579710144928,0.043478260869565216,855.0
869,0.2,170,234,13,1.0,234.0,0.0980187695516162,0.0099596267479478,0.0570262908498661,0.0044057082526732,0.0056186378747126,0.0013230344498705,613,0.0028977272727272727,0.045454545454545456,1550.0
869,0.3,255,311,13,1.0,311.0,0.0980187695516162,0.0091668371059081,0.0570262908498661,0.003944535395856,0.0056186378747126,0.001277462734954,613,0.01282007946391508,0.07142857142857142,1176.0
869,0.5,424,425,13,1.5,283.3333333333333,0.0980187695516162,0.0086707967858675,0.0570262908498661,0.0038399866635008,0.0056186378747126,0.0012985561454146,613,0.010695047877443523,0.09090909090909091,670.0
870,0.1,82,122,13,1.0,122.0,0.0980187695516162,0.0115557530897963,0.0464749058416465,0.0050188912795948,0.0039956275909326,0.0012526410810014,617,0.01545206851925042,0.10526315789473684,646.0
870,0.2,163,230,13,1.0,230.0,0.0980187695516162,0.0096567982953257,0.0492079830055308,0.004291684016408,0.0056186378747126,0.0013046164011837,617,0.01130050505050505,0.125,1440.0
870,0.3,245,301,13,1.0,301.0,0.0980187695516162,0.0089725246744428,0.0570262908498661,0.0040462256571629,0.0056186378747126,0.0012584294662687,617,0.006961776464708821,0.043478260869565216,532.0
870,0.5,408,446,13,1.4,318.5714285714286,0.0980187695516162,0.0082438264821819,0.0570262908498661,0.0035632283405847,0.0056186378747126,0.0012205282458067,617,0.013663001085601704,0.18181818181818182,306.0
871,0.1,84,114,13,1.0,114.0,0.0980187695516162,0.012586210050674,0.0570262908498661,0.0052136387523713,0.0033571960265037,0.0012113102579194,620,0.007509857789269554,0.058823529411764705,1400.0
871,0.2,167,220,13,1.0,220.0,0.0980187695516162,0.0109299459664422,0.0570262908498661,0.0046337630496624,0.0052421649220672,0.0012664834208544,620,0.00420219995435524,0.02,1298.0
871,0.3,250,311,13,1.0,311.0,0.0980187695516162,0.0095323035450244,0.0570262908498661,0.0040259859072656,0.0056186378747126,0.0012317504118035,620,0.0036111111111111114,0.05,1040.0
871,0.5,416,442,13,1.571429,281.2726505620044,0.0980187695516162,0.0085897357258455,0.0570262908498661,0.0037911341273737,0.0056186378747126,0.0012542614318925,620,0.014172776249238017,0.07692307692307693,252.0
872,0.1,81,123,13,1.0,123.0,0.0980187695516162,0.0117500445077442,0.0464749058416465,0.0047812681029565,0.0037580805554219,0.0012425332880285,615,0.00859376042792883,0.058823529411764705,1500.0
872,0.2,162,214,13,1.0,214.0,0.0980187695516162,0.0103252024597272,0.0464749058416465,0.0043037518075542,0.0056186378747126,0.0012690687476948,615,0.02182416635905008,0.14285714285714285,500.0
872,0.3,243,283,13,1.0,283.0,0.0980187695516162,0.009480576424942,0.0464749058416465,0.0039533876948816,0.0056186378747126,0.0012226051690527,615,0.022497857688778038,0.16666666666666666,1888.0
872,0.5,404,420,13,1.666667,251.9999496000101,0.0980187695516162,0.008644917821143,0.0570262908498661,0.0038115952126115,0.0056186378747126,0.0012376683037166,615,0.00780350995095265,0.05555555555555555,750.0
873,0.1,87,130,13,1.0,130.0,0.0980187695516162,0.0102350204539985,0.0464749058416465,0.0044010473374343,0.0039956275909326,0.0012878448348542,656,0.007145438121047877,0.07407407407407407,550.0
873,0.2,174,232,13,1.0,232.0,0.0980187695516162,0.0095870339074466,0.0464749058416465,0.0040427983422753,0.0056186378747126,0.0012795000034459,656,0.012683080808080806,0.0625,432.0
873,0.3,261,316,13,1.0,316.0,0.0980187695516162,0.0089128971370493,0.0570262908498661,0.0038985880805687,0.0058095370925524,0.0012675827614587,656,0.017252207741338177,0.08695652173913043,300.0
873,0.5,435,462,13,1.666667,277.1999445600111,0.0980187695516162,0.0081388892650623,0.0570262908498661,0.0035856672731652,0.0058095370925524,0.0012381312429014,656,0.0030017921146953406,0.03225806451612903,396.0
874,0.1,83,130,13,1.0,130.0,0.0980187695516162,0.0122964626614261,0.0570262908498661,0.0054499385564232,0.0056186378747126,0.0012974209830893,609,0.012985534831545058,0.05714285714285714,684.0
874,0.2,165,230,13,1.0,230.0,0.0980187695516162,0.0108174275740127,0.0570262908498661,0.0047973328061909,0.0056186378747126,0.0013389592902891,609,0.009005531505531506,0.05,352.0
874,0.3,247,315,13,1.0,315.0,0.0980187695516162,0.0098912557723819,0.0570262908498661,0.0043305363490638,0.0058095370925524,0.0013072878501278,609,0.008217869087434304,0.09523809523809523,279.0
874,0.5,411,441,13,1.666667,264.5999470800106,0.0980187695516162,0.008743991166157,0.0570262908498661,0.0038689343044238,0.0058095370925524,0.0012751997561121,609,0.004595588235294118,0.0625,364.0
875,0.1,80,123,13,1.0,123.0,0.0980187695516162,0.0113261612282441,0.0570262908498661,0.0046779360610235,0.0044179097289399,0.0011916911597935,623,0.006085570620454341,0.07142857142857142,360.0
875,0.2,160,214,13,1.0,214.0,0.0980187695516162,0.0099500063344799,0.0570262908498661,0.0042768441383162,0.0044179097289399,0.00121172979095,623,0.009673856548856549,0.07692307692307693,576.0
875,0.3,240,302,13,1.0,302.0,0.0980187695516162,0.009460737937559,0.0570262908498661,0.0041160998330974,0.0052421649220672,0.0012641533486688,623,0.009341240327548645,0.058823529411764705,600.0
875,0.5,400,433,13,1.5,288.6666666666667,0.0980187695516162,0.0086045173113833,0.0570262908498661,0.0037310065232283,0.0056186378747126,0.0012419409540928,623,0.009423076923076923,0.07142857142857142,324.0
876,0.1,83,122,12,1.0,122.0,0.0980187695516162,0.0128720149062376,0.0464749058416465,0.0054934444650711,0.0056186378747126,0.0013446578527775,625,0.011336223595925518,0.14285714285714285,702.0
876,0.2,165,229,13,1.0,229.0,0.0980187695516162,0.0110468054878853,0.0492079830055308,0.0049071977377847,0.0058095370925524,0.0013736193576504,625,0.021593560473214733,0.1,380.0
876,0.3,247,315,13,1.0,315.0,0.0980187695516162,0.0098250492411075,0.0570262908498661,0.0044260321052532,0.0058095370925524,0.0013122369789377,625,0.02055901946890319,0.125,420.0
876,0.5,412,430,13,1.6,268.75,0.0980187695516162,0.0087106239542158,0.0570262908498661,0.0038881921541928,0.0058095370925524,0.0012721181525246,625,0.010564433838051349,0.0625,513.0
877,0.1,79,128,12,1.0,128.0,0.0980187695516162,0.0107859749739311,0.0570262908498661,0.0047188619879127,0.0052421649220672,0.0012647083311387,611,0.0186682739457339,0.25,2412.0
877,0.2,158,219,13,1.0,219.0,0.0980187695516162,0.0105989401059893,0.0570262908498661,0.0046619890356272,0.0052421649220672,0.0012959783634187,611,0.007827186951373471,0.043478260869565216,713.0
877,0.3,237,300,13,1.0,300.0,0.0980187695516162,0.0097045533541883,0.0570262908498661,0.0043160801503904,0.0052421649220672,0.0012853030915323,611,0.005769230769230769,0.05128205128205128,1680.0
877,0.5,395,425,13,1.5,283.3333333333333,0.0980187695516162,0.0087591240875911,0.0570262908498661,0.0038759063721122,0.0052421649220672,0.0012669527245342,611,0.010989010989010988,0.14285714285714285,882.0
878,0.1,83,121,13,1.0,121.0,0.0980187695516162,0.0114444281663922,0.0464749058416465,0.0047189768672398,0.0039956275909326,0.0011864778277649,624,0.009393019437125292,0.09523809523809523,1014.0
878,0.2,165,218,13,1.0,218.0,0.0980187695516162,0.009724387980599,0.0464749058416465,0.004120782886115,0.0040871733233292,0.0012298393444863,624,0.012345085470085471,0.1,700.0
878,0.3,247,306,13,1.0,306.0,0.0980187695516162,0.0095006372378634,0.0570262908498661,0.0041931886053396,0.0058095370925524,0.0012287227695347,624,0.006220018720018721,0.05405405405405406,434.0
878,0.5,411,423,13,1.857143,227.76921324852205,0.0980187695516162,0.00838393026621,0.0570262908498661,0.0036593067670502,0.0058095370925524,0.0012251079516681,624,0.012472222222222221,0.1111111111111111,910.0
879,0.1,82,122,13,1.0,122.0,0.0980187695516162,0.0126326945759756,0.0464749058416465,0.0052636216069656,0.0039254903849993,0.0013127240838442,612,0.018666364815969384,0.06666666666666667,3000.0
879,0.2,163,229,13,1.0,229.0,0.0980187695516162,0.0106870785161034,0.0492079830055308,0.0047875766450107,0.0058095370925524,0.001376681718982,612,0.006838499941948217,0.07407407407407407,780.0
879,0.3,244,314,13,1.0,314.0,0.0980187695516162,0.0096604079355485,0.0570262908498661,0.0042745169679559,0.0058095370925524,0.0013204880368699,612,0.012273726273726273,0.06060606060606061,608.0
879,0.5,406,432,13,1.666667,259.1999481600104,0.0980187695516162,0.00862443517553,0.0570262908498661,0.0037649646927246,0.0058095370925524,0.0012680301582342,612,0.015545634920634918,0.14285714285714285,544.0
880,0.1,85,127,13,1.0,127.0,0.0761209593326381,0.0113142791457636,0.0293591471972982,0.0045675662075966,0.0056186378747126,0.0013286454119698,626,0.010011883541295305,0.07407407407407407,551.0
880,0.2,170,218,13,1.0,218.0,0.0980187695516162,0.0107671408481693,0.0464749058416465,0.0045288816135978,0.0056186378747126,0.0013298073013035,626,0.0030303030303030303,0.06060606060606061,704.0
880,0.3,255,299,13,1.0,299.0,0.0980187695516162,0.0098137343456289,0.0570262908498661,0.0043560834790088,0.0056186378747126,0.0012860372566919,626,0.008028404344193819,0.05555555555555555,840.0
880,0.5,425,434,13,1.5,289.3333333333333,0.0980187695516162,0.0085102088869453,0.0570262908498661,0.0037139746724508,0.0056186378747126,0.0012442014003805,626,0.009948504983388704,0.1,288.0
881,0.1,86,133,13,1.0,133.0,0.0980187695516162,0.0123013477384806,0.0464749058416465,0.0052631060902387,0.0056186378747126,0.0013758761781309,615,0.010078753638075671,0.06666666666666667,720.0
881,0.2,172,225,13,1.0,225.0,0.0980187695516162,0.0106453481635962,0.0464749058416465,0.0045531758437835,0.0056186378747126,0.0012839855874369,615,0.01749722180601338,0.16666666666666666,1260.0
881,0.3,258,305,13,1.0,305.0,0.0980187695516162,0.0093437494658027,0.0464749058416465,0.0038465838530087,0.0056186378747126,0.0012151676841847,615,0.012603977616454931,0.08333333333333333,1560.0
881,0.5,429,430,13,1.5,286.6666666666667,0.0980187695516162,0.0085117734073768,0.0570262908498661,0.0036548019767205,0.0058095370925524,0.0012440419437396,615,0.013383838383838383,0.1111111111111111,286.0
882,0.1,83,121,13,1.0,121.0,0.0980187695516162,0.0114358103740983,0.0464749058416465,0.004857571409635,0.0039956275909326,0.0013066540434758,617,0.012706689943532048,0.07142857142857142,1140.0
882,0.2,166,212,13,1.0,212.0,0.0980187695516162,0.0103193184724653,0.0492079830055308,0.0045130236344445,0.0056186378747126,0.0012866934381879,617,0.020023443678104696,0.1875,840.0
882,0.3,249,291,13,1.0,291.0,0.0980187695516162,0.0097753602155738,0.0570262908498661,0.0043567482531285,0.0058095370925524,0.0012636853460366,617,0.021826546003016596,0.2,507.0
882,0.5,414,414,13,1.5,276.0,0.0980187695516162,0.0086039705208222,0.0570262908498661,0.0038630478872368,0.0058095370925524,0.0012520277735377,617,0.01499668527191463,0.09090909090909091,1100.0
883,0.1,83,121,13,1.0,121.0,0.0980187695516162,0.0116598729737415,0.0464749058416465,0.0048151186493281,0.0048729601732022,0.001228181205437,618,0.012364497149596573,0.06666666666666667,960.0
883,0.2,166,215,13,1.0,215.0,0.0980187695516162,0.0102529281955524,0.0464749058416465,0.0043837185212396,0.0056186378747126,0.0013060243809172,618,0.00898073631546032,0.04878048780487805,728.0
883,0.3,249,300,13,1.0,300.0,0.0980187695516162,0.0090684741049704,0.0464749058416465,0.0039310156078057,0.0056186378747126,0.0012879571552059,618,0.010700757575757575,0.09090909090909091,490.0
883,0.5,414,429,13,1.75,245.14285714285717,0.0980187695516162,0.0085680742615048,0.0570262908498661,0.0038196016121055,0.0056186378747126,0.0013139252095151,618,0.011535585742482295,0.05555555555555555,360.0
884,0.1,82,124,12,1.0,124.0,0.0980187695516162,0.0113189141915301,0.0464749058416465,0.0045842396852347,0.0052421649220672,0.001128337071222,619,0.012867839582799537,0.047619047619047616,468.0
884,0.2,164,217,12,1.0,217.0,0.0980187695516162,0.0097980327049585,0.0464749058416465,0.0040836261756218,0.0058095370925524,0.0012580640473677,619,0.008643018018018018,0.125,936.0
884,0.3,246,292,13,1.0,292.0,0.0980187695516162,0.0091490850914908,0.0464749058416465,0.003917112293072,0.0058095370925524,0.0012304161717803,619,0.00855780022446689,0.09090909090909091,400.0
884,0.5,409,422,13,1.666667,253.19994936001012,0.0980187695516162,0.008586649798121,0.0570262908498661,0.0038875751641294,0.0058095370925524,0.0012880333664853,619,0.005572755417956656,0.058823529411764705,945.0
885,0.1,83,129,12,1.0,129.0,0.0980187695516162,0.0115591984544623,0.0570262908498661,0.0055226125715609,0.0058095370925524,0.001341433260782,613,0.018239550109115328,0.14285714285714285,567.0
885,0.2,165,228,12,1.0,228.0,0.0980187695516162,0.0102857508735341,0.0570262908498661,0.0047451071358409,0.0058095370925524,0.0013349753720205,613,0.007516405249679897,0.09090909090909091,1302.0
885,0.3,247,313,12,1.0,313.0,0.0980187695516162,0.0098811661508426,0.0570262908498661,0.0046647194171863,0.0058095370925524,0.0013486658718303,613,0.013723417881312618,0.08,1092.0
885,0.5,412,430,13,1.666667,257.99994840001034,0.0980187695516162,0.0088561243543419,0.0570262908498661,0.0040540480618543,0.0058095370925524,0.0013171936558856,613,0.0007042253521126761,0.014084507042253521,855.0
886,0.1,82,120,13,1.0,120.0,0.0980187695516162,0.0135818561001042,0.0492079830055308,0.0060886736372089,0.0056186378747126,0.0013565829637046,612,0.007329006882417777,0.04,1600.0
886,0.2,164,209,13,1.0,209.0,0.0980187695516162,0.0106021523616605,0.0492079830055308,0.0047891313692826,0.0056186378747126,0.0012957883320091,612,0.0038238551234447264,0.029411764705882353,384.0
886,0.3,246,286,13,1.0,286.0,0.0980187695516162,0.0091842464105237,0.0492079830055308,0.0040781278349285,0.0056186378747126,0.0012384177073906,612,0.015757575757575755,0.09090909090909091,1088.0
886,0.5,409,433,13,1.5,288.6666666666667,0.0980187695516162,0.0083853706348269,0.0570262908498661,0.0037399625970284,0.0058095370925524,0.0012597771573436,612,0.010115089514066497,0.1,468.0
887,0.1,83,116,12,1.0,116.0,0.0980187695516162,0.0120186257236344,0.0492079830055308,0.0054001990712374,0.0045513414488271,0.0012234613424361,631,0.04254201680672269,0.7142857142857143,1050.0
887,0.2,166,213,13,1.0,213.0,0.0980187695516162,0.0106478285773031,0.0570262908498661,0.0046100916769507,0.0045513414488271,0.0012339402197854,631,0.022963093367505134,0.14285714285714285,2400.0
887,0.3,249,293,13,1.0,293.0,0.0980187695516162,0.0097548996928683,0.0570262908498661,0.0042464334766178,0.0056186378747126,0.0012168944056566,631,0.02659685086155674,0.2727272727272727,360.0
887,0.5,415,427,13,1.5,284.6666666666667,0.0980187695516162,0.008637510287111,0.0570262908498661,0.0038485306385857,0.0058095370925524,0.0012380007848859,631,0.011553030303030303,0.08333333333333333,266.0
888,0.1,87,135,12,1.0,135.0,0.0980187695516162,0.0125439307921059,0.0492079830055308,0.0054390044339969,0.0045513414488271,0.0013148514200921,618,0.01630464690016577,0.10256410256410256,1140.0
888,0.2,174,241,12,1.0,241.0,0.0980187695516162,0.0104015680233991,0.0570262908498661,0.0044271894826211,0.0045513414488271,0.0012682353661228,618,0.01498821548821549,0.07142857142857142,1296.0
888,0.3,261,320,12,1.0,320.0,0.0980187695516162,0.0093815172054222,0.0570262908498661,0.0040602537211375,0.0052421649220672,0.0012783188121675,618,0.006133540372670807,0.043478260869565216,450.0
888,0.5,434,433,13,1.666667,259.7999480400104,0.0980187695516162,0.0087080701365692,0.0570262908498661,0.003869053053188,0.0056186378747126,0.0012967614611762,618,0.018275978407557354,0.10526315789473684,169.0
889,0.1,81,129,13,1.0,129.0,0.0980187695516162,0.0111631140318968,0.0464749058416465,0.0043564552103306,0.0032604583829249,0.0011165293153294,633,0.01028743257738667,0.06896551724137931,2950.0
889,0.2,162,224,13,1.0,224.0,0.0980187695516162,0.0095942574109935,0.0492079830055308,0.0040555299021081,0.0056186378747126,0.0012082182991089,633,0.007718531468531469,0.09090909090909091,560.0
889,0.3,243,299,13,1.0,299.0,0.0980187695516162,0.0089279175283617,0.0570262908498661,0.0040041182833155,0.0058095370925524,0.001236493451356,633,0.0013157894736842105,0.02631578947368421,520.0
889,0.5,405,447,13,1.5,298.0,0.0980187695516162,0.0083046984531332,0.0570262908498661,0.003716989496403,0.0058095370925524,0.0012509705405864,633,0.00890430395031913,0.03225806451612903,1326.0
890,0.1,83,128,13,1.0,128.0,0.0980187695516162,0.0107615354535974,0.0464749058416465,0.0043274211678094,0.0039956275909326,0.0011517461796976,622,0.004096989966555184,0.043478260869565216,260.0
890,0.2,166,233,13,1.0,233.0,0.0980187695516162,0.0097249012069975,0.0570262908498661,0.0042229520111979,0.0052421649220672,0.0012585500048637,622,0.007083333333333333,0.06666666666666667,612.0
890,0.3,248,314,13,1.0,314.0,0.0980187695516162,0.0092751871309683,0.0570262908498661,0.0040547654283795,0.0058095370925524,0.0012817659062641,622,0.042431633407243166,0.5555555555555556,340.0
890,0.5,413,427,13,1.5,284.6666666666667,0.0980187695516162,0.0086961193475834,0.0570262908498661,0.0038008185115918,0.0058095370925524,0.0012820910847621,622,0.006045930799220273,0.05263157894736842,600.0
891,0.1,84,123,12,1.0,123.0,0.0980187695516162,0.0128012750409046,0.0492079830055308,0.006049056306019,0.0056186378747126,0.0014461686060068,617,0.01649289734655588,0.1,570.0
891,0.2,168,213,13,1.0,213.0,0.0980187695516162,0.0107995907317383,0.0492079830055308,0.004803124018403,0.0058095370925524,0.0013317397001377,617,0.017661340852130326,0.125,378.0
891,0.3,252,305,13,1.0,305.0,0.0980187695516162,0.0097745260602744,0.0570262908498661,0.0043157847613076,0.0058095370925524,0.0012660512760416,617,0.01612636165577342,0.16,720.0
891,0.5,420,425,13,1.666667,254.99994900001025,0.0980187695516162,0.0086879715389805,0.0570262908498661,0.0038384507419592,0.0058095370925524,0.0012824046275976,617,0.022600500345065562,0.125,804.0
892,0.1,81,127,13,1.0,127.0,0.0980187695516162,0.0108134293432298,0.0464749058416465,0.0042617668367995,0.0052421649220672,0.001259542360374,607,0.013119063591447312,0.08333333333333333,500.0
892,0.2,162,229,13,1.0,229.0,0.0980187695516162,0.0099903921023992,0.0570262908498661,0.0043281243447644,0.0052421649220672,0.0012622226602628,607,0.02151983628591574,0.3333333333333333,960.0
892,0.3,242,312,13,1.0,312.0,0.0980187695516162,0.0096187267720114,0.0570262908498661,0.0043349183269824,0.0058095370925524,0.0012954369869822,607,0.013318260368663593,0.1111111111111111,462.0
892,0.5,403,423,13,1.5,282.0,0.0980187695516162,0.0087635613338361,0.0570262908498661,0.0039758918535451,0.0058095370925524,0.0012988463359381,607,0.010667293233082705,0.14285714285714285,630.0
893,0.1,84,130,12,1.0,130.0,0.0980187695516162,0.011341942728804,0.0464749058416465,0.0046477720458431,0.0058095370925524,0.0012480693330639,640,0.005912557348160301,0.043478260869565216,646.0
893,0.2,167,230,12,1.0,230.0,0.0980187695516162,0.0097882758308019,0.0464749058416465,0.0039904060966384,0.0058095370925524,0.0012095353999802,640,0.006427125506072875,0.11538461538461539,1180.0
893,0.3,251,317,12,1.0,317.0,0.0980187695516162,0.0091413571576595,0.0464749058416465,0.0038659351164647,0.0058095370925524,0.00117803893043,640,0.009574857920973488,0.05263157894736842,780.0
893,0.5,418,438,13,1.666667,262.79994744001056,0.0980187695516162,0.0085372415139438,0.0570262908498661,0.0038202770349611,0.0058095370925524,0.0012599072688135,640,0.007569826007326007,0.07142857142857142,1040.0
894,0.1,84,122,13,1.0,122.0,0.0980187695516162,0.0131284295458041,0.0570262908498661,0.0057996750665816,0.0056186378747126,0.0013236453347718,611,0.019597907972270835,0.058823529411764705,2000.0
894,0.2,167,215,13,1.0,215.0,0.0980187695516162,0.0105536290224797,0.0570262908498661,0.0045565844582527,0.0056186378747126,0.0012489432977347,611,0.007531055900621117,0.08333333333333333,335.0
894,0.3,251,286,13,1.0,286.0,0.0980187695516162,0.0096363490524074,0.0570262908498661,0.0043194786686441,0.0058095370925524,0.0012992325076234,611,0.002557544757033248,0.029411764705882353,360.0
894,0.5,417,421,13,1.666667,252.5999494800101,0.0980187695516162,0.0088646377981814,0.0570262908498661,0.0039675603963898,0.0058095370925524,0.0012931399059583,611,0.00329004329004329,0.047619047619047616,663.0
895,0.1,84,133,12,1.0,133.0,0.0980187695516162,0.0107489788078119,0.0570262908498661,0.0051701597793882,0.0048729601732022,0.0014093939423453,624,0.014403671292215384,0.08695652173913043,3000.0
895,0.2,168,233,13,1.0,233.0,0.0980187695516162,0.0101232059504043,0.0570262908498661,0.0047647339619832,0.0052421649220672,0.001379238683722,624,0.016521167724275223,0.1,544.0
895,0.3,252,310,13,1.0,310.0,0.0980187695516162,0.009721147700898,0.0570262908498661,0.0043984832867089,0.0056186378747126,0.0013302033813645,624,0.00910158891142664,0.05,690.0
895,0.5,419,446,13,1.5,297.3333333333333,0.0980187695516162,0.0084869796172208,0.0570262908498661,0.0037573652337062,0.0058095370925524,0.0012635195388341,624,0.003071364046973803,0.037037037037037035,416.0
896,0.1,87,132,13,1.0,132.0,0.0980187695516162,0.0124103390526747,0.0492079830055308,0.0057849357491238,0.0056186378747126,0.0014377228335393,660,0.017983826920730993,0.16666666666666666,2508.0
896,0.2,174,239,13,1.0,239.0,0.0980187695516162,0.0105802330705362,0.0570262908498661,0.004978687724092,0.0056186378747126,0.0013995712785615,660,0.0018518518518518517,0.037037037037037035,198.0
896,0.3,261,328,13,1.0,328.0,0.0980187695516162,0.0091685953355883,0.0570262908498661,0.0041134489137852,0.0056186378747126,0.0012977676999096,660,0.012917557989206416,0.07692307692307693,1541.0
896,0.5,435,455,13,1.5,303.3333333333333,0.0980187695516162,0.0083878582314452,0.0570262908498661,0.0037653987702706,0.0056186378747126,0.0012680779580164,660,0.004006410256410256,0.041666666666666664,196.0
897,0.1,82,120,13,1.0,120.0,0.0980187695516162,0.0104449078901633,0.0464749058416465,0.0042635102179721,0.0040871733233292,0.0012981480669394,618,0.013236738751444635,0.056818181818181816,2052.0
897,0.2,164,220,13,1.0,220.0,0.0980187695516162,0.009929851170727,0.0570262908498661,0.0043467441104724,0.0058095370925524,0.0013005146714808,618,0.0024489795918367346,0.02857142857142857,336.0
897,0.3,246,308,13,1.0,308.0,0.0980187695516162,0.0091037742236907,0.0570262908498661,0.0040433570099983,0.0058095370925524,0.0012838866106488,618,0.024021856766421983,0.16666666666666666,1254.0
897,0.5,410,418,13,1.8,232.22222222222223,0.0980187695516162,0.0085790122286472,0.0570262908498661,0.0037332237468729,0.0058095370925524,0.0012762358887159,618,0.010077658303464755,0.06451612903225806,546.0
898,0.1,85,133,12,1.0,133.0,0.0980187695516162,0.0113918790720283,0.0570262908498661,0.0052475599498091,0.0058095370925524,0.0012662961355686,624,0.007149122807017544,0.08333333333333333,650.0
898,0.2,170,229,12,1.0,229.0,0.0980187695516162,0.0103501190741811,0.0570262908498661,0.0049899971467066,0.0058095370925524,0.0013575228062472,624,0.007301291041082329,0.0625,540.0
898,0.3,255,300,13,1.0,300.0,0.0980187695516162,0.0095968022245394,0.0570262908498661,0.0044433184145214,0.0058095370925524,0.0012991900324075,624,0.014460828835828837,0.0625,900.0
898,0.5,424,437,13,1.666667,262.1999475600105,0.0980187695516162,0.0086474516981122,0.0570262908498661,0.0038906020428537,0.0058095370925524,0.0012866301960928,624,0.01755050505050505,0.1111111111111111,406.0
899,0.1,85,125,13,1.0,125.0,0.0980187695516162,0.0114285714285713,0.0570262908498661,0.0048374227949339,0.0052421649220672,0.0012539000917504,618,0.014427361853832444,0.1,816.0
899,0.2,170,225,13,1.0,225.0,0.0980187695516162,0.0102514193025141,0.0570262908498661,0.0044963943099885,0.0056186378747126,0.0012584983076191,618,0.011049601071182172,0.06451612903225806,912.0
899,0.3,254,305,13,1.0,305.0,0.0980187695516162,0.0098052958170224,0.0570262908498661,0.0042267106572246,0.0056186378747126,0.001258975327,618,0.003881578947368421,0.05263157894736842,288.0
899,0.5,423,447,13,1.75,255.42857142857144,0.0980187695516162,0.0085006520121397,0.0570262908498661,0.0036698853257678,0.0056186378747126,0.0012696368162725,618,0.008039037283446415,0.0625,644.0
900,0.1,89,137,13,1.0,137.0,0.0980187695516162,0.0106025893760988,0.0570262908498661,0.0051480596365264,0.0058095370925524,0.0013913025164206,641,0.006761835485239741,0.07692307692307693,560.0
900,0.2,177,240,13,1.0,240.0,0.0980187695516162,0.0097801529370871,0.0570262908498661,0.0045194022012729,0.0058095370925524,0.0012808178537498,641,0.00539738354506957,0.05263157894736842,390.0
900,0.3,266,334,13,1.0,334.0,0.0980187695516162,0.009122526583954,0.0570262908498661,0.0041627227749433,0.0058095370925524,0.0013042981078017,641,0.012625164121994223,0.1,624.0
900,0.5,443,445,13,1.714286,259.58329006945166,0.0980187695516162,0.0085880657520122,0.0570262908498661,0.0038248247034753,0.0058095370925524,0.0012781632842584,641,0.021290252145515307,0.14285714285714285,2412.0
901,0.1,82,125,13,1.0,125.0,0.0980187695516162,0.0118623566214806,0.0570262908498661,0.0055074021848158,0.0052421649220672,0.0012512482481689,630,0.014039992564660497,0.09523809523809523,1400.0
901,0.2,164,222,13,1.0,222.0,0.0980187695516162,0.0108455692397297,0.0570262908498661,0.004755591164886,0.0056186378747126,0.0012249637345347,630,0.013231763076964314,0.058823529411764705,828.0
901,0.3,246,316,13,1.0,316.0,0.0980187695516162,0.0094111746149073,0.0570262908498661,0.0041615889237598,0.0056186378747126,0.0012213476959568,630,0.02295911295911296,0.2,360.0
901,0.5,409,434,13,1.571429,276.18174285952466,0.0980187695516162,0.008582288578252,0.0570262908498661,0.0038464712880093,0.0056186378747126,0.0012333672476272,630,0.011369047619047619,0.08333333333333333,624.0
902,0.1,82,136,12,1.0,136.0,0.0980187695516162,0.0125437036128319,0.0464749058416465,0.0054253524315753,0.0056186378747126,0.0014290688421868,619,0.009484612320243285,0.05555555555555555,3600.0
902,0.2,163,228,13,1.0,228.0,0.0980187695516162,0.0103863673782997,0.0492079830055308,0.0046044554842882,0.0056186378747126,0.0013463002188419,619,0.01235014985014985,0.09090909090909091,850.0
902,0.3,245,303,13,1.0,303.0,0.0980187695516162,0.0096635315252066,0.0492079830055308,0.0041906620783137,0.0056186378747126,0.001321051940905,619,0.007610524711538075,0.045454545454545456,1200.0
902,0.5,408,423,13,1.5,282.0,0.0980187695516162,0.0086082577152618,0.0570262908498661,0.003838111238928,0.0056186378747126,0.0012702400147766,619,0.0019230769230769232,0.038461538461538464,440.0
903,0.1,86,136,13,1.0,136.0,0.0980187695516162,0.0123136845979267,0.0570262908498661,0.0058922127113282,0.0058095370925524,0.0014860000049503,642,0.028506398812255612,0.3333333333333333,975.0
903,0.2,172,233,13,1.0,233.0,0.0980187695516162,0.0107855554113502,0.0570262908498661,0.0052369221888919,0.0058095370925524,0.0014023401119143,642,0.008776783062497347,0.057692307692307696,646.0
903,0.3,258,317,13,1.0,317.0,0.0980187695516162,0.0097005621655048,0.0570262908498661,0.0045107986830345,0.0058095370925524,0.0013014364900133,642,0.016948580975167066,0.125,308.0
903,0.5,429,449,13,1.5,299.3333333333333,0.0980187695516162,0.0084883334765473,0.0570262908498661,0.0038205530372421,0.0058095370925524,0.0012433583913223,642,0.005637254901960783,0.08333333333333333,294.0
904,0.1,83,137,13,1.0,137.0,0.0761209593326381,0.0119726296400599,0.0570262908498661,0.0053833865246968,0.0056186378747126,0.0014407346112305,615,0.002797202797202797,0.030303030303030304,640.0
904,0.2,166,229,13,1.0,229.0,0.0980187695516162,0.0108555582370645,0.0570262908498661,0.0048409133751926,0.0056186378747126,0.0013579221893794,615,0.004096989966555184,0.043478260869565216,500.0
904,0.3,249,314,13,1.0,314.0,0.0980187695516162,0.0093449253800734,0.0570262908498661,0.004002177187939,0.0056186378747126,0.0012594258430128,615,0.006957411957411957,0.06666666666666667,304.0
904,0.5,415,435,13,1.666667,260.99994780001043,0.0980187695516162,0.0086009133076839,0.0570262908498661,0.0038221342929983,0.0056186378747126,0.0012980021426996,615,0.01246498599439776,0.14285714285714285,338.0
905,0.1,81,120,12,1.0,120.0,0.0980187695516162,0.0131213069169273,0.0570262908498661,0.0057073326682089,0.0039254903849993,0.0013438190324994,614,0.015784142122789568,0.09090909090909091,1254.0
905,0.2,162,213,13,1.0,213.0,0.0980187695516162,0.0102414976476865,0.0570262908498661,0.0043618860877537,0.0039254903849993,0.001217119832441,614,0.009830586080586078,0.08333333333333333,546.0
905,0.3,243,295,13,1.0,295.0,0.0980187695516162,0.0094943532281154,0.0570262908498661,0.0042614205173847,0.0058095370925524,0.0013020161508765,614,0.020535560183246208,0.1111111111111111,800.0
905,0.5,404,420,13,1.5,280.0,0.0980187695516162,0.0085331942996176,0.0570262908498661,0.0037824220204392,0.0058095370925524,0.001260961795914,614,0.01001817142805515,0.08333333333333333,1800.0
906,0.1,85,123,12,1.0,123.0,0.0980187695516162,0.011182040913214,0.0570262908498661,0.0052363821090914,0.0045513414488271,0.0012298947409745,639,0.018721288067719506,0.09302325581395349,1700.0
906,0.2,170,236,12,1.0,236.0,0.0980187695516162,0.0100342871281878,0.0570262908498661,0.0045574156928063,0.0056186378747126,0.0013038300732239,639,0.011309523809523808,0.14285714285714285,490.0
906,0.3,255,317,12,1.0,317.0,0.0980187695516162,0.0088716229774047,0.0570262908498661,0.0039780381236035,0.0056186378747126,0.0012290660316041,639,0.01259418578497526,0.1111111111111111,1600.0
906,0.5,424,438,12,1.5,292.0,0.0980187695516162,0.0083991600839915,0.0570262908498661,0.0037753526646484,0.0058095370925524,0.0012574051491432,639,0.014491482329010933,0.1111111111111111,1800.0
907,0.1,82,132,13,1.0,132.0,0.0980187695516162,0.0127500236989287,0.0570262908498661,0.0059441786311404,0.0052421649220672,0.0014817126558534,616,0.012744376219985976,0.07692307692307693,775.0
907,0.2,164,227,13,1.0,227.0,0.0980187695516162,0.0108363612977908,0.0570262908498661,0.0050801940510422,0.0056186378747126,0.0014028296793909,616,0.020133290126571203,0.10526315789473684,2124.0
907,0.3,246,308,13,1.0,308.0,0.0980187695516162,0.0097504164240347,0.0570262908498661,0.0045240419349981,0.0056186378747126,0.0013416996380763,616,0.01336807133446891,0.06521739130434782,630.0
907,0.5,409,430,13,1.5,286.6666666666667,0.0980187695516162,0.0087009239275407,0.0570262908498661,0.0038618867759441,0.0058095370925524,0.0012523063067964,616,0.005,0.1,465.0
908,0.1,86,127,13,1.0,127.0,0.0980187695516162,0.0121107124383174,0.0464749058416465,0.00522771198477,0.0056186378747126,0.001334463667747,628,0.022236279802069277,0.125,414.0
908,0.2,172,231,13,1.0,231.0,0.0980187695516162,0.0104139864306704,0.0464749058416465,0.0044055448494077,0.0056186378747126,0.0013299146112112,628,0.008613386613386613,0.07142857142857142,480.0
908,0.3,257,314,13,1.0,314.0,0.0980187695516162,0.0094711184022634,0.0464749058416465,0.0039941881911649,0.0056186378747126,0.0012616623771545,628,0.005229468599033817,0.043478260869565216,690.0
908,0.5,428,438,13,1.666667,262.79994744001056,0.0980187695516162,0.0086110436575389,0.0492079830055308,0.0037224297250452,0.0056186378747126,0.0012665635538629,628,0.0023544973544973543,0.02857142857142857,744.0
909,0.1,87,128,13,1.0,128.0,0.0980187695516162,0.0121953206465067,0.0464749058416465,0.0053303439756414,0.0058095370925524,0.0013961241357621,642,0.006636904761904762,0.10416666666666667,700.0
909,0.2,173,230,13,1.0,230.0,0.0980187695516162,0.0102189781021897,0.0570262908498661,0.0045971925029974,0.0058095370925524,0.0013554791306158,642,0.021196364046973802,0.3125,600.0
909,0.3,260,318,13,1.0,318.0,0.0980187695516162,0.0091749135957922,0.0570262908498661,0.0042023526956368,0.0058095370925524,0.0013340595791833,642,0.01288961038961039,0.09090909090909091,380.0
909,0.5,432,462,13,1.5,308.0,0.0980187695516162,0.0083668503897909,0.0570262908498661,0.0037112662390993,0.0058095370925524,0.0012813146423644,642,0.008809523809523809,0.1111111111111111,750.0
910,0.1,81,124,12,1.0,124.0,0.0980187695516162,0.01160483030038,0.0464749058416465,0.0052953752136187,0.0052421649220672,0.0013901680054724,627,0.0021338724168912847,0.023809523809523808,713.0
910,0.2,161,231,13,1.0,231.0,0.0980187695516162,0.0104500990840927,0.0570262908498661,0.004966475535488,0.0052421649220672,0.0014002375654013,627,0.0121256038647343,0.1,360.0
910,0.3,241,307,13,1.0,307.0,0.0980187695516162,0.0095817779785538,0.0570262908498661,0.0043747516586117,0.0052421649220672,0.0013298840236543,627,0.008634460297766749,0.07692307692307693,273.0
910,0.5,401,430,13,1.5,286.6666666666667,0.0980187695516162,0.0084826733273516,0.0570262908498661,0.0037915611408668,0.0056186378747126,0.0012715024118662,627,0.015476334296932303,0.2,650.0
911,0.1,86,131,12,1.0,131.0,0.0980187695516162,0.0107538864434166,0.0570262908498661,0.005009445981242,0.0040871733233292,0.0013391041560032,624,0.01107511486442762,0.058823529411764705,1100.0
911,0.2,171,241,12,1.0,241.0,0.0980187695516162,0.0094540042142791,0.0570262908498661,0.0041743923216761,0.0040871733233292,0.0012890087593913,624,0.0,0.0,300.0
911,0.3,257,322,12,1.0,322.0,0.0980187695516162,0.0090836080544562,0.0570262908498661,0.0040523103389471,0.0056186378747126,0.0012868227684306,624,0.0012195121951219512,0.024390243902439025,416.0
911,0.5,427,437,13,1.5,291.3333333333333,0.0980187695516162,0.0083778153730883,0.0570262908498661,0.0036637264236081,0.0056186378747126,0.0012878259627226,624,0.006540404040404041,0.06060606060606061,2478.0
912,0.1,87,130,13,1.0,130.0,0.0980187695516162,0.0125531402903665,0.0570262908498661,0.0056755299958406,0.0044179097289399,0.0014018469669254,648,0.015442744755244759,0.1,897.0
912,0.2,174,216,13,1.0,216.0,0.0980187695516162,0.0105385625458617,0.0570262908498661,0.0047190710829599,0.0056186378747126,0.0013184497692537,648,0.003490627020038785,0.058823529411764705,1092.0
912,0.3,261,300,13,1.0,300.0,0.0980187695516162,0.0097010775112964,0.0570262908498661,0.0042542432193629,0.0056186378747126,0.0012788602461649,648,0.00871892667715801,0.0625,1794.0
912,0.5,434,432,13,1.75,246.8571428571429,0.0980187695516162,0.0084796083883674,0.0570262908498661,0.003754789624248,0.0056186378747126,0.0012527487568914,648,0.006902356902356901,0.05555555555555555,748.0
913,0.1,86,136,13,1.0,136.0,0.0980187695516162,0.0119379868735815,0.0464749058416465,0.004999069736026,0.0052421649220672,0.0013236856305222,621,0.014771508226638008,0.08333333333333333,2100.0
913,0.2,171,222,13,1.0,222.0,0.0980187695516162,0.01044631701566,0.0464749058416465,0.0043873109194008,0.0058095370925524,0.0013206843400606,621,0.017530148423005567,0.125,525.0
913,0.3,256,305,13,1.0,305.0,0.0980187695516162,0.0093881946699943,0.0570262908498661,0.0040415420530376,0.0058095370925524,0.0012606063289834,621,0.013431186868686867,0.18181818181818182,806.0
913,0.5,426,434,13,1.666667,260.39994792001045,0.0980187695516162,0.0086856028024583,0.0570262908498661,0.0037572096530767,0.0058095370925524,0.0012646037512278,621,0.014607006020799123,0.12,912.0
914,0.1,84,127,13,1.0,127.0,0.0980187695516162,0.0120286059133118,0.0464749058416465,0.0051049338416194,0.0056186378747126,0.0013287745399539,645,0.010531650748811766,0.09259259259259259,1040.0
914,0.2,167,213,13,1.0,213.0,0.0980187695516162,0.0097666289709056,0.0492079830055308,0.0044714960017971,0.0056186378747126,0.0013611123127963,645,0.02028615794143744,0.2857142857142857,620.0
914,0.3,250,298,13,1.0,298.0,0.0980187695516162,0.0092098172733061,0.0492079830055308,0.0041936366759909,0.0056186378747126,0.0013190568877616,645,0.02621051821187133,0.125,708.0
914,0.5,417,434,13,1.5,289.3333333333333,0.0980187695516162,0.0083660495043319,0.0570262908498661,0.0037855746922152,0.0056186378747126,0.001291119731218,645,0.0071218652037617555,0.0625,340.0
915,0.1,85,124,12,1.0,124.0,0.0980187695516162,0.0116384674896565,0.0570262908498661,0.0050925113439284,0.0039956275909326,0.0012616457659938,634,0.022484001110475695,0.08695652173913043,2144.0
915,0.2,169,217,12,1.0,217.0,0.0980187695516162,0.0108792280745591,0.0570262908498661,0.0045003063630087,0.0039956275909326,0.0012658556302679,634,0.012722204266321913,0.07692307692307693,335.0
915,0.3,254,293,13,1.0,293.0,0.0980187695516162,0.0098260773630096,0.0570262908498661,0.00422957841483,0.0056186378747126,0.001285365816949,634,0.007581018518518517,0.08333333333333333,768.0
915,0.5,422,424,13,1.5,282.6666666666667,0.0980187695516162,0.0085043382454206,0.0570262908498661,0.0035930145436634,0.0056186378747126,0.0012284607785434,634,0.01532401364482464,0.14285714285714285,425.0
916,0.1,85,125,13,1.0,125.0,0.0980187695516162,0.011912408759124,0.0570262908498661,0.0052289905203236,0.0056186378747126,0.0012616550679679,628,0.012437274477650143,0.08823529411764706,897.0
916,0.2,170,223,13,1.0,223.0,0.0980187695516162,0.010764202247296,0.0570262908498661,0.0048376306413468,0.0058095370925524,0.001329770734805,628,0.008632246376811595,0.06666666666666667,432.0
916,0.3,254,311,13,1.0,311.0,0.0980187695516162,0.0093747170987999,0.0570262908498661,0.0040969235355919,0.0058095370925524,0.0012439429846724,628,0.01669788544788545,0.125,450.0
916,0.5,423,451,13,1.5,300.6666666666667,0.0980187695516162,0.0085154297367221,0.0570262908498661,0.0037561680047766,0.0058095370925524,0.0012713868599182,628,0.012515890038576064,0.08333333333333333,375.0
917,0.1,82,125,13,1.0,125.0,0.0980187695516162,0.0114369134515119,0.0464749058416465,0.0045381916281379,0.0044179097289399,0.0012556269568777,610,0.019991477277577923,0.09433962264150944,2808.0
917,0.2,163,215,13,1.0,215.0,0.0980187695516162,0.0106797293692557,0.0464749058416465,0.0046687060825999,0.0056186378747126,0.0013640065387751,610,0.022556665497814744,0.09090909090909091,806.0
917,0.3,245,290,13,1.0,290.0,0.0980187695516162,0.0097982812556182,0.0464749058416465,0.004243054299856,0.0056186378747126,0.001301601710596,610,0.03212014960261804,0.3333333333333333,483.0
917,0.5,408,414,13,1.714286,241.49995975000672,0.0980187695516162,0.0087374630376851,0.0570262908498661,0.0039118388852925,0.0056186378747126,0.0012891887718446,610,0.005467492260061919,0.058823529411764705,1404.0
918,0.1,84,130,13,1.0,130.0,0.0761209593326381,0.0106922274805486,0.0570262908498661,0.0047117642127401,0.0045513414488271,0.0013294441507631,628,0.01169693683925183,0.10714285714285714,238.0
918,0.2,168,228,13,1.0,228.0,0.0761209593326381,0.009672904889962,0.0570262908498661,0.0043172025410838,0.0052421649220672,0.0013092229874493,628,0.01013157894736842,0.15,340.0
918,0.3,251,307,13,1.0,307.0,0.0980187695516162,0.0092285327074551,0.0570262908498661,0.0041603429817086,0.0056186378747126,0.0012822947037954,628,0.036591880341880344,0.625,210.0
918,0.5,418,438,13,1.5,292.0,0.0980187695516162,0.0083610686550392,0.0570262908498661,0.0037265161946122,0.0058095370925524,0.0012617264683623,628,0.016808874893886862,0.07692307692307693,1100.0
919,0.1,88,135,13,1.0,135.0,0.0980187695516162,0.0120804850731857,0.0570262908498661,0.0057109714504572,0.0056186378747126,0.0013953140048132,643,0.00566823730991647,0.034482758620689655,756.0
919,0.2,175,233,13,1.0,233.0,0.0980187695516162,0.0108034567481326,0.0570262908498661,0.0049361940491727,0.0056186378747126,0.0013210286125975,643,0.011152342021907239,0.07692307692307693,510.0
919,0.3,263,314,13,1.0,314.0,0.0980187695516162,0.0094810810092784,0.0570262908498661,0.0041944514594439,0.0056186378747126,0.001251619491645,643,0.02751860967453414,0.3125,874.0
919,0.5,438,431,13,1.666667,258.5999482800104,0.0980187695516162,0.0085210570755983,0.0570262908498661,0.0037747349002268,0.0056186378747126,0.0012511074048995,643,0.00218742529285202,0.02247191011235955,1608.0
920,0.1,83,123,12,1.0,123.0,0.0980187695516162,0.0118941648227743,0.0492079830055308,0.0051566843960289,0.0045513414488271,0.0013391698991419,624,0.011903625367302165,0.05555555555555555,3200.0
920,0.2,165,217,12,1.0,217.0,0.0980187695516162,0.010465971177734,0.0492079830055308,0.0046730519419234,0.0056186378747126,0.0013352138057818,624,0.010553882772632773,0.05405405405405406,1000.0
920,0.3,247,299,12,1.0,299.0,0.0980187695516162,0.0092871267101669,0.0570262908498661,0.0040937309724925,0.0056186378747126,0.0012409838130522,624,0.017874929008445624,0.11235955056179775,2144.0
920,0.5,411,434,13,1.5,289.3333333333333,0.0980187695516162,0.0085654699836138,0.0570262908498661,0.0037949430073815,0.0058095370925524,0.0012588267065764,624,0.004661271440932458,0.05405405405405406,800.0
921,0.1,83,121,12,1.0,121.0,0.0980187695516162,0.0122889718112013,0.0570262908498661,0.00549206392069,0.0045513414488271,0.001260546247073,615,0.021781590399201235,0.1875,1116.0
921,0.2,166,220,13,1.0,220.0,0.0980187695516162,0.010124182386956,0.0570262908498661,0.0044837750227911,0.0045513414488271,0.0012293073440655,615,0.021043022916362574,0.16129032258064516,560.0
921,0.3,249,297,13,1.0,297.0,0.0980187695516162,0.0092267829494106,0.0570262908498661,0.0041360473006677,0.0058095370925524,0.0012247400304757,615,0.014606679748323265,0.07142857142857142,603.0
921,0.5,415,427,13,2.0,213.5,0.0980187695516162,0.0085202921661664,0.0570262908498661,0.0038294113667809,0.0058095370925524,0.0012466248846811,615,0.014300851452547784,0.07692307692307693,598.0
922,0.1,83,119,13,1.0,119.0,0.0980187695516162,0.011855837225401,0.0464749058416465,0.0049094936384527,0.0039956275909326,0.001289672215266,619,0.021004377531929352,0.09523809523809523,3000.0
922,0.2,165,216,13,1.0,216.0,0.0980187695516162,0.0099785656354999,0.0464749058416465,0.0042318631326128,0.0056186378747126,0.0012924116107045,619,0.031571549342371864,0.2,1416.0
922,0.3,248,297,13,1.0,297.0,0.0980187695516162,0.0093882867605494,0.0464749058416465,0.0040024805261206,0.0058095370925524,0.0012740262090345,619,0.039189051401307094,0.4634146341463415,800.0
922,0.5,412,429,13,1.75,245.14285714285717,0.0980187695516162,0.0084489719526215,0.0570262908498661,0.0037710081552452,0.0058095370925524,0.0012720107051527,619,0.004018492176386913,0.05405405405405406,576.0
923,0.1,80,115,13,1.0,115.0,0.0980187695516162,0.0126490456544407,0.0464749058416465,0.0054774112323813,0.0040871733233292,0.0013642576864901,604,0.015567349317349316,0.09090909090909091,1344.0
923,0.2,160,204,13,1.0,204.0,0.0980187695516162,0.0104530863440266,0.0464749058416465,0.0044797156577931,0.0056186378747126,0.0013364097384325,604,0.009482600732600733,0.1,1400.0
923,0.3,240,285,13,1.0,285.0,0.0980187695516162,0.0095933263816475,0.0464749058416465,0.0041710729306974,0.0058095370925524,0.0013080665912164,604,0.016915632865257397,0.10256410256410256,456.0
923,0.5,400,422,13,1.5,281.3333333333333,0.0980187695516162,0.0086904308892062,0.0570262908498661,0.0038722483008328,0.0058095370925524,0.0012863884965075,604,0.007309255784865541,0.08333333333333333,440.0
924,0.1,84,129,13,1.0,129.0,0.0980187695516162,0.0123271172329056,0.0570262908498661,0.0052996738349197,0.0039956275909326,0.0013153856486782,616,0.01248991215652128,0.058823529411764705,468.0
924,0.2,167,214,13,1.0,214.0,0.0980187695516162,0.0108124701548536,0.0570262908498661,0.0047019438475875,0.0056186378747126,0.0013205294339363,616,0.007521023280516952,0.06666666666666667,1311.0
924,0.3,250,292,13,1.0,292.0,0.0980187695516162,0.0096918879540616,0.0570262908498661,0.0042409992321899,0.0056186378747126,0.0012675669044142,616,0.0325,0.4166666666666667,252.0
924,0.5,416,424,13,1.5,282.6666666666667,0.0980187695516162,0.0086420603222696,0.0570262908498661,0.0037900079026327,0.0056186378747126,0.0012386226696583,616,0.010809523809523807,0.08333333333333333,912.0
925,0.1,80,123,13,1.0,123.0,0.0980187695516162,0.011020965267004,0.0464749058416465,0.0044478816045493,0.0039956275909326,0.0011849291909227,621,0.01072808833678399,0.13043478260869565,528.0
925,0.2,160,216,13,1.0,216.0,0.0980187695516162,0.0099206349206348,0.0570262908498661,0.0042681149017628,0.0039956275909326,0.0012369759323939,621,0.007991718426501034,0.047619047619047616,708.0
925,0.3,240,291,13,1.0,291.0,0.0980187695516162,0.0097538601564487,0.0570262908498661,0.0041795411143668,0.0056186378747126,0.0012265350153113,621,0.007521299428862455,0.06060606060606061,345.0
925,0.5,400,419,13,1.333333,314.2500785625196,0.0980187695516162,0.0086605727425893,0.0570262908498661,0.003858560049458,0.0056186378747126,0.0012616723099244,621,0.007342270886647734,0.058823529411764705,1560.0
926,0.1,78,114,13,1.0,114.0,0.0980187695516162,0.0118453066974003,0.0464749058416465,0.0050617179129906,0.0052421649220672,0.0013404373884225,612,0.01118141554867561,0.06666666666666667,1024.0
926,0.2,156,207,13,1.0,207.0,0.0980187695516162,0.0097928095389218,0.0464749058416465,0.0039564043350837,0.0052421649220672,0.0012268259297839,612,0.006598793363499246,0.07692307692307693,630.0
926,0.3,234,289,13,1.0,289.0,0.0980187695516162,0.0093486943940306,0.0570262908498661,0.0042381918175311,0.0056186378747126,0.0012981947043326,612,0.013694638694638694,0.16666666666666666,1800.0
926,0.5,390,417,13,1.5,278.0,0.0980187695516162,0.0085920835802681,0.0570262908498661,0.0037803724538732,0.0056186378747126,0.001252781471411,612,0.0037226775956284153,0.041666666666666664,390.0
927,0.1,86,138,13,1.0,138.0,0.0980187695516162,0.0125357029514439,0.0492079830055308,0.0055396297700396,0.0052421649220672,0.0015314401123244,604,0.030763573840785235,0.32608695652173914,3432.0
927,0.2,171,226,13,1.0,226.0,0.0980187695516162,0.0106489983112939,0.0492079830055308,0.0046854768810595,0.0052421649220672,0.0014040341356631,604,0.008486631016042781,0.09090909090909091,540.0
927,0.3,256,293,13,1.0,293.0,0.0980187695516162,0.0096374565371351,0.0492079830055308,0.0041976588182874,0.0056186378747126,0.0013392464407772,604,0.0038208431086125746,0.034482758620689655,741.0
927,0.5,426,431,13,1.5,287.3333333333333,0.0980187695516162,0.0085476702578333,0.0570262908498661,0.0038299115103365,0.0058095370925524,0.0012768990677426,604,0.013575581395348837,0.125,324.0
928,0.1,84,127,13,1.0,127.0,0.0980187695516162,0.0117822863382952,0.0464749058416465,0.0045204305049695,0.0044179097289399,0.0012268147350096,627,0.006859138504614346,0.05405405405405406,702.0
928,0.2,168,229,13,1.0,229.0,0.0980187695516162,0.0103774401100126,0.0570262908498661,0.0046301904391424,0.0045513414488271,0.001282057682566,627,0.01755923202614379,0.1111111111111111,1140.0
928,0.3,252,303,13,1.0,303.0,0.0980187695516162,0.0100420886718494,0.0570262908498661,0.0043734331778875,0.0056186378747126,0.0012594389492097,627,0.003057889822595705,0.031746031746031744,750.0
928,0.5,419,430,13,1.666667,257.99994840001034,0.0980187695516162,0.0087009239275407,0.0570262908498661,0.0038439896356543,0.0056186378747126,0.0012814431364466,627,0.004285714285714286,0.05,220.0
929,0.1,85,116,12,1.0,116.0,0.0980187695516162,0.0131962173240803,0.0464749058416465,0.0057624806787454,0.0056186378747126,0.001353999812637,630,0.010652738821976572,0.0625,560.0
929,0.2,170,218,13,1.0,218.0,0.0980187695516162,0.0097817872210157,0.0464749058416465,0.0041025545664791,0.0056186378747126,0.001240472617032,630,0.018033378780992777,0.1,2900.0
929,0.3,254,295,13,1.0,295.0,0.0980187695516162,0.008928792350789,0.0464749058416465,0.0038432070687351,0.0056186378747126,0.0012542136379233,630,0.007601351351351352,0.125,300.0
929,0.5,423,435,13,1.5,290.0,0.0980187695516162,0.0083156544772451,0.0570262908498661,0.0035638728586589,0.0056186378747126,0.00123577025042,630,0.00625,0.07142857142857142,546.0
930,0.1,85,133,13,1.0,133.0,0.0980187695516162,0.0118387731581299,0.0570262908498661,0.0055994897401656,0.0045513414488271,0.0013875744270788,627,0.023305122905440318,0.3,2144.0
930,0.2,169,229,13,1.0,229.0,0.0980187695516162,0.0106916320220753,0.0570262908498661,0.0046966762135866,0.0045513414488271,0.0013033102352845,627,0.0013157894736842105,0.02631578947368421,1512.0
930,0.3,253,315,13,1.0,315.0,0.0980187695516162,0.0092953969909131,0.0570262908498661,0.0040411132399675,0.0045513414488271,0.0012022199954517,627,0.013212016628755197,0.2,720.0
930,0.5,421,436,13,1.75,249.14285714285717,0.0980187695516162,0.0085740115372472,0.0570262908498661,0.0037240889650809,0.0058095370925524,0.0012214314180841,627,0.0046875,0.0625,272.0
931,0.1,85,130,13,1.0,130.0,0.0980187695516162,0.0124087591240875,0.0570262908498661,0.0054565299581488,0.0056186378747126,0.0013818073639996,623,0.0037585589869313734,0.024390243902439025,700.0
931,0.2,169,227,13,1.0,227.0,0.0980187695516162,0.0103448434262929,0.0570262908498661,0.0045478489931292,0.0056186378747126,0.0013417550176433,623,0.005531609195402298,0.041666666666666664,2000.0
931,0.3,253,302,13,1.0,302.0,0.0980187695516162,0.0093191721509021,0.0570262908498661,0.0040870451244867,0.0056186378747126,0.0013080876703179,623,0.0018867924528301887,0.03773584905660377,646.0
931,0.5,422,436,13,1.666667,261.5999476800105,0.0980187695516162,0.0085668366321951,0.0570262908498661,0.0038036595808719,0.0058095370925524,0.0012942154748207,623,0.014057471264367816,0.16666666666666666,450.0
932,0.1,83,126,13,1.0,126.0,0.0980187695516162,0.0123475180826588,0.0570262908498661,0.0056321131186495,0.0052421649220672,0.0012953605744123,612,0.012269551583847071,0.09090909090909091,780.0
932,0.2,166,219,13,1.0,219.0,0.0980187695516162,0.0101132743868469,0.0570262908498661,0.0043455345829313,0.0052421649220672,0.0012172722937448,612,0.00776088744389104,0.06666666666666667,4000.0
932,0.3,248,299,13,1.0,299.0,0.0980187695516162,0.009192965079985,0.0570262908498661,0.0040316272910446,0.0052421649220672,0.0012419061770355,612,0.019327343903805673,0.09090909090909091,238.0
932,0.5,413,415,13,1.75,237.14285714285717,0.0980187695516162,0.0086209279244192,0.0570262908498661,0.0038002443549313,0.0056186378747126,0.0012670979137895,612,0.014364672364672365,0.08333333333333333,198.0
933,0.1,83,128,13,1.0,128.0,0.0980187695516162,0.0106067518248174,0.0464749058416465,0.0047606799938437,0.0058095370925524,0.0013705125673535,634,0.009980513944708318,0.07142857142857142,392.0
933,0.2,166,235,13,1.0,235.0,0.0980187695516162,0.0093137798682137,0.0464749058416465,0.0040511129209691,0.0058095370925524,0.0012828587218605,634,0.042967563837129054,0.3333333333333333,420.0
933,0.3,249,320,13,1.0,320.0,0.0980187695516162,0.0089578988529718,0.0570262908498661,0.0040729159191622,0.0058095370925524,0.0012655861584036,634,0.013691770186335403,0.14285714285714285,208.0
933,0.5,415,448,13,1.5,298.6666666666667,0.0980187695516162,0.0087493482794577,0.0570262908498661,0.0040090095556306,0.0058095370925524,0.0012877675868654,634,0.008614334837739093,0.05555555555555555,320.0
934,0.1,85,137,13,1.0,137.0,0.0980187695516162,0.0118127916092644,0.0570262908498661,0.0052819271792502,0.0058095370925524,0.0013205969353646,648,0.0056183899464974495,0.02631578947368421,756.0
934,0.2,169,232,13,1.0,232.0,0.0980187695516162,0.0101713350832403,0.0570262908498661,0.0046663042359985,0.0058095370925524,0.0013089057846759,648,0.005764966740576497,0.09090909090909091,805.0
934,0.3,254,313,13,1.0,313.0,0.0980187695516162,0.0094080961598043,0.0570262908498661,0.0042561232233628,0.0058095370925524,0.0012957575322052,648,0.00732195908666497,0.05555555555555555,850.0
934,0.5,423,437,13,1.666667,262.1999475600105,0.0980187695516162,0.0085806391573983,0.0570262908498661,0.0039100881196769,0.0058095370925524,0.0012932220985062,648,0.015677830940988836,0.21052631578947367,630.0
935,0.1,88,124,12,1.0,124.0,0.0980187695516162,0.0137576104140737,0.0464749058416465,0.0058670779752438,0.0056186378747126,0.0013770942372601,639,0.031096670314549567,0.2,3120.0
935,0.2,176,227,13,1.0,227.0,0.0980187695516162,0.0102805326767511,0.0464749058416465,0.0042720306490555,0.0056186378747126,0.0012285086334936,639,0.01892973953716155,0.25,1140.0
935,0.3,263,303,13,1.0,303.0,0.0980187695516162,0.0093228300932282,0.0464749058416465,0.0039678456697037,0.0056186378747126,0.0012431771630426,639,0.0028968253968253968,0.03571428571428571,780.0
935,0.5,438,425,13,1.666667,254.99994900001025,0.0980187695516162,0.00856774826719,0.0570262908498661,0.0037575485556087,0.0056186378747126,0.0012643467237339,639,0.009006410256410257,0.1,560.0
936,0.1,81,120,13,1.0,120.0,0.0980187695516162,0.0124522071602363,0.0464749058416465,0.0055475252124088,0.0058095370925524,0.0014437618408189,620,0.0057980862085339705,0.02702702702702703,531.0
936,0.2,162,221,13,1.0,221.0,0.0980187695516162,0.010101963300761,0.0570262908498661,0.0044100381049675,0.0058095370925524,0.0013324447746571,620,0.00799373040752351,0.09090909090909091,496.0
936,0.3,243,304,13,1.0,304.0,0.0980187695516162,0.0094327973217715,0.0570262908498661,0.0040201578782677,0.0058095370925524,0.0012924528488238,620,0.003682336182336182,0.038461538461538464,546.0
936,0.5,404,427,13,1.666667,256.1999487600103,0.0980187695516162,0.0086887932150243,0.0570262908498661,0.0038836678459307,0.0058095370925524,0.001303455269219,620,0.005572755417956656,0.058823529411764705,680.0
937,0.1,82,127,13,1.0,127.0,0.0980187695516162,0.0112814365357614,0.0570262908498661,0.0050543602014272,0.0040871733233292,0.0013150475270544,614,0.02469100851722803,0.2222222222222222,702.0
937,0.2,164,217,13,1.0,217.0,0.0980187695516162,0.0099085548982955,0.0570262908498661,0.0045861119698628,0.0045513414488271,0.0013120028999088,614,0.0035024154589371977,0.05555555555555555,490.0
937,0.3,246,306,13,1.0,306.0,0.0980187695516162,0.009517675683412,0.0570262908498661,0.0043175938099697,0.0045513414488271,0.0013025044325888,614,0.002968189964157706,0.027777777777777776,1520.0
937,0.5,409,432,13,1.5,288.0,0.0980187695516162,0.0083275402618467,0.0570262908498661,0.0037021319482112,0.0056186378747126,0.001242553668485,614,0.009529951755561511,0.07692307692307693,1500.0
938,0.1,85,123,12,1.0,123.0,0.0980187695516162,0.0115804911959442,0.0464749058416465,0.0044119033621487,0.0026430161346822,0.0010652711122663,645,0.027664813074352545,0.2,650.0
938,0.2,170,215,13,1.0,215.0,0.0980187695516162,0.0097727768751363,0.0464749058416465,0.0038426182119308,0.0039956275909326,0.0011161596598381,645,0.01841147438334139,0.09090909090909091,1240.0
938,0.3,255,295,13,1.0,295.0,0.0980187695516162,0.0088510277301567,0.0464749058416465,0.0036090795950424,0.0058095370925524,0.0011331081355834,645,0.012142857142857141,0.14285714285714285,400.0
938,0.5,425,434,13,1.666667,260.39994792001045,0.0980187695516162,0.0084189079446235,0.0570262908498661,0.0037745520932592,0.0058095370925524,0.0012286479304554,645,0.02203004724743855,0.13043478260869565,360.0
939,0.1,86,127,13,1.0,127.0,0.0761209593326381,0.0119629206933074,0.0293591471972982,0.0051841322740447,0.0056186378747126,0.001380742573023,636,0.02138593380614657,0.125,700.0
939,0.2,171,221,13,1.0,221.0,0.0980187695516162,0.0107011923242064,0.0464749058416465,0.0046350405068925,0.0056186378747126,0.0013532845300626,636,0.022214731759664003,0.125,1560.0
939,0.3,257,307,13,1.0,307.0,0.0980187695516162,0.0096395199940219,0.0464749058416465,0.004009708002024,0.0056186378747126,0.0012620868802941,636,0.012829053617571057,0.09523809523809523,456.0
939,0.5,427,445,13,1.5,296.6666666666667,0.0980187695516162,0.0085154245410129,0.0570262908498661,0.0036577645181913,0.0058095370925524,0.0012410453202701,636,0.018227372162975118,0.2,600.0
940,0.1,85,123,13,1.0,123.0,0.0980187695516162,0.0118941648227743,0.0464749058416465,0.0049921636482806,0.0039956275909326,0.0013379813345877,617,0.016800121540852676,0.08333333333333333,760.0
940,0.2,169,218,13,1.0,218.0,0.0980187695516162,0.0107001750676832,0.0570262908498661,0.0046340304216095,0.0045513414488271,0.0012477223514529,617,0.015698023976155998,0.06382978723404255,532.0
940,0.3,253,302,13,1.0,302.0,0.0980187695516162,0.0093433419193557,0.0570262908498661,0.0040689954722005,0.0045513414488271,0.0012328061629559,617,0.004583333333333333,0.05,1400.0
940,0.5,422,437,13,2.0,218.5,0.0980187695516162,0.0086641548332907,0.0570262908498661,0.0039102130413747,0.0058095370925524,0.0012818323846268,617,0.00505050505050505,0.05555555555555555,1180.0
941,0.1,84,127,12,1.0,127.0,0.0980187695516162,0.0115359667632786,0.0570262908498661,0.005385767942537,0.0039956275909326,0.0013830585666656,633,0.00407664204902577,0.03125,420.0
941,0.2,167,220,13,1.0,220.0,0.0980187695516162,0.0103232533889467,0.0570262908498661,0.0046272480999243,0.0056186378747126,0.0013458076558967,633,0.0067565103826421734,0.03125,767.0
941,0.3,251,297,13,1.0,297.0,0.0980187695516162,0.0094163743798779,0.0570262908498661,0.004100820002119,0.0056186378747126,0.0012648832834622,633,0.02591359340930279,0.125,1200.0
941,0.5,417,427,13,1.5,284.6666666666667,0.0980187695516162,0.0084128422219671,0.0570262908498661,0.0036635804733749,0.0058095370925524,0.0012432389511191,633,0.024077454803261254,0.2,884.0
942,0.1,81,109,13,1.0,109.0,0.0980187695516162,0.0124747682505667,0.0464749058416465,0.0053641555462667,0.0048729601732022,0.001299108519817,612,0.04421936758893281,0.5,390.0
942,0.2,161,212,13,1.0,212.0,0.0980187695516162,0.010422610030102,0.0492079830055308,0.0044704936419948,0.0048729601732022,0.0013089930060539,612,0.004388304093567252,0.048,3100.0
942,0.3,242,291,13,1.0,291.0,0.0980187695516162,0.009470776044634,0.0570262908498661,0.0042536604532157,0.0048729601732022,0.0013080093212927,612,0.002830882352941177,0.04411764705882353,1298.0
942,0.5,402,418,13,1.5,278.6666666666667,0.0980187695516162,0.0087212058014977,0.0570262908498661,0.0038581374807728,0.0056186378747126,0.0012671684947212,612,0.01147377243395846,0.1111111111111111,350.0
943,0.1,83,128,13,1.0,128.0,0.0980187695516162,0.0111281282586026,0.0570262908498661,0.0048926745698311,0.0048729601732022,0.0012386439677935,606,0.014754400691900687,0.1111111111111111,1365.0
943,0.2,166,230,13,1.0,230.0,0.0980187695516162,0.0095298544679693,0.0570262908498661,0.004331317432458,0.0048729601732022,0.0012772471220416,606,0.009153727815473644,0.07142857142857142,780.0
943,0.3,249,315,13,1.0,315.0,0.0980187695516162,0.0090272605392521,0.0570262908498661,0.0040043077136078,0.0056186378747126,0.0012440994898643,606,0.022267316017316012,0.14285714285714285,969.0
943,0.5,415,425,13,1.5,283.3333333333333,0.0980187695516162,0.0087370422621602,0.0570262908498661,0.003894464328486,0.0056186378747126,0.0012818449071383,606,0.007407407407407407,0.1111111111111111,403.0
944,0.1,84,125,12,1.0,125.0,0.0656934306569343,0.0108362877997914,0.0570262908498661,0.0049400998974366,0.0045513414488271,0.0012833102874623,618,0.013186027047493493,0.07407407407407407,1482.0
944,0.2,167,218,13,1.0,218.0,0.0980187695516162,0.0108101902784819,0.0570262908498661,0.0049258373973636,0.0056186378747126,0.0013097333820292,618,0.007880693729750334,0.05555555555555555,800.0
944,0.3,251,303,13,1.0,303.0,0.0980187695516162,0.0096428829535716,0.0570262908498661,0.0043931994696059,0.0056186378747126,0.0012793613724362,618,0.01875153385618502,0.07692307692307693,1218.0
944,0.5,418,411,13,1.666667,246.59995068000987,0.0980187695516162,0.0089154101621467,0.0570262908498661,0.0040527823613921,0.0056186378747126,0.0012915506746263,618,0.005821127897589666,0.043478260869565216,182.0
945,0.1,81,119,13,1.0,119.0,0.0980187695516162,0.0117331604174516,0.0464749058416465,0.0052065513581478,0.0039956275909326,0.0012902819931261,620,0.027489177489177487,0.45454545454545453,400.0
945,0.2,162,222,13,1.0,222.0,0.0980187695516162,0.0097135717573673,0.0464749058416465,0.0040958323747821,0.0056186378747126,0.0012392965932623,620,0.020658843028382695,0.11764705882352941,2242.0
945,0.3,243,301,13,1.0,301.0,0.0980187695516162,0.0089621317887195,0.0464749058416465,0.003732690238416,0.0056186378747126,0.0012079140795606,620,0.02584409991386736,0.125,1326.0
945,0.5,404,429,13,1.5,286.0,0.0980187695516162,0.0085632129427749,0.0570262908498661,0.0038021266550958,0.0056186378747126,0.0012821520725698,620,0.007545853269537479,0.05263157894736842,616.0
946,0.1,83,119,12,1.0,119.0,0.0761209593326381,0.0112074026690967,0.031948254360793,0.0047177240945956,0.0052421649220672,0.0013054087025385,632,0.014010698707635546,0.09090909090909091,1003.0
946,0.2,166,215,13,1.0,215.0,0.0980187695516162,0.0104760288090791,0.0464749058416465,0.0043288688167586,0.0056186378747126,0.0013146155441124,632,0.011927105152911604,0.07142857142857142,1014.0
946,0.3,249,290,13,1.0,290.0,0.0980187695516162,0.0095753478839307,0.0464749058416465,0.0041200209020075,0.0058095370925524,0.0012977207923697,632,0.015734544163485124,0.13636363636363635,756.0
946,0.5,415,429,13,1.333333,321.75008043752007,0.0980187695516162,0.0086191181081691,0.0570262908498661,0.0038783429488409,0.0058095370925524,0.0012891303041299,632,0.0037241379310344823,0.04,780.0
947,0.1,86,131,12,1.0,131.0,0.0980187695516162,0.011788679365433,0.0464749058416465,0.004865515493811,0.0039956275909326,0.0012812686757182,627,0.00951728156639947,0.07017543859649122,1550.0
947,0.2,172,235,13,1.0,235.0,0.0980187695516162,0.0093270916069486,0.0492079830055308,0.0039660547467832,0.0045513414488271,0.0012637887538068,627,0.008001949317738791,0.07407407407407407,168.0
947,0.3,258,324,13,1.0,324.0,0.0980187695516162,0.0089148933431171,0.0570262908498661,0.0038684867139951,0.0056186378747126,0.0012256282327287,627,0.014773900412945356,0.1111111111111111,1742.0
947,0.5,429,449,13,1.5,299.3333333333333,0.0980187695516162,0.0084233065716654,0.0570262908498661,0.0036844038409014,0.0056186378747126,0.0012369770763754,627,0.0058823529411764705,0.058823529411764705,221.0
948,0.1,89,138,13,1.0,138.0,0.0980187695516162,0.0108204500460926,0.0492079830055308,0.0048578093852721,0.0058095370925524,0.0013113148046754,641,0.016724137931034482,0.16666666666666666,640.0
948,0.2,177,246,13,1.0,246.0,0.0980187695516162,0.0098383309171985,0.0570262908498661,0.0043767842077548,0.0058095370925524,0.00127420605343,641,0.0052615206963033045,0.02702702702702703,1180.0
948,0.3,265,330,13,1.0,330.0,0.0980187695516162,0.0091067083767813,0.0570262908498661,0.0040029761245636,0.0058095370925524,0.0012148655733859,641,0.003125,0.0625,180.0
948,0.5,441,441,13,1.8,245.0,0.0980187695516162,0.0085382780154118,0.0570262908498661,0.0038468264164128,0.0058095370925524,0.001258998530746,641,0.009999999999999998,0.07407407407407407,832.0
949,0.1,82,119,13,1.0,119.0,0.0980187695516162,0.0126532364770725,0.0464749058416465,0.0051575991573325,0.0056186378747126,0.0013248473598064,611,0.008806497175141242,0.08333333333333333,969.0
949,0.2,164,212,13,1.0,212.0,0.0980187695516162,0.010383260865288,0.0464749058416465,0.0042355694348098,0.0056186378747126,0.0012503886482924,611,0.010914455914455914,0.07692307692307693,1280.0
949,0.3,246,295,13,1.0,295.0,0.0980187695516162,0.0094554709177992,0.0570262908498661,0.003966989514617,0.0056186378747126,0.0012213577701082,611,0.010969977084107518,0.08695652173913043,900.0
949,0.5,409,428,13,1.666667,256.7999486400103,0.0980187695516162,0.00860027481898,0.0570262908498661,0.0036920141306939,0.0056186378747126,0.0012385565692088,611,0.0029629629629629632,0.037037037037037035,520.0
950,0.1,85,121,13,1.0,121.0,0.0980187695516162,0.0116684907660355,0.0570262908498661,0.0050221756195361,0.0045513414488271,0.0011431631841671,615,0.013255624973015,0.08333333333333333,506.0
950,0.2,170,221,13,1.0,221.0,0.0980187695516162,0.0099085114113022,0.0570262908498661,0.0042760825555096,0.0045513414488271,0.0012137483552315,615,0.0100107397102282,0.09523809523809523,900.0
950,0.3,254,304,13,1.0,304.0,0.0980187695516162,0.0095768618626858,0.0570262908498661,0.0041671053514308,0.0045513414488271,0.001262728182623,615,0.026806722689075628,0.14285714285714285,868.0
950,0.5,423,430,13,1.5,286.6666666666667,0.0980187695516162,0.0086524237941653,0.0570262908498661,0.0038079516521882,0.0058095370925524,0.0012715124075839,615,0.0038074712643678165,0.041666666666666664,207.0
951,0.1,84,127,13,1.0,127.0,0.0980187695516162,0.0121763976583218,0.0464749058416465,0.0052115451933747,0.0056186378747126,0.0013662215660097,625,0.006400255754475703,0.05,1240.0
951,0.2,168,230,13,1.0,230.0,0.0980187695516162,0.0101283039397923,0.0464749058416465,0.0042776196108291,0.0056186378747126,0.0013000352522108,625,0.014881552976325813,0.09090909090909091,1800.0
951,0.3,251,310,13,1.0,310.0,0.0980187695516162,0.0089575835043223,0.0570262908498661,0.0038888121317106,0.0056186378747126,0.0012268244866266,625,0.016768315584817284,0.14285714285714285,756.0
951,0.5,418,441,13,2.0,220.5,0.0980187695516162,0.0084602488892671,0.0570262908498661,0.003805810732195,0.0056186378747126,0.0012962983303145,625,0.0028495440729483282,0.02127659574468085,798.0
952,0.1,86,119,13,1.0,119.0,0.0980187695516162,0.0137836156360353,0.0464749058416465,0.0057962396928594,0.0058095370925524,0.0013202518822504,623,0.024632144944644947,0.10256410256410256,1000.0
952,0.2,172,219,13,1.0,219.0,0.0980187695516162,0.0110465143961793,0.0570262908498661,0.0050502780319658,0.0058095370925524,0.0013179785128626,623,0.010251888726227138,0.09090909090909091,1300.0
952,0.3,258,296,13,1.0,296.0,0.0980187695516162,0.010135135135135,0.0570262908498661,0.0045701727048316,0.0058095370925524,0.0012984159025677,623,0.006756647167094928,0.05,1026.0
952,0.5,429,428,13,2.0,214.0,0.0980187695516162,0.0087830002046523,0.0570262908498661,0.0039408151355973,0.0058095370925524,0.001280340367174,623,0.007622165855910174,0.058823529411764705,2052.0
953,0.1,86,127,13,1.0,127.0,0.0980187695516162,0.011675547855788,0.0464749058416465,0.0045834712236225,0.0034121486335321,0.0012705518067073,630,0.0176103459799112,0.11363636363636363,1100.0
953,0.2,172,222,13,1.0,222.0,0.0980187695516162,0.0099625172617872,0.0570262908498661,0.0044655296404749,0.0045513414488271,0.0012948396604307,630,0.014037583616251029,0.05,798.0
953,0.3,258,306,13,1.0,306.0,0.0980187695516162,0.009493821859644,0.0570262908498661,0.0043378296322404,0.0056186378747126,0.001301720108121,630,0.007083903415425155,0.0625,546.0
953,0.5,430,423,13,1.5,282.0,0.0980187695516162,0.0086452347673033,0.0570262908498661,0.0038689332532782,0.0056186378747126,0.0012845273196999,630,0.007019811756120073,0.058823529411764705,546.0
954,0.1,82,125,12,1.0,125.0,0.0980187695516162,0.0128467153284671,0.0570262908498661,0.0058180396769083,0.0044179097289399,0.0013767470584831,620,0.015060606060606063,0.1,1180.0
954,0.2,164,224,13,1.0,224.0,0.0980187695516162,0.0108558021748845,0.0570262908498661,0.0048009429095873,0.0044179097289399,0.0013138967799987,620,0.018279433262966497,0.1,780.0
954,0.3,246,297,13,1.0,297.0,0.0980187695516162,0.0095217029523598,0.0570262908498661,0.0042917989582266,0.0044179097289399,0.0012824251638894,620,0.00477992277992278,0.04,651.0
954,0.5,410,429,13,1.571429,272.99992554547487,0.0980187695516162,0.0086628699767385,0.0570262908498661,0.0039127816794098,0.0058095370925524,0.0012604725047206,620,0.009607843137254901,0.058823529411764705,1080.0
955,0.1,83,133,13,1.0,133.0,0.0980187695516162,0.0112899558594086,0.0570262908498661,0.0050516465379831,0.0058095370925524,0.0013677063742726,632,0.006849419929915284,0.05263157894736842,1000.0
955,0.2,165,229,13,1.0,229.0,0.0980187695516162,0.0100860157278095,0.0570262908498661,0.0045600183804516,0.0058095370925524,0.0013200254296554,632,0.008245341614906832,0.07142857142857142,1800.0
955,0.3,247,317,13,1.0,317.0,0.0980187695516162,0.0094406963089179,0.0570262908498661,0.0042430560910521,0.0058095370925524,0.0013070642212639,632,0.012799191224344869,0.07692307692307693,702.0
955,0.5,411,439,13,2.0,219.5,0.0980187695516162,0.0086246826017039,0.0570262908498661,0.0038047084315616,0.0058095370925524,0.0012832519174685,632,0.015024858060572346,0.07692307692307693,483.0
956,0.1,85,131,13,1.0,131.0,0.0980187695516162,0.0107379665523087,0.0464749058416465,0.0040890779012761,0.0034121486335321,0.0012139134055629,618,0.01121374865735768,0.08571428571428572,440.0
956,0.2,169,236,13,1.0,236.0,0.0980187695516162,0.0099945211290008,0.0570262908498661,0.0043434337542768,0.0048729601732022,0.0012717064334976,618,0.004987454778854009,0.05263157894736842,684.0
956,0.3,254,329,13,1.0,329.0,0.0980187695516162,0.0094545039634116,0.0570262908498661,0.0041476108957653,0.0052421649220672,0.0012876478983279,618,0.003933150183150183,0.03571428571428571,500.0
956,0.5,423,434,13,1.5,289.3333333333333,0.0980187695516162,0.0087288506172423,0.0570262908498661,0.003940237669792,0.0056186378747126,0.0012892674151175,618,0.026075015693659765,0.25,950.0
957,0.1,83,129,13,1.0,129.0,0.0980187695516162,0.0122543670328426,0.0464749058416465,0.0052113702984554,0.0056186378747126,0.0013257880757782,627,0.017681489262371616,0.13333333333333333,620.0
957,0.2,165,227,13,1.0,227.0,0.0980187695516162,0.0103678115511293,0.0464749058416465,0.0044102950058124,0.0056186378747126,0.0013119258506693,627,0.011237523825034285,0.061224489795918366,1200.0
957,0.3,247,307,13,1.0,307.0,0.0980187695516162,0.0092964644903587,0.0570262908498661,0.0039177926697847,0.0056186378747126,0.001213898935249,627,0.007592658877746768,0.07142857142857142,936.0
957,0.5,411,441,13,1.5,294.0,0.0980187695516162,0.0084082294718373,0.0570262908498661,0.003729332228297,0.0058095370925524,0.0012509897142942,627,0.012522163120567375,0.16666666666666666,468.0
958,0.1,86,133,12,1.0,133.0,0.0980187695516162,0.0116114059915168,0.0570262908498661,0.0052655491056233,0.0039956275909326,0.0013609173569852,626,0.013723379303874659,0.10909090909090909,928.0
958,0.2,171,228,12,1.0,228.0,0.0980187695516162,0.0102948978285128,0.0570262908498661,0.0046687638890908,0.0056186378747126,0.0013473676721214,626,0.014513264513264512,0.1111111111111111,288.0
958,0.3,256,310,12,1.0,310.0,0.0980187695516162,0.0094789599381075,0.0570262908498661,0.0041953849467504,0.0058095370925524,0.0012896467892049,626,0.015911231974672778,0.09090909090909091,840.0
958,0.5,427,445,12,1.666667,266.9999466000107,0.0980187695516162,0.0087169453199141,0.0570262908498661,0.0038984348702694,0.0058095370925524,0.0012770643831584,626,0.006798245614035086,0.08333333333333333,338.0
959,0.1,87,136,12,1.0,136.0,0.0980187695516162,0.0121603385879898,0.0464749058416465,0.0051008788210026,0.0052421649220672,0.0013358148567715,630,0.008582128626404402,0.05194805194805195,2596.0
959,0.2,174,226,13,1.0,226.0,0.0980187695516162,0.0105151937397915,0.0464749058416465,0.0045020656298354,0.0052421649220672,0.0013205232446471,630,0.014193813866232132,0.12121212121212122,708.0
959,0.3,260,312,13,1.0,312.0,0.0980187695516162,0.0094683297238041,0.0570262908498661,0.0041035713762674,0.0052421649220672,0.0012812065266819,630,0.006854581422868525,0.05555555555555555,1100.0
959,0.5,433,440,13,1.6,275.0,0.0980187695516162,0.0084415584415583,0.0570262908498661,0.0036531558860367,0.0052421649220672,0.0012599766140514,630,0.003976190476190476,0.041666666666666664,722.0
960,0.1,86,126,12,1.0,126.0,0.0980187695516162,0.011122697254084,0.0570262908498661,0.004683978415644,0.0039956275909326,0.001147502776727,648,0.01719912650068757,0.125,800.0
960,0.2,171,222,12,1.0,222.0,0.0980187695516162,0.0096102358876081,0.0570262908498661,0.0040844170677624,0.0039956275909326,0.0012021661535287,648,0.010557290784818698,0.047619047619047616,640.0
960,0.3,257,309,13,1.0,309.0,0.0980187695516162,0.0087942199769851,0.0570262908498661,0.0037498373050989,0.0052421649220672,0.0011986960892175,648,0.006458357200137472,0.07142857142857142,468.0
960,0.5,427,434,13,1.666667,260.39994792001045,0.0980187695516162,0.0084309212265079,0.0570262908498661,0.0036594339080795,0.0058095370925524,0.001237794817858,648,0.011636178861788618,0.125,468.0
961,0.1,85,124,13,1.0,124.0,0.0980187695516162,0.0110498166773184,0.0464749058416465,0.0043175207555682,0.0039956275909326,0.001128054392649,635,0.034027777777777775,0.25,354.0
961,0.2,170,225,13,1.0,225.0,0.0980187695516162,0.0096257675819719,0.0464749058416465,0.0038684605578538,0.0039956275909326,0.0011886442811509,635,0.010891108499804151,0.13043478260869565,700.0
961,0.3,255,298,13,1.0,298.0,0.0980187695516162,0.0090243612263893,0.0570262908498661,0.0039040891903997,0.0056186378747126,0.0011900207625933,635,0.006981721981721982,0.05714285714285714,312.0
961,0.5,424,424,13,1.5,282.6666666666667,0.0980187695516162,0.0084895823086154,0.0570262908498661,0.0037245324492334,0.0058095370925524,0.0012177656879882,635,0.014285924580042228,0.08823529411764706,649.0
962,0.1,83,114,13,1.0,114.0,0.0980187695516162,0.0118361597424217,0.0464749058416465,0.0051964612420463,0.0056186378747126,0.0013094476046022,618,0.012670862172780331,0.07692307692307693,1200.0
962,0.2,165,213,13,1.0,213.0,0.0980187695516162,0.0100358844061938,0.0464749058416465,0.0043663186422254,0.0056186378747126,0.0012726705696476,618,0.014170924935630819,0.1,378.0
962,0.3,248,294,13,1.0,294.0,0.0980187695516162,0.0090052705127931,0.0464749058416465,0.0038035002185776,0.0056186378747126,0.0011915828431124,618,0.008611111111111111,0.06666666666666667,300.0
962,0.5,413,428,13,1.5,285.3333333333333,0.0980187695516162,0.0086563106039195,0.0570262908498661,0.0037841736679397,0.0056186378747126,0.0012761092922653,618,0.014196236941150126,0.05555555555555555,2360.0
963,0.1,85,118,13,1.0,118.0,0.0761209593326381,0.0110107633304465,0.031948254360793,0.0047693792658107,0.0056186378747126,0.0012327892171925,635,0.011254478535600288,0.07142857142857142,504.0
963,0.2,169,225,13,1.0,225.0,0.0980187695516162,0.0099084694705132,0.0492079830055308,0.0044381435031098,0.0056186378747126,0.0012497019204224,635,0.016798720147776752,0.09090909090909091,720.0
963,0.3,253,308,13,1.0,308.0,0.0980187695516162,0.0089920507021653,0.0492079830055308,0.004168870269864,0.0058095370925524,0.0012652644802966,635,0.04743462429941559,0.7142857142857143,920.0
963,0.5,421,449,13,1.333333,336.750084187521,0.0980187695516162,0.0085649723287295,0.0570262908498661,0.0038491458586654,0.0058095370925524,0.0012866302987138,635,0.0,0.0,960.0
964,0.1,81,126,12,1.0,126.0,0.0980187695516162,0.0128109638015789,0.0464749058416465,0.0057960343246502,0.0058095370925524,0.0014039446961466,617,0.008982843137254903,0.1,544.0
964,0.2,162,230,12,1.0,230.0,0.0980187695516162,0.0104093938432243,0.0570262908498661,0.0046349707475918,0.0058095370925524,0.0013233138712308,617,0.013458994708994709,0.2,798.0
964,0.3,243,308,12,1.0,308.0,0.0980187695516162,0.0095709816773424,0.0570262908498661,0.0042692978283294,0.0058095370925524,0.0013041740519899,617,0.014959558911020679,0.1111111111111111,420.0
964,0.5,404,423,13,1.5,282.0,0.0980187695516162,0.0085811412104314,0.0570262908498661,0.0037553663921799,0.0058095370925524,0.001254614430757,617,0.019802113141096193,0.14285714285714285,840.0
965,0.1,84,127,13,1.0,127.0,0.0980187695516162,0.0117658650332941,0.0570262908498661,0.0050035861278288,0.0038790328069506,0.0011856837329726,611,0.009441100022996576,0.0625,2000.0
965,0.2,168,226,13,1.0,226.0,0.0980187695516162,0.0104736681831184,0.0570262908498661,0.0046994596418043,0.0058095370925524,0.001291981273138,611,0.019729419703103913,0.2,480.0
965,0.3,252,309,13,1.0,309.0,0.0980187695516162,0.0095771282788502,0.0570262908498661,0.0043010419658206,0.0058095370925524,0.0012983515864142,611,0.009558029689608637,0.10526315789473684,612.0
965,0.5,420,433,13,1.5,288.6666666666667,0.0980187695516162,0.0087682752674913,0.0570262908498661,0.0039294186999124,0.0058095370925524,0.0012881680968013,611,0.011846854126265892,0.07692307692307693,756.0
966,0.1,80,120,12,1.0,120.0,0.0980187695516162,0.0136166145290232,0.0464749058416465,0.0061252474095173,0.0056186378747126,0.001501053531444,595,0.014081196581196581,0.15384615384615385,1200.0
966,0.2,160,220,12,1.0,220.0,0.0980187695516162,0.0107593136790216,0.0570262908498661,0.0049117763019557,0.0056186378747126,0.0013938472711338,595,0.014515678022260359,0.05970149253731343,1311.0
966,0.3,240,297,12,1.0,297.0,0.0980187695516162,0.0096235205724256,0.0570262908498661,0.0043202219457959,0.0056186378747126,0.0013170496722971,595,0.014446770295555073,0.10526315789473684,1872.0
966,0.5,399,410,13,1.666667,245.99995080000983,0.0980187695516162,0.0088176199801622,0.0570262908498661,0.003873132645198,0.0056186378747126,0.0012759552312384,595,0.008586197636949516,0.0625,504.0
967,0.1,86,127,13,1.0,127.0,0.0980187695516162,0.0113224897982642,0.0570262908498661,0.0048801930861421,0.0056186378747126,0.0012740753179452,625,0.006737209046991656,0.0625,440.0
967,0.2,171,223,13,1.0,223.0,0.0980187695516162,0.0106800338543979,0.0570262908498661,0.0045968683256923,0.0056186378747126,0.0013190088747653,625,0.009126984126984126,0.07142857142857142,750.0
967,0.3,256,299,13,1.0,299.0,0.0980187695516162,0.0096637732308947,0.0570262908498661,0.0041442439292771,0.0056186378747126,0.0012628742604799,625,0.00493532021143783,0.05555555555555555,2010.0
967,0.5,426,431,13,1.5,287.3333333333333,0.0980187695516162,0.0085549283984428,0.0570262908498661,0.0037505523728474,0.0058095370925524,0.0012887678748684,625,0.00596002024291498,0.04,804.0
968,0.1,87,124,13,1.0,124.0,0.0980187695516162,0.0113609606781256,0.0464749058416465,0.0046433273970946,0.0034225241115278,0.001226690128905,642,0.011663946062923047,0.07692307692307693,1520.0
968,0.2,173,216,13,1.0,216.0,0.0980187695516162,0.010495114509713,0.0570262908498661,0.0045060604920215,0.0052421649220672,0.0013019577328334,642,0.0041454081632653055,0.0625,900.0
968,0.3,260,309,13,1.0,309.0,0.0980187695516162,0.0092835376656508,0.0570262908498661,0.0040838632384907,0.0058095370925524,0.001256808384162,642,0.016904761904761905,0.1,243.0
968,0.5,433,442,13,1.666667,265.1999469600106,0.0980187695516162,0.0084599814097452,0.0570262908498661,0.0037476418289877,0.0058095370925524,0.001255311658372,642,0.012658357771260998,0.09090909090909091,676.0
969,0.1,85,124,12,1.0,124.0,0.0980187695516162,0.013488512899862,0.0464749058416465,0.0058640826205568,0.0056186378747126,0.0014402399504545,628,0.009363026819923372,0.1111111111111111,930.0
969,0.2,169,214,13,1.0,214.0,0.0980187695516162,0.0107588707083897,0.0464749058416465,0.0045714866794363,0.0056186378747126,0.0013328445514303,628,0.03926776266061981,0.625,2496.0
969,0.3,254,297,13,1.0,297.0,0.0980187695516162,0.0095076591426955,0.0570262908498661,0.0041194084290374,0.0056186378747126,0.0012296682272822,628,0.008310185185185184,0.06666666666666667,342.0
969,0.5,422,425,13,1.75,242.8571428571429,0.0980187695516162,0.0085800159479849,0.0570262908498661,0.0038220850002322,0.0058095370925524,0.0012712743854951,628,0.00992063492063492,0.14285714285714285,338.0
970,0.1,84,130,12,1.0,130.0,0.0980187695516162,0.0109809898131065,0.0464749058416465,0.0050630797391169,0.0052421649220672,0.0013655398852952,635,0.007903539972899729,0.0625,1014.0
970,0.2,167,213,13,1.0,213.0,0.0980187695516162,0.0099037044652341,0.0464749058416465,0.0043039495294741,0.0056186378747126,0.0012913426183341,635,0.016518895787993364,0.09090909090909091,624.0
970,0.3,251,293,13,1.0,293.0,0.0980187695516162,0.0092424204678507,0.0570262908498661,0.0040824800124768,0.0056186378747126,0.0012336274761094,635,0.00884948384948385,0.09090909090909091,960.0
970,0.5,418,433,13,1.5,288.6666666666667,0.0980187695516162,0.008320349093431,0.0570262908498661,0.0037250512052388,0.0058095370925524,0.0012175588863959,635,0.00625,0.125,390.0
971,0.1,86,137,12,1.0,137.0,0.0761209593326381,0.0123075283712504,0.0570262908498661,0.0059266474853415,0.0056186378747126,0.0015315574541356,636,0.01411146375856337,0.08108108108108109,1608.0
971,0.2,171,238,12,1.0,238.0,0.0761209593326381,0.0108525161889572,0.0570262908498661,0.0051661481465521,0.0058095370925524,0.001458233347086,636,0.0043232536917205905,0.041666666666666664,680.0
971,0.3,257,314,12,1.0,314.0,0.0980187695516162,0.0101186878582386,0.0570262908498661,0.0047186637032825,0.0058095370925524,0.0013910037295057,636,0.01168154761904762,0.16666666666666666,364.0
971,0.5,427,449,13,1.5,299.3333333333333,0.0980187695516162,0.0085719394971097,0.0570262908498661,0.003911089690586,0.0058095370925524,0.0012804072156515,636,0.017568641884431357,0.07692307692307693,1080.0
972,0.1,83,122,13,1.0,122.0,0.0980187695516162,0.011504470161883,0.0464749058416465,0.0047789986848041,0.0039956275909326,0.0012502685631146,625,0.018549070388278553,0.1,780.0
972,0.2,166,221,13,1.0,221.0,0.0980187695516162,0.0101491466884338,0.0464749058416465,0.0041672698787028,0.0039956275909326,0.0012391272592217,625,0.008076690821256038,0.0625,640.0
972,0.3,249,298,13,1.0,298.0,0.0980187695516162,0.0089368819589756,0.0464749058416465,0.003740411146374,0.0040328017800694,0.0012048847541003,625,0.017096490466055686,0.14285714285714285,570.0
972,0.5,415,432,13,1.5,288.0,0.0980187695516162,0.0087354690456879,0.0570262908498661,0.0039211650431935,0.0056186378747126,0.0012924236760497,625,0.010195637695637697,0.11538461538461539,2000.0
973,0.1,82,127,13,1.0,127.0,0.0980187695516162,0.0117658650332941,0.0464749058416465,0.0050421299059867,0.0056186378747126,0.0013706294788266,619,0.008856275303643723,0.15789473684210525,195.0
973,0.2,163,218,13,1.0,218.0,0.0980187695516162,0.0103079469248356,0.0570262908498661,0.0044709751580329,0.0056186378747126,0.0012966457636218,619,0.008676961789256542,0.06666666666666667,684.0
973,0.3,245,296,13,1.0,296.0,0.0980187695516162,0.0096067130738663,0.0570262908498661,0.0041535975891225,0.0056186378747126,0.0012651910154403,619,0.012156792978710787,0.18181818181818182,1368.0
973,0.5,407,418,13,1.5,278.6666666666667,0.0980187695516162,0.0088758724947737,0.0570262908498661,0.003865337705483,0.0058095370925524,0.0012593553471834,619,0.015725685034628123,0.16666666666666666,1005.0
974,0.1,86,123,12,1.0,123.0,0.0980187695516162,0.0114533262120941,0.0464749058416465,0.0048576242039306,0.0040871733233292,0.0012009543518573,665,0.012391563567300999,0.14285714285714285,1800.0
974,0.2,172,219,12,1.0,219.0,0.0980187695516162,0.0100799443865136,0.0570262908498661,0.0042998504893213,0.0040871733233292,0.0012008598491601,665,0.006401420217209691,0.05263157894736842,322.0
974,0.3,258,298,12,1.0,298.0,0.0980187695516162,0.0090523545919616,0.0570262908498661,0.0038386231426445,0.0045513414488271,0.0011439715157485,665,0.014687826541274818,0.09523809523809523,714.0
974,0.5,429,448,13,1.5,298.6666666666667,0.0980187695516162,0.0082140064054818,0.0570262908498661,0.0036257278595963,0.0058095370925524,0.0012160521055866,665,0.002631578947368421,0.05263157894736842,756.0
975,0.1,87,124,12,1.0,124.0,0.0980187695516162,0.0124121228430151,0.0570262908498661,0.0057908281350041,0.0045513414488271,0.0013047428865338,637,0.006321548821548821,0.06666666666666667,360.0
975,0.2,173,234,13,1.0,234.0,0.0980187695516162,0.0102626489487802,0.0570262908498661,0.0047188224661412,0.0052421649220672,0.0013595274237499,637,0.011099137931034482,0.06666666666666667,403.0
975,0.3,260,326,13,1.0,326.0,0.0980187695516162,0.00920245398773,0.0570262908498661,0.004141740565962,0.0056186378747126,0.001283968570347,637,0.011153221319683987,0.10526315789473684,1600.0
975,0.5,432,450,13,1.5,300.0,0.0980187695516162,0.0084787394276444,0.0570262908498661,0.0038085692151018,0.0058095370925524,0.0012840391920961,637,0.007391774891774891,0.06666666666666667,240.0
976,0.1,83,135,12,1.0,135.0,0.0980187695516162,0.0113312478275981,0.0570262908498661,0.0052324941235922,0.0045513414488271,0.0013468213530231,613,0.008723459529911142,0.045454545454545456,425.0
976,0.2,166,219,13,1.0,219.0,0.0980187695516162,0.0101704115302755,0.0570262908498661,0.0046724923809719,0.0045513414488271,0.0013318555936901,613,0.01723590493327335,0.10526315789473684,590.0
976,0.3,248,306,13,1.0,306.0,0.0980187695516162,0.0096164986675935,0.0570262908498661,0.0043692510925458,0.0052421649220672,0.0013075664705853,613,0.01061911868341417,0.1,546.0
976,0.5,413,435,13,1.5,290.0,0.0980187695516162,0.0086152961058573,0.0570262908498661,0.0038021737157897,0.0056186378747126,0.00126516813282,613,0.0,0.0,390.0
977,0.1,84,122,12,1.0,122.0,0.0980187695516162,0.0125985059573667,0.0570262908498661,0.0053628160180974,0.0039956275909326,0.0012887433330052,634,0.01776557283617084,0.125,826.0
977,0.2,168,222,13,1.0,222.0,0.0980187695516162,0.0103993461657694,0.0570262908498661,0.0044115483971359,0.0056186378747126,0.0012188775627124,634,0.010967733602004702,0.09090909090909091,336.0
977,0.3,252,314,13,1.0,314.0,0.0980187695516162,0.0091788819298233,0.0570262908498661,0.0039336886840198,0.0058095370925524,0.001250602717363,634,0.009191176470588236,0.125,364.0
977,0.5,419,438,13,1.5,292.0,0.0980187695516162,0.0083920179410629,0.0570262908498661,0.0037299937284888,0.0058095370925524,0.0012603554611457,634,0.005498533724340176,0.06451612903225806,420.0
978,0.1,83,124,13,1.0,124.0,0.0980187695516162,0.0119412021931446,0.0464749058416465,0.0046942499519315,0.0058095370925524,0.0012320747449104,605,0.021108417322163744,0.0625,2028.0
978,0.2,166,211,13,1.0,211.0,0.0980187695516162,0.0099876945277712,0.0464749058416465,0.0043109510285113,0.0058095370925524,0.0013381878101556,605,0.013435577580314422,0.08333333333333333,1638.0
978,0.3,249,292,13,1.0,292.0,0.0980187695516162,0.0094526261659547,0.0570262908498661,0.0042183232126804,0.0058095370925524,0.001299221968099,605,0.015077658303464756,0.2,400.0
978,0.5,415,419,13,1.666667,251.39994972001008,0.0980187695516162,0.0087153234898125,0.0570262908498661,0.0037930093644583,0.0058095370925524,0.0012679777798682,605,0.027484974316870865,0.2,448.0
979,0.1,81,126,12,1.0,126.0,0.0980187695516162,0.0128771703328532,0.0570262908498661,0.0058023269957087,0.0058095370925524,0.0014174846633217,619,0.021993744324487943,0.1,1600.0
979,0.2,162,216,13,1.0,216.0,0.0980187695516162,0.0104806318309967,0.0570262908498661,0.0045711203261773,0.0058095370925524,0.0013560568667248,619,0.010044566098065085,0.0625,1121.0
979,0.3,243,298,13,1.0,298.0,0.0980187695516162,0.0095457376601744,0.0570262908498661,0.0041967069202026,0.0058095370925524,0.0013371152533533,619,0.01651849217638691,0.25,800.0
979,0.5,404,424,13,1.666667,254.3999491200102,0.0980187695516162,0.0087158400062958,0.0570262908498661,0.0037789955611041,0.0058095370925524,0.0012729934065251,619,0.020049592176116567,0.14285714285714285,1340.0
980,0.1,84,120,12,1.0,120.0,0.0980187695516162,0.0118873826903023,0.0464749058416465,0.0050873570441164,0.0056186378747126,0.001292389241854,639,0.01746088009849478,0.1,2496.0
980,0.2,167,226,12,1.0,226.0,0.0980187695516162,0.0095093524781529,0.0464749058416465,0.0039995436374396,0.0056186378747126,0.0012589914678249,639,0.01545969623392247,0.10416666666666667,756.0
980,0.3,251,307,13,1.0,307.0,0.0980187695516162,0.0087665965837105,0.0464749058416465,0.0037139835747457,0.0056186378747126,0.0012353603142341,639,0.0170874580306629,0.07692307692307693,1596.0
980,0.5,417,433,13,1.5,288.6666666666667,0.0980187695516162,0.0082745931939303,0.0570262908498661,0.0036139563208872,0.0056186378747126,0.001216282792709,639,0.0046875,0.0625,338.0
981,0.1,82,126,12,1.0,126.0,0.0761209593326381,0.0110978698048562,0.0570262908498661,0.0052532728445167,0.0058095370925524,0.0014058713986374,606,0.022610158389460844,0.16666666666666666,864.0
981,0.2,163,217,12,1.0,217.0,0.0980187695516162,0.0101488205359845,0.0570262908498661,0.0047240861758975,0.0058095370925524,0.0013571612782198,606,0.012023320981425445,0.058823529411764705,520.0
981,0.3,244,293,13,1.0,293.0,0.0980187695516162,0.0099221672177004,0.0570262908498661,0.0044975826628437,0.0058095370925524,0.0013104620327171,606,0.006191770600149238,0.05660377358490566,640.0
981,0.5,406,419,13,1.666667,251.39994972001008,0.0980187695516162,0.0086904367865292,0.0570262908498661,0.0039515819874058,0.0058095370925524,0.0012833088518942,606,0.0027526395173453995,0.029411764705882353,400.0
982,0.1,80,122,13,1.0,122.0,0.0980187695516162,0.0110343766560111,0.0464749058416465,0.0045013873176973,0.0039956275909326,0.0012522269006447,598,0.01008076690821256,0.13043478260869565,750.0
982,0.2,159,230,13,1.0,230.0,0.0980187695516162,0.0097610735820827,0.0570262908498661,0.0043290764885258,0.0056186378747126,0.001274615661016,598,0.013082621082621083,0.1,1120.0
982,0.3,238,305,13,1.0,305.0,0.0980187695516162,0.0091112668592625,0.0570262908498661,0.0040266143078485,0.0056186378747126,0.0012556449803688,598,0.006854256854256854,0.1111111111111111,1560.0
982,0.5,397,416,13,1.666667,249.59995008001,0.0980187695516162,0.0084999398411806,0.0570262908498661,0.0037592156380273,0.0056186378747126,0.0012651386534945,598,0.0017536475869809204,0.022727272727272728,312.0
983,0.1,84,128,12,1.0,128.0,0.0980187695516162,0.0119183394160583,0.0570262908498661,0.0052163487209888,0.0044179097289399,0.0012968108415264,630,0.005445795339412361,0.06382978723404255,576.0
983,0.2,168,221,12,1.0,221.0,0.0980187695516162,0.0106728822916027,0.0570262908498661,0.0046150840479451,0.0052421649220672,0.0013166554153085,630,0.02290179488674541,0.08333333333333333,1824.0
983,0.3,251,303,13,1.0,303.0,0.0980187695516162,0.009481135809097,0.0570262908498661,0.0041027363625354,0.0056186378747126,0.0012649678050466,630,0.009995962643021467,0.05,4200.0
983,0.5,418,425,13,1.5,283.3333333333333,0.0980187695516162,0.0085309452248052,0.0570262908498661,0.0037553230212601,0.0058095370925524,0.0012903970985135,630,0.004083333333333333,0.041666666666666664,200.0
984,0.1,82,117,12,1.0,117.0,0.0980187695516162,0.0128249690293485,0.0464749058416465,0.0053052900476297,0.0056186378747126,0.0012873073918719,617,0.008551840633737186,0.0625,920.0
984,0.2,164,225,13,1.0,225.0,0.0980187695516162,0.009903835013324,0.0464749058416465,0.0039759957368657,0.0056186378747126,0.0011803955288062,617,0.008245655985971625,0.1111111111111111,800.0
984,0.3,246,313,13,1.0,313.0,0.0980187695516162,0.0094913831300575,0.0570262908498661,0.004170773045863,0.0058095370925524,0.0012704497185337,617,0.005932700140953711,0.034482758620689655,1200.0
984,0.5,409,429,13,1.8,238.3333333333333,0.0980187695516162,0.0086580086580086,0.0570262908498661,0.0038756526349264,0.0058095370925524,0.0012754656263725,617,0.01702411134330109,0.07142857142857142,420.0
985,0.1,82,127,12,1.0,127.0,0.0980187695516162,0.0119218674308046,0.0464749058416465,0.0050863818309653,0.0058095370925524,0.0013238850628175,626,0.01776267592057066,0.1,714.0
985,0.2,163,231,13,1.0,231.0,0.0980187695516162,0.0098993811194019,0.0570262908498661,0.0044258165972224,0.0058095370925524,0.0012622349206528,626,0.02030326536208889,0.09090909090909091,676.0
985,0.3,244,309,13,1.0,309.0,0.0980187695516162,0.0089798232382031,0.0570262908498661,0.0040232661228825,0.0058095370925524,0.0012560920192947,626,0.010603632478632479,0.1111111111111111,390.0
985,0.5,406,432,13,1.5,288.0,0.0980187695516162,0.008455470590507,0.0570262908498661,0.0037811231739975,0.0058095370925524,0.0012520569519919,626,0.01231654858299595,0.125,670.0
986,0.1,80,130,12,1.0,130.0,0.0980187695516162,0.0113499639047083,0.0570262908498661,0.005083625833964,0.0052421649220672,0.0013866408660652,606,0.02997084143455111,0.13636363636363635,900.0
986,0.2,159,227,13,1.0,227.0,0.0980187695516162,0.0105423692998855,0.0570262908498661,0.0046489135756619,0.0052421649220672,0.0013677771897786,606,0.0043355855855855855,0.04504504504504504,3363.0
986,0.3,238,303,13,1.0,303.0,0.0980187695516162,0.0097770986691995,0.0570262908498661,0.0043394598727785,0.0056186378747126,0.001343560807579,606,0.013901689708141322,0.21428571428571427,480.0
986,0.5,396,415,13,1.5,276.6666666666667,0.0980187695516162,0.0089576240310564,0.0570262908498661,0.0040382425421555,0.0058095370925524,0.0013150137579862,606,0.010818713450292398,0.1111111111111111,714.0
987,0.1,85,126,12,1.0,126.0,0.0980187695516162,0.0116689011370971,0.0570262908498661,0.0053159015143082,0.0058095370925524,0.0013698186168488,629,0.023603137554599325,0.14285714285714285,1298.0
987,0.2,169,227,12,1.0,227.0,0.0980187695516162,0.0098119829300895,0.0570262908498661,0.0044114766231082,0.0058095370925524,0.0012577104133601,629,0.04046656802741995,0.5555555555555556,2000.0
987,0.3,253,302,13,1.0,302.0,0.0980187695516162,0.0089462671519035,0.0570262908498661,0.0040167889447406,0.0058095370925524,0.0012371367186249,629,0.005879046906379114,0.043478260869565216,400.0
987,0.5,421,444,13,1.5,296.0,0.0980187695516162,0.008595665529972,0.0570262908498661,0.0038852027780016,0.0058095370925524,0.0012929714120379,629,0.0,0.0,338.0
988,0.1,86,123,13,1.0,123.0,0.0980187695516162,0.0118772094915943,0.0464749058416465,0.0050671744372993,0.0039956275909326,0.001266961307403,631,0.005948275862068966,0.05,600.0
988,0.2,171,227,13,1.0,227.0,0.0980187695516162,0.009632831556366,0.0464749058416465,0.0041653717441009,0.0039956275909326,0.0012335168464693,631,0.013056792561814082,0.1,440.0
988,0.3,256,312,13,1.0,312.0,0.0980187695516162,0.009080639555092,0.0570262908498661,0.0040086070040728,0.0058095370925524,0.0012280343713753,631,0.01805449303696148,0.09090909090909091,390.0
988,0.5,426,439,13,1.5,292.6666666666667,0.0980187695516162,0.0085653003199516,0.0570262908498661,0.0038021500644731,0.0058095370925524,0.0012618837859896,631,0.0035714285714285713,0.07142857142857142,468.0
989,0.1,85,121,13,1.0,121.0,0.0980187695516162,0.0114875171278621,0.0570262908498661,0.0051821384147543,0.0045513414488271,0.0012889934686015,626,0.007779240965416001,0.05263157894736842,754.0
989,0.2,169,223,13,1.0,223.0,0.0980187695516162,0.010820314509228,0.0570262908498661,0.0049812183679732,0.0058095370925524,0.0013957567054519,626,0.0,0.0,240.0
989,0.3,254,309,13,1.0,309.0,0.0980187695516162,0.009671617211834,0.0570262908498661,0.0044538313831566,0.0058095370925524,0.00135335290667,626,0.017240120591413693,0.15384615384615385,1008.0
989,0.5,423,432,13,1.75,246.8571428571429,0.0980187695516162,0.0084602981500791,0.0570262908498661,0.003792465403526,0.0058095370925524,0.0012663908798764,626,0.006071428571428571,0.07142857142857142,280.0
990,0.1,87,132,13,1.0,132.0,0.0980187695516162,0.0114307833285935,0.0492079830055308,0.0049461024519587,0.0058095370925524,0.0012870277878562,638,0.0023420479302832245,0.037037037037037035,400.0
990,0.2,173,232,13,1.0,232.0,0.0980187695516162,0.0104050555535579,0.0570262908498661,0.0048217404612011,0.0058095370925524,0.0013461093973298,638,0.0011904761904761904,0.023809523809523808,306.0
990,0.3,259,311,13,1.0,311.0,0.0980187695516162,0.009545715157469,0.0570262908498661,0.0044089738174776,0.0058095370925524,0.0013283348091582,638,0.022178706114632886,0.10526315789473684,720.0
990,0.5,431,430,13,2.0,215.0,0.0980187695516162,0.0085190484273831,0.0570262908498661,0.0038357153708023,0.0058095370925524,0.0012609399211142,638,0.0027799227799227798,0.02857142857142857,345.0
991,0.1,82,116,13,1.0,116.0,0.0980187695516162,0.0117219805113084,0.0492079830055308,0.0051030495734061,0.0058095370925524,0.0013210525928497,619,0.015869741025020527,0.18181818181818182,640.0
991,0.2,164,219,13,1.0,219.0,0.0980187695516162,0.0102465943881801,0.0570262908498661,0.0046148704535543,0.0058095370925524,0.0012972670895637,619,0.025400874781893946,0.12,1206.0
991,0.3,245,298,13,1.0,298.0,0.0980187695516162,0.0094652567341539,0.0570262908498661,0.0042479893920949,0.0058095370925524,0.0012739702262901,619,0.015484848484848487,0.09090909090909091,748.0
991,0.5,408,434,13,1.666667,260.39994792001045,0.0980187695516162,0.0087240453044885,0.0570262908498661,0.003876898441396,0.0058095370925524,0.0012730261837351,619,0.013992385242385242,0.07142857142857142,360.0
992,0.1,87,125,13,1.0,125.0,0.0761209593326381,0.0102857142857142,0.0492079830055308,0.0044561917609668,0.0045513414488271,0.0012655909735479,641,0.007003569347319346,0.038461538461538464,1482.0
992,0.2,173,231,13,1.0,231.0,0.0980187695516162,0.0103733596955702,0.0570262908498661,0.0047495915158165,0.0056186378747126,0.0013511439960799,641,0.01580766455766456,0.09090909090909091,2600.0
992,0.3,259,311,13,1.0,311.0,0.0980187695516162,0.0093847758081334,0.0570262908498661,0.0042244955027284,0.0058095370925524,0.0012922735292543,641,0.01607336977215843,0.1111111111111111,1600.0
992,0.5,431,456,13,1.666667,273.59994528001096,0.0980187695516162,0.0081842379671806,0.0570262908498661,0.0036363620659718,0.0058095370925524,0.0012622405788523,641,0.021749870499870504,0.09090909090909091,588.0
993,0.1,88,127,13,1.0,127.0,0.0980187695516162,0.0104767925907071,0.0464749058416465,0.0042005345706424,0.0039956275909326,0.0012123425347471,626,0.018142618251313906,0.15384615384615385,416.0
993,0.2,176,232,13,1.0,232.0,0.0980187695516162,0.0094566897990003,0.0492079830055308,0.0041532364075326,0.0058095370925524,0.0013143883335159,626,0.004853801169590643,0.05263157894736842,546.0
993,0.3,264,316,13,1.0,316.0,0.0980187695516162,0.0091306872929343,0.0570262908498661,0.0041157395489692,0.0058095370925524,0.0012904683017416,626,0.010084180666077218,0.07692307692307693,252.0
993,0.5,439,450,13,1.666667,269.9999460000108,0.0980187695516162,0.00844629822732,0.0570262908498661,0.003824369638348,0.0058095370925524,0.0012903282942591,626,0.01310368711063845,0.09523809523809523,1512.0
994,0.1,82,118,13,1.0,118.0,0.0980187695516162,0.0108605362224067,0.0464749058416465,0.0042821023081595,0.0039254903849993,0.0011808176215539,626,0.04146573233529755,0.625,1180.0
994,0.2,163,210,13,1.0,210.0,0.0980187695516162,0.0105814588609165,0.0570262908498661,0.0046485289719335,0.0058095370925524,0.001289014578438,626,0.012141452323958631,0.07692307692307693,416.0
994,0.3,245,290,13,1.0,290.0,0.0980187695516162,0.0096436661752543,0.0570262908498661,0.0043826368769967,0.0058095370925524,0.0012566465231163,626,0.013337041156840933,0.2,286.0
994,0.5,408,425,13,1.5,283.3333333333333,0.0980187695516162,0.0088842544316996,0.0570262908498661,0.0039419292837535,0.0058095370925524,0.0012587402042376,626,0.014938307873090481,0.16666666666666666,510.0
995,0.1,85,123,12,1.0,123.0,0.0656934306569343,0.0108514119552039,0.0570262908498661,0.005386683986506,0.0045513414488271,0.0012923807087976,633,0.012449205422070495,0.07317073170731707,532.0
995,0.2,170,233,13,1.0,233.0,0.0980187695516162,0.0102127126343159,0.0570262908498661,0.0047021232616924,0.0052421649220672,0.0013295909355133,633,0.02491385135135135,0.3333333333333333,312.0
995,0.3,255,310,13,1.0,310.0,0.0980187695516162,0.009065222510007,0.0570262908498661,0.0040702289453995,0.0052421649220672,0.0012366456932676,633,0.008138815207780726,0.08,780.0
995,0.5,424,436,13,1.666667,261.5999476800105,0.0980187695516162,0.0083252814954414,0.0570262908498661,0.0037343700205385,0.0056186378747126,0.0012501987823303,633,0.004419191919191919,0.06060606060606061,340.0
996,0.1,83,125,12,1.0,125.0,0.0980187695516162,0.0109363920750781,0.0464749058416465,0.0046495830289626,0.0040871733233292,0.0012480585593616,620,0.007456430233890188,0.043478260869565216,3900.0
996,0.2,166,223,13,1.0,223.0,0.0980187695516162,0.0103947965229101,0.0570262908498661,0.0044831587374618,0.0056186378747126,0.0012834376116325,620,0.010934276451517832,0.07692307692307693,1014.0
996,0.3,249,305,13,1.0,305.0,0.0980187695516162,0.0096890545137523,0.0570262908498661,0.0042486575628982,0.0056186378747126,0.0012848722883391,620,0.008061497326203208,0.05,630.0
996,0.5,414,433,13,1.571429,275.54537939671474,0.0980187695516162,0.0087152947522799,0.0570262908498661,0.0038632281435789,0.0058095370925524,0.0012496710278829,620,0.010597826086956521,0.125,180.0
997,0.1,86,135,13,1.0,135.0,0.0980187695516162,0.0123199320279611,0.0570262908498661,0.0057387091686762,0.0058095370925524,0.001418491472418,614,0.015248408998408996,0.125,804.0
997,0.2,171,227,13,1.0,227.0,0.0980187695516162,0.0106342417992309,0.0570262908498661,0.0048950056028963,0.0058095370925524,0.0013689854711809,614,0.03675861548201973,0.2,720.0
997,0.3,257,300,13,1.0,300.0,0.0980187695516162,0.0099165797705943,0.0570262908498661,0.0045538388252658,0.0058095370925524,0.0013234240074632,614,0.020102817025266218,0.09090909090909091,1300.0
997,0.5,428,428,13,1.857143,230.4615207337292,0.0980187695516162,0.0083639499868437,0.0570262908498661,0.0037456616353264,0.0058095370925524,0.0012328807049839,614,0.009261680051412546,0.04878048780487805,1300.0
998,0.1,84,129,12,1.0,129.0,0.0980187695516162,0.011712782210151,0.0464749058416465,0.0045747444833189,0.0044179097289399,0.0011732147808842,609,0.008167989417989418,0.047619047619047616,285.0
998,0.2,167,211,13,1.0,211.0,0.0980187695516162,0.0106795684683393,0.0464749058416465,0.0044633702143225,0.0056186378747126,0.0012568933769277,609,0.01774638235481609,0.14285714285714285,1653.0
998,0.3,250,296,13,1.0,296.0,0.0980187695516162,0.0093354564157483,0.0464749058416465,0.003952967758696,0.0058095370925524,0.0012369994229944,609,0.01783910533910534,0.14285714285714285,340.0
998,0.5,416,425,13,1.666667,254.99994900001025,0.0980187695516162,0.0087002392197754,0.0570262908498661,0.0038518842700359,0.0058095370925524,0.0012552289270154,609,0.0086548025045562,0.04,2000.0
999,0.1,88,138,13,1.0,138.0,0.0980187695516162,0.0110924725332849,0.0464749058416465,0.0046085735899326,0.0058095370925524,0.001282638688399,640,0.01493779088306697,0.1,540.0
999,0.2,175,238,13,1.0,238.0,0.0980187695516162,0.0104976297088177,0.0570262908498661,0.0048858024171429,0.0058095370925524,0.00136932384706,640,0.016926334108840417,0.09090909090909091,819.0
999,0.3,262,319,13,1.0,319.0,0.0980187695516162,0.0094370768924002,0.0570262908498661,0.0043297881723797,0.0058095370925524,0.001295442729369,640,0.05813964312419313,0.7142857142857143,2262.0
999,0.5,436,448,13,1.75,256.0,0.0980187695516162,0.0083094369134514,0.0570262908498661,0.0037037072008543,0.0058095370925524,0.0012156796957943,640,0.010275689223057643,0.15789473684210525,399.0
1000,0.1,84,135,12,1.0,135.0,0.0980187695516162,0.0123199320279611,0.0570262908498661,0.0053939480848445,0.0052421649220672,0.0012990806772954,623,0.0112508336071459,0.08163265306122448,2613.0
1000,0.2,168,235,13,1.0,235.0,0.0980187695516162,0.0105340225855833,0.0570262908498661,0.0047961140855466,0.0052421649220672,0.0013066301713024,623,0.015431488801054017,0.09090909090909091,576.0
1000,0.3,251,313,13,1.0,313.0,0.0980187695516162,0.0094314165114752,0.0570262908498661,0.0041465019765325,0.0052421649220672,0.0012326380855859,623,0.0070848313644923805,0.05,884.0
1000,0.5,418,439,13,1.555556,282.2142050816557,0.0980187695516162,0.0084370345913667,0.0570262908498661,0.0037115193261977,0.0056186378747126,0.0012110897145704,623,0.010346153846153847,0.08,885.0
