index,src,dst,number_trees,marginal_gain,median_timediff,average_timediff
0,tdn.com,azstarnet.com,10,251.327297,1.0,1.0
1,wikio.com,thestate.com,9,226.194567,1.0,1.0
2,tdn.com,ctv.ca,9,226.194567,1.0,1.0
3,tdn.com,cnsnews.com,9,226.194567,1.0,1.0
4,seattletimes.nwsource.com,cnsnews.com,9,226.194567,1.0,1.0
5,cnn.com,edition.cnn.com,9,218.981092,1.0,1.555556
6,tdn.com,aikenstandard.com,9,213.210312,1.0,2.0
7,startribune.com,baltimoresun.com,9,201.668752,1.0,2.888889
8,startribune.com,northjersey.com,8,201.061838,1.0,1.0
9,gazette.com,mysinchew.com,8,201.061838,1.0,1.0
10,bismarcktribune.com,usatoday.com,8,201.061838,1.0,1.0
11,bismarcktribune.com,foxnews.com,8,201.061838,1.0,1.0
12,startribune.com,msnbc.msn.com,8,199.619143,1.0,1.125
13,seattletimes.nwsource.com,msnbc.msn.com,8,199.619143,1.0,1.125
14,seattletimes.nwsource.com,stltoday.com,8,198.176448,1.0,1.25
15,celebitchy.com,celebritymound.com,8,196.733753,1.0,1.375
16,seattletimes.nwsource.com,whatsonwinnipeg.com,8,190.962972,1.0,1.875
17,64.90.166.18,celebrityblend.com,8,189.520277,1.0,2.0
18,startribune.com,nydailynews.com,8,179.421412,1.0,2.875
19,seattletimes.nwsource.com,salon.com,8,176.536022,1.0,3.125
20,wyomingnews.com,kolotv.com,7,175.929108,1.0,1.0
21,wyomingnews.com,abluteau.wordpress.com,7,175.929108,1.0,1.0
22,tdn.com,abluteau.wordpress.com,7,175.929108,1.0,1.0
23,salon.com,seattletimes.nwsource.com,7,175.929108,1.0,1.0
24,publicbroadcasting.net,mobile.reuters.com,7,175.929108,1.0,1.0
25,news.com.au,iafrica.com,7,175.929108,1.0,1.0
26,gazette.com,washingtontimes.com,7,175.929108,1.0,1.0
27,bismarcktribune.com,timesleader.com,7,175.929108,1.0,1.0
28,startribune.com,philly.com,7,173.043718,1.0,1.285714
29,startribune.com,bostonherald.com,7,173.043718,1.0,1.285714
30,mysinchew.com,livenews.com.au,7,170.158328,1.0,1.571429
31,tdn.com,www2.journalnow.com,7,168.715633,1.0,1.714286
32,cnn.com,topics.cnn.com,7,167.272938,1.0,1.857143
33,startribune.com,boston.com,7,164.387548,1.0,2.142857
34,bloomberg.com,theautomaticearth.blogspot.com,7,164.387548,1.0,2.142857
35,indybay.org,globalresearch.ca,7,158.616768,3.0,2.714286
36,tdn.com,washingtonpost.com,7,152.845987,1.0,3.285714
37,wral.com,apnews.myway.com,6,150.796378,1.0,1.0
38,seattlepi.com,myfox47.com,6,150.796378,1.0,1.0
39,seattlepi.com,fox47news.com,6,150.796378,1.0,1.0
40,clkurl.com,nashuatelegraph.com,6,150.796378,1.0,1.0
41,bismarcktribune.com,thehawkeye.com,6,150.796378,1.0,1.0
42,64.90.166.18,showhype.com,6,150.796378,1.0,1.0
43,instablogs.com,tucsoncitizen.com,6,149.353683,1.0,1.166667
44,chron.com,theledger.com,7,148.517902,1.0,3.714286
45,salon.com,kentucky.com,6,147.910988,1.0,1.333333
46,postchronicle.com,truthout.org,6,147.910988,1.0,1.333333
47,news.ninemsn.com.au,abc.net.au,6,147.910988,1.0,1.333333
48,news.com.au,abc.net.au,6,147.910988,1.0,1.333333
49,wbt.com,feeds.cbsnews.com,7,147.075207,1.0,3.857143
50,countercurrents.org,afterdowningstreet.org,6,146.468293,1.0,1.5
51,cnn.com,rss.cnn.com,6,146.468293,1.0,1.5
52,clkurl.com,bulletin.aarp.org,6,146.468293,1.0,1.5
53,cnn.com,archives.cnn.com,6,143.582903,1.0,1.833333
54,startribune.com,denverpost.com,6,142.140208,3.0,2.0
55,salon.com,cbsnews.com,6,142.140208,1.0,2.0
56,64.90.166.18,celebitchy.com,6,142.140208,1.0,2.0
57,freerepublic.com,patdollard.com,6,140.697513,2.0,2.166667
58,cnn.com,transcripts.cnn.com,6,140.697513,2.0,2.166667
59,wattpad.com,blogs.myspace.com,10,140.239779,10.0,8.7
60,eonline.com,celebrityblend.com,7,139.254818,1.0,2.142857
61,wral.com,southcoasttoday.com,6,139.254818,1.0,2.333333
62,clkurl.com,southcoasttoday.com,6,139.254818,1.0,2.333333
63,wbt.com,columbian.com,5,125.663649,1.0,1.0
64,uk.news.yahoo.com,iol.co.za,5,125.663649,1.0,1.0
65,tdn.com,thehour.com,5,125.663649,1.0,1.0
66,stuff.co.nz,iol.co.za,5,125.663649,1.0,1.0
67,startribune.com,kansascity.com,5,125.663649,1.0,1.0
68,seattlepi.com,fox14tv.com,5,125.663649,1.0,1.0
69,salon.com,timesdispatch.com,5,125.663649,1.0,1.0
70,publicbroadcasting.net,reuters.com,5,125.663649,1.0,1.0
71,news.com.au,news.smh.com.au,5,125.663649,1.0,1.0
72,eldiariomontanes.es,farodevigo.es,5,125.663649,1.0,1.0
73,diariovasco.com,farodevigo.es,5,125.663649,1.0,1.0
74,clkurl.com,semissourian.com,5,125.663649,1.0,1.0
75,64.90.166.18,timesoftheinternet.com,5,125.663649,1.0,1.0
76,rss.cnn.com,topics.edition.cnn.com,5,124.220954,1.0,1.2
77,cnn.com,topics.edition.cnn.com,5,124.220954,1.0,1.2
78,upi.com,am1070wdia.com,5,124.220954,1.0,1.2
79,uk.reuters.com,postchronicle.com,5,124.220954,1.0,1.2
80,tdn.com,pantagraph.com,5,124.220954,1.0,1.2
81,reuters.com,in.news.yahoo.com,5,124.220954,1.0,1.2
82,blog.taragana.com,isavesmart.com,5,124.220954,1.0,1.2
83,uk.news.yahoo.com,wikio.co.uk,5,122.778259,1.0,1.4
84,showhype.com,icelebz.com,5,122.778259,1.0,1.4
85,salon.com,hosted.ap.org,5,122.778259,1.0,1.4
86,boston.com,wibw.com,5,122.778259,1.0,1.4
87,chron.com,mercurynews.com,5,121.335563,1.0,1.6
88,cnn.com,us.cnn.com,5,119.892868,1.0,1.8
89,cnn.com,cgi.cnn.com,5,119.892868,1.0,1.8
90,clkurl.com,rutlandherald.com,5,119.892868,1.0,1.8
91,chron.com,cbs4.com,5,119.892868,1.0,1.8
92,publicbroadcasting.net,feeds.reuters.com,5,118.450173,1.0,2.0
93,clkurl.com,kdka.com,5,118.450173,1.0,2.0
94,cnn.com,premium.cnn.com,5,117.007478,2.0,2.2
95,cnn.com,dynamic.cnn.com,5,117.007478,2.0,2.2
96,globalresearch.ca,dandelionsalad.wordpress.com,5,117.007478,1.0,2.2
97,elpais.com,diarioinformacion.com,5,117.007478,1.0,2.2
98,people.com,nydailynews.com,5,115.564783,1.0,2.4
99,startribune.com,huffingtonpost.com,5,114.122088,1.0,2.6
100,diarioinformacion.com,elpais.com,6,111.843612,7.0,5.5
101,eldiariomontanes.es,elpais.com,6,107.515527,7.0,6.0
102,seattletimes.nwsource.com,dailypress.com,5,106.908613,1.0,3.6
103,examiner.com,cbs11tv.com,5,106.908613,1.0,3.6
104,news.theage.com.au,newsinfo.inquirer.net,5,105.465918,1.0,3.8
105,boston.com,chicagotribune.com,6,104.630137,7.0,6.333333
106,startribune.com,chicagotribune.com,5,102.580528,1.0,4.2
107,wyomingnews.com,news.ninemsn.com.au,4,100.530919,1.0,1.0
108,wtkr.com,news.ninemsn.com.au,4,100.530919,1.0,1.0
109,wikio.com,news24.com,4,100.530919,1.0,1.0
110,wikio.com,cbs13.com,4,100.530919,1.0,1.0
111,wikio.com,brisbanetimes.com.au,4,100.530919,1.0,1.0
112,wbt.com,wsbradio.com,4,100.530919,1.0,1.0
113,wbt.com,winnipegsun.com,4,100.530919,1.0,1.0
114,wbt.com,sfgate.com,4,100.530919,1.0,1.0
115,wbt.com,capecodonline.com,4,100.530919,1.0,1.0
116,upi.com,themoneytimes.com,4,100.530919,1.0,1.0
117,uk.news.yahoo.com,wikio.com,4,100.530919,1.0,1.0
118,uk.news.yahoo.com,twocircles.net,4,100.530919,1.0,1.0
119,thestar.com,thechronicleherald.ca,4,100.530919,1.0,1.0
120,theglobeandmail.com,edmontonsun.com,4,100.530919,1.0,1.0
121,startribune.com,news.smh.com.au,4,100.530919,1.0,1.0
122,sports.yahoo.com,www2.journalnow.com,4,100.530919,1.0,1.0
123,seattlepi.com,wrex.com,4,100.530919,1.0,1.0
124,seattlepi.com,ktnv.com,4,100.530919,1.0,1.0
125,seattlepi.com,kivitv.com,4,100.530919,1.0,1.0
126,seattlepi.com,cbs8.com,4,100.530919,1.0,1.0
127,salon.com,miamiherald.com,4,100.530919,1.0,1.0
128,salon.com,ksdk.com,4,100.530919,1.0,1.0
129,salon.com,gopusa.com,4,100.530919,1.0,1.0
130,salon.com,bismarcktribune.com,4,100.530919,1.0,1.0
131,philly.com,smh.com.au,4,100.530919,1.0,1.0
132,patdollard.com,investorsiraq.com,4,100.530919,1.0,1.0
133,othersiderainbow.blogspot.com,prevuze.blogspot.com,4,100.530919,1.0,1.0
134,news.yahoo.com,theadvertiser.com,4,100.530919,1.0,1.0
135,news.yahoo.com,sefermpost.com,4,100.530919,1.0,1.0
136,news.yahoo.com,newsmax.com,4,100.530919,1.0,1.0
137,news.theage.com.au,thedaily.com.au,4,100.530919,1.0,1.0
138,news.sympatico.msn.ctv.ca,winnipegfreepress.com,4,100.530919,1.0,1.0
139,news.com.au,news.theage.com.au,4,100.530919,1.0,1.0
140,muscatinejournal.com,heraldextra.com,4,100.530919,1.0,1.0
141,mirror.co.uk,chroniclelive.co.uk,4,100.530919,1.0,1.0
142,mirror.co.uk,chesterchronicle.co.uk,4,100.530919,1.0,1.0
143,liverpooldailypost.co.uk,icscotland.icnetwork.co.uk,4,100.530919,1.0,1.0
144,journallive.co.uk,icscotland.icnetwork.co.uk,4,100.530919,1.0,1.0
145,iht.com,news-record.com,4,100.530919,1.0,1.0
146,ibtimes.com,irishtimes.com,4,100.530919,1.0,1.0
147,gle.am,aceshowbiz.com,4,100.530919,1.0,1.0
148,forbes.com,newsobserver.com,4,100.530919,1.0,1.0
149,examiner.com,wsvn.com,4,100.530919,1.0,1.0
150,examiner.com,tdn.com,4,100.530919,1.0,1.0
151,clkurl.com,wusa9.com,4,100.530919,1.0,1.0
152,clkurl.com,abcnews.go.com,4,100.530919,1.0,1.0
153,chron.com,thejakartapost.com,4,100.530919,1.0,1.0
154,chron.com,chinapost.com.tw,4,100.530919,1.0,1.0
155,boston.com,feeds.washingtonpost.com,4,100.530919,1.0,1.0
156,blog.taragana.com,wyomingnews.com,4,100.530919,1.0,1.0
157,belfasttelegraph.co.uk,sundaysun.co.uk,4,100.530919,1.0,1.0
158,belfasttelegraph.co.uk,examiner.co.uk,4,100.530919,1.0,1.0
159,belfasttelegraph.co.uk,chroniclelive.co.uk,4,100.530919,1.0,1.0
160,belfasttelegraph.co.uk,buckinghamshireadvertiser.co.uk,4,100.530919,1.0,1.0
161,belfasttelegraph.co.uk,birminghammail.net,4,100.530919,1.0,1.0
162,64.90.166.18,thevelvethottub.com,4,100.530919,1.0,1.0
163,64.90.166.18,960werc.com,4,100.530919,1.0,1.0
164,64.90.166.18,600wrec.com,4,100.530919,1.0,1.0
165,showhype.com,eurweb.com,4,99.088224,1.0,1.25
166,news.com.au,taipeitimes.com,4,99.088224,1.0,1.25
167,news.com.au,couriermail.news.com.au,4,99.088224,1.0,1.25
168,sports.yahoo.com,thechronicleherald.ca,4,99.088224,1.0,1.25
169,nytimes.com,tuscaloosanews.com,4,99.088224,1.0,1.25
170,elections.foxnews.com,clipmarks.com,4,99.088224,1.0,1.25
171,clkurl.com,allvoices.com,4,99.088224,1.0,1.25
172,64.90.166.18,topnews.in,4,99.088224,1.0,1.25
173,abc.es,diarioinformacion.com,7,98.252443,4.0,7.714286
174,wbt.com,cbs2.com,4,97.645529,1.0,1.5
175,themoneytimes.com,960werc.com,4,97.645529,1.0,1.5
176,salon.com,newsvine.com,4,97.645529,1.0,1.5
177,feeds.feedblitz.com,alternet.org,4,97.645529,2.0,1.5
178,examiner.com,kansas.com,4,97.645529,1.0,1.5
179,boston.com,washingtonpost.com,6,97.645529,1.0,1.333333
180,boston.com,usatoday.com,4,97.645529,1.0,1.5
181,elpais.com,elecodiario.es,5,96.809748,2.0,5.0
182,wyomingnews.com,toledoblade.com,4,96.202834,1.0,1.75
183,wbt.com,toledoblade.com,4,96.202834,1.0,1.75
184,washingtonpost.com,clkurl.com,4,96.202834,2.0,1.75
185,postchronicle.com,topnews.in,4,96.202834,1.0,1.75
186,newsvine.com,dailymail.com,4,96.202834,2.0,1.75
187,dprogram.net,sott.net,4,96.202834,1.0,1.75
188,sacbee.com,baltimoresun.com,6,96.202834,2.0,2.333333
189,clkurl.com,cedarcreekvoice.wordpress.com,6,95.973967,5.0,7.333333
190,wbt.com,wcbstv.com,4,94.760139,1.0,2.0
191,news.theage.com.au,news.ninemsn.com.au,4,94.760139,1.0,2.0
192,cnn.com,sportsillustrated.cnn.com,4,94.760139,2.0,2.0
193,cnn.com,money.cnn.com,4,94.760139,2.0,2.0
194,startribune.com,feedproxy.google.com,4,93.317444,1.0,2.25
195,rss.cnn.com,ireport.com,4,93.317444,1.0,2.25
196,nytimes.com,blueridgenow.com,4,93.317444,1.0,2.25
197,kcra.com,channel3000.com,4,93.317444,3.0,2.25
198,kansascity.com,freerepublic.com,4,93.317444,2.0,2.25
199,iol.co.za,smh.com.au,4,93.317444,2.0,2.25
200,forbes.com,buffalonews.com,4,93.317444,1.0,2.25
201,diarioinformacion.com,wikio.es,4,93.317444,3.0,2.25
202,blueridgenow.com,gadsdentimes.com,4,93.317444,1.0,2.25
203,64.90.166.18,feeds.newyorkcitynews.net,4,93.317444,1.0,2.25
204,sdpnoticias.com,wikio.es,5,92.481663,4.0,5.6
205,dandelionsalad.wordpress.com,congresscheck.com,4,91.874749,2.0,2.5
206,64.90.166.18,dailyindia.com,4,91.874749,2.0,2.5
207,64.90.166.18,eonline.com,4,90.432054,2.0,2.75
208,eonline.com,celebitchy.com,4,90.432054,2.0,2.75
209,baltimoresun.com,sunjournal.com,4,90.432054,2.0,2.75
210,gazette.com,blogs.myspace.com,4,88.989359,1.0,3.0
211,feeds.stlouisnews.net,feeds.newyorkcitynews.net,4,88.989359,5.0,3.0
212,boston.com,theglobeandmail.com,4,88.989359,1.0,3.0
213,wikio.com,thestar.com,4,87.546664,1.0,3.25
214,kansascity.com,post-gazette.com,4,87.546664,5.0,3.25
215,countercurrents.org,dissidentvoice.org,4,87.546664,2.0,3.25
216,nydailynews.com,voices.washingtonpost.com,4,86.103968,4.0,3.5
217,cnsnews.com,voices.washingtonpost.com,4,86.103968,4.0,3.5
218,telegraph.co.uk,news.bbc.co.uk,4,84.661273,3.0,3.75
219,64.90.166.18,gle.am,4,84.661273,1.0,3.75
220,chicagotribune.com,cbs11tv.com,4,84.054359,2.0,2.75
221,elmundo.es,abc.es,5,83.825492,5.0,6.8
222,wikio.com,kdvr.com,4,83.218578,4.0,4.0
223,topnews.in,guardian.co.uk,4,83.218578,4.0,4.0
224,counterpunch.org,sott.net,4,83.218578,1.0,4.0
225,washingtonpost.com,news.yahoo.com,4,81.775883,1.0,4.25
226,in.news.yahoo.com,sltrib.com,4,80.333188,5.0,4.5
227,baltimoresun.com,smartgirlpolitics.ning.com,4,78.890493,2.0,4.75
228,washingtonpost.com,time.com,4,78.890493,2.0,4.75
229,salon.com,olympics.thestar.com,4,78.890493,1.0,4.75
230,guardian.co.uk,independent.co.uk,4,78.890493,7.0,4.75
231,wikio.es,sdpnoticias.com,5,78.054712,8.0,7.6
232,elecodiario.es,informador.com.mx,5,78.054712,4.0,7.6
233,wikio.com,cnn.com,4,77.447798,1.0,5.0
234,blog.taragana.com,gather.com,4,77.447798,5.0,5.0
235,telegraph.co.uk,wikio.co.uk,4,76.840884,1.0,1.0
236,guardian.co.uk,gatesofvienna.blogspot.com,4,76.005103,5.0,5.25
237,afterdowningstreet.org,opednews.com,4,76.005103,3.0,5.25
238,wral.com,heraldtribune.com,3,75.398189,1.0,1.0
239,wral.com,forbes.com,3,75.398189,1.0,1.0
240,wral.com,cbs5.com,3,75.398189,1.0,1.0
241,wral.com,cbs3.com,3,75.398189,1.0,1.0
242,wral.com,blackamericaweb.com,3,75.398189,1.0,1.0
243,wikio.com,philly.com,4,75.398189,1.0,1.0
244,wikio.com,news.brisbanetimes.com.au,3,75.398189,1.0,1.0
245,wbt.com,wikio.com,3,75.398189,1.0,1.0
246,wbt.com,wbbm780.com,3,75.398189,1.0,1.0
247,wbt.com,recordpub.com,3,75.398189,1.0,1.0
248,wbt.com,myfoxchicago.com,3,75.398189,1.0,1.0
249,wbt.com,greenvilleonline.com,3,75.398189,1.0,1.0
250,wbt.com,freep.com,3,75.398189,1.0,1.0
251,washingtonpost.com,mashget.com,3,75.398189,1.0,1.0
252,washingtonpost.com,heraldonline.com,3,75.398189,1.0,1.0
253,washingtonpost.com,ctv.ca,4,75.398189,1.0,1.0
254,uk.reuters.com,uk.news.yahoo.com,3,75.398189,1.0,1.0
255,uk.reuters.com,thestar.com.my,3,75.398189,1.0,1.0
256,uk.news.yahoo.com,usatoday.com,3,75.398189,1.0,1.0
257,uk.news.yahoo.com,timesofmalta.com,3,75.398189,1.0,1.0
258,uk.news.yahoo.com,mirror.co.uk,3,75.398189,1.0,1.0
259,uk.news.yahoo.com,independent.ie,3,75.398189,1.0,1.0
260,uk.news.yahoo.com,english.aljazeera.net,3,75.398189,1.0,1.0
261,uk.news.yahoo.com,bit.ly,3,75.398189,1.0,1.0
262,uk.eonline.com,digitalspy.co.uk,3,75.398189,1.0,1.0
263,themoneytimes.com,600wrec.com,3,75.398189,1.0,1.0
264,theglobeandmail.com,calgarysun.com,3,75.398189,1.0,1.0
265,tdn.com,wjz.com,3,75.398189,1.0,1.0
266,tdn.com,uk.eonline.com,3,75.398189,1.0,1.0
267,tdn.com,eonline.com,3,75.398189,1.0,1.0
268,tdn.com,ca.eonline.com,3,75.398189,1.0,1.0
269,tdn.com,au.eonline.com,3,75.398189,1.0,1.0
270,sundaysun.co.uk,ichuddersfield.icnetwork.co.uk,3,75.398189,1.0,1.0
271,sundaysun.co.uk,iccheshireonline.icnetwork.co.uk,3,75.398189,1.0,1.0
272,startribune.com,theledger.com,4,75.398189,1.0,1.75
273,startribune.com,news.theage.com.au,3,75.398189,1.0,1.0
274,startribune.com,elections.foxnews.com,3,75.398189,1.0,1.0
275,sports.yahoo.com,heraldnet.com,3,75.398189,1.0,1.0
276,sports.yahoo.com,chronicle.augusta.com,3,75.398189,1.0,1.0
277,smh.com.au,brisbanetimes.com.au,3,75.398189,1.0,1.0
278,seattletimes.nwsource.com,blog.luciolepress.com,3,75.398189,1.0,1.0
279,seattletimes.nwsource.com,americanconservativedaily.com,3,75.398189,1.0,1.0
280,salon.com,tahoedailytribune.com,3,75.398189,1.0,1.0
281,salon.com,seattlepi.nwsource.com,3,75.398189,1.0,1.0
282,salon.com,nevadaappeal.com,3,75.398189,1.0,1.0
283,salon.com,king5.com,3,75.398189,1.0,1.0
284,salon.com,guardian.co.uk,3,75.398189,1.0,1.0
285,salon.com,frontpagenews.us,3,75.398189,1.0,1.0
286,salon.com,durangoherald.com,3,75.398189,1.0,1.0
287,salon.com,clickorlando.com,3,75.398189,1.0,1.0
288,salon.com,americanchronicle.com,3,75.398189,1.0,1.0
289,rutlandherald.com,timesargus.com,3,75.398189,1.0,1.0
290,reuters.com,freshnews.in,3,75.398189,1.0,1.0
291,publicbroadcasting.net,goozad.com,3,75.398189,1.0,1.0
292,politico.com,luxlibertas.com,3,75.398189,1.0,1.0
293,politico.com,firstread.msnbc.msn.com,3,75.398189,1.0,1.0
294,politico.com,beltwayblips.dailyradar.com,3,75.398189,1.0,1.0
295,people.com,baltimoresun.com,3,75.398189,1.0,1.0
296,newsvine.com,dispatchpolitics.com,3,75.398189,1.0,1.0
297,news.yahoo.com,khaleejtimes.com,3,75.398189,1.0,1.0
298,news.sky.com,news.scotsman.com,3,75.398189,1.0,1.0
299,news.com.au,celebrityblend.com,3,75.398189,1.0,1.0
300,mirror.co.uk,icwolverhampton.icnetwork.co.uk,3,75.398189,1.0,1.0
301,mirror.co.uk,icnorthwales.icnetwork.co.uk,3,75.398189,1.0,1.0
302,mirror.co.uk,icnewcastle.icnetwork.co.uk,3,75.398189,1.0,1.0
303,mirror.co.uk,icbirmingham.icnetwork.co.uk,3,75.398189,1.0,1.0
304,mirror.co.uk,hounslowchronicle.co.uk,3,75.398189,1.0,1.0
305,mirror.co.uk,breakingnews.ie,3,75.398189,1.0,1.0
306,mirror.co.uk,birminghampost.net,3,75.398189,1.0,1.0
307,megite.com,mashget.com,3,75.398189,1.0,1.0
308,megite.com,feeds.gawker.com,3,75.398189,1.0,1.0
309,liverpoolecho.co.uk,dailyindia.com,3,75.398189,1.0,1.0
310,livenews.com.au,earthtimes.org,3,75.398189,1.0,1.0
311,kirotv.com,wjactv.com,3,75.398189,1.0,1.0
312,kirotv.com,ktvu.com,3,75.398189,1.0,1.0
313,kfoxtv.com,whiotv.com,3,75.398189,1.0,1.0
314,kfoxtv.com,theksbwchannel.com,3,75.398189,1.0,1.0
315,kfoxtv.com,foxreno.com,3,75.398189,1.0,1.0
316,ketv.com,foxreno.com,3,75.398189,1.0,1.0
317,kentucky.com,ireport.com,4,75.398189,1.0,2.25
318,kdwn.com,yorkdispatch.inyork.com,3,75.398189,1.0,1.0
319,kdwn.com,chron.com,3,75.398189,1.0,1.0
320,journallive.co.uk,walesonline.co.uk,3,75.398189,1.0,1.0
321,jihadwatch.org,docstalk.blogspot.com,3,75.398189,1.0,1.0
322,javno.com,theglobeandmail.com,3,75.398189,1.0,1.0
323,huffingtonpost.com,latimes.com,3,75.398189,1.0,1.0
324,globalresearch.ca,infowars.com,3,75.398189,1.0,1.0
325,globalresearch.ca,countercurrents.org,3,75.398189,1.0,1.0
326,gatesofvienna.blogspot.com,jihadwatch.org,3,75.398189,1.0,1.0
327,forbes.com,belleville.com,3,75.398189,1.0,1.0
328,examiner.com,ajc.com,3,75.398189,1.0,1.0
329,eonline.com,celebritymound.com,5,75.398189,1.0,1.0
330,ctv.ca,thechronicleherald.ca,4,75.398189,1.0,1.0
331,contactmusic.com,stuff.co.nz,3,75.398189,1.0,1.0
332,clkurl.com,timesleader.com,4,75.398189,1.0,1.0
333,clkurl.com,memphisdailynews.com,3,75.398189,1.0,1.0
334,celebritygossip.epicureforum.com,celebitchy.com,3,75.398189,1.0,1.0
335,canadianbusiness.com,thechronicleherald.ca,3,75.398189,1.0,1.0
336,breakingnews.ie,belfasttelegraph.co.uk,3,75.398189,1.0,1.0
337,bloomberg.com,turkishpress.com,3,75.398189,1.0,1.0
338,bloomberg.com,app.com,3,75.398189,1.0,1.0
339,blog.taragana.com,delmarvanow.com,3,75.398189,1.0,1.0
340,bismarcktribune.com,dailylocal.com,3,75.398189,1.0,1.0
341,bismarcktribune.com,dailyherald.com,3,75.398189,1.0,1.0
342,birminghammail.net,bbc.co.uk,3,75.398189,1.0,1.0
343,belfasttelegraph.co.uk,liverpoolecho.co.uk,3,75.398189,1.0,1.0
344,belfasttelegraph.co.uk,liverpooldailypost.co.uk,3,75.398189,1.0,1.0
345,belfasttelegraph.co.uk,journallive.co.uk,3,75.398189,1.0,1.0
346,belfasttelegraph.co.uk,icwolverhampton.icnetwork.co.uk,3,75.398189,1.0,1.0
347,belfasttelegraph.co.uk,icliverpool.icnetwork.co.uk,3,75.398189,1.0,1.0
348,belfasttelegraph.co.uk,hounslowchronicle.co.uk,3,75.398189,1.0,1.0
349,belfasttelegraph.co.uk,chesterchronicle.co.uk,3,75.398189,1.0,1.0
350,64.90.166.18,upi.com,3,75.398189,1.0,1.0
351,64.90.166.18,am1070wdia.com,4,75.398189,1.0,1.0
352,wikio.com,huffingtonpost.com,4,75.398189,1.0,1.25
353,newsvine.com,huffingtonpost.com,4,75.398189,1.0,2.75
354,newsvine.com,boston.com,6,75.398189,1.0,2.333333
355,freerepublic.com,feeds.cbsnews.com,4,75.398189,1.0,4.25
356,abc.es,elecodiario.es,6,75.169322,12.0,9.333333
357,online.wsj.com,seekingalpha.com,4,74.562408,3.0,5.5
358,boston.com,docudharma.com,4,74.562408,9.0,5.5
359,wikio.com,thehimalayantimes.com,3,73.955494,1.0,1.333333
360,washingtonpost.com,fremonttribune.com,3,73.955494,1.0,1.333333
361,usatoday.com,sportsnet.ca,3,73.955494,1.0,1.333333
362,uk.news.yahoo.com,sg.news.yahoo.com,3,73.955494,1.0,1.333333
363,uk.news.yahoo.com,news.scotsman.com,3,73.955494,1.0,1.333333
364,truthout.org,crap713three.blogspot.com,3,73.955494,1.0,1.333333
365,themonitor.com,newsday.com,3,73.955494,1.0,1.333333
366,theautomaticearth.blogspot.com,nwotruth.com,3,73.955494,1.0,1.333333
367,telegraph.co.uk,dailypost.co.uk,3,73.955494,1.0,1.333333
368,taipeitimes.com,dailystar.com.lb,3,73.955494,1.0,1.333333
369,startribune.com,megite.com,3,73.955494,1.0,1.333333
370,sott.net,dandelionsalad.wordpress.com,3,73.955494,1.0,1.333333
371,seattletimes.nwsource.com,thestate.com,9,73.955494,1.0,1.111111
372,salon.com,abclocal.go.com,3,73.955494,1.0,1.333333
373,sacbee.com,hispanicbusiness.com,3,73.955494,1.0,1.333333
374,prairiepundit.blogspot.com,propeller.com,3,73.955494,1.0,1.333333
375,postchronicle.com,dailyindia.com,3,73.955494,1.0,1.333333
376,opinionsource.com,online.wsj.com,3,73.955494,1.0,1.333333
377,newsvine.com,kdwn.com,3,73.955494,1.0,1.333333
378,newsvine.com,daytondailynews.com,3,73.955494,1.0,1.333333
379,news.yahoo.com,news.com.au,3,73.955494,1.0,1.333333
380,news.ninemsn.com.au,theage.com.au,3,73.955494,1.0,1.333333
381,news.com.au,theaustralian.news.com.au,3,73.955494,1.0,1.333333
382,news.com.au,hindustantimes.com,3,73.955494,1.0,1.333333
383,news.bbc.co.uk,uk.news.yahoo.com,3,73.955494,1.0,1.333333
384,michaelmoore.com,bulletin.aarp.org,3,73.955494,1.0,1.333333
385,luxlibertas.com,brownpelicanla.com,3,73.955494,1.0,1.333333
386,infowars.com,darthchaosofrspw.wordpress.com,3,73.955494,1.0,1.333333
387,edition.cnn.com,upi.com,3,73.955494,1.0,1.333333
388,edition.cnn.com,timesoftheinternet.com,3,73.955494,1.0,1.333333
389,cnn.com,timesoftheinternet.com,3,73.955494,1.0,1.333333
390,americanconservativedaily.com,capitolhillcoffeehouse.com,3,73.955494,1.0,1.333333
391,wikio.es,abc.es,4,73.119713,6.0,5.75
392,thevelvethottub.com,showhype.com,5,73.119713,3.0,4.8
393,luxlibertas.com,columbiatribune.com,4,73.119713,6.0,5.75
394,boston.com,blog.taragana.com,4,73.119713,9.0,5.75
395,wikio.com,telegraph.co.uk,3,72.512799,1.0,1.666667
396,themonitor.com,philly.com,3,72.512799,2.0,1.666667
397,startribune.com,bnd.com,3,72.512799,1.0,1.666667
398,sports.yahoo.com,chron.com,3,72.512799,1.0,1.666667
399,seattlepi.com,washingtonexaminer.com,3,72.512799,2.0,1.666667
400,post-gazette.com,thechronicleherald.ca,3,72.512799,2.0,1.666667
401,philly.com,ktla.com,3,72.512799,1.0,1.666667
402,news4jax.com,thebostonchannel.com,3,72.512799,1.0,1.666667
403,news.sky.com,uk.reuters.com,3,72.512799,1.0,1.666667
404,news.bbc.co.uk,iccoventry.icnetwork.co.uk,3,72.512799,1.0,1.666667
405,news.bbc.co.uk,buckinghamshireadvertiser.co.uk,3,72.512799,1.0,1.666667
406,kcra.com,ketv.com,3,72.512799,1.0,1.666667
407,ibtimes.com,economictimes.indiatimes.com,3,72.512799,1.0,1.666667
408,huffingtonpost.com,alternet.org,3,72.512799,1.0,1.666667
409,gather.com,feeds.feedblitz.com,3,72.512799,2.0,1.666667
410,countercurrents.org,indybay.org,3,72.512799,1.0,1.666667
411,cbsnews.com,washingtontimes.com,4,72.512799,1.0,1.5
412,afterdowningstreet.org,truthout.org,3,72.512799,1.0,1.666667
413,wikio.com,fox8.com,3,71.070104,1.0,2.0
414,uk.news.yahoo.com,pr-inside.com,3,71.070104,1.0,2.0
415,uk.news.yahoo.com,democraticunderground.com,3,71.070104,2.0,2.0
416,telegraph.co.uk,sott.net,3,71.070104,2.0,2.0
417,startribune.com,nctimes.com,3,71.070104,2.0,2.0
418,newsmax.com,washtimes.com,3,71.070104,1.0,2.0
419,news.cnet.com,megite.com,3,71.070104,1.0,2.0
420,huffingtonpost.com,kansascity.com,4,71.070104,1.0,1.75
421,guardian.co.uk,news.yahoo.com,3,71.070104,1.0,2.0
422,foxnews.com,alanat.com,3,71.070104,2.0,2.0
423,dandelionsalad.wordpress.com,prisonplanet.com,3,71.070104,2.0,2.0
424,clkurl.com,wpix.com,3,71.070104,1.0,2.0
425,boston.com,politicalticker.blogs.cnn.com,3,71.070104,2.0,2.0
426,earthtimes.org,marketwatch.com,4,70.234323,5.0,6.25
427,politicalticker.blogs.cnn.com,leftword.blogdig.net,3,69.627409,2.0,2.333333
428,people.com,abs-cbnnews.com,3,69.627409,1.0,2.333333
429,news.smh.com.au,thewest.com.au,3,69.627409,1.0,2.333333
430,news.brisbanetimes.com.au,thewest.com.au,3,69.627409,1.0,2.333333
431,in.answers.yahoo.com,blogs.myspace.com,3,69.627409,1.0,2.333333
432,huffingtonpost.com,leftword.blogdig.net,3,69.627409,2.0,2.333333
433,seattlepi.nwsource.com,mercurynews.com,6,68.791628,3.0,5.166667
434,tdn.com,cbsnews.com,4,68.184714,1.0,2.25
435,sott.net,motherjones.com,3,68.184714,1.0,2.666667
436,showhype.com,64.90.166.18,3,68.184714,3.0,2.666667
437,seattletimes.nwsource.com,magicvalley.com,3,68.184714,3.0,2.666667
438,publicbroadcasting.net,famelist.info,3,68.184714,1.0,2.666667
439,news.yahoo.com,news.aol.com,3,68.184714,1.0,2.666667
440,news.bbc.co.uk,reuters.com,3,68.184714,1.0,2.666667
441,eonline.com,uk.eonline.com,3,68.184714,1.0,2.666667
442,eonline.com,au.eonline.com,3,68.184714,1.0,2.666667
443,conservapedia.com,blogs.myspace.com,4,67.348933,11.0,6.75
444,vaildaily.com,dailyherald.com,3,66.742019,3.0,3.0
445,usatoday.com,truthout.org,3,66.742019,1.0,3.0
446,townhall.com,washingtontimes.com,3,66.742019,3.0,3.0
447,sltrib.com,blognetnews.com,3,66.742019,4.0,3.0
448,seekingalpha.com,ibdeditorials.com,3,66.742019,3.0,3.0
449,scouty.de,kvia.com,3,66.742019,3.0,3.0
450,huffingtonpost.com,heraldonline.com,3,66.742019,1.0,3.0
451,cbs13.com,winnipegfreepress.com,3,66.742019,1.0,3.0
452,fanfiction.net,facebook.com,4,65.906238,7.0,7.0
453,farodevigo.es,eluniversal.com,4,65.906238,13.0,7.0
454,boston.com,vnnforum.com,4,65.906238,9.0,7.0
455,amazon.com,youtube.com,4,65.906238,6.0,7.0
456,wikio.com,daily-herald.com,3,65.299324,1.0,3.333333
457,topnews.in,ca.eonline.com,3,65.299324,4.0,3.333333
458,theautomaticearth.blogspot.com,afterdowningstreet.org,3,65.299324,2.0,3.333333
459,sott.net,indybay.org,3,65.299324,2.0,3.333333
460,seattletimes.nwsource.com,app.com,3,65.299324,2.0,3.333333
461,news.bbc.co.uk,icwolverhampton.icnetwork.co.uk,3,65.299324,3.0,3.333333
462,news.bbc.co.uk,icscotland.icnetwork.co.uk,3,65.299324,3.0,3.333333
463,seattlepi.nwsource.com,freep.com,4,64.463543,8.0,7.25
464,nypost.com,soccerblogs.net,3,63.856629,2.0,3.666667
465,dandelionsalad.wordpress.com,globalresearch.ca,3,63.856629,2.0,3.666667
466,open.salon.com,newonlinearticles.com,3,63.856629,3.0,3.666667
467,open.salon.com,articleslide.com,3,63.856629,3.0,3.666667
468,uk.news.yahoo.com,canada.com,4,63.020848,12.0,7.5
469,truthout.org,rawstory.com,3,62.413934,3.0,4.0
470,iht.com,theledger.com,3,62.413934,4.0,4.0
471,64.90.166.18,freshnews.in,3,62.413934,5.0,4.0
472,news.yahoo.com,dailybreeze.com,3,60.971239,1.0,4.333333
473,leftword.blogdig.net,usnews.com,3,60.971239,4.0,4.333333
474,examiner.com,wgnradio.com,3,60.971239,6.0,4.333333
475,celebrityblend.com,newser.com,3,60.971239,6.0,4.333333
476,celebitchy.com,newser.com,3,60.971239,6.0,4.333333
477,theglobeandmail.com,ottawasun.com,3,59.528544,1.0,4.666667
478,open.salon.com,news.google.com,3,59.528544,4.0,4.666667
479,nwi.com,bismarcktribune.com,3,59.528544,1.0,4.666667
480,bismarcktribune.com,macombdaily.com,3,59.528544,1.0,4.666667
481,washingtonpost.com,newsday.com,3,59.528544,6.0,4.666667
482,theglobeandmail.com,slam.canoe.ca,3,59.528544,1.0,4.666667
483,techchuck.com,smallbusiness.itworld.com,3,59.528544,6.0,4.666667
484,techchuck.com,security.itworld.com,3,59.528544,6.0,4.666667
485,techchuck.com,open.itworld.com,3,59.528544,6.0,4.666667
486,open.salon.com,theragblog.blogspot.com,3,59.528544,3.0,4.666667
487,kansascity.com,cbc.ca,3,59.528544,4.0,4.666667
488,forbes.com,sfgate.com,4,59.528544,1.0,3.75
489,cbc.ca,thestar.com,3,59.528544,1.0,4.666667
490,businessweek.com,scouty.de,3,59.528544,3.0,4.666667
491,startribune.com,feeds.gawker.com,3,58.085849,4.0,5.0
492,coventrytelegraph.net,blog.taragana.com,3,58.085849,1.0,5.0
493,boston.com,realclearpolitics.com,3,58.085849,4.0,5.0
494,blogs.myspace.com,conservapedia.com,3,58.085849,5.0,5.0
495,youtube.com,facebook.com,5,57.856982,13.0,10.4
496,facebook.com,gather.com,5,57.250068,12.0,9.2
497,telegraph.co.uk,freerepublic.com,3,56.643154,7.0,5.333333
498,techchuck.com,storage.itworld.com,3,56.643154,6.0,5.333333
499,smh.com.au,news.ninemsn.com.au,4,56.643154,1.0,4.25
500,news.theage.com.au,iafrica.com,6,56.643154,1.0,3.166667
501,news.smh.com.au,iafrica.com,6,56.643154,1.0,3.166667
502,latimes.com,feedproxy.google.com,4,56.643154,1.0,4.25
503,farodevigo.es,elecodiario.es,4,56.643154,7.0,7.75
504,afterdowningstreet.org,commondreams.org,3,56.643154,3.0,5.333333
505,64.90.166.18,nydailynews.com,4,56.03624,1.0,2.0
506,washingtonpost.com,instablogs.com,3,55.200459,2.0,5.666667
507,theglobeandmail.com,nwherald.com,3,55.200459,1.0,5.666667
508,smh.com.au,stuff.co.nz,3,55.200459,1.0,5.666667
509,sanluisobispo.com,thenewstribune.com,3,55.200459,2.0,5.666667
510,reuters.com,feeds.stlouisnews.net,3,55.200459,1.0,5.666667
511,diarioinformacion.com,farodevigo.es,3,55.200459,3.0,5.666667
512,clipmarks.com,sacbee.com,3,55.200459,3.0,5.666667
513,blog.taragana.com,famelist.info,3,55.200459,5.0,5.666667
514,freerepublic.com,denverpost.com,5,55.200459,3.0,4.6
515,thenewstribune.com,rutlandherald.com,3,54.593545,1.0,1.333333
516,prairiepundit.blogspot.com,redstate.com,3,53.757764,5.0,6.0
517,nowpublic.com,amazon.com,3,53.757764,2.0,6.0
518,golivewire.com,guardian.co.uk,3,53.757764,3.0,6.0
519,blogs.myspace.com,wattpad.com,3,53.757764,6.0,6.0
520,news.bbc.co.uk,abc.es,4,53.757764,5.0,5.25
521,news.yahoo.com,tucsoncitizen.com,4,53.757764,2.0,5.0
522,mirror.co.uk,independent.co.uk,3,53.15085,1.0,2.333333
523,dailypost.co.uk,independent.co.uk,3,53.15085,1.0,2.333333
524,politico.com,noquarterusa.net,3,52.315069,4.0,6.333333
525,mashget.com,mahalo.com,3,52.315069,2.0,6.333333
526,freerepublic.com,townhall.com,3,52.315069,5.0,6.333333
527,elpais.com,eldiariomontanes.es,3,52.315069,7.0,6.333333
528,bostonherald.com,indeonline.com,3,52.315069,1.0,6.333333
529,washingtonpost.com,freerepublic.com,4,52.315069,5.0,5.0
530,nydailynews.com,singaporejobstoday.com,3,52.315069,5.0,6.333333
531,politicalticker.blogs.cnn.com,docudharma.com,3,51.708154,1.0,4.0
532,in.news.yahoo.com,philly.com,3,51.708154,1.0,1.0
533,eluniversal.com,informador.com.mx,3,51.708154,1.0,1.0
534,counterpunch.org,prisonplanet.com,3,50.872373,2.0,6.666667
535,wral.com,gadsdentimes.com,3,50.265459,1.0,1.0
536,wbt.com,tdn.com,3,50.265459,1.0,1.0
537,wbt.com,ctv.ca,3,50.265459,1.0,1.0
538,wbt.com,cbs4.com,4,50.265459,1.0,1.0
539,upi.com,cnsnews.com,3,50.265459,1.0,1.0
540,uk.reuters.com,reuters.com,3,50.265459,1.0,1.0
541,uk.reuters.com,mobile.reuters.com,3,50.265459,1.0,1.0
542,uk.reuters.com,feeds.reuters.com,3,50.265459,1.0,2.666667
543,uk.news.yahoo.com,themoneytimes.com,3,50.265459,1.0,1.0
544,theglobeandmail.com,winnipegsun.com,4,50.265459,1.0,1.0
545,theglobeandmail.com,freep.com,3,50.265459,1.0,1.0
546,storage.itworld.com,theglobeandmail.com,3,50.265459,1.0,1.0
547,startribune.com,www2.journalnow.com,6,50.265459,1.0,1.5
548,startribune.com,sefermpost.com,3,50.265459,1.0,1.0
549,startribune.com,newsvine.com,4,50.265459,1.0,1.75
550,sports.yahoo.com,seattletimes.nwsource.com,3,50.265459,1.0,1.0
551,sports.yahoo.com,post-gazette.com,3,50.265459,1.0,2.666667
552,sports.yahoo.com,bostonherald.com,3,50.265459,1.0,1.0
553,seattletimes.nwsource.com,cbsnews.com,3,50.265459,1.0,2.0
554,reuters.com,timesofmalta.com,3,50.265459,1.0,1.0
555,publicbroadcasting.net,uk.news.yahoo.com,3,50.265459,1.0,1.0
556,publicbroadcasting.net,postchronicle.com,4,50.265459,1.0,1.0
557,publicbroadcasting.net,960werc.com,4,50.265459,1.0,1.5
558,publicbroadcasting.net,600wrec.com,3,50.265459,1.0,1.0
559,pheedo.com,msnbc.msn.com,3,50.265459,1.0,1.0
560,people.com,icelebz.com,4,50.265459,1.0,1.5
561,newsvine.com,kentucky.com,4,50.265459,1.0,1.0
562,newsok.com,patdollard.com,3,50.265459,1.0,2.666667
563,newsmeat.com,allvoices.com,3,50.265459,1.0,1.0
564,news.yahoo.com,seattlepi.nwsource.com,3,50.265459,1.0,1.0
565,news.theage.com.au,iol.co.za,4,50.265459,1.0,1.0
566,news.com.au,gather.com,3,50.265459,1.0,1.666667
567,news.bbc.co.uk,dailypost.co.uk,3,50.265459,1.0,1.666667
568,mashget.com,wikio.com,3,50.265459,1.0,1.0
569,kansascity.com,wsvn.com,3,50.265459,1.0,1.0
570,japantoday.com,freep.com,3,50.265459,1.0,1.0
571,iol.co.za,livenews.com.au,3,50.265459,1.0,2.333333
572,herald-zeitung.com,kansascity.com,3,50.265459,1.0,1.0
573,freerepublic.com,cbsnews.com,3,50.265459,1.0,1.0
574,eonline.com,showhype.com,3,50.265459,1.0,1.666667
575,english.aljazeera.net,guardian.co.uk,3,50.265459,1.0,1.0
576,dailypost.co.uk,icnorthwales.icnetwork.co.uk,3,50.265459,1.0,1.0
577,cnn.com,telegraph.co.uk,3,50.265459,2.0,1.666667
578,cnn.com,bostonherald.com,4,50.265459,1.0,1.5
579,clkurl.com,gopusa.com,3,50.265459,1.0,1.0
580,celebritygossip.epicureforum.com,celebritymound.com,6,50.265459,1.0,1.0
581,celebrityblend.com,aceshowbiz.com,3,50.265459,1.0,1.0
582,zeenews.com,americanchronicle.com,2,50.265459,1.0,1.0
583,wyomingnews.com,wthr.com,2,50.265459,1.0,1.0
584,wyomingnews.com,cbs2chicago.com,2,50.265459,1.0,1.0
585,wyomingnews.com,cbn.com,2,50.265459,1.0,1.0
586,wyomingnews.com,bradenton.com,2,50.265459,1.0,1.0
587,wtxl.com,etaiwannews.com,2,50.265459,1.0,1.0
588,wtvm.com,etaiwannews.com,2,50.265459,1.0,1.0
589,wsls.com,msnbc.msn.com,2,50.265459,1.0,1.0
590,wsbtv.com,msn.foxsports.com,2,50.265459,1.0,1.0
591,wralsportsfan.com,timesargus.com,2,50.265459,1.0,1.0
592,wral.com,www1.whdh.com,2,50.265459,1.0,1.0
593,wral.com,wcco.com,2,50.265459,1.0,1.0
594,wral.com,wbztv.com,2,50.265459,1.0,1.0
595,wral.com,twocircles.net,2,50.265459,1.0,1.0
596,wral.com,southernillinoisan.com,2,50.265459,1.0,1.0
597,wral.com,smdailyjournal.com,2,50.265459,1.0,1.0
598,wral.com,siouxcityjournal.com,2,50.265459,1.0,1.0
599,wral.com,roguegovernment.com,2,50.265459,1.0,1.0
600,wral.com,nwitimes.com,2,50.265459,1.0,1.0
601,wral.com,nj.com,2,50.265459,1.0,1.0
602,wral.com,leadertelegram.com,2,50.265459,1.0,1.0
603,wral.com,journalgazette.net,2,50.265459,1.0,1.0
604,wral.com,htrnews.com,2,50.265459,1.0,1.0
605,wral.com,gulflive.com,2,50.265459,1.0,1.0
606,wral.com,greenbaypressgazette.com,2,50.265459,1.0,1.0
607,wral.com,clipmarks.com,2,50.265459,1.0,1.0
608,wral.com,cbs4denver.com,2,50.265459,1.0,1.0
609,wral.com,cantonrep.com,2,50.265459,1.0,1.0
610,wral.com,9news.com,2,50.265459,1.0,1.0
611,wral.com,3news.co.nz,2,50.265459,1.0,1.0
612,wpix.com,twincities.com,2,50.265459,1.0,1.0
613,wpix.com,goerie.com,2,50.265459,1.0,1.0
614,winnipegsun.com,thestar.com,2,50.265459,1.0,1.0
615,winnipegsun.com,theglobeandmail.com,2,50.265459,1.0,1.0
616,winnipegsun.com,ctv.ca,2,50.265459,1.0,1.0
617,wikio.com,zanesvilletimesrecorder.com,2,50.265459,1.0,1.0
618,wikio.com,wbt.com,2,50.265459,1.0,1.0
619,wikio.com,tri-cityherald.com,2,50.265459,1.0,1.0
620,wikio.com,theleafchronicle.com,2,50.265459,1.0,1.0
621,wikio.com,stuff.co.nz,2,50.265459,1.0,1.0
622,wikio.com,seacoastonline.com,2,50.265459,1.0,1.0
623,wikio.com,newsx.com,2,50.265459,1.0,1.0
624,wikio.com,mysinchew.com,8,50.265459,1.0,1.125
625,wikio.com,longislandpress.com,2,50.265459,1.0,1.0
626,wikio.com,idahostatesman.com,2,50.265459,1.0,1.0
627,wikio.com,gazette.com,2,50.265459,1.0,1.0
628,wcpo.com:80,japantoday.com,2,50.265459,1.0,1.0
629,wbt.com,wral.com,2,50.265459,1.0,1.0
630,wbt.com,wlsam.com,2,50.265459,1.0,1.0
631,wbt.com,wctv.tv,2,50.265459,1.0,1.0
632,wbt.com,washingtonexaminer.com,2,50.265459,1.0,1.0
633,wbt.com,startribune.com,2,50.265459,1.0,1.0
634,wbt.com,rep-am.com,2,50.265459,1.0,1.0
635,wbt.com,osmoothie.com,2,50.265459,1.0,1.0
636,wbt.com,myfoxdfw.com,2,50.265459,1.0,1.0
637,wbt.com,canadaeast.com,2,50.265459,1.0,1.0
638,wbt.com,630wpro.com,2,50.265459,1.0,1.0
639,wbay.com,kvia.com,2,50.265459,1.0,1.0
640,wbay.com,kcra.com,2,50.265459,1.0,1.0
641,wbay.com,fox41.com,2,50.265459,1.0,1.0
642,washingtontimes.com,yidwithlid.blogspot.com,2,50.265459,1.0,1.0
643,washingtonpost.com,theday.com,2,50.265459,1.0,1.0
644,washingtonpost.com,search.japantimes.co.jp,2,50.265459,1.0,1.0
645,washingtonpost.com,nwi.com,2,50.265459,1.0,1.0
646,washingtonpost.com,mg.co.za,2,50.265459,1.0,1.0
647,washingtonpost.com,lompocrecord.com,2,50.265459,1.0,1.0
648,washingtonpost.com,journalstar.com,2,50.265459,1.0,1.0
649,washingtonpost.com,fremontneb.com,2,50.265459,1.0,1.0
650,washingtonpost.com,charlotteobserver.com,2,50.265459,1.0,1.0
651,washingtonpost.com,channelnewsasia.com,2,50.265459,1.0,1.0
652,walesonline.co.uk,news.sky.com,2,50.265459,1.0,1.0
653,walesonline.co.uk,azcentral.com,2,50.265459,1.0,1.0
654,voices.washingtonpost.com,news24.com,2,50.265459,1.0,1.0
655,vh1.com,contactmusic.com,2,50.265459,1.0,1.0
656,upi.com,digitalspy.co.uk,2,50.265459,1.0,1.0
657,uk.reuters.com,wgntv.com,2,50.265459,1.0,1.0
658,uk.reuters.com,publicbroadcasting.net,2,50.265459,1.0,1.0
659,uk.reuters.com,iht.com,2,50.265459,1.0,1.0
660,uk.reuters.com,etaiwannews.com,2,50.265459,1.0,1.0
661,uk.reuters.com,dailypress.com,2,50.265459,1.0,1.0
662,uk.reuters.com,areavoices.com,2,50.265459,1.0,1.0
663,uk.news.yahoo.com,timesonline.co.uk,2,50.265459,1.0,1.0
664,uk.news.yahoo.com,commondreams.org,2,50.265459,1.0,1.0
665,uk.news.yahoo.com,chicagotribune.com,2,50.265459,1.0,1.0
666,uk.news.yahoo.com,allafrica.com,2,50.265459,1.0,1.0
667,twincities.com,money.aol.com,2,50.265459,1.0,1.0
668,tucsoncitizen.com,southcoasttoday.com,2,50.265459,1.0,1.0
669,truthout.org,d-day.blogspot.com,2,50.265459,1.0,1.0
670,townhall.com,spokesman.com,2,50.265459,1.0,1.0
671,townhall.com,post-gazette.com,2,50.265459,1.0,1.0
672,topnews.in,nydailynews.com,3,50.265459,1.0,1.333333
673,timesonline.co.uk,smh.com.au,2,50.265459,1.0,1.0
674,timesoftheinternet.com,clipmarks.com,2,50.265459,1.0,1.0
675,timesoftheinternet.com,au.rd.yahoo.com,2,50.265459,1.0,1.0
676,thewest.com.au,news.theage.com.au,2,50.265459,1.0,1.0
677,thewest.com.au,news.smh.com.au,2,50.265459,1.0,1.0
678,thewest.com.au,news.brisbanetimes.com.au,2,50.265459,1.0,1.0
679,thewest.com.au,livenews.com.au,2,50.265459,1.0,1.0
680,themonitor.com,oanow.com,2,50.265459,1.0,1.0
681,themonitor.com,nydailynews.com,2,50.265459,1.0,1.0
682,themonitor.com,heraldonline.com,2,50.265459,1.0,1.0
683,themonitor.com,blackamericaweb.com,2,50.265459,1.0,1.0
684,theledger.com,freeinternetpress.com,2,50.265459,1.0,1.0
685,theglobeandmail.com,newsday.com,2,50.265459,1.0,1.0
686,theglobeandmail.com,nbcsports.msnbc.com,2,50.265459,1.0,1.0
687,theautomaticearth.blogspot.com,bloomberg.com,2,50.265459,1.0,1.0
688,theaustralian.news.com.au,stuff.co.nz,2,50.265459,1.0,1.0
689,the-two-malcontents.com,capitolhillblue.com,2,50.265459,1.0,1.0
690,the-two-malcontents.com,brownpelicanla.com,2,50.265459,1.0,1.0
691,telegraph.co.uk,nzherald.co.nz,2,50.265459,1.0,1.0
692,tdn.com,trentonian.com,2,50.265459,1.0,1.0
693,tdn.com,sunjournal.com,2,50.265459,1.0,1.0
694,tdn.com,spokesman.com,2,50.265459,1.0,1.0
695,tdn.com,mercurynews.com,2,50.265459,1.0,1.0
696,tdn.com,lubbockonline.com,2,50.265459,1.0,1.0
697,storage.itworld.com,theage.com.au,2,50.265459,1.0,1.0
698,storage.itworld.com,open.itworld.com,2,50.265459,1.0,1.0
699,storage.itworld.com,businessweek.com,2,50.265459,1.0,1.0
700,statesman.com,cbs46.com,2,50.265459,1.0,1.0
701,startribune.com,www2.ljworld.com,2,50.265459,1.0,1.0
702,startribune.com,wsls.com,2,50.265459,1.0,1.0
703,startribune.com,uk.news.yahoo.com,2,50.265459,1.0,1.0
704,startribune.com,theindychannel.com,2,50.265459,1.0,1.0
705,startribune.com,star-telegram.com,2,50.265459,1.0,1.0
706,startribune.com,progressivenewsdaily.com,2,50.265459,1.0,1.0
707,startribune.com,newsinfo.inquirer.net,2,50.265459,1.0,1.0
708,startribune.com,kxnet.com,2,50.265459,1.0,1.0
709,startribune.com,knx1070.com,2,50.265459,1.0,1.0
710,startribune.com,feeds.foxnews.com,2,50.265459,1.0,1.0
711,startribune.com,blackpoliticsontheweb.com,2,50.265459,1.0,1.0
712,starpulse.com,3news.co.nz,2,50.265459,1.0,1.0
713,sports.yahoo.com,tsn.ca,2,50.265459,1.0,1.0
714,sports.yahoo.com,thedenverchannel.com,2,50.265459,1.0,1.0
715,sports.yahoo.com,sportsillustrated.cnn.com,2,50.265459,1.0,1.0
716,sports.yahoo.com,sports.espn.go.com,2,50.265459,1.0,1.0
717,sports.yahoo.com,olympics.thestar.com,2,50.265459,1.0,1.0
718,sports.yahoo.com,news.yahoo.com,2,50.265459,1.0,1.0
719,sports.yahoo.com,nationalpost.com,2,50.265459,1.0,1.0
720,sports.espn.go.com,sports.yahoo.com,2,50.265459,1.0,1.0
721,sports.espn.go.com,sportingnews.com,2,50.265459,1.0,1.0
722,sports.espn.go.com,abclocal.go.com,2,50.265459,1.0,1.0
723,southcoasttoday.com,local10.com,2,50.265459,1.0,1.0
724,sott.net,clipmarks.com,2,50.265459,1.0,1.0
725,sott.net,afterdowningstreet.org,2,50.265459,1.0,1.0
726,smh.com.au,theage.com.au,2,50.265459,1.0,1.0
727,smh.com.au,nst.com.my,2,50.265459,1.0,1.0
728,sltrib.com,azdailysun.com,2,50.265459,1.0,1.0
729,showhype.com,stuff.co.nz,2,50.265459,1.0,1.0
730,showhype.com,newschannel10.com,2,50.265459,1.0,1.0
731,seekingalpha.com,dailytimes.com.pk,2,50.265459,1.0,1.0
732,seattletimes.nwsource.com,stuff.co.nz,2,50.265459,1.0,1.0
733,seattlepi.nwsource.com,redstate.com,2,50.265459,1.0,1.0
734,seattlepi.com,wrcbtv.com,2,50.265459,1.0,1.0
735,seattlepi.com,wjla.com,2,50.265459,1.0,1.0
736,seattlepi.com,kmir6.com,2,50.265459,1.0,1.0
737,sdpnoticias.com,washingtonpost.com,2,50.265459,1.0,1.0
738,salon.com,registercitizen.com,2,50.265459,1.0,1.0
739,salon.com,phillyburbs.com,2,50.265459,1.0,1.0
740,salon.com,mohavedailynews.com,2,50.265459,1.0,1.0
741,salon.com,kstp.com,2,50.265459,1.0,1.0
742,salon.com,goupstate.com,2,50.265459,1.0,1.0
743,salon.com,breakingnews.ie,2,50.265459,1.0,1.0
744,salon.com,areavoices.com,2,50.265459,1.0,1.0
745,salon.com,airamerica.com,2,50.265459,1.0,1.0
746,salon.com,adn.com,2,50.265459,1.0,1.0
747,sacbee.com,mcclatchydc.com,2,50.265459,1.0,1.0
748,sacbee.com,durangoherald.com,2,50.265459,1.0,1.0
749,sacbee.com,9wsyr.com:80,2,50.265459,1.0,1.0
750,rss.cnn.com,boards.historychannel.com,2,50.265459,1.0,1.0
751,reuters.com,todayszaman.com,2,50.265459,1.0,1.0
752,reuters.com,eurweb.com,2,50.265459,1.0,1.0
753,reuters.com,celebritygossip.epicureforum.com,2,50.265459,1.0,1.0
754,reflector.com,news-record.com,2,50.265459,1.0,1.0
755,reflector.com,blueridgenow.com,2,50.265459,1.0,1.0
756,recordpub.com,timesdispatch.com,2,50.265459,1.0,1.0
757,reason.com,facebook.com,2,50.265459,1.0,1.0
758,publicbroadcasting.net,taipeitimes.com,2,50.265459,1.0,1.0
759,publicbroadcasting.net,news.com.au,2,50.265459,1.0,1.0
760,prairiepundit.blogspot.com,beltwayblips.dailyradar.com,2,50.265459,1.0,1.0
761,postchronicle.com,collegian.com,2,50.265459,1.0,1.0
762,politico.com,in.news.yahoo.com,2,50.265459,1.0,1.0
763,politicalticker.blogs.cnn.com,open.salon.com,2,50.265459,1.0,1.0
764,physorg.com,topnews.in,2,50.265459,1.0,1.0
765,physorg.com,huliq.com,2,50.265459,1.0,1.0
766,philly.com,indeonline.com,2,50.265459,1.0,1.0
767,people.com,ktla.com,2,50.265459,1.0,1.0
768,people.com,iafrica.com,2,50.265459,1.0,1.0
769,online.wsj.com,abluteau.wordpress.com,2,50.265459,1.0,1.0
770,omaha.com,businessweek.com,2,50.265459,1.0,1.0
771,nypost.com,weblogs.chicagotribune.com,2,50.265459,1.0,1.0
772,nypost.com,usatoday.com,2,50.265459,1.0,1.0
773,nypost.com,twincities.com,2,50.265459,1.0,1.0
774,nypost.com,telegraph.co.uk,2,50.265459,1.0,1.0
775,nypost.com,swamppolitics.com,2,50.265459,1.0,1.0
776,nypost.com,kstp.com,2,50.265459,1.0,1.0
777,nypost.com,forums.somd.com,2,50.265459,1.0,1.0
778,nymag.com,baltimoresun.com,2,50.265459,1.0,1.0
779,nwi.com,fayobserver.com,2,50.265459,1.0,1.0
780,newsvine.com,startribune.com,2,50.265459,1.0,1.0
781,newsvine.com,odt.co.nz,2,50.265459,1.0,1.0
782,newsvine.com,newsok.com,2,50.265459,1.0,1.0
783,newsmeat.com,theleafchronicle.com,2,50.265459,1.0,1.0
784,newsmeat.com,modernghana.com,2,50.265459,1.0,1.0
785,newsmeat.com,mobile.reuters.com,2,50.265459,1.0,1.0
786,newsmeat.com,bloomberg.com,2,50.265459,1.0,1.0
787,newsmax.com,sott.net,2,50.265459,1.0,1.0
788,news1130.com,nhregister.com,2,50.265459,1.0,1.0
789,news.yahoo.com,pfblogs.org,2,50.265459,1.0,1.0
790,news.xinhuanet.com,chinadaily.com.cn,2,50.265459,1.0,1.0
791,news.sympatico.msn.ctv.ca,cjad.com,2,50.265459,1.0,1.0
792,news.smh.com.au,forum.dvdtalk.com,2,50.265459,1.0,1.0
793,news.sky.com,topnews.in,2,50.265459,1.0,1.0
794,news.sky.com,publicbroadcasting.net,2,50.265459,1.0,1.0
795,news.sky.com,in.news.yahoo.com,2,50.265459,1.0,1.0
796,news.sky.com,goozad.com,2,50.265459,1.0,1.0
797,news.ninemsn.com.au,channelnewsasia.com,2,50.265459,1.0,1.0
798,news.com.au,celebritygossip.epicureforum.com,2,50.265459,1.0,1.0
799,news.bbc.co.uk,telegraph.co.uk,2,50.265459,1.0,1.0
800,news.bbc.co.uk,gatesofvienna.blogspot.com,2,50.265459,1.0,1.0
801,mtv.com,scouty.de,2,50.265459,1.0,1.0
802,money.canoe.ca,edmontonsun.com,2,50.265459,1.0,1.0
803,mirror.co.uk,thehindu.com,2,50.265459,1.0,1.0
804,mirror.co.uk,msn.foxsports.com,2,50.265459,1.0,1.0
805,mirror.co.uk,liverpoolecho.co.uk,2,50.265459,1.0,1.0
806,mirror.co.uk,icsolihull.icnetwork.co.uk,2,50.265459,1.0,1.0
807,mcclatchydc.com,cleveland.com,2,50.265459,1.0,1.0
808,masslive.com,postcrescent.com,2,50.265459,1.0,1.0
809,mashget.com,bit.ly,2,50.265459,1.0,1.0
810,marketwatch.com,online.wsj.com,2,50.265459,1.0,1.0
811,liverpoolecho.co.uk,sundaysun.co.uk,2,50.265459,1.0,1.0
812,liverpooldailypost.co.uk,soccerblogs.net,2,50.265459,1.0,1.0
813,livenews.com.au,hispanicbusiness.com,2,50.265459,1.0,1.0
814,latimes.com,wmal.com,2,50.265459,1.0,1.0
815,latimes.com,theledger.com,2,50.265459,1.0,1.0
816,ktvz.com,wsoctv.com,2,50.265459,1.0,1.0
817,kirotv.com,wsoctv.com,2,50.265459,1.0,1.0
818,kfoxtv.com,wsoctv.com,2,50.265459,1.0,1.0
819,kfoxtv.com,wsbtv.com,2,50.265459,1.0,1.0
820,kfoxtv.com,wftv.com,2,50.265459,1.0,1.0
821,kfoxtv.com,local6.com,2,50.265459,1.0,1.0
822,kentucky.com,sunherald.com,2,50.265459,1.0,1.0
823,kentucky.com,npr.org,2,50.265459,1.0,1.0
824,kdwn.com,lubbockonline.com,2,50.265459,1.0,1.0
825,kansascity.com,blogs.abcnews.com,2,50.265459,1.0,1.0
826,jpost.com,jihadwatch.org,2,50.265459,1.0,1.0
827,journalstar.com,torontosun.com,2,50.265459,1.0,1.0
828,journalstar.com,lfpress.ca,2,50.265459,1.0,1.0
829,journalstar.com,greeleytribune.com,2,50.265459,1.0,1.0
830,journalstar.com,examiner.com,2,50.265459,1.0,1.0
831,iol.co.za,clipmarks.com,2,50.265459,1.0,1.0
832,iol.co.za,chinadaily.com.cn,2,50.265459,1.0,1.0
833,instablogs.com,iht.com,2,50.265459,1.0,1.0
834,in.news.yahoo.com,sg.answers.yahoo.com,2,50.265459,1.0,1.0
835,in.news.yahoo.com,hindustantimes.com,2,50.265459,1.0,1.0
836,iht.com,post-gazette.com,2,50.265459,1.0,1.0
837,iht.com,alanat.com,2,50.265459,1.0,1.0
838,icelebz.com,iafrica.com,2,50.265459,1.0,1.0
839,huffingtonpost.com,squidoo.com,2,50.265459,1.0,1.0
840,huffingtonpost.com,readingeagle.com,2,50.265459,1.0,1.0
841,heraldnet.com,themonitor.com,2,50.265459,1.0,1.0
842,heraldnet.com,recordpub.com,2,50.265459,1.0,1.0
843,heraldnet.com,clkurl.com,3,50.265459,1.0,1.333333
844,grandforksherald.com,suntimes.com,2,50.265459,1.0,1.0
845,freerepublic.com,blog.taragana.com,3,50.265459,1.0,3.666667
846,foxnews.com,dnaindia.com,2,50.265459,1.0,1.0
847,feeds.washingtonpost.com,northjersey.com,2,50.265459,1.0,1.0
848,fayobserver.com,www2.journalnow.com,2,50.265459,1.0,1.0
849,examiner.com,dailylocal.com,2,50.265459,1.0,1.0
850,examiner.com,article.wn.com,2,50.265459,1.0,1.0
851,english.aljazeera.net,kentucky.com,2,50.265459,1.0,1.0
852,elections.foxnews.com,timesoftheinternet.com,2,50.265459,1.0,1.0
853,dailypost.co.uk,search.japantimes.co.jp,2,50.265459,1.0,1.0
854,counterpunch.org,countercurrents.org,2,50.265459,1.0,1.0
855,commondreams.org,rebellenation.blogspot.com,2,50.265459,1.0,1.0
856,cnnwire.blogs.cnn.com,politicalticker.blogs.cnn.com,2,50.265459,1.0,1.0
857,cnnwire.blogs.cnn.com,blueridgenow.com,2,50.265459,1.0,1.0
858,clipmarks.com,sott.net,2,50.265459,1.0,1.0
859,chinadaily.com.cn,search.japantimes.co.jp,2,50.265459,1.0,1.0
860,chicagotribune.com,megite.com,2,50.265459,1.0,1.0
861,celebitchy.com,freshnews.in,2,50.265459,1.0,1.0
862,canadafreepress.com,michnews.com,2,50.265459,1.0,1.0
863,canada.com,news.sympatico.msn.ctv.ca,2,50.265459,1.0,1.0
864,bloomberg.com,www2.journalnow.com,2,50.265459,1.0,1.0
865,bloomberg.com,forum.brokeroutpost.com,2,50.265459,1.0,1.0
866,bloomberg.com,dailyreportonline.com,2,50.265459,1.0,1.0
867,blogs.myspace.com,townhall.com,2,50.265459,1.0,1.0
868,blog.taragana.com,gazette.com,2,50.265459,1.0,1.0
869,blog.taragana.com,3news.co.nz,2,50.265459,1.0,1.0
870,belfasttelegraph.co.uk,walesonline.co.uk,2,50.265459,1.0,1.0
871,belfasttelegraph.co.uk,mirror.co.uk,2,50.265459,1.0,1.0
872,belfasttelegraph.co.uk,icsolihull.icnetwork.co.uk,2,50.265459,1.0,1.0
873,belfasttelegraph.co.uk,icnorthwales.icnetwork.co.uk,2,50.265459,1.0,1.0
874,belfasttelegraph.co.uk,icnewcastle.icnetwork.co.uk,2,50.265459,1.0,1.0
875,belfasttelegraph.co.uk,ichuddersfield.icnetwork.co.uk,3,50.265459,1.0,1.333333
876,belfasttelegraph.co.uk,iccoventry.icnetwork.co.uk,2,50.265459,1.0,1.0
877,belfasttelegraph.co.uk,iccheshireonline.icnetwork.co.uk,2,50.265459,1.0,1.0
878,belfasttelegraph.co.uk,icbirmingham.icnetwork.co.uk,2,50.265459,1.0,1.0
879,belfasttelegraph.co.uk,dailypost.co.uk,2,50.265459,1.0,1.0
880,belfasttelegraph.co.uk,coventrytelegraph.net,2,50.265459,1.0,1.0
881,belfasttelegraph.co.uk,birminghampost.net,2,50.265459,1.0,1.0
882,abc.net.au,news.xinhuanet.com,2,50.265459,1.0,1.0
883,64.90.166.18,newsday.com,2,50.265459,1.0,1.0
884,64.90.166.18,foxnews.com,2,50.265459,1.0,1.0
885,64.90.166.18,bostonherald.com,2,50.265459,1.0,1.0
886,3news.co.nz,bostonherald.com,2,50.265459,1.0,1.0
887,smh.com.au,abc.net.au,4,50.265459,1.0,4.5
888,startribune.com,showhype.com,3,49.429678,2.0,7.0
889,gather.com,online.wsj.com,3,49.429678,4.0,7.0
890,townhall.com,opinionsource.com,3,49.429678,7.0,7.0
891,feedproxy.google.com,fanfiction.net,5,49.200811,11.0,11.6
892,usatoday.com,cnn.com,3,48.822764,1.0,1.333333
893,uk.news.yahoo.com,irishtimes.com,4,48.822764,1.0,1.25
894,wsls.com,denverpost.com,2,48.822764,2.0,1.5
895,winnipegfreepress.com,fayobserver.com,2,48.822764,2.0,1.5
896,whitesoap.com,showhype.com,2,48.822764,2.0,1.5
897,wbay.com,investorsiraq.com,2,48.822764,2.0,1.5
898,washingtontimes.com,dispatchpolitics.com,2,48.822764,2.0,1.5
899,washingtonpost.com,thedailytimes.com,2,48.822764,2.0,1.5
900,uk.reuters.com,timesofindia.indiatimes.com,2,48.822764,2.0,1.5
901,truthout.org,freeinternetpress.com,2,48.822764,2.0,1.5
902,townhall.com,realclearpolitics.com,2,48.822764,2.0,1.5
903,timesoftheinternet.com,news.xinhuanet.com,2,48.822764,2.0,1.5
904,thevelvethottub.com,jezebel.com,2,48.822764,2.0,1.5
905,theaustralian.news.com.au,smh.com.au,2,48.822764,2.0,1.5
906,storage.itworld.com,sfgate.com,2,48.822764,2.0,1.5
907,storage.itworld.com,security.itworld.com,2,48.822764,2.0,1.5
908,startribune.com,mlive.com,2,48.822764,2.0,1.5
909,sott.net,insidebayarea.com,2,48.822764,2.0,1.5
910,sott.net,feeds.digg.com/~r/digg/container/world_business,2,48.822764,2.0,1.5
911,sltrib.com,lubbockonline.com,2,48.822764,2.0,1.5
912,seattletimes.nwsource.com,galesburg.com,2,48.822764,2.0,1.5
913,realclearpolitics.com,statesman.com,2,48.822764,2.0,1.5
914,realclearpolitics.com,sacbee.com,2,48.822764,2.0,1.5
915,realclearpolitics.com,news-record.com,2,48.822764,2.0,1.5
916,progressivenewsdaily.com,rgj.com,2,48.822764,2.0,1.5
917,prairiepundit.blogspot.com,partisan.blogs.hopelesslypartisan.com,2,48.822764,2.0,1.5
918,pr-inside.com,earthtimes.org,2,48.822764,2.0,1.5
919,postchronicle.com,rss.cnn.com,2,48.822764,2.0,1.5
920,politico.com,washingtonexaminer.com,2,48.822764,2.0,1.5
921,people.com,chinadaily.com.cn,2,48.822764,2.0,1.5
922,online.wsj.com,javno.com,2,48.822764,2.0,1.5
923,newsmax.com,politicalforum.com,2,48.822764,2.0,1.5
924,news.yahoo.com,theaustralian.news.com.au,2,48.822764,2.0,1.5
925,news.yahoo.com,medlogs.com,2,48.822764,2.0,1.5
926,news.xinhuanet.com,thehindu.com,2,48.822764,2.0,1.5
927,news-record.com,kansas.com,2,48.822764,2.0,1.5
928,mirror.co.uk,liverpooldailypost.co.uk,2,48.822764,2.0,1.5
929,mercurynews.com,bloomberg.com,2,48.822764,2.0,1.5
930,latimes.com,mashget.com,2,48.822764,2.0,1.5
931,kvia.com,fox14tv.com,2,48.822764,2.0,1.5
932,ktnv.com,fox14tv.com,2,48.822764,2.0,1.5
933,kentucky.com,columbiamissourian.com,2,48.822764,2.0,1.5
934,in.news.yahoo.com,timesofindia.indiatimes.com,2,48.822764,2.0,1.5
935,hotair.com,brownpelicanla.com,2,48.822764,2.0,1.5
936,globalresearch.ca,therearenosunglasses.wordpress.com,2,48.822764,2.0,1.5
937,globalresearch.ca,counterpunch.org,2,48.822764,2.0,1.5
938,gather.com,sfgate.com,2,48.822764,2.0,1.5
939,freerepublic.com,wikio.com,2,48.822764,2.0,1.5
940,freep.com,sacbee.com,2,48.822764,2.0,1.5
941,forums.somd.com,ireport.com,2,48.822764,2.0,1.5
942,forums.somd.com,drudge.com,2,48.822764,2.0,1.5
943,feeds.digg.com/~r/digg/container/world_business,forums.somd.com,2,48.822764,2.0,1.5
944,fanfiction.net,squidoo.com,2,48.822764,2.0,1.5
945,famelist.info,forum.dvdtalk.com,2,48.822764,2.0,1.5
946,eurweb.com,am1070wdia.com,2,48.822764,2.0,1.5
947,digitalspy.co.uk,starpulse.com,2,48.822764,2.0,1.5
948,dailyherald.com,thereporteronline.com,2,48.822764,2.0,1.5
949,contactmusic.com,jam.canoe.ca,2,48.822764,2.0,1.5
950,contactmusic.com,freshnews.in,2,48.822764,2.0,1.5
951,cnsnews.com,feeds.washingtonpost.com,2,48.822764,2.0,1.5
952,chron.com,sandiego.craigslist.org,2,48.822764,2.0,1.5
953,chicagotribune.com,cbs2chicago.com,2,48.822764,2.0,1.5
954,bulletin.aarp.org,ocala.com,2,48.822764,2.0,1.5
955,bostonherald.com,wcbstv.com,2,48.822764,2.0,1.5
956,blogs.myspace.com,freerepublic.com,4,48.593897,11.0,10.0
957,seattlepi.nwsource.com,washingtonpost.com,3,47.986983,6.0,7.333333
958,truthout.org,tennessean.com,2,47.380069,2.0,2.0
959,topnews.in,uk.eonline.com,3,47.380069,4.0,3.333333
960,topnews.in,au.eonline.com,3,47.380069,4.0,3.333333
961,timesoftheinternet.com,cnn.com,3,47.380069,1.0,1.666667
962,tdn.com,timesdispatch.com,4,47.380069,1.0,1.5
963,storage.itworld.com,megite.com,3,47.380069,1.0,1.666667
964,startribune.com,foxnews.com,6,47.380069,1.0,1.333333
965,showhype.com,thevelvethottub.com,3,47.380069,1.0,1.666667
966,reuters.com,abluteau.wordpress.com,3,47.380069,1.0,1.666667
967,open.salon.com,news-record.com,2,47.380069,2.0,2.0
968,omaha.com,theledger.com,2,47.380069,2.0,2.0
969,news.com.au,breakingnews.ie,2,47.380069,2.0,2.0
970,news.bbc.co.uk,ichuddersfield.icnetwork.co.uk,3,47.380069,1.0,1.666667
971,news.bbc.co.uk,iccheshireonline.icnetwork.co.uk,3,47.380069,1.0,1.666667
972,news.bbc.co.uk,icbirmingham.icnetwork.co.uk,3,47.380069,1.0,1.666667
973,news.bbc.co.uk,hounslowchronicle.co.uk,3,47.380069,1.0,1.666667
974,news.bbc.co.uk,chroniclelive.co.uk,3,47.380069,1.0,1.666667
975,news.bbc.co.uk,birminghampost.net,3,47.380069,1.0,1.666667
976,kypost.com,nashuatelegraph.com,4,47.380069,1.0,1.5
977,idahostatesman.com,seekingalpha.com,2,47.380069,2.0,2.0
978,examiner.com,thehour.com,5,47.380069,1.0,1.4
979,celebrityblend.com,accesshollywood.com,2,47.380069,2.0,2.0
980,areavoices.com,scdfa.org,2,47.380069,2.0,2.0
981,airamerica.com,scdfa.org,2,47.380069,2.0,2.0
982,wyomingnews.com,statesman.com,2,47.380069,3.0,2.0
983,wyomingnews.com,seattlepi.com,2,47.380069,3.0,2.0
984,wyomingnews.com,39online.com,2,47.380069,3.0,2.0
985,wmtw.com,kirotv.com,2,47.380069,3.0,2.0
986,washingtonpost.com,bellinghamherald.com,2,47.380069,3.0,2.0
987,townhall.com,bellinghamherald.com,2,47.380069,3.0,2.0
988,timesonline.co.uk,vh1.com,2,47.380069,3.0,2.0
989,timesonline.co.uk,mtv.com,2,47.380069,3.0,2.0
990,timesofindia.indiatimes.com,hindustantimes.com,2,47.380069,3.0,2.0
991,thestate.com,wtopnews.com,2,47.380069,3.0,2.0
992,theledger.com,abc.net.au,2,47.380069,3.0,2.0
993,thedenverchannel.com,local10.com,2,47.380069,3.0,2.0
994,thedenverchannel.com,ksat.com,2,47.380069,3.0,2.0
995,theautomaticearth.blogspot.com,lewrockwell.com,2,47.380069,3.0,2.0
996,startribune.com,tennessean.com,2,47.380069,3.0,2.0
997,startribune.com,journaltimes.com,2,47.380069,3.0,2.0
998,seattletimes.nwsource.com,latimes.com,2,47.380069,3.0,2.0
999,seattletimes.nwsource.com,insidebayarea.com,2,47.380069,3.0,2.0
1000,seattlepi.nwsource.com,kare11.com,2,47.380069,3.0,2.0
1001,seattlepi.nwsource.com,clipmarks.com,2,47.380069,3.0,2.0
1002,scouty.de,wrex.com,2,47.380069,3.0,2.0
1003,scouty.de,myfox47.com,2,47.380069,3.0,2.0
1004,scouty.de,ktnv.com,2,47.380069,3.0,2.0
1005,scouty.de,kmir6.com,2,47.380069,3.0,2.0
1006,scouty.de,kivitv.com,2,47.380069,3.0,2.0
1007,scouty.de,fox47news.com,2,47.380069,3.0,2.0
1008,salon.com,southernledger.com,2,47.380069,3.0,2.0
1009,sacbee.com,kctv5.com,2,47.380069,3.0,2.0
1010,prisonplanet.com,dprogram.net,2,47.380069,3.0,2.0
1011,philly.com,bulletin.aarp.org,5,47.380069,1.0,1.6
1012,newsday.com,news4jax.com,2,47.380069,3.0,2.0
1013,news.yahoo.com,kuwaittimes.net,2,47.380069,3.0,2.0
1014,news.yahoo.com,freerepublic.com,3,47.380069,1.0,2.0
1015,news.yahoo.com,cnnpoliticalticker.wordpress.com,2,47.380069,3.0,2.0
1016,news.sky.com,theglobeandmail.com,2,47.380069,3.0,2.0
1017,news.sky.com,news.theage.com.au,2,47.380069,3.0,2.0
1018,news.sky.com,news.smh.com.au,2,47.380069,3.0,2.0
1019,news.bbc.co.uk,walesonline.co.uk,2,47.380069,3.0,2.0
1020,news.bbc.co.uk,sundaysun.co.uk,2,47.380069,3.0,2.0
1021,news.bbc.co.uk,mirror.co.uk,2,47.380069,3.0,2.0
1022,news.bbc.co.uk,liverpoolecho.co.uk,2,47.380069,3.0,2.0
1023,news.bbc.co.uk,journallive.co.uk,2,47.380069,3.0,2.0
1024,news.bbc.co.uk,icsolihull.icnetwork.co.uk,2,47.380069,3.0,2.0
1025,news.bbc.co.uk,icnorthwales.icnetwork.co.uk,2,47.380069,3.0,2.0
1026,news.bbc.co.uk,icliverpool.icnetwork.co.uk,2,47.380069,3.0,2.0
1027,news.bbc.co.uk,examiner.co.uk,2,47.380069,3.0,2.0
1028,news.bbc.co.uk,coventrytelegraph.net,2,47.380069,3.0,2.0
1029,news.bbc.co.uk,chesterchronicle.co.uk,2,47.380069,3.0,2.0
1030,news.bbc.co.uk,birminghammail.net,2,47.380069,3.0,2.0
1031,muscatinejournal.com,timesargus.com,2,47.380069,3.0,2.0
1032,mlive.com,themoderatevoice.com,2,47.380069,3.0,2.0
1033,ksawtv.com,feeds.stlouisnews.net,2,47.380069,3.0,2.0
1034,kcra.com,thewbalchannel.com,2,47.380069,3.0,2.0
1035,kcra.com,thepittsburghchannel.com,2,47.380069,3.0,2.0
1036,kcra.com,thehawaiichannel.com,2,47.380069,3.0,2.0
1037,kcra.com,foxcarolina.com,2,47.380069,3.0,2.0
1038,kcra.com,click2houston.com,2,47.380069,3.0,2.0
1039,kcra.com,cbs46.com,2,47.380069,3.0,2.0
1040,kcra.com,10news.com,2,47.380069,3.0,2.0
1041,independent.co.uk,blognetnews.com,2,47.380069,3.0,2.0
1042,guardian.co.uk,hindustantimes.com,2,47.380069,3.0,2.0
1043,gretawire.foxnews.com,ace.new.mu.nu,2,47.380069,3.0,2.0
1044,gather.com,article.wn.com,2,47.380069,3.0,2.0
1045,freerepublic.com,thinkprogress.org,2,47.380069,3.0,2.0
1046,earthtimes.org,chron.com,2,47.380069,3.0,2.0
1047,earthtimes.org,britanniaradio.blogspot.com,2,47.380069,3.0,2.0
1048,diarioinformacion.com,feeds.aol.com,2,47.380069,3.0,2.0
1049,ctv.ca,upi.com,2,47.380069,3.0,2.0
1050,clipmarks.com,partisan.blogs.hopelesslypartisan.com,2,47.380069,3.0,2.0
1051,celebritygossip.epicureforum.com,gle.am,2,47.380069,3.0,2.0
1052,boston.com,redstate.com,2,47.380069,3.0,2.0
1053,boston.com,mercedsunstar.com,2,47.380069,3.0,2.0
1054,bloomberg.com,ajc.com,2,47.380069,3.0,2.0
1055,abs-cbnnews.com,examiner.com,2,47.380069,3.0,2.0
1056,64.90.166.18,abclocal.go.com,2,47.380069,3.0,2.0
1057,uncyclopedia.wikia.com,blogs.myspace.com,6,47.151202,12.0,10.333333
1058,vh1.com,popmatters.com,3,46.544288,11.0,7.666667
1059,showhype.com,themoneytimes.com,3,45.937374,1.0,2.0
1060,topnews.in,eonline.com,2,45.937374,4.0,2.5
1061,thestar.com,cbc.ca,2,45.937374,4.0,2.5
1062,themoneytimes.com,ibtimes.com,2,45.937374,3.0,2.5
1063,theglobeandmail.com,cbsnews.com,2,45.937374,3.0,2.5
1064,stuff.co.nz,nzherald.co.nz,2,45.937374,4.0,2.5
1065,stltoday.com,taipeitimes.com,2,45.937374,3.0,2.5
1066,startribune.com,x.techwheat.com,2,45.937374,4.0,2.5
1067,startribune.com,rollingstone.com,2,45.937374,4.0,2.5
1068,pheedo.com,newsday.com,2,45.937374,4.0,2.5
1069,news.bbc.co.uk,taipeitimes.com,2,45.937374,4.0,2.5
1070,nashuatelegraph.com,open.salon.com,2,45.937374,4.0,2.5
1071,mercedsunstar.com,dispatchpolitics.com,2,45.937374,4.0,2.5
1072,megite.com,economictimes.indiatimes.com,2,45.937374,4.0,2.5
1073,infowars.com,investorsiraq.com,3,45.937374,2.0,2.333333
1074,iht.com,voxverax.blogspot.com,2,45.937374,4.0,2.5
1075,foxnews.com,canadafreepress.com,2,45.937374,4.0,2.5
1076,digg.com/politics,daytondailynews.com,2,45.937374,3.0,2.5
1077,cnsnews.com,the-two-malcontents.com,2,45.937374,4.0,2.5
1078,clipmarks.com,michnews.com,2,45.937374,3.0,2.5
1079,americanconservativedaily.com,michnews.com,2,45.937374,4.0,2.5
1080,upi.com,in.news.yahoo.com,3,44.494679,3.0,2.333333
1081,topnews.in,livenews.com.au,3,44.494679,3.0,3.0
1082,startribune.com,cbs2.com,3,44.494679,3.0,3.0
1083,winnipegsun.com,olympics.thestar.com,2,44.494679,5.0,3.0
1084,washingtontimes.com,sott.net,2,44.494679,5.0,3.0
1085,uk.news.yahoo.com,nationalpost.com,2,44.494679,5.0,3.0
1086,uk.eonline.com,dispatch.com,2,44.494679,4.0,3.0
1087,topnews.in,sefermpost.com,2,44.494679,5.0,3.0
1088,topnews.in,channelnewsasia.com,2,44.494679,5.0,3.0
1089,timesoftheinternet.com,malaysia.news.yahoo.com,2,44.494679,5.0,3.0
1090,timesoftheinternet.com,asia.news.yahoo.com,2,44.494679,5.0,3.0
1091,thehimalayantimes.com,asia.news.yahoo.com,2,44.494679,5.0,3.0
1092,theglobeandmail.com,newsobserver.com,2,44.494679,5.0,3.0
1093,techchuck.com,osmoothie.com,2,44.494679,3.0,3.0
1094,techchuck.com,myfoxdfw.com,2,44.494679,3.0,3.0
1095,techchuck.com,foxnews.com,2,44.494679,3.0,3.0
1096,startribune.com,1800blogger.com,2,44.494679,4.0,3.0
1097,squidoo.com,ireport.com,2,44.494679,5.0,3.0
1098,sports.yahoo.com,macleans.ca,2,44.494679,5.0,3.0
1099,sports.yahoo.com,brandonsun.com,2,44.494679,5.0,3.0
1100,sott.net,alternet.org,2,44.494679,5.0,3.0
1101,seattlepi.nwsource.com,uk.reuters.com,2,44.494679,5.0,3.0
1102,sacbee.com,stltoday.com,2,44.494679,5.0,3.0
1103,prnewswire.com,pheedo.com,2,44.494679,3.0,3.0
1104,pr-inside.com,contactmusic.com,2,44.494679,5.0,3.0
1105,philly.com,orlandosentinel.com,2,44.494679,5.0,3.0
1106,online.wsj.com,dandelionsalad.wordpress.com,2,44.494679,4.0,3.0
1107,npr.org,postchronicle.com,2,44.494679,5.0,3.0
1108,news.smh.com.au,theage.com.au,3,44.494679,2.0,2.666667
1109,news.smh.com.au,brisbanetimes.com.au,2,44.494679,5.0,3.0
1110,news.brisbanetimes.com.au,brisbanetimes.com.au,2,44.494679,5.0,3.0
1111,nbcsports.msnbc.com,sportingnews.com,2,44.494679,4.0,3.0
1112,marketwatch.com,sanluisobispo.com,2,44.494679,5.0,3.0
1113,marketwatch.com,news-press.com,2,44.494679,5.0,3.0
1114,kansascity.com,iowastatedaily.com,2,44.494679,5.0,3.0
1115,hotair.com,feeds.digg.com/~r/digg/container/world_business,2,44.494679,5.0,3.0
1116,hindustantimes.com,abs-cbnnews.com,2,44.494679,5.0,3.0
1117,guardian.co.uk,news.com.au,3,44.494679,5.0,4.0
1118,farodevigo.es,diarioinformacion.com,2,44.494679,5.0,3.0
1119,cnnwire.blogs.cnn.com,weblogs.baltimoresun.com,2,44.494679,5.0,3.0
1120,blog.taragana.com,nytimes.com,2,44.494679,5.0,3.0
1121,abcnews.go.com,reason.com,2,44.494679,5.0,3.0
1122,informador.com.mx,eldiariomontanes.es,3,43.658898,5.0,8.333333
1123,wbt.com,delmarvanow.com,3,43.051984,1.0,2.666667
1124,townhall.com,brownpelicanla.com,3,43.051984,1.0,2.666667
1125,muscatinejournal.com,dailypress.com,3,43.051984,2.0,2.666667
1126,freerepublic.com,huffingtonpost.com,3,43.051984,3.0,3.333333
1127,blog.taragana.com,huffingtonpost.com,3,43.051984,3.0,3.333333
1128,wmtw.com,kfoxtv.com,2,43.051984,4.0,3.5
1129,wikio.es,ireport.com,2,43.051984,5.0,3.5
1130,tucsoncitizen.com,nashuatelegraph.com,2,43.051984,6.0,3.5
1131,timesoftheinternet.com,feeds.gawker.com,2,43.051984,6.0,3.5
1132,therearenosunglasses.wordpress.com,globalresearch.ca,2,43.051984,4.0,3.5
1133,sott.net,pajamasmedia.com,2,43.051984,6.0,3.5
1134,showhype.com,in.news.yahoo.com,2,43.051984,6.0,3.5
1135,showhype.com,ca.eonline.com,3,43.051984,6.0,4.333333
1136,semissourian.com,in.answers.yahoo.com,2,43.051984,5.0,3.5
1137,semissourian.com,au.answers.yahoo.com,2,43.051984,5.0,3.5
1138,seattlepi.nwsource.com,freedomeden.blogspot.com,2,43.051984,6.0,3.5
1139,sacbee.com,theautomaticearth.blogspot.com,2,43.051984,5.0,3.5
1140,reuters.com,article.wn.com,2,43.051984,6.0,3.5
1141,prairiepundit.blogspot.com,boards.historychannel.com,2,43.051984,6.0,3.5
1142,physorg.com,ecoearth.info,2,43.051984,6.0,3.5
1143,physorg.com,climateark.org,2,43.051984,6.0,3.5
1144,philly.com,latimes.com,2,43.051984,6.0,3.5
1145,opinionsource.com,docstalk.blogspot.com,2,43.051984,6.0,3.5
1146,nytimes.com,facebook.com,3,43.051984,5.0,4.666667
1147,nydailynews.com,phillyburbs.com,2,43.051984,6.0,3.5
1148,nowpublic.com,avaxhome.ws,2,43.051984,6.0,3.5
1149,mtv.com,vh1.com,2,43.051984,6.0,3.5
1150,mtv.com,latimes.com,2,43.051984,6.0,3.5
1151,mercurynews.com,theautomaticearth.blogspot.com,2,43.051984,6.0,3.5
1152,luxlibertas.com,boards.historychannel.com,2,43.051984,6.0,3.5
1153,ksby.com,tulsaworld.com,2,43.051984,6.0,3.5
1154,huffingtonpost.com,mahalo.com,3,43.051984,6.0,8.0
1155,huffingtonpost.com,macombdaily.com,2,43.051984,4.0,3.5
1156,huffingtonpost.com,kentucky.com,2,43.051984,6.0,3.5
1157,huffingtonpost.com,columbiatribune.com,3,43.051984,6.0,6.333333
1158,hindustantimes.com,thehindu.com,2,43.051984,6.0,3.5
1159,gather.com,blognetnews.com,3,43.051984,4.0,4.333333
1160,freerepublic.com,money.cnn.com,2,43.051984,6.0,3.5
1161,examiner.com,iol.co.za,2,43.051984,6.0,3.5
1162,earthtimes.org,abcactionnews.com:80,2,43.051984,6.0,3.5
1163,clipmarks.com,uspolitics.tribe.net,2,43.051984,6.0,3.5
1164,blogher.com,chicagotribune.com,2,43.051984,4.0,3.5
1165,64.90.166.18,journalgazette.net,2,43.051984,6.0,3.5
1166,elecodiario.es,elmundo.es,4,42.823117,15.0,11.0
1167,wikio.es,elmundo.es,3,42.216203,4.0,8.666667
1168,singaporejobstoday.com,huffingtonpost.com,3,42.216203,10.0,8.666667
1169,articleslide.com,open.salon.com,3,42.216203,10.0,8.666667
1170,wikio.es,elpais.com,3,41.609289,7.0,6.666667
1171,wikio.co.uk,timesonline.co.uk,2,41.609289,7.0,4.0
1172,telegraph.co.uk,dailyexpress.co.uk,2,41.609289,7.0,4.0
1173,sefermpost.com,wntp.townhall.com,2,41.609289,7.0,4.0
1174,sefermpost.com,krla870.townhall.com,2,41.609289,7.0,4.0
1175,sefermpost.com,860wgul.townhall.com,2,41.609289,7.0,4.0
1176,sefermpost.com,560wind.townhall.com,2,41.609289,7.0,4.0
1177,sacbee.com,sltrib.com,2,41.609289,7.0,4.0
1178,reuters.com,counterpunch.org,2,41.609289,7.0,4.0
1179,realclearpolitics.com,japantoday.com,2,41.609289,7.0,4.0
1180,prnewswire.com,scouty.de,2,41.609289,5.0,4.0
1181,philly.com,honoluluadvertiser.com,2,41.609289,7.0,4.0
1182,open.salon.com,news.com.au,2,41.609289,5.0,4.0
1183,newsobserver.com,usatoday.com,2,41.609289,6.0,4.0
1184,news.cnet.com,news.theage.com.au,2,41.609289,7.0,4.0
1185,megite.com,news.theage.com.au,2,41.609289,7.0,4.0
1186,mashget.com,themoneytimes.com,2,41.609289,7.0,4.0
1187,huffingtonpost.com,answerbag.com,2,41.609289,7.0,4.0
1188,guardian.co.uk,opinionsource.com,2,41.609289,6.0,4.0
1189,gopusa.com,chronwatch-america.com,2,41.609289,6.0,4.0
1190,examiner.com,embeds.blogs.foxnews.com,2,41.609289,6.0,4.0
1191,cnn.com,blogs.abcnews.com,2,41.609289,5.0,4.0
1192,canada.com,nbcchicago.com,2,41.609289,7.0,4.0
1193,freerepublic.com,catholicexchange.com,3,40.773508,10.0,9.0
1194,theledger.com,washingtonpost.com,3,40.166594,2.0,3.333333
1195,freerepublic.com,seattletimes.nwsource.com,3,40.166594,1.0,3.333333
1196,examiner.com,usatoday.com,5,40.166594,1.0,3.0
1197,washingtonpost.com,blogher.com,2,40.166594,5.0,4.5
1198,truthout.org,countercurrents.org,2,40.166594,8.0,4.5
1199,townhall.com,seekingalpha.com,3,40.166594,3.0,4.0
1200,startribune.com,townhall.com,2,40.166594,8.0,4.5
1201,people.com,examiner.com,2,40.166594,8.0,4.5
1202,patdollard.com,post-gazette.com,3,40.166594,5.0,4.666667
1203,open.salon.com,reddit.com,2,40.166594,6.0,4.5
1204,news.smh.com.au,brandonsun.com,2,40.166594,8.0,4.5
1205,kansascity.com,timesoftheinternet.com,3,40.166594,2.0,3.666667
1206,huffingtonpost.com,newsvine.com,2,40.166594,8.0,4.5
1207,hotair.com,usnews.com,2,40.166594,8.0,4.5
1208,firstread.msnbc.msn.com,abluteau.wordpress.com,2,40.166594,8.0,4.5
1209,feeds.feedburner.com,pheedo.com,2,40.166594,6.0,4.5
1210,elpais.com,diariovasco.com,2,40.166594,7.0,4.5
1211,blog.taragana.com,facebook.com,2,40.166594,5.0,4.5
1212,biz.yahoo.com,moneycentral.msn.com,2,40.166594,8.0,4.5
1213,articleslide.com,philly.com,2,40.166594,8.0,4.5
1214,amazon.com,feedproxy.google.com,2,40.166594,6.0,4.5
1215,accesshollywood.com,celebitchy.com,2,40.166594,8.0,4.5
1216,prnewswire.com,pr-inside.com,4,39.937727,15.0,11.5
1217,philly.com,open.salon.com,3,39.330813,9.0,9.333333
1218,blogs.myspace.com,uncyclopedia.wikia.com,3,39.330813,11.0,9.333333
1219,voices.washingtonpost.com,statesmanjournal.com,2,38.723899,8.0,5.0
1220,usatoday.com,mashget.com,2,38.723899,8.0,5.0
1221,tennessean.com,blogs.myspace.com,2,38.723899,8.0,5.0
1222,startribune.com,theolympian.com,2,38.723899,8.0,5.0
1223,politicalticker.blogs.cnn.com,nowpublic.com,2,38.723899,8.0,5.0
1224,feedproxy.google.com,in.answers.yahoo.com,2,38.723899,8.0,5.0
1225,denverpost.com,syracuse.com,2,38.723899,8.0,5.0
1226,articleslide.com,news.yahoo.com,2,38.723899,8.0,5.0
1227,wyomingnews.com,q13fox.com,2,38.723899,7.0,5.0
1228,washingtonpost.com,daytondailynews.com,3,38.723899,3.0,4.0
1229,timesonline.co.uk,topnews.in,3,38.723899,1.0,3.666667
1230,sports.yahoo.com,usatoday.com,2,38.723899,9.0,5.0
1231,news.cnet.com,economictimes.indiatimes.com,2,38.723899,9.0,5.0
1232,nationalpost.com,canada.com,3,38.723899,10.0,8.333333
1233,huffingtonpost.com,prairiepundit.blogspot.com,2,38.723899,6.0,5.0
1234,freshnews.in,broadwayworld.com,2,38.723899,9.0,5.0
1235,freerepublic.com,topnews.in,4,38.723899,3.0,3.75
1236,feeds.stlouisnews.net,nydailynews.com,3,38.723899,5.0,3.666667
1237,examiner.com,ph.answers.yahoo.com,2,38.723899,9.0,5.0
1238,celebritygossip.epicureforum.com,msnbc.msn.com,3,38.723899,1.0,3.666667
1239,blog.taragana.com,blog.sina.com.cn,2,38.723899,9.0,5.0
1240,countercurrents.org,sott.net,5,38.723899,4.0,6.6
1241,blogs.myspace.com,prisonplanet.com,3,37.888118,9.0,9.666667
1242,blogs.myspace.com,demonoid.com,3,37.888118,11.0,9.666667
1243,othersiderainbow.blogspot.com,newsvine.com,2,37.281204,9.0,5.5
1244,forums.somd.com,ibdeditorials.com,2,37.281204,9.0,5.5
1245,examiner.com,app.com,2,37.281204,9.0,5.5
1246,blogs.myspace.com,feeds.digg.com/~r/digg/container/world_business,2,37.281204,9.0,5.5
1247,uspolitics.tribe.net,ireport.com,2,37.281204,8.0,5.5
1248,tucsoncitizen.com,latimes.com,3,37.281204,1.0,4.0
1249,thestar.com,sott.net,2,37.281204,8.0,5.5
1250,thenation.com,truthout.org,2,37.281204,10.0,5.5
1251,startribune.com,jezebel.com,2,37.281204,10.0,5.5
1252,soccerblogs.net,icliverpool.icnetwork.co.uk,2,37.281204,10.0,5.5
1253,seattlepi.nwsource.com,corner.nationalreview.com,2,37.281204,6.0,5.5
1254,rss.cnn.com,againstobama.com,2,37.281204,7.0,5.5
1255,news.cnet.com,gle.am,2,37.281204,10.0,5.5
1256,kansascity.com,timesanddemocrat.com,2,37.281204,10.0,5.5
1257,kansascity.com,stltoday.com,3,37.281204,1.0,4.0
1258,iafrica.com,news.com.au,2,37.281204,6.0,5.5
1259,g1.globo.com,prnewswire.com,2,37.281204,10.0,5.5
1260,chron.com,pbs.org,2,37.281204,8.0,5.5
1261,bulletin.aarp.org,mlive.com,2,37.281204,7.0,5.5
1262,blog.taragana.com,brownsvilleherald.com,2,37.281204,10.0,5.5
1263,articleslide.com,newonlinearticles.com,2,37.281204,10.0,5.5
1264,guardian.co.uk,avaxhome.ws,3,36.445423,12.0,10.0
1265,amazon.com,nytimes.com,3,36.445423,12.0,10.0
1266,townhall.com,kxnet.com,2,35.838509,10.0,6.0
1267,insidebayarea.com,physorg.com,2,35.838509,10.0,6.0
1268,amazon.com,reddit.com,2,35.838509,10.0,6.0
1269,wvgazette.com,freerepublic.com,2,35.838509,7.0,6.0
1270,techchuck.com,feeds.gothamistllc.com,2,35.838509,7.0,6.0
1271,stltoday.com,open.salon.com,2,35.838509,11.0,6.0
1272,sfgate.com,open.salon.com,2,35.838509,11.0,6.0
1273,search.japantimes.co.jp,dailyindia.com,2,35.838509,6.0,6.0
1274,riverdaughter.wordpress.com,azstarnet.com,2,35.838509,11.0,6.0
1275,noquarterusa.net,sott.net,3,35.838509,2.0,4.666667
1276,news.yahoo.com,therearenosunglasses.wordpress.com,2,35.838509,11.0,6.0
1277,news.theage.com.au,turkishpress.com,2,35.838509,11.0,6.0
1278,news.smh.com.au,turkishpress.com,2,35.838509,11.0,6.0
1279,informador.com.mx,wikio.es,3,35.838509,7.0,8.333333
1280,in.news.yahoo.com,ksdk.com,2,35.838509,11.0,6.0
1281,golivewire.com,stltoday.com,2,35.838509,7.0,6.0
1282,gather.com,investorsiraq.com,2,35.838509,11.0,6.0
1283,feeds.washingtonpost.com,jpost.com,2,35.838509,11.0,6.0
1284,cnsnews.com,americanconservativedaily.com,2,35.838509,8.0,6.0
1285,cbc.ca,heraldnet.com,2,35.838509,11.0,6.0
1286,articleslide.com,lonelyplanet.com,2,35.838509,6.0,6.0
1287,townhall.com,gatesofvienna.blogspot.com,3,34.395814,5.0,6.0
1288,elpais.com,abc.es,2,34.395814,11.0,6.5
1289,wikio.com,opinionsource.com,3,34.395814,12.0,9.666667
1290,washingtontimes.com,feeds.feedblitz.com,2,34.395814,10.0,6.5
1291,vnnforum.com,heraldextra.com,2,34.395814,12.0,6.5
1292,uk.news.yahoo.com,sltrib.com,3,34.395814,2.0,5.0
1293,tulsaworld.com,startribune.com,2,34.395814,12.0,6.5
1294,storage.itworld.com,open.salon.com,2,34.395814,12.0,6.5
1295,stltoday.com,sermoncentral.com,2,34.395814,8.0,6.5
1296,startribune.com,capitolhillblue.com,2,34.395814,12.0,6.5
1297,sott.net,gather.com,2,34.395814,12.0,6.5
1298,sacbee.com,inforum.com,2,34.395814,8.0,6.5
1299,readingeagle.com,thehour.com,2,34.395814,12.0,6.5
1300,postchronicle.com,chron.com,2,34.395814,12.0,6.5
1301,physorg.com,thehour.com,2,34.395814,10.0,6.5
1302,pantagraph.com,courierpostonline.com,2,34.395814,9.0,6.5
1303,nowpublic.com,articleslide.com,3,34.395814,3.0,5.333333
1304,indybay.org,uspolitics.tribe.net,2,34.395814,10.0,6.5
1305,freerepublic.com,rssjunky.com,2,34.395814,12.0,6.5
1306,freep.com,tennessean.com,2,34.395814,12.0,6.5
1307,fanfiction.net,free-ebooks.tistory.com,2,34.395814,9.0,6.5
1308,facebook.com,feeds.stlouisnews.net,2,34.395814,7.0,6.5
1309,cnsnews.com,gopusa.com,2,34.395814,12.0,6.5
1310,boston.com,facebook.com,2,34.395814,12.0,6.5
1311,blognetnews.com,origin.theaustralian.news.com.au,2,34.395814,12.0,6.5
1312,abc.es,eluniversal.com,2,33.7889,7.0,4.0
1313,64.90.166.18,celebritymound.com,5,33.7889,1.0,2.6
1314,prisonplanet.com,therearenosunglasses.wordpress.com,3,33.560033,15.0,10.666667
1315,amazon.com,chacha.com,3,33.560033,10.0,10.666667
1316,startribune.com,bbc.co.uk,2,32.953119,12.0,7.0
1317,showhype.com,alanat.com,2,32.953119,12.0,7.0
1318,reddit.com,uncyclopedia.wikia.com,2,32.953119,12.0,7.0
1319,politico.com,dailypress.com,2,32.953119,12.0,7.0
1320,news4jax.com,heraldtribune.com,3,32.953119,1.0,5.0
1321,thevelvethottub.com,bostonherald.com,2,32.953119,13.0,7.0
1322,sott.net,vnnforum.com,2,32.953119,13.0,7.0
1323,scouty.de,informador.com.mx,2,32.953119,10.0,7.0
1324,sacbee.com,lubbockonline.com,2,32.953119,13.0,7.0
1325,post-gazette.com,ocregister.com,2,32.953119,13.0,7.0
1326,ottawasun.com,celebritymound.com,2,32.953119,13.0,7.0
1327,nowpublic.com,etonline.com,2,32.953119,13.0,7.0
1328,news24.com,mcclatchydc.com,2,32.953119,13.0,7.0
1329,news.bbc.co.uk,semissourian.com,2,32.953119,13.0,7.0
1330,latimes.com,allvoices.com,2,32.953119,9.0,7.0
1331,kxan.com,azcentral.com,2,32.953119,13.0,7.0
1332,irishtimes.com,411mania.com,2,32.953119,11.0,7.0
1333,insidebayarea.com,southtownstar.com,2,32.953119,13.0,7.0
1334,icelebz.com,thestar.com,2,32.953119,13.0,7.0
1335,icelebz.com,olympics.thestar.com,2,32.953119,13.0,7.0
1336,elpais.com,feeds.aol.com,2,32.953119,13.0,7.0
1337,eldiariomontanes.es,informador.com.mx,2,32.953119,13.0,7.0
1338,earthtimes.org,startribune.com,2,32.953119,10.0,7.0
1339,earthtimes.org,forums.slickdeals.net,2,32.953119,13.0,7.0
1340,digg.com/politics,alternet.org,2,32.953119,10.0,7.0
1341,boston.com,variety.com,2,32.953119,13.0,7.0
1342,area52hkh.net,dailylocal.com,2,32.953119,8.0,7.0
1343,sfgate.com,mercurynews.com,2,32.346205,8.0,4.5
1344,smh.com.au,news.brisbanetimes.com.au,3,32.117338,14.0,11.0
1345,blog.taragana.com,feeds.cbsnews.com,5,31.739291,4.0,3.4
1346,vosizneias.com,rawstory.com,2,31.510424,13.0,7.5
1347,theglobeandmail.com,smh.com.au,2,31.510424,13.0,7.5
1348,sermoncentral.com,forums.catholic.com,2,31.510424,13.0,7.5
1349,blogs.myspace.com,cnn.com,2,31.510424,13.0,7.5
1350,blogs.abcnews.com,voxverax.blogspot.com,2,31.510424,13.0,7.5
1351,wraithbait.com,news.cnet.com,2,31.510424,11.0,7.5
1352,washingtonmonthly.com,usnews.com,2,31.510424,14.0,7.5
1353,therearenosunglasses.wordpress.com,countercurrents.org,2,31.510424,14.0,7.5
1354,thechronicleherald.ca,scdfa.org,2,31.510424,14.0,7.5
1355,telegraph.co.uk,idahostatesman.com,2,31.510424,14.0,7.5
1356,smh.com.au,news.com.au,2,31.510424,14.0,7.5
1357,smh.com.au,au.rd.yahoo.com,2,31.510424,14.0,7.5
1358,prnewswire.com,docstalk.blogspot.com,3,31.510424,9.0,9.333333
1359,nymag.com,politico.com,2,31.510424,14.0,7.5
1360,mahalo.com,facebook.com,2,31.510424,11.0,7.5
1361,latimes.com,hotair.com,2,31.510424,14.0,7.5
1362,blogher.com,latimes.com,2,31.510424,11.0,7.5
1363,weblogs.baltimoresun.com,popmatters.com,2,31.510424,10.0,7.5
1364,uncyclopedia.wikia.com,wraithbait.com,2,31.510424,10.0,7.5
1365,sfgate.com,javno.com,2,31.510424,9.0,7.5
1366,post-gazette.com,lewrockwell.com,2,31.510424,9.0,7.5
1367,informador.com.mx,whatsonwinnipeg.com,2,31.510424,9.0,7.5
1368,freerepublic.com,news.com.au,2,31.510424,9.0,7.5
1369,cnbc.com,article.wn.com,2,31.510424,10.0,7.5
1370,blogs.myspace.com,msnbc.msn.com,2,31.510424,9.0,7.5
1371,reddit.com,feedproxy.google.com,2,30.90351,7.0,5.5
1372,cbc.ca,olympics.thestar.com,2,30.90351,12.0,6.5
1373,whitesoap.com,tthfanfic.org,3,30.674643,9.0,11.333333
1374,theglobeandmail.com,thestar.com,3,30.067729,1.0,5.666667
1375,open.salon.com,prnewswire.com,2,30.067729,14.0,8.0
1376,newsok.com,sacbee.com,3,30.067729,3.0,6.333333
1377,facebook.com,bbc.co.uk,2,30.067729,14.0,8.0
1378,blogs.myspace.com,tfponline.com,2,30.067729,14.0,8.0
1379,belfasttelegraph.co.uk,independent.co.uk,2,30.067729,14.0,8.0
1380,wraithbait.com,wattpad.com,2,30.067729,15.0,8.0
1381,vnnforum.com,feeds.gothamistllc.com,2,30.067729,15.0,8.0
1382,uncyclopedia.wikia.com,huffingtonpost.com,3,30.067729,11.0,10.333333
1383,tucsoncitizen.com,timesonline.co.uk,2,30.067729,13.0,8.0
1384,townhall.com,statesmanjournal.com,2,30.067729,15.0,8.0
1385,reuters.com,ottawasun.com,2,30.067729,15.0,8.0
1386,news.bbc.co.uk,sacbee.com,2,30.067729,13.0,8.0
1387,hotair.com,variety.com,2,30.067729,15.0,8.0
1388,feedproxy.google.com,kansascity.com,2,30.067729,15.0,8.0
1389,facebook.com,golivewire.com,2,30.067729,15.0,8.0
1390,elpais.com,elmundo.es,3,30.067729,11.0,9.0
1391,amazon.com,propeller.com,2,30.067729,13.0,8.0
1392,truthout.org,digg.com/politics,2,30.067729,9.0,8.0
1393,squidoo.com,theglobeandmail.com,2,30.067729,9.0,8.0
1394,scouty.de,g1.globo.com,2,30.067729,9.0,8.0
1395,mobile.reuters.com,telegraph.co.uk,2,30.067729,9.0,8.0
1396,in.answers.yahoo.com,ca.answers.yahoo.com,2,30.067729,10.0,8.0
1397,in.answers.yahoo.com,au.answers.yahoo.com,2,30.067729,10.0,8.0
1398,sfgate.com,blogs.myspace.com,4,29.838862,17.0,13.25
1399,blog.taragana.com,feedproxy.google.com,6,29.838862,14.0,10.0
1400,vh1.com,thestar.com,2,29.460815,7.0,4.0
1401,sports.yahoo.com,whatsonwinnipeg.com,2,29.460815,5.0,3.0
1402,ireport.com,baltimoresun.com,2,29.460815,10.0,5.5
1403,abc.es,diariovasco.com,3,29.231948,15.0,11.666667
1404,open.salon.com,feedproxy.google.com,3,29.231948,10.0,11.666667
1405,farodevigo.es,elpais.com,5,29.231948,6.0,7.4
1406,telegraph.co.uk,independent.ie,3,28.625034,1.0,6.0
1407,newsday.com,siouxcityjournal.com,2,28.625034,15.0,8.5
1408,huffingtonpost.com,politico.com,2,28.625034,15.0,8.5
1409,abc.es,feeds.aol.com,2,28.625034,15.0,8.5
1410,theglobeandmail.com,progressivenewsdaily.com,2,28.625034,16.0,8.5
1411,telegraph.co.uk,boston.com,2,28.625034,16.0,8.5
1412,seattletimes.nwsource.com,thenation.com,2,28.625034,16.0,8.5
1413,reddit.com,post-gazette.com,2,28.625034,16.0,8.5
1414,pr-inside.com,prnewswire.com,2,28.625034,16.0,8.5
1415,newsday.com,theglobeandmail.com,3,28.625034,11.0,9.333333
1416,napavalleyregister.com,singaporejobstoday.com,2,28.625034,9.0,8.5
1417,journalstar.com,thetimesonline.com,2,28.625034,16.0,8.5
1418,free-ebooks.tistory.com,youtube.com,2,28.625034,12.0,8.5
1419,blogs.myspace.com,kansascity.com,2,28.625034,16.0,8.5
1420,blog.taragana.com,in.news.yahoo.com,3,28.625034,16.0,11.666667
1421,area52hkh.net,freerepublic.com,2,28.625034,11.0,8.5
1422,nowpublic.com,chron.com,2,28.625034,10.0,8.5
1423,alternet.org,mahalo.com,2,28.625034,10.0,8.5
1424,usatoday.com,sltrib.com,2,28.01812,8.0,4.5
1425,opednews.com,dissidentvoice.org,2,28.01812,6.0,4.0
1426,livenews.com.au,fox8.com,2,28.01812,2.0,1.5
1427,iht.com,stltoday.com,3,28.01812,1.0,6.333333
1428,embeds.blogs.foxnews.com,blogs.myspace.com,2,28.01812,6.0,4.0
1429,thinkprogress.org,prisonplanet.com,2,28.01812,10.0,5.5
1430,facebook.com,bit.ly,3,27.789253,10.0,12.0
1431,jpost.com,opinionsource.com,2,27.411206,3.0,2.0
1432,tucsoncitizen.com,feeds.reuters.com,2,27.182339,17.0,9.0
1433,telegraph.co.uk,edition.cnn.com,2,27.182339,17.0,9.0
1434,startribune.com,toledoblade.com,3,27.182339,4.0,7.333333
1435,latimes.com,gainesville.com,2,27.182339,17.0,9.0
1436,freerepublic.com,hotair.com,2,27.182339,17.0,9.0
1437,etonline.com,celebritygossip.epicureforum.com,2,27.182339,17.0,9.0
1438,alertnet.org,news.bbc.co.uk,2,27.182339,17.0,9.0
1439,usnews.com,thenorthwestern.com,2,27.182339,13.0,9.0
1440,townhall.com,au.answers.yahoo.com,2,27.182339,14.0,9.0
1441,seekingalpha.com,ibloga.blogspot.com,2,27.182339,9.0,9.0
1442,popmatters.com,wcax.com,2,27.182339,13.0,9.0
1443,nytimes.com,open.salon.com,2,27.182339,9.0,9.0
1444,msnbc.msn.com,cnbc.com,2,27.182339,9.0,9.0
1445,mercurynews.com,mashget.com,3,27.182339,15.0,11.333333
1446,luxlibertas.com,uspolitics.tribe.net,2,27.182339,11.0,9.0
1447,iol.co.za,reuters.com,2,27.182339,9.0,9.0
1448,huffingtonpost.com,open.salon.com,3,27.182339,13.0,10.333333
1449,elecodiario.es,farodevigo.es,4,27.182339,3.0,5.0
1450,news.smh.com.au,independent.co.uk,3,26.575425,4.0,3.666667
1451,showhype.com,dailyindia.com,3,26.575425,1.0,2.666667
1452,timesleader.com,news.aol.com,2,26.575425,5.0,3.0
1453,startribune.com,news.aol.com,2,26.575425,5.0,3.0
1454,mashget.com,newsday.com,2,26.575425,6.0,3.5
1455,haaretz.com,vnnforum.com,2,26.575425,14.0,8.5
1456,freerepublic.com,kdka.com,2,26.575425,5.0,3.0
1457,feedproxy.google.com,showhype.com,2,26.575425,16.0,8.5
1458,diarioinformacion.com,eldiariomontanes.es,2,26.575425,9.0,5.0
1459,open.salon.com,nydailynews.com,2,26.575425,1.0,1.0
1460,motherjones.com,opinionsource.com,2,26.575425,8.0,6.5
1461,mashget.com,blog.taragana.com,2,26.575425,11.0,6.0
1462,freshnews.in,dailyindia.com,2,26.575425,1.0,1.0
1463,freerepublic.com,telegraph.co.uk,2,26.575425,1.0,1.0
1464,cnn.com,thehimalayantimes.com,2,26.575425,1.0,1.0
1465,celebitchy.com,celebrityblend.com,2,26.575425,1.0,1.0
1466,blueridgenow.com,tuscaloosanews.com,2,26.575425,1.0,1.0
1467,seekingalpha.com,lewrockwell.com,2,25.739644,18.0,9.5
1468,seattletimes.nwsource.com,ktvq.com,2,25.739644,18.0,9.5
1469,sacbee.com,bostonherald.com,3,25.739644,3.0,7.333333
1470,newsinfo.inquirer.net,canada.com,2,25.739644,17.0,9.5
1471,newser.com,uk.eonline.com,2,25.739644,18.0,9.5
1472,newser.com,ca.eonline.com,2,25.739644,18.0,9.5
1473,newser.com,au.eonline.com,2,25.739644,18.0,9.5
1474,latimes.com,motherjones.com,2,25.739644,18.0,9.5
1475,kentucky.com,deseretnews.com,2,25.739644,17.0,9.5
1476,kansascity.com,baynews9.com,2,25.739644,18.0,9.5
1477,independent.co.uk,uk.reuters.com,2,25.739644,17.0,9.5
1478,feeds.gawker.com,statesman.com,2,25.739644,11.0,9.5
1479,feedproxy.google.com,feeds.gawker.com,2,25.739644,18.0,9.5
1480,feedproxy.google.com,feeds.aol.com,2,25.739644,18.0,9.5
1481,blogs.myspace.com,nwherald.com,2,25.739644,18.0,9.5
1482,abc.net.au,news.brisbanetimes.com.au,2,25.739644,18.0,9.5
1483,uspolitics.tribe.net,open.salon.com,2,25.739644,16.0,9.5
1484,statesman.com,examiner.com,2,25.739644,12.0,9.5
1485,statesman.com,clarionledger.com,2,25.739644,15.0,9.5
1486,sfgate.com,clarionledger.com,2,25.739644,15.0,9.5
1487,seattletimes.nwsource.com,dailyherald.com,3,25.739644,2.0,7.0
1488,golivewire.com,fanfiction.net,2,25.739644,14.0,9.5
1489,elecodiario.es,diariovasco.com,2,25.739644,14.0,9.5
1490,diariovasco.com,abc.es,2,25.739644,13.0,9.5
1491,article.wn.com,chacha.com,2,25.739644,13.0,9.5
1492,yorkdispatch.inyork.com,washingtonpost.com,3,25.13273,1.0,1.0
1493,yorkdispatch.inyork.com,thehawkeye.com,3,25.13273,1.0,1.0
1494,www2.journalnow.com,apnews.myway.com,4,25.13273,1.0,1.0
1495,wikio.com,wibw.com,3,25.13273,1.0,1.0
1496,wikio.com,whatsonwinnipeg.com,6,25.13273,1.0,1.0
1497,wikio.com,olympics.thestar.com,3,25.13273,1.0,1.0
1498,wikio.com,news.smh.com.au,3,25.13273,1.0,1.0
1499,wikio.com,abluteau.wordpress.com,6,25.13273,1.0,1.0
1500,wibw.com,isavesmart.com,3,25.13273,1.0,1.0
1501,wbt.com,wusa9.com,3,25.13273,1.0,1.0
1502,wbt.com,wsvn.com,3,25.13273,1.0,1.0
1503,wbt.com,semissourian.com,3,25.13273,1.0,1.0
1504,wbt.com,northjersey.com,4,25.13273,1.0,1.0
1505,wbt.com,kdka.com,4,25.13273,1.0,1.0
1506,wbt.com,dailymail.com,3,25.13273,1.0,1.0
1507,wbt.com,cbs13.com,3,25.13273,1.0,1.0
1508,wbt.com,azstarnet.com,4,25.13273,1.0,1.0
1509,uk.reuters.com,twocircles.net,3,25.13273,1.0,1.0
1510,townhall.com,newsobserver.com,3,25.13273,1.0,1.0
1511,thevelvethottub.com,celebrityblend.com,4,25.13273,1.0,1.0
1512,statesman.com,denverpost.com,4,25.13273,1.0,1.5
1513,startribune.com,washtimes.com,3,25.13273,1.0,2.333333
1514,startribune.com,salon.com,6,25.13273,1.0,1.0
1515,startribune.com,irishtimes.com,3,25.13273,1.0,1.0
1516,startribune.com,hosted.ap.org,4,25.13273,1.0,1.75
1517,startribune.com,cbs5.com,3,25.13273,1.0,1.0
1518,seattlepi.com,miamiherald.com,3,25.13273,1.0,1.0
1519,salon.com,winnipegfreepress.com,3,25.13273,1.0,1.0
1520,salon.com,blackamericaweb.com,3,25.13273,1.0,1.0
1521,sacbee.com,tahoedailytribune.com,3,25.13273,1.0,1.0
1522,reuters.com,truthout.org,5,25.13273,1.0,1.0
1523,publicbroadcasting.net,truthout.org,3,25.13273,1.0,1.0
1524,publicbroadcasting.net,thestar.com.my,3,25.13273,1.0,1.0
1525,postchronicle.com,theglobeandmail.com,3,25.13273,1.0,1.0
1526,people.com,digitalspy.co.uk,3,25.13273,1.0,1.0
1527,nwi.com,southcoasttoday.com,3,25.13273,1.0,1.0
1528,newsvine.com,news.theage.com.au,3,25.13273,1.0,1.0
1529,newsvine.com,bismarcktribune.com,3,25.13273,1.0,1.0
1530,newsmeat.com,newsmax.com,3,25.13273,1.0,1.0
1531,newsmax.com,washingtontimes.com,3,25.13273,1.0,2.0
1532,news.theage.com.au,news.smh.com.au,3,25.13273,1.0,1.0
1533,news.scotsman.com,news.bbc.co.uk,3,25.13273,1.0,1.666667
1534,news.ninemsn.com.au,thedaily.com.au,3,25.13273,1.0,1.0
1535,mirror.co.uk,icscotland.icnetwork.co.uk,3,25.13273,1.0,1.0
1536,liverpooldailypost.co.uk,icwolverhampton.icnetwork.co.uk,3,25.13273,1.0,1.0
1537,kfoxtv.com,wjactv.com,3,25.13273,1.0,1.0
1538,kfoxtv.com,ktvu.com,3,25.13273,1.0,1.0
1539,kdwn.com,foxnews.com,3,25.13273,1.0,1.0
1540,kcra.com,thebostonchannel.com,3,25.13273,1.0,1.666667
1541,inforum.com,seattletimes.nwsource.com,3,25.13273,1.0,1.0
1542,indybay.org,dandelionsalad.wordpress.com,4,25.13273,1.0,1.0
1543,in.news.yahoo.com,wikio.com,3,25.13273,1.0,1.0
1544,ibtimes.com,goozad.com,3,25.13273,1.0,1.0
1545,herald-zeitung.com,frontpagenews.us,3,25.13273,1.0,1.0
1546,freerepublic.com,cbs4.com,3,25.13273,1.0,2.333333
1547,eldiariomontanes.es,diarioinformacion.com,3,25.13273,1.0,1.0
1548,dailypost.co.uk,chesterchronicle.co.uk,3,25.13273,1.0,1.0
1549,clkurl.com,recordpub.com,3,25.13273,1.0,1.0
1550,celebrityblend.com,eurweb.com,3,25.13273,1.0,1.0
1551,cbc.ca,thechronicleherald.ca,3,25.13273,1.0,1.0
1552,bismarcktribune.com,rutlandherald.com,3,25.13273,1.0,1.0
1553,wral.com,time.com,3,25.13273,1.0,1.333333
1554,wikio.com,taipeitimes.com,3,25.13273,1.0,1.333333
1555,theglobeandmail.com,chicagotribune.com,3,25.13273,4.0,6.333333
1556,news.smh.com.au,smh.com.au,4,25.13273,2.0,2.5
1557,kansascity.com,kdwn.com,3,25.13273,1.0,1.333333
1558,zeenews.com,twocircles.net,1,25.13273,1.0,1.0
1559,zeenews.com,topics.cnn.com,1,25.13273,1.0,1.0
1560,zeenews.com,theodoresworld.net,1,25.13273,1.0,1.0
1561,zeenews.com,the-two-malcontents.com,1,25.13273,1.0,1.0
1562,zeenews.com,opinionsource.com,1,25.13273,1.0,1.0
1563,zeenews.com,opednews.com,1,25.13273,1.0,1.0
1564,zeenews.com,newsobserver.com,1,25.13273,1.0,1.0
1565,zeenews.com,media.kentucky.com,1,25.13273,1.0,1.0
1566,zeenews.com,media.idahostatesman.com,1,25.13273,1.0,1.0
1567,zeenews.com,ledger-enquirer.com,1,25.13273,1.0,1.0
1568,zeenews.com,heraldonline.com,1,25.13273,1.0,1.0
1569,zeenews.com,bellinghamherald.com,1,25.13273,1.0,1.0
1570,zeenews.com,archives.cnn.com,1,25.13273,1.0,1.0
1571,yorkdispatch.inyork.com,nwi.com,1,25.13273,1.0,1.0
1572,yorkdispatch.inyork.com,komonews.com,1,25.13273,1.0,1.0
1573,yorkdispatch.inyork.com,journalgazette.net,1,25.13273,1.0,1.0
1574,yidwithlid.blogspot.com,blognetwork.knoxnews.com,1,25.13273,1.0,1.0
1575,wyomingnews.com,walesonline.co.uk,1,25.13273,1.0,1.0
1576,wyomingnews.com,partisan.blogs.hopelesslypartisan.com,1,25.13273,1.0,1.0
1577,wyomingnews.com,newsgazette.com,1,25.13273,1.0,1.0
1578,wyomingnews.com,news.aol.com,1,25.13273,1.0,1.0
1579,wyomingnews.com,news-gazette.com,1,25.13273,1.0,1.0
1580,wyomingnews.com,herald-mail.com,1,25.13273,1.0,1.0
1581,wyomingnews.com,gulflive.com,1,25.13273,1.0,1.0
1582,wyomingnews.com,freeinternetpress.com,1,25.13273,1.0,1.0
1583,wyomingnews.com,dailyprogress.com,1,25.13273,1.0,1.0
1584,wyomingnews.com,dailyherald.com,1,25.13273,1.0,1.0
1585,wyomingnews.com,actualteam.com,1,25.13273,1.0,1.0
1586,wwww.examiner.com,wvec.com,1,25.13273,1.0,1.0
1587,wwww.examiner.com,whas11.com,1,25.13273,1.0,1.0
1588,wwww.examiner.com,orlandosentinel.com,1,25.13273,1.0,1.0
1589,wwww.examiner.com,kyivpost.com,1,25.13273,1.0,1.0
1590,wwww.examiner.com,katu.com,1,25.13273,1.0,1.0
1591,wwww.examiner.com,emilianodorego.blogspot.com,1,25.13273,1.0,1.0
1592,wwww.examiner.com,azdailysun.com,1,25.13273,1.0,1.0
1593,www3.signonsandiego.com,wdnweb.com,1,25.13273,1.0,1.0
1594,www3.signonsandiego.com,tfponline.com,1,25.13273,1.0,1.0
1595,www3.signonsandiego.com,sanluisobispo.com,1,25.13273,1.0,1.0
1596,www3.signonsandiego.com,myrtlebeachonline.com,1,25.13273,1.0,1.0
1597,www3.signonsandiego.com,modbee.com,1,25.13273,1.0,1.0
1598,www3.signonsandiego.com,media.sacbee.com,1,25.13273,1.0,1.0
1599,www3.signonsandiego.com,media.kentucky.com,1,25.13273,1.0,1.0
1600,www3.signonsandiego.com,media.idahostatesman.com,1,25.13273,1.0,1.0
1601,www3.signonsandiego.com,media.adn.com,1,25.13273,1.0,1.0
1602,www3.signonsandiego.com,gazette.com,1,25.13273,1.0,1.0
1603,www3.signonsandiego.com,digitalburg.com,1,25.13273,1.0,1.0
1604,www3.signonsandiego.com,bradenton.com,1,25.13273,1.0,1.0
1605,www2.ljworld.com,zeenews.com,1,25.13273,1.0,1.0
1606,www2.ljworld.com,themoneytimes.com,1,25.13273,1.0,1.0
1607,www2.journalnow.com,wral.com,1,25.13273,1.0,1.0
1608,www2.journalnow.com,sfexaminer.com,1,25.13273,1.0,1.0
1609,www2.journalnow.com,lonelyplanet.com,1,25.13273,1.0,1.0
1610,www2.journalnow.com,ibloga.blogspot.com,1,25.13273,1.0,1.0
1611,www2.journalnow.com,feeds.huffingtonpost.com,1,25.13273,1.0,1.0
1612,www2.journalnow.com,citizen-times.com,1,25.13273,1.0,1.0
1613,www1.whdh.com,www2.journalnow.com,1,25.13273,1.0,1.0
1614,www1.whdh.com,thisfuckingwar.blogspot.com,1,25.13273,1.0,1.0
1615,www1.whdh.com,thesouthern.com,1,25.13273,1.0,1.0
1616,www1.whdh.com,theeagle.com,1,25.13273,1.0,1.0
1617,www1.whdh.com,sun-sentinel.com,1,25.13273,1.0,1.0
1618,www1.whdh.com,sefermpost.com,1,25.13273,1.0,1.0
1619,www1.whdh.com,santamariatimes.com,1,25.13273,1.0,1.0
1620,www1.whdh.com,mywesttexas.com,1,25.13273,1.0,1.0
1621,www1.whdh.com,muscatinejournal.com,1,25.13273,1.0,1.0
1622,www1.whdh.com,military.com,1,25.13273,1.0,1.0
1623,www1.whdh.com,d-day.blogspot.com,1,25.13273,1.0,1.0
1624,www1.whdh.com,columbustelegram.com,1,25.13273,1.0,1.0
1625,wvgazette.com,wsbtv.com,1,25.13273,1.0,1.0
1626,wvgazette.com,ktvu.com,1,25.13273,1.0,1.0
1627,wvgazette.com,dailylocal.com,1,25.13273,1.0,1.0
1628,wvec.com,dailylocal.com,1,25.13273,1.0,1.0
1629,wusa9.com,twocircles.net,1,25.13273,1.0,1.0
1630,wusa9.com,southtownstar.com,1,25.13273,1.0,1.0
1631,wusa9.com,southcoasttoday.com,2,25.13273,9.0,5.0
1632,wusa9.com,semissourian.com,1,25.13273,1.0,1.0
1633,wusa9.com,online.wsj.com,1,25.13273,1.0,1.0
1634,wusa9.com,news.yahoo.com,1,25.13273,1.0,1.0
1635,wusa9.com,iowastatedaily.com,1,25.13273,1.0,1.0
1636,wusa9.com,honoluluadvertiser.com,1,25.13273,1.0,1.0
1637,wusa9.com,freshnews.in,1,25.13273,1.0,1.0
1638,wusa9.com,ecoearth.info,1,25.13273,1.0,1.0
1639,wusa9.com,democraticunderground.com,1,25.13273,1.0,1.0
1640,wusa9.com,climateark.org,1,25.13273,1.0,1.0
1641,wusa9.com,cbsnews.com,2,25.13273,6.0,3.5
1642,wusa9.com,casperstartribune.net,1,25.13273,1.0,1.0
1643,wusa9.com,ca.answers.yahoo.com,1,25.13273,1.0,1.0
1644,wtxl.com,wcax.com,1,25.13273,1.0,1.0
1645,wtxl.com,timesfreepress.com,1,25.13273,1.0,1.0
1646,wtxl.com,thewest.com.au,1,25.13273,1.0,1.0
1647,wtxl.com,pheedo.msnbc.msn.com,1,25.13273,1.0,1.0
1648,wtvm.com,thewbalchannel.com,1,25.13273,1.0,1.0
1649,wtvm.com,thehawaiichannel.com,1,25.13273,1.0,1.0
1650,wtvm.com,thebostonchannel.com,1,25.13273,1.0,1.0
1651,wtopnews.com,onlineathens.com,1,25.13273,1.0,1.0
1652,wtopnews.com,injesus.com,1,25.13273,1.0,1.0
1653,wtopnews.com,boston.com,1,25.13273,1.0,1.0
1654,wtnh.com,profit.ndtv.com,1,25.13273,1.0,1.0
1655,wtnh.com,media.star-telegram.com,1,25.13273,1.0,1.0
1656,wtkr.com,wikio.es,1,25.13273,1.0,1.0
1657,wtkr.com,eluniversal.com,1,25.13273,1.0,1.0
1658,wtkr.com,abc.es,1,25.13273,1.0,1.0
1659,wsoctv.com,wcpo.com:80,1,25.13273,1.0,1.0
1660,wsoctv.com,vaildaily.com,1,25.13273,1.0,1.0
1661,wsoctv.com,citizen-times.com,1,25.13273,1.0,1.0
1662,wsls.com,variety.com,1,25.13273,1.0,1.0
1663,wsls.com,themonitor.com,1,25.13273,1.0,1.0
1664,wsls.com,theaustralian.news.com.au,1,25.13273,1.0,1.0
1665,wsls.com,seacoastonline.com,1,25.13273,1.0,1.0
1666,wsls.com,rutlandherald.com,2,25.13273,1.0,1.0
1667,wsls.com,othersiderainbow.blogspot.com,1,25.13273,1.0,1.0
1668,wsls.com,news4jax.com,1,25.13273,1.0,1.0
1669,wsls.com,local10.com,1,25.13273,1.0,1.0
1670,wsls.com,ksat.com,1,25.13273,1.0,1.0
1671,wsls.com,kptv.com,1,25.13273,1.0,1.0
1672,wsls.com,kctv5.com,1,25.13273,1.0,1.0
1673,wsls.com,fox5vegas.com,1,25.13273,1.0,1.0
1674,wsls.com,eurweb.com,1,25.13273,1.0,1.0
1675,wsls.com,dcexaminer.com,1,25.13273,1.0,1.0
1676,wsls.com,cbs46.com,1,25.13273,1.0,1.0
1677,wsls.com,americanchronicle.com,2,25.13273,1.0,1.0
1678,wsbtv.com,canadaeast.com,1,25.13273,1.0,1.0
1679,wsbt.com,themonitor.com,1,25.13273,1.0,1.0
1680,wsbt.com,shreveporttimes.com,1,25.13273,1.0,1.0
1681,wsbt.com,seacoastonline.com,1,25.13273,1.0,1.0
1682,wsbt.com,presstelegram.com,1,25.13273,1.0,1.0
1683,wsbt.com,post-gazette.com,1,25.13273,1.0,1.0
1684,wsbt.com,onlineathens.com,1,25.13273,1.0,1.0
1685,wsbt.com,heraldonline.com,1,25.13273,1.0,1.0
1686,wsbt.com,daily-herald.com,1,25.13273,1.0,1.0
1687,wsbt.com,chronicle.augusta.com,1,25.13273,1.0,1.0
1688,wsav.com,timesanddemocrat.com,1,25.13273,1.0,1.0
1689,wrex.com,greeleytribune.com,1,25.13273,1.0,1.0
1690,wral.com,wtvm.com,1,25.13273,1.0,1.0
1691,wral.com,wsbtv.com,1,25.13273,1.0,1.0
1692,wral.com,wesh.com,1,25.13273,1.0,1.0
1693,wral.com,wbay.com,1,25.13273,1.0,1.0
1694,wral.com,waff.com,1,25.13273,1.0,1.0
1695,wral.com,statesmanjournal.com,1,25.13273,1.0,1.0
1696,wral.com,pjstar.com,1,25.13273,1.0,1.0
1697,wral.com,newser.com,1,25.13273,1.0,1.0
1698,wral.com,napavalleyregister.com,1,25.13273,1.0,1.0
1699,wral.com,mymotherlode.com,1,25.13273,1.0,1.0
1700,wral.com,local6.com,1,25.13273,1.0,1.0
1701,wral.com,lansingstatejournal.com,1,25.13273,1.0,1.0
1702,wral.com,ktvz.com,1,25.13273,1.0,1.0
1703,wral.com,kttc.com,1,25.13273,1.0,1.0
1704,wral.com,ksby.com,1,25.13273,1.0,1.0
1705,wral.com,ksawtv.com,1,25.13273,1.0,1.0
1706,wral.com,kpax.com,1,25.13273,1.0,1.0
1707,wral.com,kivitv.com,1,25.13273,1.0,1.0
1708,wral.com,kionrightnow.com,1,25.13273,1.0,1.0
1709,wral.com,kgun9.com,1,25.13273,1.0,1.0
1710,wral.com,images.salon.com,1,25.13273,1.0,1.0
1711,wral.com,idahostatesman.com,1,25.13273,1.0,1.0
1712,wral.com,hattiesburgamerican.com,1,25.13273,1.0,1.0
1713,wral.com,fox4now.com,1,25.13273,1.0,1.0
1714,wral.com,click2houston.com,1,25.13273,1.0,1.0
1715,wral.com,abc40.com,1,25.13273,1.0,1.0
1716,wral.com,570news.com,1,25.13273,1.0,1.0
1717,wraithbait.com,prospect.org,1,25.13273,1.0,1.0
1718,wraithbait.com,crooksandliars.com,1,25.13273,1.0,1.0
1719,wotarticle.com,huliq.com,1,25.13273,1.0,1.0
1720,woai.com:80,feeds.cbsnews.com,1,25.13273,1.0,1.0
1721,wntp.townhall.com,mercedsunstar.com,1,25.13273,1.0,1.0
1722,wntp.townhall.com,cnsnews.com,1,25.13273,1.0,1.0
1723,wntp.townhall.com,canadafreepress.com,1,25.13273,1.0,1.0
1724,wmal.com,thebostonchannel.com,1,25.13273,1.0,1.0
1725,wmal.com,kxan.com,1,25.13273,1.0,1.0
1726,wmal.com,freshnews.in,1,25.13273,1.0,1.0
1727,wmal.com,abcactionnews.com:80,1,25.13273,1.0,1.0
1728,wlsam.com,abcactionnews.com:80,1,25.13273,1.0,1.0
1729,winnipegsun.com,sdpnoticias.com,1,25.13273,1.0,1.0
1730,winnipegsun.com,farodevigo.es,1,25.13273,1.0,1.0
1731,winnipegfreepress.com,news1130.com,1,25.13273,1.0,1.0
1732,winnipegfreepress.com,news.sympatico.msn.cbc.ca,1,25.13273,1.0,1.0
1733,winnipegfreepress.com,nationalpost.com,1,25.13273,1.0,1.0
1734,winnipegfreepress.com,cjad.com,1,25.13273,1.0,1.0
1735,winnipegfreepress.com,brownsvilleherald.com,1,25.13273,1.0,1.0
1736,winnipegfreepress.com,abc3340.com,1,25.13273,1.0,1.0
1737,winnipegfreepress.com,680news.com,1,25.13273,1.0,1.0
1738,wikio.com,wbztv.com,2,25.13273,1.0,1.0
1739,wikio.com,turkishpress.com,1,25.13273,1.0,1.0
1740,wikio.com,thedailynewsonline.com,1,25.13273,1.0,1.0
1741,wikio.com,reflector.com,1,25.13273,1.0,1.0
1742,wikio.com,news-record.com,1,25.13273,1.0,1.0
1743,wikio.com,nashville.metromix.com,1,25.13273,1.0,1.0
1744,wikio.com,masslive.com,1,25.13273,1.0,1.0
1745,wikio.com,haaretz.com,1,25.13273,1.0,1.0
1746,wikio.com,fox4kc.com,1,25.13273,1.0,1.0
1747,wikio.com,entertainment.msn.com,1,25.13273,1.0,1.0
1748,wikio.com,docstalk.blogspot.com,1,25.13273,1.0,1.0
1749,wikio.com,digitalspy.co.uk,1,25.13273,1.0,1.0
1750,wikio.com,delcotimes.com,1,25.13273,1.0,1.0
1751,wikio.com,couriermail.news.com.au,1,25.13273,1.0,1.0
1752,wikio.com,cbs8.com,1,25.13273,1.0,1.0
1753,wikio.com,cbs3.com,2,25.13273,1.0,1.0
1754,wikio.com,accessatlanta.com,1,25.13273,1.0,1.0
1755,wikio.com,590klbj.com,1,25.13273,1.0,1.0
1756,wikio.com,3news.co.nz,1,25.13273,1.0,1.0
1757,wikio.co.uk,vosizneias.com,1,25.13273,1.0,1.0
1758,wikio.co.uk,thenation.com,1,25.13273,1.0,1.0
1759,wikio.co.uk,rollingstone.com,1,25.13273,1.0,1.0
1760,wikio.co.uk,riverdaughter.wordpress.com,1,25.13273,1.0,1.0
1761,wikio.co.uk,popwatch.ew.com,1,25.13273,1.0,1.0
1762,wikio.co.uk,newsmax.com,1,25.13273,1.0,1.0
1763,wikio.co.uk,foxnews.com,1,25.13273,1.0,1.0
1764,wikio.co.uk,feeds.stlouisnews.net,1,25.13273,1.0,1.0
1765,wikio.co.uk,dailytimes.com.pk,1,25.13273,1.0,1.0
1766,wikio.co.uk,alternet.org,1,25.13273,1.0,1.0
1767,wikio.co.uk,aceshowbiz.com,1,25.13273,1.0,1.0
1768,whotv.com,carnageandculture.blogspot.com,1,25.13273,1.0,1.0
1769,whitesoap.com,allafrica.com,1,25.13273,1.0,1.0
1770,whatsonwinnipeg.com,investorsiraq.com,1,25.13273,1.0,1.0
1771,whatsonwinnipeg.com,iht.com,1,25.13273,1.0,1.0
1772,whas11.com,uk.news.yahoo.com,1,25.13273,1.0,1.0
1773,whas11.com,thestar.com,1,25.13273,1.0,1.0
1774,whas11.com,themoneytimes.com,1,25.13273,1.0,1.0
1775,whas11.com,mirror.co.uk,1,25.13273,1.0,1.0
1776,whas11.com,jam.canoe.ca,1,25.13273,1.0,1.0
1777,whas11.com,forbes.com,1,25.13273,1.0,1.0
1778,whas11.com,entertainment.msn.com,1,25.13273,1.0,1.0
1779,whas11.com,dailyexpress.co.uk,1,25.13273,1.0,1.0
1780,whas11.com,accessatlanta.com,1,25.13273,1.0,1.0
1781,wgntv.com,news.cnet.com,1,25.13273,1.0,1.0
1782,wgnradio.com,timesargus.com,1,25.13273,1.0,1.0
1783,wgnradio.com,the-two-malcontents.com,1,25.13273,1.0,1.0
1784,wfaa.com,kptv.com,1,25.13273,1.0,1.0
1785,wfaa.com,fox5vegas.com,1,25.13273,1.0,1.0
1786,wfaa.com,dailyherald.com,1,25.13273,1.0,1.0
1787,wesh.com,mysinchew.com,1,25.13273,1.0,1.0
1788,wesh.com,fox5vegas.com,1,25.13273,1.0,1.0
1789,weblogs.chicagotribune.com,weblogs.baltimoresun.com,1,25.13273,1.0,1.0
1790,weblogs.chicagotribune.com,techchuck.com,1,25.13273,1.0,1.0
1791,weblogs.chicagotribune.com,saukvalley.com,1,25.13273,1.0,1.0
1792,weblogs.chicagotribune.com,libertylounge.net,1,25.13273,1.0,1.0
1793,weblogs.chicagotribune.com,freep.com,1,25.13273,1.0,1.0
1794,weblogs.chicagotribune.com,brisbanetimes.com.au,1,25.13273,1.0,1.0
1795,weblogs.baltimoresun.com,starpulse.com,1,25.13273,1.0,1.0
1796,weblogs.baltimoresun.com,pr-inside.com,1,25.13273,1.0,1.0
1797,weblogs.baltimoresun.com,postchronicle.com,1,25.13273,1.0,1.0
1798,weblogs.baltimoresun.com,forum.dvdtalk.com,1,25.13273,1.0,1.0
1799,weblogs.baltimoresun.com,etonline.com,1,25.13273,1.0,1.0
1800,weblogs.baltimoresun.com,digitalspy.co.uk,1,25.13273,1.0,1.0
1801,weblogs.baltimoresun.com,dailyexpress.co.uk,1,25.13273,1.0,1.0
1802,weblogs.baltimoresun.com,contactmusic.com,1,25.13273,1.0,1.0
1803,wctv.tv,kolotv.com,1,25.13273,1.0,1.0
1804,wctv.tv,heraldnet.com,1,25.13273,1.0,1.0
1805,wctv.tv,detnews.com,1,25.13273,1.0,1.0
1806,wctv.tv,ctv.ca,1,25.13273,1.0,1.0
1807,wcpo.com:80,wyomingnews.com,1,25.13273,1.0,1.0
1808,wcpo.com:80,thebostonchannel.com,1,25.13273,1.0,1.0
1809,wcpo.com:80,msn.foxsports.com,1,25.13273,1.0,1.0
1810,wcpo.com:80,feeds.stlouisnews.net,1,25.13273,1.0,1.0
1811,wcco.com,rss.cnn.com,1,25.13273,1.0,1.0
1812,wcco.com,online.wsj.com,1,25.13273,1.0,1.0
1813,wcco.com,jam.canoe.ca,1,25.13273,1.0,1.0
1814,wcco.com,cbsnews.com,1,25.13273,1.0,1.0
1815,wcbstv.com,thinkprogress.org,1,25.13273,1.0,1.0
1816,wcbstv.com,nbcsports.msnbc.com,1,25.13273,1.0,1.0
1817,wcbstv.com,cbs4.com,2,25.13273,1.0,1.0
1818,wcbstv.com,cbs11tv.com,2,25.13273,1.0,1.0
1819,wcax.com,localnews8.com,1,25.13273,1.0,1.0
1820,wbt.com,spokesman.com,1,25.13273,1.0,1.0
1821,wbt.com,salon.com,1,25.13273,1.0,1.0
1822,wbt.com,nola.com,1,25.13273,1.0,1.0
1823,wbt.com,news1130.com,1,25.13273,1.0,1.0
1824,wbt.com,goerie.com,2,25.13273,4.0,2.5
1825,wbt.com,fresnobee.com,1,25.13273,1.0,1.0
1826,wbt.com,fox59.com,1,25.13273,1.0,1.0
1827,wbt.com,dailyreportonline.com,1,25.13273,1.0,1.0
1828,wbt.com,daily-jeff.com,1,25.13273,1.0,1.0
1829,wbt.com,daily-herald.com,2,25.13273,1.0,1.0
1830,wbt.com,cnews.canoe.ca,1,25.13273,1.0,1.0
1831,wbt.com,clkurl.com,1,25.13273,1.0,1.0
1832,wbt.com,abclocal.go.com,2,25.13273,1.0,1.0
1833,wbbm780.com,gatesofvienna.blogspot.com,1,25.13273,1.0,1.0
1834,wbay.com,wsbradio.com,2,25.13273,1.0,1.0
1835,wbay.com,sweetness-light.com,1,25.13273,1.0,1.0
1836,wbay.com,michnews.com,1,25.13273,1.0,1.0
1837,wbay.com,mahalo.com,1,25.13273,1.0,1.0
1838,wbay.com,libertylounge.net,1,25.13273,1.0,1.0
1839,wbay.com,kltv.com,1,25.13273,1.0,1.0
1840,wbay.com,blog.beliefnet.com,1,25.13273,1.0,1.0
1841,wbay.com,beltwayblips.dailyradar.com,1,25.13273,1.0,1.0
1842,wattpad.com,wsls.com,1,25.13273,1.0,1.0
1843,wattpad.com,timesdispatch.com,1,25.13273,1.0,1.0
1844,wattpad.com,sunherald.com,1,25.13273,1.0,1.0
1845,washingtontimes.com,tsn.ca,1,25.13273,1.0,1.0
1846,washingtontimes.com,gretawire.foxnews.com,1,25.13273,1.0,1.0
1847,washingtontimes.com,forbes.com,1,25.13273,1.0,1.0
1848,washingtontimes.com,darthchaosofrspw.wordpress.com,1,25.13273,1.0,1.0
1849,washingtontimes.com,aikenstandard.com,1,25.13273,1.0,1.0
1850,washingtonpost.com,todayszaman.com,1,25.13273,1.0,1.0
1851,washingtonpost.com,newsdaily.com,1,25.13273,1.0,1.0
1852,washingtonpost.com,moneycentral.msn.com,1,25.13273,1.0,1.0
1853,washingtonmonthly.com,grandforksherald.com,1,25.13273,1.0,1.0
1854,washingtonmonthly.com,gle.am,1,25.13273,1.0,1.0
1855,washingtonmonthly.com,forums.somd.com,1,25.13273,1.0,1.0
1856,washingtonmonthly.com,feeds.gawker.com,1,25.13273,1.0,1.0
1857,washingtonmonthly.com,cbsnews.com,1,25.13273,1.0,1.0
1858,walesonline.co.uk,themoneytimes.com,1,25.13273,1.0,1.0
1859,walesonline.co.uk,statesman.com,1,25.13273,1.0,1.0
1860,walesonline.co.uk,iafrica.com,2,25.13273,1.0,1.0
1861,walesonline.co.uk,celebritymound.com,1,25.13273,1.0,1.0
1862,walesonline.co.uk,actualteam.com,1,25.13273,1.0,1.0
1863,walesonline.co.uk,aceshowbiz.com,1,25.13273,1.0,1.0
1864,voxverax.blogspot.com,truthout.org,1,25.13273,1.0,1.0
1865,voxverax.blogspot.com,theautomaticearth.blogspot.com,1,25.13273,1.0,1.0
1866,vosizneias.com,theodoresworld.net,1,25.13273,1.0,1.0
1867,vosizneias.com,theledger.com,1,25.13273,1.0,1.0
1868,vosizneias.com,theage.com.au,1,25.13273,1.0,1.0
1869,vosizneias.com,progressivenewsdaily.com,1,25.13273,1.0,1.0
1870,vosizneias.com,news.xinhuanet.com,1,25.13273,1.0,1.0
1871,vosizneias.com,gunnyg.wordpress.com,1,25.13273,1.0,1.0
1872,vosizneias.com,clipmarks.com,1,25.13273,1.0,1.0
1873,vosizneias.com,bloomberg.com,1,25.13273,1.0,1.0
1874,voices.washingtonpost.com,x.techwheat.com,1,25.13273,1.0,1.0
1875,voices.washingtonpost.com,wcfcourier.com,1,25.13273,1.0,1.0
1876,voices.washingtonpost.com,thisfuckingwar.blogspot.com,1,25.13273,1.0,1.0
1877,voices.washingtonpost.com,thestate.com,1,25.13273,1.0,1.0
1878,voices.washingtonpost.com,sanluisobispo.com,1,25.13273,1.0,1.0
1879,voices.washingtonpost.com,rockymounttelegram.com,1,25.13273,1.0,1.0
1880,voices.washingtonpost.com,reflector.com,1,25.13273,1.0,1.0
1881,voices.washingtonpost.com,readingeagle.com,1,25.13273,1.0,1.0
1882,voices.washingtonpost.com,prospect.org,1,25.13273,1.0,1.0
1883,voices.washingtonpost.com,primebuzz.kcstar.com,1,25.13273,1.0,1.0
1884,voices.washingtonpost.com,post-gazette.com,1,25.13273,1.0,1.0
1885,voices.washingtonpost.com,msnbc.msn.com,1,25.13273,1.0,1.0
1886,voices.washingtonpost.com,independent.ie,1,25.13273,1.0,1.0
1887,voices.washingtonpost.com,gretawire.foxnews.com,1,25.13273,1.0,1.0
1888,voices.washingtonpost.com,gadsdentimes.com,1,25.13273,1.0,1.0
1889,voices.washingtonpost.com,dailyadvance.com,1,25.13273,1.0,1.0
1890,voices.washingtonpost.com,connpolitics.tv,1,25.13273,1.0,1.0
1891,voices.washingtonpost.com,capitolhillblue.com,1,25.13273,1.0,1.0
1892,voices.washingtonpost.com,beatricedailysun.com,1,25.13273,1.0,1.0
1893,voices.washingtonpost.com,au.answers.yahoo.com,1,25.13273,1.0,1.0
1894,vnnforum.com,prisonplanet.com,1,25.13273,1.0,1.0
1895,vnnforum.com,freep.com,1,25.13273,1.0,1.0
1896,vh1.com,olympics.thestar.com,1,25.13273,1.0,1.0
1897,variety.com,winnipegfreepress.com,1,25.13273,1.0,1.0
1898,variety.com,prnewswire.com,1,25.13273,1.0,1.0
1899,vaildaily.com,saukvalley.com,1,25.13273,1.0,1.0
1900,vaildaily.com,cbs4denver.com,1,25.13273,1.0,1.0
1901,uspolitics.tribe.net,eastvalleytribune.com,1,25.13273,1.0,1.0
1902,uspolitics.tribe.net,corner.nationalreview.com,1,25.13273,1.0,1.0
1903,uspolitics.tribe.net,allvoices.com,2,25.13273,1.0,1.0
1904,usnews.com,washingtontimes.com,1,25.13273,1.0,1.0
1905,usnews.com,trentonian.com,1,25.13273,1.0,1.0
1906,usnews.com,newsbusters.org,1,25.13273,1.0,1.0
1907,usnews.com,khaleejtimes.com,1,25.13273,1.0,1.0
1908,usnews.com,ireport.com,1,25.13273,1.0,1.0
1909,usnews.com,blogs.myspace.com,1,25.13273,1.0,1.0
1910,usatoday.com,wralsportsfan.com,1,25.13273,1.0,1.0
1911,usatoday.com,rockymounttelegram.com,1,25.13273,1.0,1.0
1912,usatoday.com,ottawasun.com,2,25.13273,1.0,1.0
1913,usatoday.com,mobile.reuters.com,1,25.13273,1.0,1.0
1914,usatoday.com,kcra.com,1,25.13273,1.0,1.0
1915,usatoday.com,fayobserver.com,1,25.13273,1.0,1.0
1916,usatoday.com,clickorlando.com,2,25.13273,1.0,1.0
1917,usatoday.com,againstobama.com,1,25.13273,1.0,1.0
1918,us.cnn.com,uspolitics.tribe.net,1,25.13273,1.0,1.0
1919,us.cnn.com,starnewsonline.com,1,25.13273,1.0,1.0
1920,us.cnn.com,othersiderainbow.blogspot.com,1,25.13273,1.0,1.0
1921,us.cnn.com,jihadwatch.org,1,25.13273,1.0,1.0
1922,us.cnn.com,heraldtribune.com,1,25.13273,1.0,1.0
1923,us.cnn.com,gadsdentimes.com,1,25.13273,1.0,1.0
1924,us.cnn.com,alternet.org,1,25.13273,1.0,1.0
1925,upi.com,vh1.com,1,25.13273,1.0,1.0
1926,upi.com,people.com,1,25.13273,1.0,1.0
1927,upi.com,newsmax.com,1,25.13273,1.0,1.0
1928,upi.com,mtv.com,1,25.13273,1.0,1.0
1929,upi.com,knx1070.com,1,25.13273,1.0,1.0
1930,upi.com,jezebel.com,1,25.13273,1.0,1.0
1931,upi.com,detnews.com,1,25.13273,1.0,1.0
1932,upi.com,411mania.com,1,25.13273,1.0,1.0
1933,uncyclopedia.wikia.com,free-ebooks.tistory.com,1,25.13273,1.0,1.0
1934,uk.reuters.com,wsvn.com,1,25.13273,1.0,1.0
1935,uk.reuters.com,timesoftheinternet.com,1,25.13273,1.0,1.0
1936,uk.reuters.com,thenewstribune.com,1,25.13273,1.0,1.0
1937,uk.reuters.com,shreveporttimes.com,1,25.13273,1.0,1.0
1938,uk.reuters.com,post-gazette.com,1,25.13273,1.0,1.0
1939,uk.reuters.com,pbs.org,1,25.13273,1.0,1.0
1940,uk.reuters.com,nypost.com,1,25.13273,1.0,1.0
1941,uk.reuters.com,news-record.com,1,25.13273,1.0,1.0
1942,uk.reuters.com,motherjones.com,1,25.13273,1.0,1.0
1943,uk.reuters.com,inforum.com,1,25.13273,1.0,1.0
1944,uk.reuters.com,freshnews.in,2,25.13273,1.0,1.0
1945,uk.reuters.com,feeds.gothamistllc.com,1,25.13273,1.0,1.0
1946,uk.reuters.com,farodevigo.es,1,25.13273,1.0,1.0
1947,uk.reuters.com,edition.cnn.com,1,25.13273,1.0,1.0
1948,uk.reuters.com,diarioinformacion.com,1,25.13273,1.0,1.0
1949,uk.reuters.com,courant.com,1,25.13273,1.0,1.0
1950,uk.reuters.com,buffalonews.com,1,25.13273,1.0,1.0
1951,uk.reuters.com,blog.taragana.com,2,25.13273,1.0,1.0
1952,uk.reuters.com,blackamericaweb.com,1,25.13273,1.0,1.0
1953,uk.reuters.com,airamerica.com,1,25.13273,1.0,1.0
1954,uk.news.yahoo.com,informador.com.mx,1,25.13273,1.0,1.0
1955,uk.news.yahoo.com,canadafreepress.com,1,25.13273,1.0,1.0
1956,uk.news.yahoo.com,boston.com,2,25.13273,1.0,1.0
1957,uk.eonline.com,themoneytimes.com,1,25.13273,1.0,1.0
1958,uk.eonline.com,seattlepi.com,1,25.13273,1.0,1.0
1959,uk.eonline.com,mercurynews.com,1,25.13273,1.0,1.0
1960,uk.eonline.com,forum.dvdtalk.com,1,25.13273,1.0,1.0
1961,uk.eonline.com,conservapedia.com,1,25.13273,1.0,1.0
1962,uk.eonline.com,charlotteobserver.com,1,25.13273,1.0,1.0
1963,uk.eonline.com,celebritygossip.epicureforum.com,1,25.13273,1.0,1.0
1964,uk.eonline.com,bostonherald.com,1,25.13273,1.0,1.0
1965,uk.eonline.com,blackamericaweb.com,1,25.13273,1.0,1.0
1966,uk.eonline.com,azcentral.com,1,25.13273,1.0,1.0
1967,twocircles.net,globalresearch.ca,1,25.13273,1.0,1.0
1968,twincities.com,drudge.com,1,25.13273,1.0,1.0
1969,tuscaloosanews.com,stltoday.com,1,25.13273,1.0,1.0
1970,tulsaworld.com,bulletin.aarp.org,1,25.13273,1.0,1.0
1971,tucsoncitizen.com,pressdemocrat.com,1,25.13273,1.0,1.0
1972,tucsoncitizen.com,newsbusters.org,1,25.13273,1.0,1.0
1973,tucsoncitizen.com,fresnobee.com,1,25.13273,1.0,1.0
1974,tucsoncitizen.com,dailylocal.com,1,25.13273,1.0,1.0
1975,tucsoncitizen.com,alertnet.org,1,25.13273,1.0,1.0
1976,tsn.ca,spokesman.com,1,25.13273,1.0,1.0
1977,tsn.ca,sltrib.com,1,25.13273,1.0,1.0
1978,tsn.ca,news-press.com,1,25.13273,1.0,1.0
1979,tsn.ca,cbc.ca,1,25.13273,1.0,1.0
1980,tsn.ca,bleacherreport.com,1,25.13273,1.0,1.0
1981,truthseeker2473.blogspot.com,voxverax.blogspot.com,1,25.13273,1.0,1.0
1982,truthseeker2473.blogspot.com,dprogram.net,1,25.13273,1.0,1.0
1983,truthout.org,theragblog.blogspot.com,1,25.13273,1.0,1.0
1984,truthout.org,themoderatevoice.com,1,25.13273,1.0,1.0
1985,truthout.org,news.com.au,1,25.13273,1.0,1.0
1986,truthout.org,michaelmoore.com,1,25.13273,1.0,1.0
1987,truthout.org,couriermail.news.com.au,1,25.13273,1.0,1.0
1988,truthout.org,commondreams.org,1,25.13273,1.0,1.0
1989,townhall.com,thinkprogress.org,1,25.13273,1.0,1.0
1990,townhall.com,online.wsj.com,1,25.13273,1.0,1.0
1991,townhall.com,in.news.yahoo.com,1,25.13273,1.0,1.0
1992,townhall.com,clipmarks.com,1,25.13273,1.0,1.0
1993,torontosun.com,cnews.canoe.ca,1,25.13273,1.0,1.0
1994,topnews.in,wtkr.com,1,25.13273,1.0,1.0
1995,topnews.in,wsvn.com,1,25.13273,1.0,1.0
1996,topnews.in,wibw.com,1,25.13273,1.0,1.0
1997,topnews.in,twincities.com,1,25.13273,1.0,1.0
1998,topnews.in,tdn.com,1,25.13273,1.0,1.0
1999,topnews.in,startribune.com,1,25.13273,1.0,1.0
2000,topnews.in,shreveporttimes.com,1,25.13273,1.0,1.0
2001,topnews.in,seattletimes.nwsource.com,1,25.13273,1.0,1.0
2002,topnews.in,seacoastonline.com,1,25.13273,1.0,1.0
2003,topnews.in,roguegovernment.com,1,25.13273,1.0,1.0
2004,topnews.in,nwotruth.com,1,25.13273,1.0,1.0
2005,topnews.in,nwi.com,1,25.13273,1.0,1.0
2006,topnews.in,mg.co.za,1,25.13273,1.0,1.0
2007,topnews.in,mcall.com,1,25.13273,1.0,1.0
2008,topnews.in,kgun9.com,1,25.13273,1.0,1.0
2009,topnews.in,groups.google.com,1,25.13273,1.0,1.0
2010,topnews.in,ecoearth.info,1,25.13273,1.0,1.0
2011,topnews.in,detnews.com,1,25.13273,1.0,1.0
2012,topnews.in,climateark.org,1,25.13273,1.0,1.0
2013,topnews.in,bismarcktribune.com,1,25.13273,1.0,1.0
2014,topnews.in,adn.com,1,25.13273,1.0,1.0
2015,topnews.in,accesshollywood.com,1,25.13273,1.0,1.0
2016,topnews.in,accessatlanta.com,1,25.13273,1.0,1.0
2017,topnews.in,560wind.townhall.com,1,25.13273,1.0,1.0
2018,todayszaman.com,feeds.washingtonpost.com,1,25.13273,1.0,1.0
2019,todayszaman.com,blognetnews.com,1,25.13273,1.0,1.0
2020,todayszaman.com,bit.ly,1,25.13273,1.0,1.0
2021,timesonline.co.uk,theaustralian.news.com.au,2,25.13273,1.0,1.0
2022,timesonline.co.uk,sportsillustrated.cnn.com,1,25.13273,1.0,1.0
2023,timesonline.co.uk,news.xinhuanet.com,1,25.13273,1.0,1.0
2024,timesonline.co.uk,mirror.co.uk,2,25.13273,1.0,1.0
2025,timesonline.co.uk,independent.ie,1,25.13273,1.0,1.0
2026,timesonline.co.uk,docstalk.blogspot.com,1,25.13273,1.0,1.0
2027,timesonline.co.uk,crooksandliars.com,1,25.13273,1.0,1.0
2028,timesonline.co.uk,buckinghamshireadvertiser.co.uk,1,25.13273,1.0,1.0
2029,timesonline.co.uk,birminghampost.net,1,25.13273,1.0,1.0
2030,timesonline.co.uk,belfasttelegraph.co.uk,2,25.13273,1.0,1.0
2031,timesoftheinternet.com,mycentraljersey.com,1,25.13273,1.0,1.0
2032,timesofindia.indiatimes.com,thehimalayantimes.com,1,25.13273,1.0,1.0
2033,timesofindia.indiatimes.com,suntimes.com,1,25.13273,1.0,1.0
2034,timesofindia.indiatimes.com,smh.com.au,1,25.13273,1.0,1.0
2035,timesofindia.indiatimes.com,prisonplanet.com,1,25.13273,1.0,1.0
2036,timesofindia.indiatimes.com,prairiepundit.blogspot.com,1,25.13273,1.0,1.0
2037,timesofindia.indiatimes.com,dprogram.net,1,25.13273,1.0,1.0
2038,timesofindia.indiatimes.com,brisbanetimes.com.au,1,25.13273,1.0,1.0
2039,timesleader.com,forums.slickdeals.net,1,25.13273,1.0,1.0
2040,timesleader.com,dailyreportonline.com,1,25.13273,1.0,1.0
2041,timesleader.com,canadianbusiness.com,1,25.13273,1.0,1.0
2042,timesdaily.com,cnbc.com,1,25.13273,1.0,1.0
2043,thinkprogress.org,infowars.com,1,25.13273,1.0,1.0
2044,thinkprogress.org,forum.brokeroutpost.com,1,25.13273,1.0,1.0
2045,thinkprogress.org,dprogram.net,1,25.13273,1.0,1.0
2046,thinkprogress.org,congresscheck.com,1,25.13273,1.0,1.0
2047,thewest.com.au,vosizneias.com,1,25.13273,1.0,1.0
2048,thewest.com.au,theaustralian.news.com.au,1,25.13273,1.0,1.0
2049,thewest.com.au,theage.com.au,1,25.13273,1.0,1.0
2050,thewest.com.au,news.ninemsn.com.au,1,25.13273,1.0,1.0
2051,thewest.com.au,news.com.au,1,25.13273,1.0,1.0
2052,thewest.com.au,mysinchew.com,1,25.13273,1.0,1.0
2053,thewest.com.au,khaleejtimes.com,2,25.13273,1.0,1.0
2054,thewest.com.au,au.rd.yahoo.com,1,25.13273,1.0,1.0
2055,thewest.com.au,asia.news.yahoo.com,1,25.13273,1.0,1.0
2056,thevelvethottub.com,seattlepi.nwsource.com,1,25.13273,1.0,1.0
2057,thevelvethottub.com,pr-inside.com,1,25.13273,1.0,1.0
2058,thevelvethottub.com,news24.com,1,25.13273,1.0,1.0
2059,thevelvethottub.com,mashget.com,1,25.13273,1.0,1.0
2060,thevelvethottub.com,iol.co.za,1,25.13273,1.0,1.0
2061,thevelvethottub.com,icelebz.com,2,25.13273,1.0,1.0
2062,thevelvethottub.com,eonline.com,2,25.13273,1.0,1.0
2063,thevelvethottub.com,celebritygossip.epicureforum.com,1,25.13273,1.0,1.0
2064,thevelvethottub.com,allvoices.com,1,25.13273,1.0,1.0
2065,thevelvethottub.com,abcnews.go.com,1,25.13273,1.0,1.0
2066,theunion.com,tucsoncitizen.com,1,25.13273,1.0,1.0
2067,theunion.com,realclearpolitics.com,1,25.13273,1.0,1.0
2068,theunion.com,ajc.com,1,25.13273,1.0,1.0
2069,thestate.com,tri-cityherald.com,1,25.13273,1.0,1.0
2070,thestate.com,telegram.com,1,25.13273,1.0,1.0
2071,thestate.com,muscatinejournal.com,1,25.13273,1.0,1.0
2072,thestar.com.my,theage.com.au,1,25.13273,1.0,1.0
2073,thestar.com.my,blogs.abcnews.com,1,25.13273,1.0,1.0
2074,thestar.com.my,belfasttelegraph.co.uk,1,25.13273,1.0,1.0
2075,thestar.com,showhype.com,1,25.13273,1.0,1.0
2076,thestar.com,64.90.166.18,1,25.13273,1.0,1.0
2077,therearenosunglasses.wordpress.com,scrippsnews.net,1,25.13273,1.0,1.0
2078,therearenosunglasses.wordpress.com,scrippsnews.com,1,25.13273,1.0,1.0
2079,therearenosunglasses.wordpress.com,prevuze.blogspot.com,1,25.13273,1.0,1.0
2080,therearenosunglasses.wordpress.com,opednews.com,1,25.13273,1.0,1.0
2081,therearenosunglasses.wordpress.com,in.answers.yahoo.com,1,25.13273,1.0,1.0
2082,therearenosunglasses.wordpress.com,darthchaosofrspw.wordpress.com,1,25.13273,1.0,1.0
2083,therearenosunglasses.wordpress.com,commondreams.org,1,25.13273,1.0,1.0
2084,thepoliticalcarnival.blogspot.com,topnews.in,1,25.13273,1.0,1.0
2085,thepoliticalcarnival.blogspot.com,thenation.com,1,25.13273,1.0,1.0
2086,thepoliticalcarnival.blogspot.com,riverdaughter.wordpress.com,1,25.13273,1.0,1.0
2087,thepoliticalcarnival.blogspot.com,redstate.com,1,25.13273,1.0,1.0
2088,thepoliticalcarnival.blogspot.com,rawstory.com,1,25.13273,1.0,1.0
2089,thepoliticalcarnival.blogspot.com,progressivenewsdaily.com,1,25.13273,1.0,1.0
2090,thepoliticalcarnival.blogspot.com,noquarterusa.net,1,25.13273,1.0,1.0
2091,thepoliticalcarnival.blogspot.com,investorsiraq.com,1,25.13273,1.0,1.0
2092,thepoliticalcarnival.blogspot.com,feedproxy.google.com,1,25.13273,1.0,1.0
2093,thepoliticalcarnival.blogspot.com,crooksandliars.com,1,25.13273,1.0,1.0
2094,thepoliticalcarnival.blogspot.com,blog.taragana.com,1,25.13273,1.0,1.0
2095,thepoliticalcarnival.blogspot.com,beltwayblips.dailyradar.com,2,25.13273,1.0,1.0
2096,theodoresworld.net,blogs.chron.com,1,25.13273,1.0,1.0
2097,thenorthwestern.com,marketwatch.com,1,25.13273,1.0,1.0
2098,thenation.com,democraticunderground.com,1,25.13273,1.0,1.0
2099,thenation.com,belfasttelegraph.co.uk,1,25.13273,1.0,1.0
2100,themoderatevoice.com,feeds.feedburner.com,1,25.13273,1.0,1.0
2101,themoderatevoice.com,americanchronicle.com,1,25.13273,1.0,1.0
2102,theledger.com,news.yahoo.com,1,25.13273,1.0,1.0
2103,theleafchronicle.com,thedailytimes.com,1,25.13273,1.0,1.0
2104,theleafchronicle.com,rrstar.com,1,25.13273,1.0,1.0
2105,theleafchronicle.com,nola.com,1,25.13273,1.0,1.0
2106,theleafchronicle.com,app.com,1,25.13273,1.0,1.0
2107,thehimalayantimes.com,wikio.co.uk,1,25.13273,1.0,1.0
2108,thehimalayantimes.com,dailytimes.com.pk,1,25.13273,1.0,1.0
2109,theglobeandmail.com,wfaa.com,1,25.13273,1.0,1.0
2110,theglobeandmail.com,wcco.com,2,25.13273,1.0,1.0
2111,theglobeandmail.com,timesargus.com,2,25.13273,1.0,1.0
2112,theglobeandmail.com,thevelvethottub.com,1,25.13273,1.0,1.0
2113,theglobeandmail.com,stuff.co.nz,1,25.13273,1.0,1.0
2114,theglobeandmail.com,statesman.com,1,25.13273,1.0,1.0
2115,theglobeandmail.com,startribune.com,1,25.13273,1.0,1.0
2116,theglobeandmail.com,sacbee.com,1,25.13273,1.0,1.0
2117,theglobeandmail.com,postchronicle.com,1,25.13273,1.0,1.0
2118,theglobeandmail.com,nypost.com,1,25.13273,1.0,1.0
2119,theglobeandmail.com,newsvine.com,1,25.13273,1.0,1.0
2120,theglobeandmail.com,newsok.com,1,25.13273,1.0,1.0
2121,theglobeandmail.com,minx.cc,1,25.13273,1.0,1.0
2122,theglobeandmail.com,kansascity.com,1,25.13273,1.0,1.0
2123,theglobeandmail.com,dailyherald.com,1,25.13273,1.0,1.0
2124,theglobeandmail.com,clickondetroit.com,1,25.13273,1.0,1.0
2125,theglobeandmail.com,celebritymound.com,1,25.13273,1.0,1.0
2126,theglobeandmail.com,cbc.ca,1,25.13273,1.0,1.0
2127,theglobeandmail.com,ace.new.mu.nu,1,25.13273,1.0,1.0
2128,theglobeandmail.com,abcnews.go.com,1,25.13273,1.0,1.0
2129,theday.com,bismarcktribune.com,1,25.13273,1.0,1.0
2130,thedailytimes.com,theleafchronicle.com,1,25.13273,1.0,1.0
2131,thechronicleherald.ca,theglobeandmail.com,1,25.13273,1.0,1.0
2132,theautomaticearth.blogspot.com,stuff.co.nz,1,25.13273,1.0,1.0
2133,theaustralian.news.com.au,cleveland.com,1,25.13273,1.0,1.0
2134,theaustralian.news.com.au,breakingnews.ie,2,25.13273,7.0,4.0
2135,the-two-malcontents.com,patdollard.com,1,25.13273,1.0,1.0
2136,the-two-malcontents.com,ibloga.blogspot.com,1,25.13273,1.0,1.0
2137,the-two-malcontents.com,firstread.msnbc.msn.com,1,25.13273,1.0,1.0
2138,the-dispatch.com,sltrib.com,1,25.13273,1.0,1.0
2139,tennessean.com,bulletin.aarp.org,1,25.13273,1.0,1.0
2140,telegraph.co.uk,wattpad.com,1,25.13273,1.0,1.0
2141,telegraph.co.uk,rss.cnn.com,1,25.13273,1.0,1.0
2142,telegraph.co.uk,michaelmoore.com,1,25.13273,1.0,1.0
2143,telegraph.co.uk,ireport.com,1,25.13273,1.0,1.0
2144,telegraph.co.uk,features.csmonitor.com,1,25.13273,1.0,1.0
2145,telegraph.co.uk,cnnwire.blogs.cnn.com,1,25.13273,1.0,1.0
2146,techchuck.com,nowpublic.com,1,25.13273,1.0,1.0
2147,techchuck.com,news.yahoo.com,2,25.13273,1.0,1.0
2148,tdn.com,lonelyplanet.com,1,25.13273,1.0,1.0
2149,sweetness-light.com,politico.com,1,25.13273,1.0,1.0
2150,sweetness-light.com,brownpelicanla.com,1,25.13273,1.0,1.0
2151,swamppolitics.com,weblogs.chicagotribune.com,1,25.13273,1.0,1.0
2152,sun-sentinel.com,orlandosentinel.com,1,25.13273,1.0,1.0
2153,stuff.co.nz,phillyburbs.com,1,25.13273,1.0,1.0
2154,stuff.co.nz,news24.com,1,25.13273,1.0,1.0
2155,stuff.co.nz,news.com.au,1,25.13273,1.0,1.0
2156,stuff.co.nz,3news.co.nz,1,25.13273,1.0,1.0
2157,storage.itworld.com,smh.com.au,1,25.13273,1.0,1.0
2158,storage.itworld.com,philly.com,2,25.13273,1.0,1.0
2159,storage.itworld.com,forbes.com,1,25.13273,1.0,1.0
2160,stltoday.com,seattletimes.nwsource.com,1,25.13273,1.0,1.0
2161,stltoday.com,kansascity.com,1,25.13273,1.0,1.0
2162,stltoday.com,californiachronicle.com,1,25.13273,1.0,1.0
2163,statesmanjournal.com,bleacherreport.com,1,25.13273,1.0,1.0
2164,statesman.com,theleafchronicle.com,1,25.13273,1.0,1.0
2165,statesman.com,story.seattlebulletin.com,1,25.13273,1.0,1.0
2166,statesman.com,salon.com,1,25.13273,1.0,1.0
2167,statesman.com,kdwn.com,1,25.13273,1.0,1.0
2168,statesman.com,durangoherald.com,1,25.13273,1.0,1.0
2169,statesman.com,dailymail.com,1,25.13273,1.0,1.0
2170,statesman.com,daily-jeff.com,1,25.13273,1.0,1.0
2171,statesman.com,daily-herald.com,1,25.13273,1.0,1.0
2172,statesman.com,bellinghamherald.com,1,25.13273,1.0,1.0
2173,statesman.com,azstarnet.com,1,25.13273,1.0,1.0
2174,startribune.com,wsbt.com,1,25.13273,1.0,1.0
2175,startribune.com,whitesoap.com,1,25.13273,1.0,1.0
2176,startribune.com,wcbstv.com,3,25.13273,5.0,3.666667
2177,startribune.com,wbztv.com,2,25.13273,1.0,1.0
2178,startribune.com,vh1.com,1,25.13273,1.0,1.0
2179,startribune.com,uk.reuters.com,1,25.13273,1.0,1.0
2180,startribune.com,thedailynewsonline.com,1,25.13273,1.0,1.0
2181,startribune.com,thedaily.com.au,1,25.13273,1.0,1.0
2182,startribune.com,taipeitimes.com,1,25.13273,1.0,1.0
2183,startribune.com,sg.news.yahoo.com,1,25.13273,1.0,1.0
2184,startribune.com,reuters.com,1,25.13273,1.0,1.0
2185,startribune.com,publicbroadcasting.net,1,25.13273,1.0,1.0
2186,startribune.com,postchronicle.com,1,25.13273,1.0,1.0
2187,startribune.com,physorg.com,1,25.13273,1.0,1.0
2188,startribune.com,nowpublic.com,1,25.13273,1.0,1.0
2189,startribune.com,noquarterusa.net,1,25.13273,1.0,1.0
2190,startribune.com,newsdaily.com,1,25.13273,1.0,1.0
2191,startribune.com,news.yahoo.com,2,25.13273,1.0,1.0
2192,startribune.com,news.com.au,1,25.13273,1.0,1.0
2193,startribune.com,mtv.com,1,25.13273,1.0,1.0
2194,startribune.com,minnesota.publicradio.org,1,25.13273,1.0,1.0
2195,startribune.com,michaelmoore.com,1,25.13273,1.0,1.0
2196,startribune.com,malaysia.news.yahoo.com,1,25.13273,1.0,1.0
2197,startribune.com,knoxnews.com,1,25.13273,1.0,1.0
2198,startribune.com,in.news.yahoo.com,1,25.13273,1.0,1.0
2199,startribune.com,icelebz.com,1,25.13273,1.0,1.0
2200,startribune.com,hotair.com,1,25.13273,1.0,1.0
2201,startribune.com,freeinternetpress.com,1,25.13273,1.0,1.0
2202,startribune.com,freedomeden.blogspot.com,1,25.13273,1.0,1.0
2203,startribune.com,delcotimes.com,1,25.13273,1.0,1.0
2204,startribune.com,chron.com,2,25.13273,1.0,1.0
2205,startribune.com,channelnewsasia.com,1,25.13273,1.0,1.0
2206,startribune.com,cbs4denver.com,2,25.13273,1.0,1.0
2207,startribune.com,cbs2chicago.com,2,25.13273,5.0,3.0
2208,startribune.com,bradenton.com,2,25.13273,1.0,1.0
2209,startribune.com,ap.google.com,1,25.13273,1.0,1.0
2210,startribune.com,411mania.com,1,25.13273,1.0,1.0
2211,starpulse.com,wikio.co.uk,1,25.13273,1.0,1.0
2212,starpulse.com,thehindu.com,1,25.13273,1.0,1.0
2213,starpulse.com,feedproxy.google.com,1,25.13273,1.0,1.0
2214,starpulse.com,digitalspy.co.uk,1,25.13273,1.0,1.0
2215,starpulse.com,breakingnews.ie,1,25.13273,1.0,1.0
2216,starpulse.com,americannonsense.com,1,25.13273,1.0,1.0
2217,starnewsonline.com,sg.answers.yahoo.com,1,25.13273,1.0,1.0
2218,squidoo.com,weblogs.baltimoresun.com,1,25.13273,1.0,1.0
2219,squidoo.com,boards.historychannel.com,1,25.13273,1.0,1.0
2220,sports.yahoo.com,tulsaworld.com,1,25.13273,1.0,1.0
2221,sports.yahoo.com,thenewstribune.com,1,25.13273,1.0,1.0
2222,sports.yahoo.com,rutlandherald.com,1,25.13273,1.0,1.0
2223,sports.yahoo.com,mysinchew.com,1,25.13273,1.0,1.0
2224,sports.yahoo.com,msn.foxsports.com,1,25.13273,1.0,1.0
2225,sports.yahoo.com,liverpooldailypost.co.uk,1,25.13273,1.0,1.0
2226,sports.yahoo.com,durangoherald.com,1,25.13273,1.0,1.0
2227,sports.yahoo.com,dailyindia.com,1,25.13273,1.0,1.0
2228,sports.yahoo.com,ctv.ca,1,25.13273,1.0,1.0
2229,sports.espn.go.com,www2.ljworld.com,1,25.13273,1.0,1.0
2230,sports.espn.go.com,uk.eonline.com,1,25.13273,1.0,1.0
2231,sports.espn.go.com,statesman.com,1,25.13273,1.0,1.0
2232,sports.espn.go.com,dispatch.com,1,25.13273,1.0,1.0
2233,sports.espn.go.com,ca.eonline.com,1,25.13273,1.0,1.0
2234,sports.espn.go.com,au.eonline.com,1,25.13273,1.0,1.0
2235,sportingnews.com,wsbtv.com,1,25.13273,1.0,1.0
2236,sportingnews.com,tucsoncitizen.com,1,25.13273,1.0,1.0
2237,sportingnews.com,theolympian.com,1,25.13273,1.0,1.0
2238,sportingnews.com,newsok.com,1,25.13273,1.0,1.0
2239,sportingnews.com,kentucky.com,2,25.13273,1.0,1.0
2240,sportingnews.com,cbs46.com,1,25.13273,1.0,1.0
2241,spectator.org,freedomeden.blogspot.com,1,25.13273,1.0,1.0
2242,southernillinoisan.com,smartgirlpolitics.ning.com,1,25.13273,1.0,1.0
2243,southcoasttoday.com,wsoctv.com,1,25.13273,1.0,1.0
2244,southcoasttoday.com,wsbtv.com.,1,25.13273,1.0,1.0
2245,southcoasttoday.com,wsbtv.com,1,25.13273,1.0,1.0
2246,southcoasttoday.com,wmtw.com,1,25.13273,1.0,1.0
2247,southcoasttoday.com,wjactv.com,1,25.13273,1.0,1.0
2248,southcoasttoday.com,whiotv.com,1,25.13273,1.0,1.0
2249,southcoasttoday.com,wftv.com,1,25.13273,1.0,1.0
2250,southcoasttoday.com,wesh.com,1,25.13273,1.0,1.0
2251,southcoasttoday.com,thewbalchannel.com,1,25.13273,1.0,1.0
2252,southcoasttoday.com,thepittsburghchannel.com,1,25.13273,1.0,1.0
2253,southcoasttoday.com,theksbwchannel.com,1,25.13273,1.0,1.0
2254,southcoasttoday.com,theindychannel.com,1,25.13273,1.0,1.0
2255,southcoasttoday.com,thehawaiichannel.com,1,25.13273,1.0,1.0
2256,southcoasttoday.com,thedenverchannel.com,1,25.13273,1.0,1.0
2257,southcoasttoday.com,thebostonchannel.com,2,25.13273,1.0,1.0
2258,southcoasttoday.com,story.seattlebulletin.com,1,25.13273,1.0,1.0
2259,southcoasttoday.com,news4jax.com,1,25.13273,1.0,1.0
2260,southcoasttoday.com,local6.com,1,25.13273,1.0,1.0
2261,southcoasttoday.com,ktvu.com,1,25.13273,1.0,1.0
2262,southcoasttoday.com,ksat.com,1,25.13273,1.0,1.0
2263,southcoasttoday.com,kirotv.com,1,25.13273,1.0,1.0
2264,southcoasttoday.com,kfoxtv.com,1,25.13273,1.0,1.0
2265,southcoasttoday.com,ketv.com,1,25.13273,1.0,1.0
2266,southcoasttoday.com,kctv5.com,1,25.13273,1.0,1.0
2267,southcoasttoday.com,kcra.com,1,25.13273,1.0,1.0
2268,southcoasttoday.com,foxreno.com,1,25.13273,1.0,1.0
2269,southcoasttoday.com,foxcarolina.com,1,25.13273,1.0,1.0
2270,southcoasttoday.com,clickondetroit.com,1,25.13273,1.0,1.0
2271,southcoasttoday.com,click2houston.com,1,25.13273,1.0,1.0
2272,southcoasttoday.com,channel3000.com,1,25.13273,1.0,1.0
2273,southcoasttoday.com,cbs46.com,1,25.13273,1.0,1.0
2274,southcoasttoday.com,capecodonline.com,1,25.13273,1.0,1.0
2275,southcoasttoday.com,10news.com,1,25.13273,1.0,1.0
2276,sott.net,upi.com,1,25.13273,1.0,1.0
2277,sott.net,open.salon.com,1,25.13273,1.0,1.0
2278,sott.net,nwotruth.com,1,25.13273,1.0,1.0
2279,sott.net,lewrockwell.com,1,25.13273,1.0,1.0
2280,sott.net,leftword.blogdig.net,1,25.13273,1.0,1.0
2281,sott.net,jg-tc.com,1,25.13273,1.0,1.0
2282,sott.net,forums.catholic.com,1,25.13273,1.0,1.0
2283,sott.net,dprogram.net,1,25.13273,1.0,1.0
2284,sott.net,docudharma.com,1,25.13273,1.0,1.0
2285,sott.net,docstalk.blogspot.com,1,25.13273,1.0,1.0
2286,sott.net,beltwayblips.dailyradar.com,2,25.13273,7.0,4.0
2287,soccerblogs.net,weblogs.baltimoresun.com,1,25.13273,1.0,1.0
2288,smh.com.au,wikio.com,1,25.13273,1.0,1.0
2289,smh.com.au,walesonline.co.uk,1,25.13273,1.0,1.0
2290,smh.com.au,uk.news.yahoo.com,1,25.13273,1.0,1.0
2291,smh.com.au,turkishpress.com,1,25.13273,1.0,1.0
2292,smh.com.au,toledoblade.com,1,25.13273,1.0,1.0
2293,smh.com.au,timesoftheinternet.com,1,25.13273,1.0,1.0
2294,smh.com.au,timesofmalta.com,2,25.13273,1.0,1.0
2295,smh.com.au,thewest.com.au,1,25.13273,1.0,1.0
2296,smh.com.au,telegraph.co.uk,1,25.13273,1.0,1.0
2297,smh.com.au,sundaysun.co.uk,1,25.13273,1.0,1.0
2298,smh.com.au,reuters.com,1,25.13273,1.0,1.0
2299,smh.com.au,news.bbc.co.uk,1,25.13273,1.0,1.0
2300,smh.com.au,mysinchew.com,1,25.13273,1.0,1.0
2301,smh.com.au,mobile.reuters.com,1,25.13273,1.0,1.0
2302,smh.com.au,mirror.co.uk,1,25.13273,1.0,1.0
2303,smh.com.au,mg.co.za,1,25.13273,1.0,1.0
2304,smh.com.au,liverpoolecho.co.uk,1,25.13273,1.0,1.0
2305,smh.com.au,liverpooldailypost.co.uk,1,25.13273,1.0,1.0
2306,smh.com.au,kypost.com,1,25.13273,1.0,1.0
2307,smh.com.au,kyivpost.com,1,25.13273,1.0,1.0
2308,smh.com.au,journallive.co.uk,1,25.13273,1.0,1.0
2309,smh.com.au,javno.com,1,25.13273,1.0,1.0
2310,smh.com.au,isavesmart.com,1,25.13273,1.0,1.0
2311,smh.com.au,iol.co.za,1,25.13273,1.0,1.0
2312,smh.com.au,icwolverhampton.icnetwork.co.uk,1,25.13273,1.0,1.0
2313,smh.com.au,icsolihull.icnetwork.co.uk,1,25.13273,1.0,1.0
2314,smh.com.au,icscotland.icnetwork.co.uk,1,25.13273,1.0,1.0
2315,smh.com.au,icnorthwales.icnetwork.co.uk,1,25.13273,1.0,1.0
2316,smh.com.au,icnewcastle.icnetwork.co.uk,1,25.13273,1.0,1.0
2317,smh.com.au,icliverpool.icnetwork.co.uk,1,25.13273,1.0,1.0
2318,smh.com.au,ichuddersfield.icnetwork.co.uk,1,25.13273,1.0,1.0
2319,smh.com.au,iccoventry.icnetwork.co.uk,1,25.13273,1.0,1.0
2320,smh.com.au,iccheshireonline.icnetwork.co.uk,1,25.13273,1.0,1.0
2321,smh.com.au,icbirmingham.icnetwork.co.uk,1,25.13273,1.0,1.0
2322,smh.com.au,iafrica.com,2,25.13273,1.0,1.0
2323,smh.com.au,hounslowchronicle.co.uk,1,25.13273,1.0,1.0
2324,smh.com.au,guardian.co.uk,2,25.13273,1.0,1.0
2325,smh.com.au,feeds.feedblitz.com,1,25.13273,1.0,1.0
2326,smh.com.au,examiner.co.uk,1,25.13273,1.0,1.0
2327,smh.com.au,dailystar.com.lb,2,25.13273,3.0,2.0
2328,smh.com.au,dailypost.co.uk,1,25.13273,1.0,1.0
2329,smh.com.au,dailyindia.com,1,25.13273,1.0,1.0
2330,smh.com.au,coventrytelegraph.net,1,25.13273,1.0,1.0
2331,smh.com.au,chroniclelive.co.uk,1,25.13273,1.0,1.0
2332,smh.com.au,chesterchronicle.co.uk,1,25.13273,1.0,1.0
2333,smh.com.au,channelnewsasia.com,1,25.13273,1.0,1.0
2334,smh.com.au,canada.com,1,25.13273,1.0,1.0
2335,smh.com.au,buckinghamshireadvertiser.co.uk,1,25.13273,1.0,1.0
2336,smh.com.au,breakingnews.ie,1,25.13273,1.0,1.0
2337,smh.com.au,boston.com,1,25.13273,1.0,1.0
2338,smh.com.au,blog.taragana.com,1,25.13273,1.0,1.0
2339,smh.com.au,birminghampost.net,1,25.13273,1.0,1.0
2340,smh.com.au,birminghammail.net,1,25.13273,1.0,1.0
2341,smh.com.au,americanchronicle.com,1,25.13273,1.0,1.0
2342,smh.com.au,am1070wdia.com,1,25.13273,1.0,1.0
2343,smh.com.au,actualteam.com,1,25.13273,1.0,1.0
2344,smh.com.au,abs-cbnnews.com,1,25.13273,1.0,1.0
2345,smh.com.au,960werc.com,1,25.13273,1.0,1.0
2346,smh.com.au,600wrec.com,1,25.13273,1.0,1.0
2347,sltrib.com,theage.com.au,2,25.13273,1.0,1.0
2348,sltrib.com,smh.com.au,1,25.13273,1.0,1.0
2349,sltrib.com,politico.com,1,25.13273,1.0,1.0
2350,sltrib.com,grandforksherald.com,1,25.13273,1.0,1.0
2351,slate.com,ca.answers.yahoo.com,1,25.13273,1.0,1.0
2352,slam.canoe.ca,msn.foxsports.com,1,25.13273,1.0,1.0
2353,singaporejobstoday.com,modernghana.com,1,25.13273,1.0,1.0
2354,shreveporttimes.com,feeds.aol.com,1,25.13273,1.0,1.0
2355,showhype.com,wraithbait.com,1,25.13273,1.0,1.0
2356,showhype.com,wbbm780.com,1,25.13273,1.0,1.0
2357,showhype.com,washingtonpost.com,1,25.13273,1.0,1.0
2358,showhype.com,tucsoncitizen.com,1,25.13273,1.0,1.0
2359,showhype.com,thehimalayantimes.com,2,25.13273,1.0,1.0
2360,showhype.com,pr-inside.com,1,25.13273,1.0,1.0
2361,showhype.com,popmatters.com,1,25.13273,1.0,1.0
2362,showhype.com,ocregister.com,1,25.13273,1.0,1.0
2363,showhype.com,earthtimes.org,1,25.13273,1.0,1.0
2364,showhype.com,denverpost.com,1,25.13273,1.0,1.0
2365,showhype.com,cbsnews.com,1,25.13273,1.0,1.0
2366,showhype.com,accesshollywood.com,1,25.13273,1.0,1.0
2367,sfgate.com,upi.com,1,25.13273,1.0,1.0
2368,sfgate.com,thedailynewsonline.com,1,25.13273,1.0,1.0
2369,sfgate.com,stuff.co.nz,1,25.13273,1.0,1.0
2370,sfgate.com,digitalspy.co.uk,1,25.13273,1.0,1.0
2371,sfgate.com,article.wn.com,1,25.13273,1.0,1.0
2372,semissourian.com,bostonherald.com,1,25.13273,1.0,1.0
2373,seekingalpha.com,twocircles.net,1,25.13273,1.0,1.0
2374,seekingalpha.com,theledger.com,1,25.13273,1.0,1.0
2375,seekingalpha.com,statesman.com,1,25.13273,1.0,1.0
2376,seekingalpha.com,prevuze.blogspot.com,1,25.13273,1.0,1.0
2377,seekingalpha.com,economictimes.indiatimes.com,1,25.13273,1.0,1.0
2378,seattletimes.nwsource.com,wcco.com,1,25.13273,1.0,1.0
2379,seattletimes.nwsource.com,money.cnn.com,1,25.13273,1.0,1.0
2380,seattletimes.nwsource.com,megite.com,2,25.13273,1.0,1.0
2381,seattletimes.nwsource.com,icelebz.com,1,25.13273,1.0,1.0
2382,seattletimes.nwsource.com,free-ebooks.tistory.com,1,25.13273,1.0,1.0
2383,seattlepi.nwsource.com,whiotv.com,1,25.13273,1.0,1.0
2384,seattlepi.nwsource.com,southcoasttoday.com,1,25.13273,1.0,1.0
2385,seattlepi.nwsource.com,showhype.com,2,25.13273,3.0,2.0
2386,seattlepi.nwsource.com,reuters.com,2,25.13273,6.0,3.5
2387,seattlepi.nwsource.com,postchronicle.com,2,25.13273,6.0,3.5
2388,seattlepi.nwsource.com,newsmeat.com,1,25.13273,1.0,1.0
2389,seattlepi.nwsource.com,news4jax.com,1,25.13273,1.0,1.0
2390,seattlepi.nwsource.com,ksat.com,1,25.13273,1.0,1.0
2391,seattlepi.nwsource.com,krdotv.com,1,25.13273,1.0,1.0
2392,seattlepi.nwsource.com,kptv.com,1,25.13273,1.0,1.0
2393,seattlepi.nwsource.com,kctv5.com,1,25.13273,1.0,1.0
2394,seattlepi.nwsource.com,javno.com,1,25.13273,1.0,1.0
2395,seattlepi.nwsource.com,infowars.com,1,25.13273,1.0,1.0
2396,seattlepi.nwsource.com,g1.globo.com,1,25.13273,1.0,1.0
2397,seattlepi.nwsource.com,freerepublic.com,2,25.13273,1.0,1.0
2398,seattlepi.nwsource.com,fox5vegas.com,1,25.13273,1.0,1.0
2399,seattlepi.nwsource.com,congresscheck.com,1,25.13273,1.0,1.0
2400,seattlepi.nwsource.com,columbiamissourian.com,1,25.13273,1.0,1.0
2401,seattlepi.nwsource.com,cnsnews.com,2,25.13273,1.0,1.0
2402,seattlepi.nwsource.com,celebrityblend.com,1,25.13273,1.0,1.0
2403,seattlepi.nwsource.com,cbs46.com,1,25.13273,1.0,1.0
2404,seattlepi.nwsource.com,canada.com,1,25.13273,1.0,1.0
2405,seattlepi.nwsource.com,belfasttelegraph.co.uk,1,25.13273,1.0,1.0
2406,seattlepi.com,whotv.com,1,25.13273,1.0,1.0
2407,seattlepi.com,thenewstribune.com,1,25.13273,1.0,1.0
2408,seattlepi.com,mcall.com,1,25.13273,1.0,1.0
2409,seattlepi.com,kcra.com,1,25.13273,1.0,1.0
2410,seattlepi.com,bellinghamherald.com,1,25.13273,1.0,1.0
2411,seattlepi.com,abc3340.com,1,25.13273,1.0,1.0
2412,search.japantimes.co.jp,pajamasmedia.com,1,25.13273,1.0,1.0
2413,search.japantimes.co.jp,forbes.com,1,25.13273,1.0,1.0
2414,search.japantimes.co.jp,canadafreepress.com,1,25.13273,1.0,1.0
2415,seacoastonline.com,cnbc.com,1,25.13273,1.0,1.0
2416,sdpnoticias.com,open.salon.com,1,25.13273,1.0,1.0
2417,sdpnoticias.com,mysinchew.com,1,25.13273,1.0,1.0
2418,sdpnoticias.com,abluteau.wordpress.com,1,25.13273,1.0,1.0
2419,scrippsnews.net,seattletimes.nwsource.com,1,25.13273,1.0,1.0
2420,scrippsnews.net,scrippsnews.com,1,25.13273,1.0,1.0
2421,scrippsnews.net,capitolhillblue.com,1,25.13273,1.0,1.0
2422,scrippsnews.com,capitolhillblue.com,1,25.13273,1.0,1.0
2423,scouty.de,telegraph.co.uk,1,25.13273,1.0,1.0
2424,scouty.de,prnewswire.com,1,25.13273,1.0,1.0
2425,scouty.de,megite.com,1,25.13273,1.0,1.0
2426,scouty.de,kmph.com,1,25.13273,1.0,1.0
2427,scouty.de,kduhtv.com,1,25.13273,1.0,1.0
2428,scdfa.org,upi.com,1,25.13273,1.0,1.0
2429,scdfa.org,postchronicle.com,1,25.13273,1.0,1.0
2430,saukvalley.com,mcall.com,1,25.13273,1.0,1.0
2431,sanluisobispo.com,pe.com,1,25.13273,1.0,1.0
2432,sanluisobispo.com,insidebayarea.com,1,25.13273,1.0,1.0
2433,sacbee.com,slate.com,1,25.13273,1.0,1.0
2434,sacbee.com,progressivenewsdaily.com,1,25.13273,1.0,1.0
2435,sacbee.com,phillyburbs.com,1,25.13273,1.0,1.0
2436,sacbee.com,alternet.org,1,25.13273,1.0,1.0
2437,rss.cnn.com,zeenews.com,1,25.13273,1.0,1.0
2438,rss.cnn.com,wibw.com,1,25.13273,1.0,1.0
2439,rss.cnn.com,twocircles.net,1,25.13273,1.0,1.0
2440,rss.cnn.com,themoneytimes.com,1,25.13273,1.0,1.0
2441,rss.cnn.com,thehindu.com,1,25.13273,1.0,1.0
2442,rss.cnn.com,sweetness-light.com,1,25.13273,1.0,1.0
2443,rss.cnn.com,myfoxchicago.com,1,25.13273,1.0,1.0
2444,rss.cnn.com,megite.com,1,25.13273,1.0,1.0
2445,rss.cnn.com,chinadaily.com.cn,1,25.13273,1.0,1.0
2446,roguegovernment.com,prisonplanet.com,1,25.13273,1.0,1.0
2447,roguegovernment.com,nwotruth.com,2,25.13273,1.0,1.0
2448,rockymounttelegram.com,realclearpolitics.com,1,25.13273,1.0,1.0
2449,rightwingnews.com,rss.cnn.com,1,25.13273,1.0,1.0
2450,rightwingnews.com,ibloga.blogspot.com,1,25.13273,1.0,1.0
2451,rightwingnews.com,gather.com,1,25.13273,1.0,1.0
2452,rightwingnews.com,bsimmons.wordpress.com,1,25.13273,1.0,1.0
2453,reuters.com,stuff.co.nz,2,25.13273,1.0,1.0
2454,reuters.com,news24.com,1,25.13273,1.0,1.0
2455,reuters.com,nationalpost.com,1,25.13273,1.0,1.0
2456,reuters.com,lobbytools.com,1,25.13273,1.0,1.0
2457,reuters.com,hollywoodreporter.com,1,25.13273,1.0,1.0
2458,reuters.com,forums.somd.com,1,25.13273,1.0,1.0
2459,reuters.com,economictimes.indiatimes.com,2,25.13273,3.0,2.0
2460,reuters.com,dnaindia.com,1,25.13273,1.0,1.0
2461,reuters.com,dailyindia.com,2,25.13273,1.0,1.0
2462,reuters.com,cedarcreekvoice.wordpress.com,1,25.13273,1.0,1.0
2463,reuters.com,canada.com,2,25.13273,1.0,1.0
2464,reuters.com,bsimmons.wordpress.com,1,25.13273,1.0,1.0
2465,reuters.com,blog.sina.com.cn,1,25.13273,1.0,1.0
2466,reuters.com,blog.luciolepress.com,1,25.13273,1.0,1.0
2467,reuters.com,againstobama.com,1,25.13273,1.0,1.0
2468,registercitizen.com,megite.com,1,25.13273,1.0,1.0
2469,reflector.com,scrippsnews.net,1,25.13273,1.0,1.0
2470,reflector.com,scrippsnews.com,1,25.13273,1.0,1.0
2471,reflector.com,bostonherald.com,1,25.13273,1.0,1.0
2472,redstate.com,bsimmons.wordpress.com,1,25.13273,1.0,1.0
2473,reddit.com,theautomaticearth.blogspot.com,1,25.13273,1.0,1.0
2474,reddit.com,pastebin.ca,1,25.13273,1.0,1.0
2475,reddit.com,nola.com,1,25.13273,1.0,1.0
2476,reddit.com,mininova.org,1,25.13273,1.0,1.0
2477,reddit.com,leftword.blogdig.net,1,25.13273,1.0,1.0
2478,reddit.com,americannonsense.com,1,25.13273,1.0,1.0
2479,rebellenation.blogspot.com,voxverax.blogspot.com,1,25.13273,1.0,1.0
2480,rebellenation.blogspot.com,thisfuckingwar.blogspot.com,1,25.13273,1.0,1.0
2481,rebellenation.blogspot.com,jihadwatch.org,1,25.13273,1.0,1.0
2482,rebellenation.blogspot.com,catholicexchange.com,1,25.13273,1.0,1.0
2483,reason.com,boards.historychannel.com,1,25.13273,1.0,1.0
2484,reason.com,amazon.com,1,25.13273,1.0,1.0
2485,realclearpolitics.com,theunion.com,1,25.13273,1.0,1.0
2486,realclearpolitics.com,conservapedia.com,1,25.13273,1.0,1.0
2487,realclearpolitics.com,amazon.com,1,25.13273,1.0,1.0
2488,readingeagle.com,star-telegram.com,1,25.13273,1.0,1.0
2489,readingeagle.com,media.star-telegram.com,1,25.13273,1.0,1.0
2490,publicbroadcasting.net,upi.com,1,25.13273,1.0,1.0
2491,publicbroadcasting.net,uk.reuters.com,1,25.13273,1.0,1.0
2492,publicbroadcasting.net,themoneytimes.com,2,25.13273,1.0,1.0
2493,publicbroadcasting.net,kyivpost.com,1,25.13273,1.0,1.0
2494,publicbroadcasting.net,isavesmart.com,1,25.13273,1.0,1.0
2495,publicbroadcasting.net,in.news.yahoo.com,2,25.13273,1.0,1.0
2496,publicbroadcasting.net,am1070wdia.com,2,25.13273,1.0,1.0
2497,propeller.com,thejakartapost.com,1,25.13273,1.0,1.0
2498,propeller.com,riverdaughter.wordpress.com,1,25.13273,1.0,1.0
2499,prnewswire.com,twocircles.net,1,25.13273,1.0,1.0
2500,prnewswire.com,timesofindia.indiatimes.com,1,25.13273,1.0,1.0
2501,prnewswire.com,thehindu.com,1,25.13273,1.0,1.0
2502,prnewswire.com,thebostonchannel.com,1,25.13273,1.0,1.0
2503,prnewswire.com,pheedcontent.com,1,25.13273,1.0,1.0
2504,prnewswire.com,newsmax.com,1,25.13273,1.0,1.0
2505,prnewswire.com,economictimes.indiatimes.com,1,25.13273,1.0,1.0
2506,prnewswire.com,altweeklies.com,1,25.13273,1.0,1.0
2507,prisonplanet.com,washingtonmonthly.com,1,25.13273,1.0,1.0
2508,prisonplanet.com,timesofmalta.com,1,25.13273,1.0,1.0
2509,prisonplanet.com,theragblog.blogspot.com,1,25.13273,1.0,1.0
2510,prisonplanet.com,infowars.com,2,25.13273,1.0,1.0
2511,prisonplanet.com,congresscheck.com,1,25.13273,1.0,1.0
2512,prevuze.blogspot.com,rgj.com,1,25.13273,1.0,1.0
2513,pressdemocrat.com,readingeagle.com,1,25.13273,1.0,1.0
2514,pressdemocrat.com,ktvu.com,1,25.13273,1.0,1.0
2515,prairiepundit.blogspot.com,thenation.com,1,25.13273,1.0,1.0
2516,prairiepundit.blogspot.com,sott.net,1,25.13273,1.0,1.0
2517,prairiepundit.blogspot.com,britanniaradio.blogspot.com,1,25.13273,1.0,1.0
2518,pr-inside.com,timesofindia.indiatimes.com,1,25.13273,1.0,1.0
2519,postcrescent.com,rebellenation.blogspot.com,1,25.13273,1.0,1.0
2520,postchronicle.com,thewest.com.au,1,25.13273,1.0,1.0
2521,postchronicle.com,azcentral.com,1,25.13273,1.0,1.0
2522,post-gazette.com,washtimes.com,1,25.13273,1.0,1.0
2523,post-gazette.com,tthfanfic.org,1,25.13273,1.0,1.0
2524,post-gazette.com,nytimes.com,1,25.13273,1.0,1.0
2525,post-gazette.com,newonlinearticles.com,1,25.13273,1.0,1.0
2526,post-gazette.com,forums.somd.com,1,25.13273,1.0,1.0
2527,post-gazette.com,docstalk.blogspot.com,1,25.13273,1.0,1.0
2528,post-gazette.com,dailyherald.com,1,25.13273,1.0,1.0
2529,post-gazette.com,cnbc.com,1,25.13273,1.0,1.0
2530,post-gazette.com,articleslide.com,1,25.13273,1.0,1.0
2531,popwatch.ew.com,www2.ljworld.com,1,25.13273,1.0,1.0
2532,popmatters.com,greeleytribune.com,1,25.13273,1.0,1.0
2533,politico.com,truthout.org,2,25.13273,1.0,1.0
2534,politico.com,smh.com.au,1,25.13273,1.0,1.0
2535,politico.com,politicalticker.blogs.cnn.com,2,25.13273,1.0,1.0
2536,politico.com,gretawire.foxnews.com,1,25.13273,1.0,1.0
2537,politico.com,crooksandliars.com,1,25.13273,1.0,1.0
2538,politicalticker.blogs.cnn.com,zeenews.com,1,25.13273,1.0,1.0
2539,politicalticker.blogs.cnn.com,yidwithlid.blogspot.com,1,25.13273,1.0,1.0
2540,politicalticker.blogs.cnn.com,truthdig.com,1,25.13273,1.0,1.0
2541,politicalticker.blogs.cnn.com,themoderatevoice.com,1,25.13273,1.0,1.0
2542,politicalticker.blogs.cnn.com,rightwingnews.com,1,25.13273,1.0,1.0
2543,politicalticker.blogs.cnn.com,newsbusters.org,1,25.13273,1.0,1.0
2544,politicalticker.blogs.cnn.com,hindustantimes.com,1,25.13273,1.0,1.0
2545,politicalticker.blogs.cnn.com,freedomeden.blogspot.com,1,25.13273,1.0,1.0
2546,politicalticker.blogs.cnn.com,forum.dvdtalk.com,1,25.13273,1.0,1.0
2547,politicalticker.blogs.cnn.com,economictimes.indiatimes.com,1,25.13273,1.0,1.0
2548,politicalticker.blogs.cnn.com,durangoherald.com,1,25.13273,1.0,1.0
2549,politicalticker.blogs.cnn.com,ajc.com,1,25.13273,1.0,1.0
2550,physorg.com,vaildaily.com,1,25.13273,1.0,1.0
2551,physorg.com,medlogs.com,1,25.13273,1.0,1.0
2552,physorg.com,freshnews.in,1,25.13273,1.0,1.0
2553,philly.com,nbcsandiego.com,1,25.13273,1.0,1.0
2554,philly.com,jihadwatch.org,1,25.13273,1.0,1.0
2555,pheedo.com,redstate.com,1,25.13273,1.0,1.0
2556,pheedo.com,nymag.com,1,25.13273,1.0,1.0
2557,pheedo.com,minx.cc,1,25.13273,1.0,1.0
2558,pheedo.com,holycoast.blogspot.com,1,25.13273,1.0,1.0
2559,pheedo.com,earthtimes.org,1,25.13273,1.0,1.0
2560,pheedo.com,celebritygossip.epicureforum.com,1,25.13273,1.0,1.0
2561,pheedo.com,1800blogger.com,1,25.13273,1.0,1.0
2562,pheedcontent.com,pr-inside.com,1,25.13273,1.0,1.0
2563,pheedcontent.com,facebook.com,1,25.13273,1.0,1.0
2564,ph.answers.yahoo.com,timesonline.co.uk,1,25.13273,1.0,1.0
2565,people.com,news24.com,1,25.13273,1.0,1.0
2566,people.com,iol.co.za,1,25.13273,1.0,1.0
2567,people.com,in.news.yahoo.com,2,25.13273,6.0,3.5
2568,people.com,gle.am,2,25.13273,5.0,3.0
2569,people.com,cnn.com,1,25.13273,1.0,1.0
2570,people.com,celebritygossip.epicureforum.com,1,25.13273,1.0,1.0
2571,people.com,bulletin.aarp.org,1,25.13273,1.0,1.0
2572,patdollard.com,propeller.com,2,25.13273,1.0,1.0
2573,patdollard.com,nowpublic.com,2,25.13273,9.0,5.0
2574,patdollard.com,newsok.com,1,25.13273,1.0,1.0
2575,patdollard.com,gatesofvienna.blogspot.com,2,25.13273,14.0,7.5
2576,patdollard.com,carnageandculture.blogspot.com,1,25.13273,1.0,1.0
2577,patdollard.com,breakingnews.nypost.com,1,25.13273,1.0,1.0
2578,pastebin.ca,answerbag.com,1,25.13273,1.0,1.0
2579,pajamasmedia.com,forums.catholic.com,1,25.13273,1.0,1.0
2580,osmoothie.com,cnsnews.com,1,25.13273,1.0,1.0
2581,orlandosentinel.com,hispanicbusiness.com,1,25.13273,1.0,1.0
2582,orlandosentinel.com,blogcritics.org,1,25.13273,1.0,1.0
2583,opinionsource.com,wntp.townhall.com,1,25.13273,1.0,1.0
2584,opinionsource.com,krla870.townhall.com,1,25.13273,1.0,1.0
2585,opinionsource.com,forums.slickdeals.net,1,25.13273,1.0,1.0
2586,opinionsource.com,860wgul.townhall.com,1,25.13273,1.0,1.0
2587,open.salon.com,uk.eonline.com,1,25.13273,1.0,1.0
2588,open.salon.com,in.answers.yahoo.com,1,25.13273,1.0,1.0
2589,open.salon.com,eonline.com,1,25.13273,1.0,1.0
2590,open.salon.com,ca.eonline.com,1,25.13273,1.0,1.0
2591,open.salon.com,blogs.chron.com,1,25.13273,1.0,1.0
2592,open.salon.com,au.eonline.com,1,25.13273,1.0,1.0
2593,open.salon.com,411mania.com,1,25.13273,1.0,1.0
2594,opednews.com,truthseeker2473.blogspot.com,1,25.13273,1.0,1.0
2595,opednews.com,sott.net,1,25.13273,1.0,1.0
2596,opednews.com,seekingalpha.com,1,25.13273,1.0,1.0
2597,opednews.com,huffingtonpost.com,1,25.13273,1.0,1.0
2598,onlineathens.com,news4jax.com,1,25.13273,1.0,1.0
2599,online.wsj.com,yidwithlid.blogspot.com,1,25.13273,1.0,1.0
2600,online.wsj.com,luxlibertas.com,1,25.13273,1.0,1.0
2601,online.wsj.com,ireport.com,1,25.13273,1.0,1.0
2602,online.wsj.com,gather.com,2,25.13273,4.0,2.5
2603,online.wsj.com,blogs.wsj.com,1,25.13273,1.0,1.0
2604,online.wsj.com,avaxhome.ws,1,25.13273,1.0,1.0
2605,omaha.com,sports.espn.go.com,1,25.13273,1.0,1.0
2606,olympics.thestar.com,winnipegsun.com,1,25.13273,1.0,1.0
2607,olympics.thestar.com,torontosun.com,1,25.13273,1.0,1.0
2608,olympics.thestar.com,thestar.com,1,25.13273,1.0,1.0
2609,olympics.thestar.com,ottawasun.com,1,25.13273,1.0,1.0
2610,olympics.thestar.com,lfpress.ca,1,25.13273,1.0,1.0
2611,odt.co.nz,roguegovernment.com,1,25.13273,1.0,1.0
2612,odt.co.nz,rawstory.com,1,25.13273,1.0,1.0
2613,ocregister.com,nytimes.com,1,25.13273,1.0,1.0
2614,nytimes.com,themoderatevoice.com,1,25.13273,1.0,1.0
2615,nytimes.com,pressdemocrat.com,1,25.13273,1.0,1.0
2616,nytimes.com,prairiepundit.blogspot.com,1,25.13273,1.0,1.0
2617,nytimes.com,mercurynews.com,1,25.13273,1.0,1.0
2618,nytimes.com,bizjournals.com,1,25.13273,1.0,1.0
2619,nytimes.com,avaxhome.ws,1,25.13273,1.0,1.0
2620,nymag.com,patdollard.com,1,25.13273,1.0,1.0
2621,nydailynews.com,northjersey.com,2,25.13273,1.0,1.0
2622,nydailynews.com,freerepublic.com,1,25.13273,1.0,1.0
2623,nydailynews.com,cnnpoliticalticker.wordpress.com,1,25.13273,1.0,1.0
2624,nwherald.com,gazette.com,1,25.13273,1.0,1.0
2625,nwherald.com,dailykos.com,1,25.13273,1.0,1.0
2626,npr.org,canadianbusiness.com,1,25.13273,1.0,1.0
2627,nowpublic.com,people.com,1,25.13273,1.0,1.0
2628,nowpublic.com,chronwatch-america.com,1,25.13273,1.0,1.0
2629,nowpublic.com,bulletin.aarp.org,1,25.13273,1.0,1.0
2630,northjersey.com,sott.net,2,25.13273,6.0,3.5
2631,northjersey.com,nj.com,1,25.13273,1.0,1.0
2632,northjersey.com,cbsnews.com,1,25.13273,1.0,1.0
2633,northjersey.com,ace.new.mu.nu,1,25.13273,1.0,1.0
2634,noquarterusa.net,yidwithlid.blogspot.com,1,25.13273,1.0,1.0
2635,noquarterusa.net,ibloga.blogspot.com,1,25.13273,1.0,1.0
2636,noquarterusa.net,gatesofvienna.blogspot.com,1,25.13273,1.0,1.0
2637,noquarterusa.net,elections.foxnews.com,1,25.13273,1.0,1.0
2638,noquarterusa.net,au.answers.yahoo.com,1,25.13273,1.0,1.0
2639,nola.com,amazon.com,1,25.13273,1.0,1.0
2640,nj.com,abcnews.go.com,1,25.13273,1.0,1.0
2641,newsvine.com,broadwayworld.com,1,25.13273,1.0,1.0
2642,newsobserver.com,blognetwork.knoxnews.com,1,25.13273,1.0,1.0
2643,newsmeat.com,mercurynews.com,1,25.13273,1.0,1.0
2644,newsmax.com,prairiepundit.blogspot.com,1,25.13273,1.0,1.0
2645,newsmax.com,gather.com,1,25.13273,1.0,1.0
2646,newser.com,iht.com,1,25.13273,1.0,1.0
2647,newser.com,feeds.gawker.com,1,25.13273,1.0,1.0
2648,newsbusters.org,newsok.com,1,25.13273,1.0,1.0
2649,news24.com,mg.co.za,1,25.13273,1.0,1.0
2650,news.xinhuanet.com,marketwatch.com,1,25.13273,1.0,1.0
2651,news.sympatico.msn.cbc.ca,prisonplanet.com,1,25.13273,1.0,1.0
2652,news.smh.com.au,newsmax.com,2,25.13273,1.0,1.0
2653,news.smh.com.au,capitolhillblue.com,1,25.13273,1.0,1.0
2654,news.sky.com,wikio.co.uk,2,25.13273,1.0,1.0
2655,news.sky.com,dnaindia.com,1,25.13273,1.0,1.0
2656,news.scotsman.com,wikio.co.uk,1,25.13273,1.0,1.0
2657,news.scotsman.com,walesonline.co.uk,1,25.13273,1.0,1.0
2658,news.scotsman.com,sundaysun.co.uk,1,25.13273,1.0,1.0
2659,news.scotsman.com,mirror.co.uk,2,25.13273,1.0,1.0
2660,news.scotsman.com,liverpoolecho.co.uk,1,25.13273,1.0,1.0
2661,news.scotsman.com,liverpooldailypost.co.uk,1,25.13273,1.0,1.0
2662,news.scotsman.com,journallive.co.uk,1,25.13273,1.0,1.0
2663,news.scotsman.com,icwolverhampton.icnetwork.co.uk,2,25.13273,7.0,4.0
2664,news.scotsman.com,icsolihull.icnetwork.co.uk,1,25.13273,1.0,1.0
2665,news.scotsman.com,icscotland.icnetwork.co.uk,2,25.13273,7.0,4.0
2666,news.scotsman.com,icnorthwales.icnetwork.co.uk,1,25.13273,1.0,1.0
2667,news.scotsman.com,icnewcastle.icnetwork.co.uk,1,25.13273,1.0,1.0
2668,news.scotsman.com,icliverpool.icnetwork.co.uk,1,25.13273,1.0,1.0
2669,news.scotsman.com,ichuddersfield.icnetwork.co.uk,2,25.13273,1.0,1.0
2670,news.scotsman.com,iccoventry.icnetwork.co.uk,1,25.13273,1.0,1.0
2671,news.scotsman.com,iccheshireonline.icnetwork.co.uk,1,25.13273,1.0,1.0
2672,news.scotsman.com,icbirmingham.icnetwork.co.uk,1,25.13273,1.0,1.0
2673,news.scotsman.com,hounslowchronicle.co.uk,1,25.13273,1.0,1.0
2674,news.scotsman.com,examiner.co.uk,1,25.13273,1.0,1.0
2675,news.scotsman.com,dailypost.co.uk,2,25.13273,1.0,1.0
2676,news.scotsman.com,dailyexpress.co.uk,2,25.13273,7.0,4.0
2677,news.scotsman.com,coventrytelegraph.net,1,25.13273,1.0,1.0
2678,news.scotsman.com,chroniclelive.co.uk,1,25.13273,1.0,1.0
2679,news.scotsman.com,chesterchronicle.co.uk,1,25.13273,1.0,1.0
2680,news.scotsman.com,buckinghamshireadvertiser.co.uk,1,25.13273,1.0,1.0
2681,news.scotsman.com,birminghampost.net,1,25.13273,1.0,1.0
2682,news.scotsman.com,birminghammail.net,1,25.13273,1.0,1.0
2683,news.google.com,elections.foxnews.com,1,25.13273,1.0,1.0
2684,news.com.au,thewest.com.au,1,25.13273,1.0,1.0
2685,news.com.au,herald-mail.com,1,25.13273,1.0,1.0
2686,news.cnet.com,roguegovernment.com,1,25.13273,1.0,1.0
2687,news.cnet.com,nowpublic.com,1,25.13273,1.0,1.0
2688,news.cnet.com,infowars.com,1,25.13273,1.0,1.0
2689,news.cnet.com,congresscheck.com,1,25.13273,1.0,1.0
2690,news.cnet.com,cbsnews.com,1,25.13273,1.0,1.0
2691,news.bbc.co.uk,topnews.in,2,25.13273,1.0,1.0
2692,news.bbc.co.uk,soccerblogs.net,1,25.13273,1.0,1.0
2693,news.bbc.co.uk,newser.com,1,25.13273,1.0,1.0
2694,news.bbc.co.uk,mg.co.za,1,25.13273,1.0,1.0
2695,news.bbc.co.uk,liverpooldailypost.co.uk,2,25.13273,5.0,3.0
2696,news.bbc.co.uk,irishtimes.com,1,25.13273,1.0,1.0
2697,news.bbc.co.uk,icnewcastle.icnetwork.co.uk,2,25.13273,4.0,2.5
2698,news.bbc.co.uk,guardian.co.uk,1,25.13273,1.0,1.0
2699,news.bbc.co.uk,bleacherreport.com,1,25.13273,1.0,1.0
2700,news.aol.com,mcall.com,1,25.13273,1.0,1.0
2701,news-record.com,www2.ljworld.com,1,25.13273,1.0,1.0
2702,news-record.com,pressdemocrat.com,1,25.13273,1.0,1.0
2703,news-record.com,cnews.canoe.ca,1,25.13273,1.0,1.0
2704,news-record.com,bostonherald.com,1,25.13273,1.0,1.0
2705,newonlinearticles.com,vnnforum.com,1,25.13273,1.0,1.0
2706,newonlinearticles.com,sfgate.com,1,25.13273,1.0,1.0
2707,newonlinearticles.com,prisonplanet.com,1,25.13273,1.0,1.0
2708,nevadaappeal.com,sports.espn.go.com,1,25.13273,1.0,1.0
2709,nevadaappeal.com,sportingnews.com,2,25.13273,1.0,1.0
2710,nationalpost.com,winnipegfreepress.com,1,25.13273,1.0,1.0
2711,mycentraljersey.com,theledger.com,1,25.13273,1.0,1.0
2712,mycentraljersey.com,sltrib.com,1,25.13273,1.0,1.0
2713,mycentraljersey.com,seekingalpha.com,1,25.13273,1.0,1.0
2714,mycentraljersey.com,pfblogs.org,2,25.13273,1.0,1.0
2715,mycentraljersey.com,memphisdailynews.com,1,25.13273,1.0,1.0
2716,mycentraljersey.com,grandforksherald.com,1,25.13273,1.0,1.0
2717,mtv.com,newser.com,1,25.13273,1.0,1.0
2718,msnbc.msn.com,luxlibertas.com,2,25.13273,1.0,1.0
2719,msnbc.msn.com,forum.brokeroutpost.com,1,25.13273,1.0,1.0
2720,motherjones.com,ecoearth.info,1,25.13273,1.0,1.0
2721,mobile.reuters.com,reuters.com,2,25.13273,1.0,1.0
2722,mobile.reuters.com,publicbroadcasting.net,1,25.13273,1.0,1.0
2723,mobile.reuters.com,mashget.com,1,25.13273,1.0,1.0
2724,mobile.reuters.com,ibtimes.com,1,25.13273,1.0,1.0
2725,mobile.reuters.com,goozad.com,1,25.13273,1.0,1.0
2726,mobile.reuters.com,am1070wdia.com,1,25.13273,1.0,1.0
2727,mobile.reuters.com,abs-cbnnews.com,1,25.13273,1.0,1.0
2728,mobile.reuters.com,600wrec.com,1,25.13273,1.0,1.0
2729,mlive.com,macombdaily.com,1,25.13273,1.0,1.0
2730,mlive.com,californiachronicle.com,1,25.13273,1.0,1.0
2731,mlb.mlb.com,timesargus.com,1,25.13273,1.0,1.0
2732,mlb.mlb.com,dailykos.com,1,25.13273,1.0,1.0
2733,mlb.mlb.com,clickorlando.com,1,25.13273,1.0,1.0
2734,mirror.co.uk,walesonline.co.uk,2,25.13273,1.0,1.0
2735,mirror.co.uk,sundaysun.co.uk,1,25.13273,1.0,1.0
2736,mirror.co.uk,scouty.de,1,25.13273,1.0,1.0
2737,mirror.co.uk,journallive.co.uk,1,25.13273,1.0,1.0
2738,mirror.co.uk,icliverpool.icnetwork.co.uk,1,25.13273,1.0,1.0
2739,mirror.co.uk,iccoventry.icnetwork.co.uk,2,25.13273,1.0,1.0
2740,mirror.co.uk,facebook.com,1,25.13273,1.0,1.0
2741,mirror.co.uk,examiner.co.uk,1,25.13273,1.0,1.0
2742,mirror.co.uk,dailypost.co.uk,1,25.13273,1.0,1.0
2743,mirror.co.uk,coventrytelegraph.net,1,25.13273,1.0,1.0
2744,mirror.co.uk,buckinghamshireadvertiser.co.uk,2,25.13273,1.0,1.0
2745,mirror.co.uk,birminghammail.net,2,25.13273,17.0,9.0
2746,minx.cc,sermoncentral.com,1,25.13273,1.0,1.0
2747,minx.cc,seattlepi.nwsource.com,1,25.13273,1.0,1.0
2748,minx.cc,clipmarks.com,1,25.13273,1.0,1.0
2749,minx.cc,ace.new.mu.nu,1,25.13273,1.0,1.0
2750,minnesota.publicradio.org,southernillinoisan.com,1,25.13273,1.0,1.0
2751,minnesota.publicradio.org,560wind.townhall.com,1,25.13273,1.0,1.0
2752,mininova.org,independent.co.uk,1,25.13273,1.0,1.0
2753,metrowestdailynews.com,alternet.org,1,25.13273,1.0,1.0
2754,mercurynews.com,kansascity.com,2,25.13273,1.0,1.0
2755,mercurynews.com,insidebayarea.com,1,25.13273,1.0,1.0
2756,mercurynews.com,iht.com,2,25.13273,1.0,1.0
2757,mercedsunstar.com,sacbee.com,1,25.13273,1.0,1.0
2758,megite.com,pheedcontent.com,1,25.13273,1.0,1.0
2759,media.star-telegram.com,americanchronicle.com,2,25.13273,1.0,1.0
2760,media.idahostatesman.com,masslive.com,1,25.13273,1.0,1.0
2761,mcclatchydc.com,theaustralian.news.com.au,1,25.13273,1.0,1.0
2762,mcclatchydc.com,sfgate.com,1,25.13273,1.0,1.0
2763,mcclatchydc.com,sacbee.com,2,25.13273,15.0,8.0
2764,mcclatchydc.com,bulletin.aarp.org,1,25.13273,1.0,1.0
2765,mcclatchydc.com,365gay.com,1,25.13273,1.0,1.0
2766,mcall.com,mycentraljersey.com,1,25.13273,1.0,1.0
2767,mashget.com,wikio.co.uk,1,25.13273,1.0,1.0
2768,mashget.com,wcbstv.com,1,25.13273,1.0,1.0
2769,mashget.com,tucsoncitizen.com,1,25.13273,1.0,1.0
2770,mashget.com,sott.net,1,25.13273,1.0,1.0
2771,mashget.com,grandforksherald.com,1,25.13273,1.0,1.0
2772,mashget.com,d-day.blogspot.com,1,25.13273,1.0,1.0
2773,mashget.com,beltwayblips.dailyradar.com,2,25.13273,1.0,1.0
2774,marketwatch.com,weblogs.baltimoresun.com,1,25.13273,1.0,1.0
2775,marketwatch.com,tucsoncitizen.com,1,25.13273,1.0,1.0
2776,marketwatch.com,themoneytimes.com,2,25.13273,1.0,1.0
2777,marketwatch.com,sacbee.com,1,25.13273,1.0,1.0
2778,marketwatch.com,myrtlebeachonline.com,1,25.13273,1.0,1.0
2779,marketwatch.com,miamiherald.com,1,25.13273,1.0,1.0
2780,marketwatch.com,media.idahostatesman.com,1,25.13273,1.0,1.0
2781,marketwatch.com,media.adn.com,1,25.13273,1.0,1.0
2782,marketwatch.com,mcclatchydc.com,1,25.13273,1.0,1.0
2783,marketwatch.com,kxan.com,1,25.13273,1.0,1.0
2784,marketwatch.com,idahostatesman.com,1,25.13273,1.0,1.0
2785,marketwatch.com,dailypress.com,1,25.13273,1.0,1.0
2786,marketwatch.com,charlotteobserver.com,1,25.13273,1.0,1.0
2787,marketwatch.com,charlotte.com,1,25.13273,1.0,1.0
2788,marketwatch.com,bellinghamherald.com,1,25.13273,1.0,1.0
2789,marketwatch.com,adn.com,1,25.13273,1.0,1.0
2790,mahalo.com,ireport.com,1,25.13273,1.0,1.0
2791,mahalo.com,clipmarks.com,1,25.13273,1.0,1.0
2792,mahalo.com,blogher.com,1,25.13273,1.0,1.0
2793,magicvalley.com,wtopnews.com,1,25.13273,1.0,1.0
2794,magicvalley.com,wtnh.com,1,25.13273,1.0,1.0
2795,magicvalley.com,wralsportsfan.com,1,25.13273,1.0,1.0
2796,magicvalley.com,wdtn.com,1,25.13273,1.0,1.0
2797,magicvalley.com,statesman.com,1,25.13273,1.0,1.0
2798,magicvalley.com,startribune.com,1,25.13273,1.0,1.0
2799,magicvalley.com,sanluisobispo.com,1,25.13273,1.0,1.0
2800,magicvalley.com,salon.com,1,25.13273,1.0,1.0
2801,magicvalley.com,newsvine.com,2,25.13273,1.0,1.0
2802,magicvalley.com,news.yahoo.com,1,25.13273,1.0,1.0
2803,magicvalley.com,media.sacbee.com,1,25.13273,1.0,1.0
2804,magicvalley.com,krqe.com,1,25.13273,1.0,1.0
2805,magicvalley.com,idahostatesman.com,1,25.13273,1.0,1.0
2806,magicvalley.com,huffingtonpost.com,1,25.13273,1.0,1.0
2807,magicvalley.com,heraldnet.com,1,25.13273,1.0,1.0
2808,magicvalley.com,forbes.com,2,25.13273,1.0,1.0
2809,magicvalley.com,daytondailynews.com,1,25.13273,1.0,1.0
2810,magicvalley.com,austin360.com,1,25.13273,1.0,1.0
2811,magicvalley.com,adn.com,2,25.13273,1.0,1.0
2812,luxlibertas.com,wcco.com,1,25.13273,1.0,1.0
2813,luxlibertas.com,washingtontimes.com,1,25.13273,1.0,1.0
2814,luxlibertas.com,jezebel.com,1,25.13273,1.0,1.0
2815,luxlibertas.com,gatesofvienna.blogspot.com,1,25.13273,1.0,1.0
2816,luxlibertas.com,chronwatch-america.com,1,25.13273,1.0,1.0
2817,livenews.com.au,topnews.in,1,25.13273,1.0,1.0
2818,livenews.com.au,postchronicle.com,1,25.13273,1.0,1.0
2819,lewrockwell.com,motherjones.com,1,25.13273,1.0,1.0
2820,lewrockwell.com,1800blogger.com,1,25.13273,1.0,1.0
2821,leftword.blogdig.net,sott.net,1,25.13273,1.0,1.0
2822,leftword.blogdig.net,beltwayblips.dailyradar.com,2,25.13273,1.0,1.0
2823,latimes.com,guardian.co.uk,1,25.13273,1.0,1.0
2824,lansingstatejournal.com,thenorthwestern.com,1,25.13273,1.0,1.0
2825,lansingstatejournal.com,theadvertiser.com,1,25.13273,1.0,1.0
2826,ktla.trb.com,sfgate.com,2,25.13273,1.0,1.0
2827,ktla.com,sfgate.com,1,25.13273,1.0,1.0
2828,kswo.com,wrcbtv.com,1,25.13273,1.0,1.0
2829,kswo.com,myfox47.com,1,25.13273,1.0,1.0
2830,kswo.com,ktvq.com,1,25.13273,1.0,1.0
2831,kswo.com,ktvn.com,1,25.13273,1.0,1.0
2832,kswo.com,kmph.com,1,25.13273,1.0,1.0
2833,kswo.com,kionrightnow.com,1,25.13273,1.0,1.0
2834,kswo.com,fox47news.com,1,25.13273,1.0,1.0
2835,kswo.com,fox41.com,1,25.13273,1.0,1.0
2836,kswo.com,fox14tv.com,1,25.13273,1.0,1.0
2837,kswo.com,abc40.com,1,25.13273,1.0,1.0
2838,ksdk.com,pheedcontent.com,1,25.13273,1.0,1.0
2839,ksby.com,ocregister.com,1,25.13273,1.0,1.0
2840,kivitv.com,chicagotribune.com,1,25.13273,1.0,1.0
2841,kfoxtv.com,wsbtv.com.,1,25.13273,1.0,1.0
2842,kfoxtv.com,wmtw.com,1,25.13273,1.0,1.0
2843,kfoxtv.com,wesh.com,1,25.13273,1.0,1.0
2844,kfoxtv.com,theindychannel.com,1,25.13273,1.0,1.0
2845,kfoxtv.com,thedenverchannel.com,1,25.13273,1.0,1.0
2846,kfoxtv.com,news4jax.com,1,25.13273,1.0,1.0
2847,kfoxtv.com,local10.com,1,25.13273,1.0,1.0
2848,kfoxtv.com,ksat.com,1,25.13273,1.0,1.0
2849,kfoxtv.com,kctv5.com,1,25.13273,1.0,1.0
2850,kfoxtv.com,clickondetroit.com,1,25.13273,1.0,1.0
2851,kentucky.com,sportsnipe.com,1,25.13273,1.0,1.0
2852,kare11.com,stuff.co.nz,1,25.13273,1.0,1.0
2853,kare11.com,daytondailynews.com,1,25.13273,1.0,1.0
2854,kansascity.com,wcco.com,1,25.13273,1.0,1.0
2855,kansascity.com,sportsnet.ca,1,25.13273,1.0,1.0
2856,kansascity.com,feeds.feedburner.com,1,25.13273,1.0,1.0
2857,kansascity.com,ap.google.com,1,25.13273,1.0,1.0
2858,kansas.com,www2.journalnow.com,1,25.13273,1.0,1.0
2859,journalstar.com,slam.canoe.ca,1,25.13273,1.0,1.0
2860,journalstar.com,edmontonsun.com,2,25.13273,1.0,1.0
2861,jihadwatch.org,theodoresworld.net,1,25.13273,1.0,1.0
2862,jihadwatch.org,ibloga.blogspot.com,1,25.13273,1.0,1.0
2863,jezebel.com,celebritymound.com,1,25.13273,1.0,1.0
2864,javno.com,uk.news.yahoo.com,2,25.13273,1.0,1.0
2865,javno.com,thestar.com.my,1,25.13273,1.0,1.0
2866,javno.com,techchuck.com,1,25.13273,1.0,1.0
2867,javno.com,stuff.co.nz,1,25.13273,1.0,1.0
2868,javno.com,news.com.au,1,25.13273,1.0,1.0
2869,ireport.com,washingtonpost.com,2,25.13273,3.0,2.0
2870,ireport.com,news.cnet.com,1,25.13273,1.0,1.0
2871,ireport.com,msn.foxsports.com,1,25.13273,1.0,1.0
2872,ireport.com,feeds.gawker.com,1,25.13273,1.0,1.0
2873,ireport.com,boards.historychannel.com,1,25.13273,1.0,1.0
2874,ireport.com,againstobama.com,1,25.13273,1.0,1.0
2875,investorsiraq.com,facebook.com,1,25.13273,1.0,1.0
2876,instablogs.com,sfgate.com,1,25.13273,1.0,1.0
2877,insidebayarea.com,nevadaappeal.com,1,25.13273,1.0,1.0
2878,infowars.com,blognetnews.com,1,25.13273,1.0,1.0
2879,indybay.org,nwotruth.com,1,25.13273,1.0,1.0
2880,indybay.org,infowars.com,2,25.13273,1.0,1.0
2881,indybay.org,dprogram.net,1,25.13273,1.0,1.0
2882,in.news.yahoo.com,nowpublic.com,1,25.13273,1.0,1.0
2883,in.answers.yahoo.com,post-gazette.com,1,25.13273,1.0,1.0
2884,in.answers.yahoo.com,411mania.com,1,25.13273,1.0,1.0
2885,iht.com,twocircles.net,1,25.13273,1.0,1.0
2886,iht.com,npr.org,2,25.13273,1.0,1.0
2887,iht.com,news.xinhuanet.com,1,25.13273,1.0,1.0
2888,iht.com,mysanantonio.com,1,25.13273,1.0,1.0
2889,iht.com,hispanicbusiness.com,1,25.13273,1.0,1.0
2890,iht.com,dnaindia.com,1,25.13273,1.0,1.0
2891,ibloga.blogspot.com,docstalk.blogspot.com,1,25.13273,1.0,1.0
2892,ibdeditorials.com,wntp.townhall.com,1,25.13273,1.0,1.0
2893,ibdeditorials.com,townhall.com,1,25.13273,1.0,1.0
2894,ibdeditorials.com,luxlibertas.com,1,25.13273,1.0,1.0
2895,ibdeditorials.com,krla870.townhall.com,1,25.13273,1.0,1.0
2896,ibdeditorials.com,docstalk.blogspot.com,1,25.13273,1.0,1.0
2897,ibdeditorials.com,860wgul.townhall.com,1,25.13273,1.0,1.0
2898,ibdeditorials.com,560wind.townhall.com,1,25.13273,1.0,1.0
2899,iafrica.com,twocircles.net,2,25.13273,1.0,1.0
2900,iafrica.com,au.rd.yahoo.com,1,25.13273,1.0,1.0
2901,huliq.com,reddit.com,1,25.13273,1.0,1.0
2902,huliq.com,mlb.mlb.com,1,25.13273,1.0,1.0
2903,huliq.com,krqe.com,1,25.13273,1.0,1.0
2904,huliq.com,kob.com,1,25.13273,1.0,1.0
2905,huliq.com,1800blogger.com,1,25.13273,1.0,1.0
2906,huffingtonpost.com,statesman.com,1,25.13273,1.0,1.0
2907,huffingtonpost.com,seattlepi.com,1,25.13273,1.0,1.0
2908,huffingtonpost.com,salon.com,1,25.13273,1.0,1.0
2909,huffingtonpost.com,nwitimes.com,1,25.13273,1.0,1.0
2910,huffingtonpost.com,ledger-enquirer.com,1,25.13273,1.0,1.0
2911,huffingtonpost.com,idahostatesman.com,1,25.13273,1.0,1.0
2912,huffingtonpost.com,forbes.com,1,25.13273,1.0,1.0
2913,huffingtonpost.com,boston.com,1,25.13273,1.0,1.0
2914,huffingtonpost.com,ajc.com,1,25.13273,1.0,1.0
2915,hotair.com,pajamasmedia.com,1,25.13273,1.0,1.0
2916,hotair.com,ibloga.blogspot.com,1,25.13273,1.0,1.0
2917,hotair.com,blogs.abcnews.com,1,25.13273,1.0,1.0
2918,hotair.com,blog.beliefnet.com,1,25.13273,1.0,1.0
2919,holycoast.blogspot.com,politicalforum.com,1,25.13273,1.0,1.0
2920,heraldonline.com,charlotteobserver.com,1,25.13273,1.0,1.0
2921,heraldnet.com,timesreporter.com,1,25.13273,1.0,1.0
2922,heraldextra.com,wsoctv.com,1,25.13273,1.0,1.0
2923,heraldextra.com,noquarterusa.net,1,25.13273,1.0,1.0
2924,hattiesburgamerican.com,reason.com,1,25.13273,1.0,1.0
2925,haaretz.com,pantagraph.com,1,25.13273,1.0,1.0
2926,guardian.co.uk,mysinchew.com,1,25.13273,1.0,1.0
2927,guardian.co.uk,iht.com,1,25.13273,1.0,1.0
2928,guardian.co.uk,cnnpoliticalticker.wordpress.com,1,25.13273,1.0,1.0
2929,groups.google.com,freerepublic.com,1,25.13273,1.0,1.0
2930,gretawire.foxnews.com,rightwingnews.com,1,25.13273,1.0,1.0
2931,gretawire.foxnews.com,propeller.com,1,25.13273,1.0,1.0
2932,gretawire.foxnews.com,opinionsource.com,1,25.13273,1.0,1.0
2933,gretawire.foxnews.com,newsbusters.org,1,25.13273,1.0,1.0
2934,greenbaypressgazette.com,area52hkh.net,1,25.13273,1.0,1.0
2935,golivewire.com,northjersey.com,1,25.13273,1.0,1.0
2936,golivewire.com,ibtimes.com,1,25.13273,1.0,1.0
2937,globalresearch.ca,voxverax.blogspot.com,1,25.13273,1.0,1.0
2938,globalresearch.ca,ecoearth.info,1,25.13273,1.0,1.0
2939,globalresearch.ca,dprogram.net,1,25.13273,1.0,1.0
2940,globalresearch.ca,climateark.org,1,25.13273,1.0,1.0
2941,gle.am,propeller.com,1,25.13273,1.0,1.0
2942,gle.am,feedproxy.google.com,1,25.13273,1.0,1.0
2943,gazette.com,examiner.com,2,25.13273,8.0,4.5
2944,gather.com,startribune.com,1,25.13273,1.0,1.0
2945,gather.com,famelist.info,1,25.13273,1.0,1.0
2946,gather.com,columbiamissourian.com,1,25.13273,1.0,1.0
2947,gatesofvienna.blogspot.com,cnsnews.com,1,25.13273,1.0,1.0
2948,g1.globo.com,sandiego.craigslist.org,1,25.13273,1.0,1.0
2949,freshnews.in,thevelvethottub.com,1,25.13273,1.0,1.0
2950,freshnews.in,news24.com,1,25.13273,1.0,1.0
2951,freshnews.in,iol.co.za,1,25.13273,1.0,1.0
2952,freshnews.in,ca.answers.yahoo.com,1,25.13273,1.0,1.0
2953,freshnews.in,azcentral.com,1,25.13273,1.0,1.0
2954,freshnews.in,au.answers.yahoo.com,1,25.13273,1.0,1.0
2955,freerepublic.com,wyomingnews.com,1,25.13273,1.0,1.0
2956,freerepublic.com,wtkr.com,1,25.13273,1.0,1.0
2957,freerepublic.com,wsvn.com,1,25.13273,1.0,1.0
2958,freerepublic.com,wjz.com,1,25.13273,1.0,1.0
2959,freerepublic.com,wikio.co.uk,1,25.13273,1.0,1.0
2960,freerepublic.com,wbbm780.com,1,25.13273,1.0,1.0
2961,freerepublic.com,washingtonexaminer.com,1,25.13273,1.0,1.0
2962,freerepublic.com,thestar.com,1,25.13273,1.0,1.0
2963,freerepublic.com,tdn.com,1,25.13273,1.0,1.0
2964,freerepublic.com,startribune.com,1,25.13273,1.0,1.0
2965,freerepublic.com,shreveporttimes.com,1,25.13273,1.0,1.0
2966,freerepublic.com,sfgate.com,1,25.13273,1.0,1.0
2967,freerepublic.com,sefermpost.com,2,25.13273,6.0,3.5
2968,freerepublic.com,seacoastonline.com,2,25.13273,1.0,1.0
2969,freerepublic.com,opednews.com,1,25.13273,1.0,1.0
2970,freerepublic.com,olympics.thestar.com,1,25.13273,1.0,1.0
2971,freerepublic.com,nwi.com,1,25.13273,1.0,1.0
2972,freerepublic.com,news.sky.com,1,25.13273,1.0,1.0
2973,freerepublic.com,military.com,1,25.13273,1.0,1.0
2974,freerepublic.com,ksdk.com,1,25.13273,1.0,1.0
2975,freerepublic.com,in.news.yahoo.com,1,25.13273,1.0,1.0
2976,freerepublic.com,gazette.com,1,25.13273,1.0,1.0
2977,freerepublic.com,delmarvanow.com,1,25.13273,1.0,1.0
2978,freerepublic.com,dailypress.com,2,25.13273,1.0,1.0
2979,freerepublic.com,dailyindia.com,2,25.13273,1.0,1.0
2980,freerepublic.com,chron.com,1,25.13273,1.0,1.0
2981,freerepublic.com,cbs4denver.com,1,25.13273,1.0,1.0
2982,freerepublic.com,cbs3.com,1,25.13273,1.0,1.0
2983,freerepublic.com,cbs2.com,2,25.13273,5.0,3.0
2984,freerepublic.com,cbs13.com,1,25.13273,1.0,1.0
2985,freerepublic.com,cbs11tv.com,3,25.13273,5.0,6.666667
2986,freerepublic.com,carnageandculture.blogspot.com,1,25.13273,1.0,1.0
2987,freerepublic.com,bismarcktribune.com,1,25.13273,1.0,1.0
2988,freerepublic.com,accesshollywood.com,1,25.13273,1.0,1.0
2989,freerepublic.com,accessatlanta.com,1,25.13273,1.0,1.0
2990,freerepublic.com,3news.co.nz,1,25.13273,1.0,1.0
2991,freep.com,timesoftheinternet.com,1,25.13273,1.0,1.0
2992,freeinternetpress.com,newsmax.com,1,25.13273,1.0,1.0
2993,freeinternetpress.com,gainesville.com,1,25.13273,1.0,1.0
2994,freeinternetpress.com,delmarvanow.com,1,25.13273,1.0,1.0
2995,freeinternetpress.com,blueridgenow.com,2,25.13273,1.0,1.0
2996,freeinternetpress.com,actualteam.com,1,25.13273,1.0,1.0
2997,freedomeden.blogspot.com,washingtontimes.com,1,25.13273,1.0,1.0
2998,freedomeden.blogspot.com,the-two-malcontents.com,1,25.13273,1.0,1.0
2999,foxnews.com,myfoxchicago.com,1,25.13273,1.0,1.0
3000,foxnews.com,myfoxatlanta.com,1,25.13273,1.0,1.0
3001,foxnews.com,celebitchy.com,1,25.13273,1.0,1.0
3002,fox5vegas.com,wmtw.com,1,25.13273,1.0,1.0
3003,fox5vegas.com,whiotv.com,2,25.13273,1.0,1.0
3004,fox5vegas.com,thewbalchannel.com,1,25.13273,1.0,1.0
3005,fox5vegas.com,thepittsburghchannel.com,1,25.13273,1.0,1.0
3006,fox5vegas.com,theksbwchannel.com,2,25.13273,1.0,1.0
3007,fox5vegas.com,theindychannel.com,1,25.13273,1.0,1.0
3008,fox5vegas.com,thehawaiichannel.com,1,25.13273,1.0,1.0
3009,fox5vegas.com,thedenverchannel.com,1,25.13273,1.0,1.0
3010,fox5vegas.com,local6.com,2,25.13273,1.0,1.0
3011,fox5vegas.com,local10.com,2,25.13273,1.0,1.0
3012,fox5vegas.com,ketv.com,1,25.13273,1.0,1.0
3013,fox5vegas.com,foxcarolina.com,1,25.13273,1.0,1.0
3014,fox5vegas.com,cbs46.com,1,25.13273,1.0,1.0
3015,forums.catholic.com,mirror.co.uk,1,25.13273,1.0,1.0
3016,forums.catholic.com,britanniaradio.blogspot.com,1,25.13273,1.0,1.0
3017,forums.catholic.com,alternet.org,1,25.13273,1.0,1.0
3018,forum.dvdtalk.com,gle.am,1,25.13273,1.0,1.0
3019,forum.dvdtalk.com,eurweb.com,1,25.13273,1.0,1.0
3020,forbes.com,money.canoe.ca,1,25.13273,1.0,1.0
3021,forbes.com,marketwatch.com,1,25.13273,1.0,1.0
3022,firstread.msnbc.msn.com,thepoliticalcarnival.blogspot.com,1,25.13273,1.0,1.0
3023,firstread.msnbc.msn.com,open.salon.com,2,25.13273,1.0,1.0
3024,firstread.msnbc.msn.com,d-day.blogspot.com,1,25.13273,1.0,1.0
3025,feeds.washingtonpost.com,courier-journal.com,1,25.13273,1.0,1.0
3026,feeds.stlouisnews.net,thestar.com,1,25.13273,1.0,1.0
3027,feeds.stlouisnews.net,rutlandherald.com,2,25.13273,1.0,1.0
3028,feeds.stlouisnews.net,buffalonews.com,1,25.13273,1.0,1.0
3029,feeds.stlouisnews.net,bit.ly,1,25.13273,1.0,1.0
3030,feeds.stlouisnews.net,annistonstar.com,1,25.13273,1.0,1.0
3031,feeds.gawker.com,vosizneias.com,1,25.13273,1.0,1.0
3032,feeds.gawker.com,thevelvethottub.com,1,25.13273,1.0,1.0
3033,feeds.gawker.com,heraldtribune.com,1,25.13273,1.0,1.0
3034,feeds.gawker.com,feeds.stlouisnews.net,1,25.13273,1.0,1.0
3035,feeds.foxnews.com,washingtontimes.com,1,25.13273,1.0,1.0
3036,feeds.foxnews.com,foxnews.com,1,25.13273,1.0,1.0
3037,feeds.feedburner.com,scouty.de,1,25.13273,1.0,1.0
3038,feeds.feedblitz.com,nationalpost.com,1,25.13273,1.0,1.0
3039,feeds.digg.com/~r/digg/container/world_business,squidoo.com,1,25.13273,1.0,1.0
3040,feeds.digg.com/~r/digg/container/world_business,rutlandherald.com,1,25.13273,1.0,1.0
3041,feeds.digg.com/~r/digg/container/world_business,digg.com/politics,1,25.13273,1.0,1.0
3042,feeds.cbsnews.com,wbztv.com,1,25.13273,1.0,1.0
3043,feeds.cbsnews.com,cbs13.com,1,25.13273,1.0,1.0
3044,feedproxy.google.com,wral.com,1,25.13273,1.0,1.0
3045,feedproxy.google.com,uk.news.yahoo.com,1,25.13273,1.0,1.0
3046,feedproxy.google.com,startribune.com,1,25.13273,1.0,1.0
3047,feedproxy.google.com,seattletimes.nwsource.com,1,25.13273,1.0,1.0
3048,feedproxy.google.com,salon.com,1,25.13273,1.0,1.0
3049,feedproxy.google.com,rollingstone.com,1,25.13273,1.0,1.0
3050,feedproxy.google.com,newsvine.com,1,25.13273,1.0,1.0
3051,feedproxy.google.com,media.sacbee.com,1,25.13273,1.0,1.0
3052,feedproxy.google.com,idahostatesman.com,1,25.13273,1.0,1.0
3053,fayobserver.com,myrtlebeachonline.com,1,25.13273,1.0,1.0
3054,fayobserver.com,belleville.com,1,25.13273,1.0,1.0
3055,fanfiction.net,timesoftheinternet.com,1,25.13273,1.0,1.0
3056,fanfiction.net,thejakartapost.com,1,25.13273,1.0,1.0
3057,fanfiction.net,postchronicle.com,1,25.13273,1.0,1.0
3058,fanfiction.net,pastebin.ca,1,25.13273,1.0,1.0
3059,fanfiction.net,newsobserver.com,1,25.13273,1.0,1.0
3060,famelist.info,statesman.com,1,25.13273,1.0,1.0
3061,famelist.info,seattletimes.nwsource.com,1,25.13273,1.0,1.0
3062,famelist.info,seattlepi.com,1,25.13273,1.0,1.0
3063,famelist.info,newsvine.com,1,25.13273,1.0,1.0
3064,famelist.info,examiner.com,1,25.13273,1.0,1.0
3065,famelist.info,dailypress.com,1,25.13273,1.0,1.0
3066,famelist.info,dailykos.com,1,25.13273,1.0,1.0
3067,famelist.info,dailyadvance.com,1,25.13273,1.0,1.0
3068,famelist.info,blog.taragana.com,1,25.13273,1.0,1.0
3069,facebook.com,usnews.com,1,25.13273,1.0,1.0
3070,facebook.com,patdollard.com,1,25.13273,1.0,1.0
3071,facebook.com,kypost.com,1,25.13273,1.0,1.0
3072,facebook.com,courier-journal.com,1,25.13273,1.0,1.0
3073,facebook.com,allafrica.com,1,25.13273,1.0,1.0
3074,eurweb.com,showhype.com,1,25.13273,1.0,1.0
3075,eurweb.com,people.com,1,25.13273,1.0,1.0
3076,eurweb.com,nbcsandiego.com,1,25.13273,1.0,1.0
3077,eurweb.com,eonline.com,1,25.13273,1.0,1.0
3078,eurweb.com,contactmusic.com,1,25.13273,1.0,1.0
3079,eurweb.com,ajc.com,1,25.13273,1.0,1.0
3080,eurweb.com,accesshollywood.com,1,25.13273,1.0,1.0
3081,etonline.com,wikio.com,2,25.13273,1.0,1.0
3082,etonline.com,vnnforum.com,1,25.13273,1.0,1.0
3083,etonline.com,iht.com,1,25.13273,1.0,1.0
3084,etonline.com,forum.dvdtalk.com,1,25.13273,1.0,1.0
3085,etonline.com,accesshollywood.com,1,25.13273,1.0,1.0
3086,english.aljazeera.net,thedaily.com.au,1,25.13273,1.0,1.0
3087,english.aljazeera.net,theaustralian.news.com.au,1,25.13273,1.0,1.0
3088,english.aljazeera.net,origin.theaustralian.news.com.au,1,25.13273,1.0,1.0
3089,english.aljazeera.net,news.theage.com.au,1,25.13273,1.0,1.0
3090,english.aljazeera.net,news.smh.com.au,1,25.13273,1.0,1.0
3091,english.aljazeera.net,news.ninemsn.com.au,1,25.13273,1.0,1.0
3092,embeds.blogs.foxnews.com,townhall.com,1,25.13273,1.0,1.0
3093,eluniversal.com,farodevigo.es,1,25.13273,1.0,1.0
3094,edmontonsun.com,article.wn.com,1,25.13273,1.0,1.0
3095,edmontonsun.com,answerbag.com,1,25.13273,1.0,1.0
3096,edition.cnn.com,singaporejobstoday.com,2,25.13273,5.0,3.0
3097,edition.cnn.com,sanfranciscosentinel.com,1,25.13273,1.0,1.0
3098,edition.cnn.com,dprogram.net,1,25.13273,1.0,1.0
3099,edition.cnn.com,celebrityblend.com,1,25.13273,1.0,1.0
3100,edition.cnn.com,celebitchy.com,1,25.13273,1.0,1.0
3101,edition.cnn.com,blogher.com,1,25.13273,1.0,1.0
3102,edition.cnn.com,blog.taragana.com,1,25.13273,1.0,1.0
3103,earthtimes.org,cnn.com,1,25.13273,1.0,1.0
3104,durangoherald.com,blognetnews.com,1,25.13273,1.0,1.0
3105,drudge.com,gctelegram.com,1,25.13273,1.0,1.0
3106,dprogram.net,popwatch.ew.com,1,25.13273,1.0,1.0
3107,dprogram.net,injesus.com,1,25.13273,1.0,1.0
3108,docstalk.blogspot.com,theodoresworld.net,1,25.13273,1.0,1.0
3109,docstalk.blogspot.com,mashget.com,1,25.13273,1.0,1.0
3110,docstalk.blogspot.com,care2.com,1,25.13273,1.0,1.0
3111,dnaindia.com,jihadwatch.org,1,25.13273,1.0,1.0
3112,dissidentvoice.org,news.yahoo.com,1,25.13273,1.0,1.0
3113,dissidentvoice.org,infowars.com,1,25.13273,1.0,1.0
3114,dissidentvoice.org,dprogram.net,1,25.13273,1.0,1.0
3115,dissidentvoice.org,dandelionsalad.wordpress.com,1,25.13273,1.0,1.0
3116,dissidentvoice.org,afterdowningstreet.org,1,25.13273,1.0,1.0
3117,dispatch.com,reason.com,1,25.13273,1.0,1.0
3118,digg.com/politics,minx.cc,1,25.13273,1.0,1.0
3119,diarioinformacion.com,singaporejobstoday.com,1,25.13273,1.0,1.0
3120,detnews.com,vaildaily.com,1,25.13273,1.0,1.0
3121,democraticunderground.com,riverdaughter.wordpress.com,1,25.13273,1.0,1.0
3122,democraticunderground.com,michaelmoore.com,1,25.13273,1.0,1.0
3123,democraticunderground.com,d-day.blogspot.com,1,25.13273,1.0,1.0
3124,democraticunderground.com,commondreams.org,1,25.13273,1.0,1.0
3125,democraticunderground.com,cleveland.com,1,25.13273,1.0,1.0
3126,daytondailynews.com,stltoday.com,1,25.13273,1.0,1.0
3127,daytondailynews.com,ibtimes.com,1,25.13273,1.0,1.0
3128,dandelionsalad.wordpress.com,counterpunch.org,2,25.13273,7.0,4.0
3129,dailytimes.com.pk,dailylocal.com,1,25.13273,1.0,1.0
3130,dailypress.com,infowars.com,1,25.13273,1.0,1.0
3131,dailypost.co.uk,newsx.com,1,25.13273,1.0,1.0
3132,dailymail.com,rightwingnews.com,1,25.13273,1.0,1.0
3133,dailymail.com,popmatters.com,1,25.13273,1.0,1.0
3134,dailylocal.com,feedproxy.google.com,1,25.13273,1.0,1.0
3135,dailykos.com,uspolitics.tribe.net,1,25.13273,1.0,1.0
3136,dailykos.com,lobbytools.com,1,25.13273,1.0,1.0
3137,dailykos.com,afterdowningstreet.org,1,25.13273,1.0,1.0
3138,dailyindia.com,feeds.feedblitz.com,1,25.13273,1.0,1.0
3139,d-day.blogspot.com,prevuze.blogspot.com,1,25.13273,1.0,1.0
3140,crooksandliars.com,leftword.blogdig.net,1,25.13273,1.0,1.0
3141,cqpolitics.com,clipmarks.com,1,25.13273,1.0,1.0
3142,cqpolitics.com,boards.historychannel.com,1,25.13273,1.0,1.0
3143,courier-journal.com,delcotimes.com,1,25.13273,1.0,1.0
3144,counterpunch.org,globalresearch.ca,1,25.13273,1.0,1.0
3145,counterpunch.org,dissidentvoice.org,1,25.13273,1.0,1.0
3146,countercurrents.org,thinkprogress.org,1,25.13273,1.0,1.0
3147,countercurrents.org,themoderatevoice.com,1,25.13273,1.0,1.0
3148,countercurrents.org,motherjones.com,1,25.13273,1.0,1.0
3149,countercurrents.org,clipmarks.com,1,25.13273,1.0,1.0
3150,countercurrents.org,blackpoliticsontheweb.com,1,25.13273,1.0,1.0
3151,countercurrents.org,airamerica.com,1,25.13273,1.0,1.0
3152,corner.nationalreview.com,theaustralian.news.com.au,1,25.13273,1.0,1.0
3153,corner.nationalreview.com,rgj.com,1,25.13273,1.0,1.0
3154,corner.nationalreview.com,northjersey.com,1,25.13273,1.0,1.0
3155,corner.nationalreview.com,holycoast.blogspot.com,1,25.13273,1.0,1.0
3156,corner.nationalreview.com,canada.com,1,25.13273,1.0,1.0
3157,contactmusic.com,thevelvethottub.com,1,25.13273,1.0,1.0
3158,contactmusic.com,rssjunky.com,1,25.13273,1.0,1.0
3159,conservapedia.com,open.salon.com,1,25.13273,1.0,1.0
3160,conservapedia.com,newsobserver.com,1,25.13273,1.0,1.0
3161,conservapedia.com,mlive.com,1,25.13273,1.0,1.0
3162,conservapedia.com,baltimoresun.com,1,25.13273,1.0,1.0
3163,commondreams.org,forums.somd.com,1,25.13273,1.0,1.0
3164,columbiatribune.com,bulletin.aarp.org,1,25.13273,1.0,1.0
3165,columbiamissourian.com,cbn.com,1,25.13273,1.0,1.0
3166,columbiamissourian.com,area52hkh.net,1,25.13273,1.0,1.0
3167,cnsnews.com,wntp.townhall.com,1,25.13273,1.0,1.0
3168,cnsnews.com,townhall.com,2,25.13273,5.0,3.0
3169,cnsnews.com,luxlibertas.com,1,25.13273,1.0,1.0
3170,cnsnews.com,krla870.townhall.com,1,25.13273,1.0,1.0
3171,cnsnews.com,gunnyg.wordpress.com,1,25.13273,1.0,1.0
3172,cnsnews.com,860wgul.townhall.com,1,25.13273,1.0,1.0
3173,cnsnews.com,560wind.townhall.com,1,25.13273,1.0,1.0
3174,cnnwire.blogs.cnn.com,weblogs.chicagotribune.com,1,25.13273,1.0,1.0
3175,cnnwire.blogs.cnn.com,sacbee.com,1,25.13273,1.0,1.0
3176,cnnwire.blogs.cnn.com,edition.cnn.com,2,25.13273,3.0,2.0
3177,cnnwire.blogs.cnn.com,cnn.com,2,25.13273,3.0,2.0
3178,cnnpoliticalticker.wordpress.com,telegraph.co.uk,2,25.13273,1.0,1.0
3179,cnn.com,northjersey.com,1,25.13273,1.0,1.0
3180,clipmarks.com,vosizneias.com,1,25.13273,1.0,1.0
3181,clipmarks.com,uk.news.yahoo.com,1,25.13273,1.0,1.0
3182,clipmarks.com,theragblog.blogspot.com,2,25.13273,4.0,2.5
3183,clipmarks.com,taipeitimes.com,1,25.13273,1.0,1.0
3184,clipmarks.com,sefermpost.com,1,25.13273,1.0,1.0
3185,clipmarks.com,scdfa.org,1,25.13273,1.0,1.0
3186,clipmarks.com,propeller.com,1,25.13273,1.0,1.0
3187,clipmarks.com,independent.co.uk,1,25.13273,1.0,1.0
3188,clipmarks.com,freerepublic.com,1,25.13273,1.0,1.0
3189,clipmarks.com,freeinternetpress.com,1,25.13273,1.0,1.0
3190,clipmarks.com,features.csmonitor.com,1,25.13273,1.0,1.0
3191,clipmarks.com,britanniaradio.blogspot.com,1,25.13273,1.0,1.0
3192,cleveland.com,vnnforum.com,1,25.13273,1.0,1.0
3193,cleveland.com,livenews.com.au,1,25.13273,1.0,1.0
3194,cleveland.com,lasvegassun.com,1,25.13273,1.0,1.0
3195,chroniclelive.co.uk,blogher.com,1,25.13273,1.0,1.0
3196,chronicle.augusta.com,huffingtonpost.com,1,25.13273,1.0,1.0
3197,chicagotribune.com,blogher.com,1,25.13273,1.0,1.0
3198,chacha.com,uk.reuters.com,1,25.13273,1.0,1.0
3199,chacha.com,uk.news.yahoo.com,1,25.13273,1.0,1.0
3200,chacha.com,reuters.com,1,25.13273,1.0,1.0
3201,chacha.com,publicbroadcasting.net,1,25.13273,1.0,1.0
3202,chacha.com,postchronicle.com,1,25.13273,1.0,1.0
3203,chacha.com,javno.com,1,25.13273,1.0,1.0
3204,chacha.com,blog.sina.com.cn,1,25.13273,1.0,1.0
3205,celebritygossip.epicureforum.com,showhype.com,2,25.13273,1.0,1.0
3206,celebritygossip.epicureforum.com,nymag.com,1,25.13273,1.0,1.0
3207,celebritygossip.epicureforum.com,feeds.gawker.com,1,25.13273,1.0,1.0
3208,celebritygossip.epicureforum.com,clipmarks.com,1,25.13273,1.0,1.0
3209,celebritygossip.epicureforum.com,1800blogger.com,1,25.13273,1.0,1.0
3210,cbs2chicago.com,wbbm780.com,1,25.13273,1.0,1.0
3211,cbs2chicago.com,startribune.com,1,25.13273,1.0,1.0
3212,cbs2chicago.com,seattletimes.nwsource.com,1,25.13273,1.0,1.0
3213,cbs2chicago.com,seattlepi.nwsource.com,1,25.13273,1.0,1.0
3214,cbs2chicago.com,newsvine.com,1,25.13273,1.0,1.0
3215,cbs2chicago.com,galesburg.com,1,25.13273,1.0,1.0
3216,cbs2chicago.com,boston.com,1,25.13273,1.0,1.0
3217,cbs2chicago.com,bellinghamherald.com,1,25.13273,1.0,1.0
3218,cbc.ca,news.sympatico.msn.cbc.ca,1,25.13273,1.0,1.0
3219,catholicexchange.com,tucsoncitizen.com,1,25.13273,1.0,1.0
3220,carnageandculture.blogspot.com,kentucky.com,1,25.13273,1.0,1.0
3221,carnageandculture.blogspot.com,gretawire.foxnews.com,1,25.13273,1.0,1.0
3222,capecodonline.com,wftv.com,1,25.13273,1.0,1.0
3223,capecodonline.com,nbcchicago.com,1,25.13273,1.0,1.0
3224,canadaeast.com,etaiwannews.com,1,25.13273,1.0,1.0
3225,canadaeast.com,ajc.com,1,25.13273,1.0,1.0
3226,canada.com,ctv.ca,1,25.13273,1.0,1.0
3227,ca.answers.yahoo.com,tsn.ca,1,25.13273,1.0,1.0
3228,ca.answers.yahoo.com,timesonline.co.uk,1,25.13273,1.0,1.0
3229,ca.answers.yahoo.com,rebellenation.blogspot.com,1,25.13273,1.0,1.0
3230,ca.answers.yahoo.com,edmontonsun.com,1,25.13273,1.0,1.0
3231,bulletin.aarp.org,washingtonexaminer.com,1,25.13273,1.0,1.0
3232,bulletin.aarp.org,gainesville.com,1,25.13273,1.0,1.0
3233,bulletin.aarp.org,gadsdentimes.com,1,25.13273,1.0,1.0
3234,bulletin.aarp.org,freep.com,1,25.13273,1.0,1.0
3235,bulletin.aarp.org,couriermail.news.com.au,1,25.13273,1.0,1.0
3236,buffalonews.com,in.news.yahoo.com,1,25.13273,1.0,1.0
3237,bsimmons.wordpress.com,docstalk.blogspot.com,1,25.13273,1.0,1.0
3238,bsimmons.wordpress.com,brownpelicanla.com,2,25.13273,6.0,3.5
3239,broadwayworld.com,mycentraljersey.com,1,25.13273,1.0,1.0
3240,breakingnews.ie,canada.com,1,25.13273,1.0,1.0
3241,brandonsun.com,variety.com,1,25.13273,1.0,1.0
3242,brandonsun.com,olympics.thestar.com,2,25.13273,1.0,1.0
3243,brandonsun.com,cnews.canoe.ca,1,25.13273,1.0,1.0
3244,boston.com,prospect.org,1,25.13273,1.0,1.0
3245,bnd.com,sports.espn.go.com,2,25.13273,1.0,1.0
3246,blueridgenow.com,washingtonpost.com,1,25.13273,1.0,1.0
3247,bloomberg.com,uspolitics.tribe.net,1,25.13273,1.0,1.0
3248,bloomberg.com,prisonplanet.com,1,25.13273,1.0,1.0
3249,bloomberg.com,michaelmoore.com,1,25.13273,1.0,1.0
3250,bloomberg.com,dprogram.net,1,25.13273,1.0,1.0
3251,bloomberg.com,dcexaminer.com,1,25.13273,1.0,1.0
3252,bloomberg.com,congresscheck.com,1,25.13273,1.0,1.0
3253,blogs.myspace.com,sunherald.com,1,25.13273,1.0,1.0
3254,blogs.myspace.com,seacoastonline.com,1,25.13273,1.0,1.0
3255,blogs.myspace.com,philly.com,1,25.13273,1.0,1.0
3256,blogs.myspace.com,mahalo.com,1,25.13273,1.0,1.0
3257,blogs.myspace.com,helenair.com,1,25.13273,1.0,1.0
3258,blogs.myspace.com,goerie.com,1,25.13273,1.0,1.0
3259,blogs.myspace.com,detnews.com,1,25.13273,1.0,1.0
3260,blogs.myspace.com,azstarnet.com,1,25.13273,1.0,1.0
3261,blogs.chron.com,sacbee.com,1,25.13273,1.0,1.0
3262,blogs.chron.com,forbes.com,1,25.13273,1.0,1.0
3263,blogs.abcnews.com,the-two-malcontents.com,1,25.13273,1.0,1.0
3264,blogs.abcnews.com,swamppolitics.com,1,25.13273,1.0,1.0
3265,blogs.abcnews.com,realclearpolitics.com,2,25.13273,8.0,4.5
3266,blogs.abcnews.com,pajamasmedia.com,1,25.13273,1.0,1.0
3267,blogs.abcnews.com,hotair.com,1,25.13273,1.0,1.0
3268,blogs.abcnews.com,holycoast.blogspot.com,1,25.13273,1.0,1.0
3269,blogs.abcnews.com,clipmarks.com,2,25.13273,1.0,1.0
3270,blogs.abcnews.com,ace.new.mu.nu,1,25.13273,1.0,1.0
3271,blognetwork.knoxnews.com,corner.nationalreview.com,1,25.13273,1.0,1.0
3272,blogher.com,opinionsource.com,1,25.13273,1.0,1.0
3273,blogher.com,nymag.com,1,25.13273,1.0,1.0
3274,blogher.com,belfasttelegraph.co.uk,1,25.13273,1.0,1.0
3275,bleacherreport.com,newonlinearticles.com,1,25.13273,1.0,1.0
3276,bleacherreport.com,iol.co.za,1,25.13273,1.0,1.0
3277,bit.ly,facebook.com,1,25.13273,1.0,1.0
3278,beltwayblips.dailyradar.com,propeller.com,1,25.13273,1.0,1.0
3279,bellinghamherald.com,seattlepi.com,1,25.13273,1.0,1.0
3280,bellinghamherald.com,sacbee.com,1,25.13273,1.0,1.0
3281,bellinghamherald.com,kirotv.com,1,25.13273,1.0,1.0
3282,bellinghamherald.com,clkurl.com,1,25.13273,1.0,1.0
3283,bellinghamherald.com,clickorlando.com,1,25.13273,1.0,1.0
3284,bellinghamherald.com,cbs46.com,1,25.13273,1.0,1.0
3285,bellinghamherald.com,am1070wdia.com,1,25.13273,1.0,1.0
3286,bellinghamherald.com,600wrec.com,1,25.13273,1.0,1.0
3287,belleville.com,gather.com,1,25.13273,1.0,1.0
3288,belfasttelegraph.co.uk,soccerblogs.net,1,25.13273,1.0,1.0
3289,belfasttelegraph.co.uk,msn.foxsports.com,1,25.13273,1.0,1.0
3290,belfasttelegraph.co.uk,irishtimes.com,1,25.13273,1.0,1.0
3291,belfasttelegraph.co.uk,breakingnews.ie,1,25.13273,1.0,1.0
3292,baltimoresun.com,wusa9.com,2,25.13273,1.0,1.0
3293,baltimoresun.com,sports.yahoo.com,1,25.13273,1.0,1.0
3294,baltimoresun.com,slam.canoe.ca,1,25.13273,1.0,1.0
3295,baltimoresun.com,onlineathens.com,1,25.13273,1.0,1.0
3296,baltimoresun.com,mlb.mlb.com,1,25.13273,1.0,1.0
3297,baltimoresun.com,ledger-enquirer.com,1,25.13273,1.0,1.0
3298,baltimoresun.com,heraldonline.com,1,25.13273,1.0,1.0
3299,baltimoresun.com,citizen-times.com,1,25.13273,1.0,1.0
3300,baltimoresun.com,chronicle.augusta.com,1,25.13273,1.0,1.0
3301,azcentral.com,wsbtv.com,1,25.13273,1.0,1.0
3302,azcentral.com,wmtw.com,1,25.13273,1.0,1.0
3303,azcentral.com,wesh.com,1,25.13273,1.0,1.0
3304,azcentral.com,theindychannel.com,1,25.13273,1.0,1.0
3305,azcentral.com,thedenverchannel.com,1,25.13273,1.0,1.0
3306,azcentral.com,orlandosentinel.com,1,25.13273,1.0,1.0
3307,azcentral.com,newsday.com,1,25.13273,1.0,1.0
3308,azcentral.com,kctv5.com,1,25.13273,1.0,1.0
3309,azcentral.com,kcra.com,1,25.13273,1.0,1.0
3310,azcentral.com,clickondetroit.com,1,25.13273,1.0,1.0
3311,avaxhome.ws,quizilla.com,1,25.13273,1.0,1.0
3312,au.answers.yahoo.com,redstate.com,1,25.13273,1.0,1.0
3313,area52hkh.net,wattpad.com,1,25.13273,1.0,1.0
3314,archives.cnn.com,politicalforum.com,1,25.13273,1.0,1.0
3315,answerbag.com,ireport.com,1,25.13273,1.0,1.0
3316,americannonsense.com,pajamasmedia.com,1,25.13273,1.0,1.0
3317,americannonsense.com,blognetwork.knoxnews.com,1,25.13273,1.0,1.0
3318,americanchronicle.com,x.techwheat.com,1,25.13273,1.0,1.0
3319,americanchronicle.com,newonlinearticles.com,1,25.13273,1.0,1.0
3320,alternet.org,wikio.co.uk,1,25.13273,1.0,1.0
3321,alternet.org,timesunion.com,1,25.13273,1.0,1.0
3322,alternet.org,deseretnews.com,1,25.13273,1.0,1.0
3323,alternet.org,blogcritics.org,1,25.13273,1.0,1.0
3324,alternet.org,airamerica.com,1,25.13273,1.0,1.0
3325,alternet.org,365gay.com,1,25.13273,1.0,1.0
3326,alanat.com,celebritymound.com,1,25.13273,1.0,1.0
3327,ajc.com,wsbtv.com,1,25.13273,1.0,1.0
3328,ajc.com,macon.com,1,25.13273,1.0,1.0
3329,ajc.com,cbs46.com,1,25.13273,1.0,1.0
3330,airamerica.com,redstate.com,1,25.13273,1.0,1.0
3331,adn.com,scdfa.org,1,25.13273,1.0,1.0
3332,accesshollywood.com,famelist.info,1,25.13273,1.0,1.0
3333,accesshollywood.com,64.90.166.18,1,25.13273,1.0,1.0
3334,abs-cbnnews.com,abc.net.au,1,25.13273,1.0,1.0
3335,abluteau.wordpress.com,waff.com,1,25.13273,1.0,1.0
3336,abluteau.wordpress.com,theledger.com,1,25.13273,1.0,1.0
3337,abluteau.wordpress.com,the-dispatch.com,1,25.13273,1.0,1.0
3338,abluteau.wordpress.com,starnewsonline.com,1,25.13273,1.0,1.0
3339,abluteau.wordpress.com,ocala.com,1,25.13273,1.0,1.0
3340,abluteau.wordpress.com,kvia.com,1,25.13273,1.0,1.0
3341,abluteau.wordpress.com,ktnv.com,1,25.13273,1.0,1.0
3342,abluteau.wordpress.com,heraldtribune.com,1,25.13273,1.0,1.0
3343,abluteau.wordpress.com,blueridgenow.com,1,25.13273,1.0,1.0
3344,abluteau.wordpress.com,app.com,1,25.13273,1.0,1.0
3345,abcnews.go.com,sott.net,1,25.13273,1.0,1.0
3346,abcnews.go.com,feeds.latimes.com,1,25.13273,1.0,1.0
3347,abc.net.au,news24.com,1,25.13273,1.0,1.0
3348,9news.com,chicagotribune.com,1,25.13273,1.0,1.0
3349,64.90.166.18,nj.com,1,25.13273,1.0,1.0
3350,64.90.166.18,etonline.com,1,25.13273,1.0,1.0
3351,64.90.166.18,digitalspy.co.uk,1,25.13273,1.0,1.0
3352,64.90.166.18,chicagotribune.com,1,25.13273,1.0,1.0
3353,411mania.com,forum.dvdtalk.com,1,25.13273,1.0,1.0
3354,theautomaticearth.blogspot.com,philly.com,2,25.13273,2.0,1.5
3355,sports.yahoo.com,mercurynews.com,2,25.13273,2.0,1.5
3356,prnewswire.com,ireport.com,2,25.13273,12.0,6.5
3357,megite.com,bit.ly,2,25.13273,2.0,1.5
3358,jpost.com,docstalk.blogspot.com,2,25.13273,2.0,1.5
3359,freerepublic.com,rgj.com,2,25.13273,2.0,1.5
3360,feeds.foxnews.com,alanat.com,2,25.13273,2.0,1.5
3361,belfasttelegraph.co.uk,icscotland.icnetwork.co.uk,2,25.13273,2.0,1.5
3362,afterdowningstreet.org,counterpunch.org,2,25.13273,2.0,1.5
3363,diarioinformacion.com,diariovasco.com,1,24.525816,1.0,1.0
3364,blogher.com,feeds.gawker.com,1,24.525816,1.0,1.0
3365,bit.ly,gather.com,1,24.525816,1.0,1.0
3366,nydailynews.com,mercurynews.com,3,24.296949,3.0,7.666667
3367,stuff.co.nz,timesonline.co.uk,2,24.296949,14.0,10.0
3368,sott.net,seattlepi.nwsource.com,2,24.296949,15.0,10.0
3369,post-gazette.com,freerepublic.com,2,24.296949,10.0,10.0
3370,facebook.com,pbs.org,2,24.296949,15.0,10.0
3371,blog.taragana.com,timesoftheinternet.com,2,24.296949,15.0,10.0
3372,articleslide.com,wotarticle.com,2,24.296949,14.0,10.0
3373,upi.com,600wrec.com,4,23.690035,1.0,1.25
3374,turkishpress.com,iol.co.za,3,23.690035,1.0,1.333333
3375,truthout.org,sott.net,2,23.690035,9.0,5.5
3376,themonitor.com,bulletin.aarp.org,3,23.690035,1.0,1.333333
3377,theage.com.au,seattlepi.nwsource.com,2,23.690035,10.0,6.0
3378,feeds.gawker.com,daily-herald.com,2,23.690035,9.0,5.5
3379,drudge.com,pajamasmedia.com,2,23.690035,9.0,5.5
3380,www2.journalnow.com,thedailynewsonline.com,1,23.690035,2.0,2.0
3381,www2.journalnow.com,mercedsunstar.com,1,23.690035,2.0,2.0
3382,www2.journalnow.com,gazette.com,1,23.690035,2.0,2.0
3383,www2.journalnow.com,amazon.com,1,23.690035,2.0,2.0
3384,wsbradio.com,scrippsnews.net,1,23.690035,2.0,2.0
3385,wsbradio.com,scrippsnews.com,1,23.690035,2.0,2.0
3386,wraithbait.com,reddit.com,1,23.690035,2.0,2.0
3387,wraithbait.com,bleacherreport.com,1,23.690035,2.0,2.0
3388,wotarticle.com,rssjunky.com,1,23.690035,2.0,2.0
3389,wotarticle.com,businessweek.com,1,23.690035,2.0,2.0
3390,woai.com:80,clkurl.com,1,23.690035,2.0,2.0
3391,wmal.com,feeds.latimes.com,1,23.690035,2.0,2.0
3392,winnipegfreepress.com,dailyreportonline.com,1,23.690035,2.0,2.0
3393,wgnradio.com,broadwayworld.com,1,23.690035,2.0,2.0
3394,weblogs.baltimoresun.com,leftword.blogdig.net,1,23.690035,2.0,2.0
3395,wcpo.com:80,cnews.canoe.ca,1,23.690035,2.0,2.0
3396,wcco.com,washingtonexaminer.com,1,23.690035,2.0,2.0
3397,wattpad.com,sports.yahoo.com,1,23.690035,2.0,2.0
3398,wattpad.com,slam.canoe.ca,1,23.690035,2.0,2.0
3399,washingtonpost.com,newsbusters.org,1,23.690035,2.0,2.0
3400,waff.com,medlogs.com,1,23.690035,2.0,2.0
3401,voices.washingtonpost.com,seacoastonline.com,1,23.690035,2.0,2.0
3402,voices.washingtonpost.com,cnbc.com,1,23.690035,2.0,2.0
3403,vnnforum.com,channelnewsasia.com,1,23.690035,2.0,2.0
3404,vh1.com,news.cnet.com,1,23.690035,2.0,2.0
3405,vh1.com,medlogs.com,1,23.690035,2.0,2.0
3406,vh1.com,etonline.com,2,23.690035,13.0,7.5
3407,variety.com,popwatch.ew.com,1,23.690035,2.0,2.0
3408,vaildaily.com,kansascity.com,1,23.690035,2.0,2.0
3409,uspolitics.tribe.net,globalresearch.ca,1,23.690035,2.0,2.0
3410,upi.com,showhype.com,1,23.690035,2.0,2.0
3411,upi.com,amazon.com,1,23.690035,2.0,2.0
3412,uncyclopedia.wikia.com,www2.ljworld.com,1,23.690035,2.0,2.0
3413,uk.reuters.com,ibtimes.com,1,23.690035,2.0,2.0
3414,uk.news.yahoo.com,thenewstribune.com,1,23.690035,2.0,2.0
3415,tuscaloosanews.com,theledger.com,1,23.690035,2.0,2.0
3416,tucsoncitizen.com,open.salon.com,1,23.690035,2.0,2.0
3417,truthseeker2473.blogspot.com,news.com.au,1,23.690035,2.0,2.0
3418,truthseeker2473.blogspot.com,64.90.166.18,1,23.690035,2.0,2.0
3419,trentonian.com,x.techwheat.com,1,23.690035,2.0,2.0
3420,trentonian.com,blogs.abcnews.com,1,23.690035,2.0,2.0
3421,topnews.in,abcactionnews.com:80,1,23.690035,2.0,2.0
3422,toledoblade.com,pastebin.ca,1,23.690035,2.0,2.0
3423,todayszaman.com,crap713three.blogspot.com,1,23.690035,2.0,2.0
3424,timesdaily.com,jacksonville.com,1,23.690035,2.0,2.0
3425,thinkprogress.org,ca.answers.yahoo.com,1,23.690035,2.0,2.0
3426,thevelvethottub.com,postchronicle.com,1,23.690035,2.0,2.0
3427,thestar.com,thetimesonline.com,1,23.690035,2.0,2.0
3428,thestar.com,nwitimes.com,1,23.690035,2.0,2.0
3429,thereporteronline.com,eastvalleytribune.com,1,23.690035,2.0,2.0
3430,theragblog.blogspot.com,taipeitimes.com,1,23.690035,2.0,2.0
3431,theragblog.blogspot.com,crap713three.blogspot.com,2,23.690035,2.0,2.0
3432,thenewstribune.com,vnnforum.com,1,23.690035,2.0,2.0
3433,themoneytimes.com,newser.com,1,23.690035,2.0,2.0
3434,themoderatevoice.com,townhall.com,1,23.690035,2.0,2.0
3435,themoderatevoice.com,newsmax.com,1,23.690035,2.0,2.0
3436,themoderatevoice.com,article.wn.com,1,23.690035,2.0,2.0
3437,thehour.com,goozad.com,1,23.690035,2.0,2.0
3438,thehour.com,feeds.reuters.com,1,23.690035,2.0,2.0
3439,thechronicleherald.ca,sfgate.com,1,23.690035,2.0,2.0
3440,thechronicleherald.ca,rssjunky.com,1,23.690035,2.0,2.0
3441,thechronicleherald.ca,dandelionsalad.wordpress.com,1,23.690035,2.0,2.0
3442,theautomaticearth.blogspot.com,opinionsource.com,1,23.690035,2.0,2.0
3443,theaustralian.news.com.au,rgj.com,1,23.690035,2.0,2.0
3444,theaustralian.news.com.au,brisbanetimes.com.au,1,23.690035,2.0,2.0
3445,sunherald.com,news.bbc.co.uk,1,23.690035,2.0,2.0
3446,stuff.co.nz,washingtontimes.com,1,23.690035,2.0,2.0
3447,storage.itworld.com,feedproxy.google.com,1,23.690035,2.0,2.0
3448,statesmanjournal.com,themoneytimes.com,1,23.690035,2.0,2.0
3449,statesman.com,prnewswire.com,1,23.690035,2.0,2.0
3450,statesman.com,forbes.com,1,23.690035,2.0,2.0
3451,starpulse.com,newsvine.com,1,23.690035,2.0,2.0
3452,squidoo.com,quizilla.com,1,23.690035,2.0,2.0
3453,sportsnipe.com,lasvegassun.com,1,23.690035,2.0,2.0
3454,southtownstar.com,timesofmalta.com,1,23.690035,2.0,2.0
3455,southernillinoisan.com,feeds.stlouisnews.net,1,23.690035,2.0,2.0
3456,sott.net,wcbstv.com,1,23.690035,2.0,2.0
3457,sott.net,cbsnews.com,1,23.690035,2.0,2.0
3458,sott.net,cbs5.com,1,23.690035,2.0,2.0
3459,sott.net,cbs2.com,1,23.690035,2.0,2.0
3460,smh.com.au,seekingalpha.com,1,23.690035,2.0,2.0
3461,singaporejobstoday.com,fayobserver.com,1,23.690035,2.0,2.0
3462,showhype.com,article.wn.com,1,23.690035,2.0,2.0
3463,sg.answers.yahoo.com,hotair.com,1,23.690035,2.0,2.0
3464,sg.answers.yahoo.com,cnn.com,1,23.690035,2.0,2.0
3465,sfgate.com,usnews.com,1,23.690035,2.0,2.0
3466,sfgate.com,scrippsnews.net,1,23.690035,2.0,2.0
3467,sfgate.com,scrippsnews.com,1,23.690035,2.0,2.0
3468,sfgate.com,sanfranciscosentinel.com,1,23.690035,2.0,2.0
3469,sfgate.com,knx1070.com,1,23.690035,2.0,2.0
3470,sfgate.com,chronwatch-america.com,1,23.690035,2.0,2.0
3471,sfgate.com,americanconservativedaily.com,1,23.690035,2.0,2.0
3472,sermoncentral.com,rollingstone.com,1,23.690035,2.0,2.0
3473,sermoncentral.com,prnewswire.com,1,23.690035,2.0,2.0
3474,seekingalpha.com,northjersey.com,1,23.690035,2.0,2.0
3475,seekingalpha.com,forums.slickdeals.net,1,23.690035,2.0,2.0
3476,security.itworld.com,ibtimes.com,1,23.690035,2.0,2.0
3477,seattlepi.nwsource.com,theolympian.com,1,23.690035,2.0,2.0
3478,scrippsnews.net,thereporteronline.com,1,23.690035,2.0,2.0
3479,scrippsnews.net,metrowestdailynews.com,1,23.690035,2.0,2.0
3480,scrippsnews.com,metrowestdailynews.com,1,23.690035,2.0,2.0
3481,scouty.de,singaporejobstoday.com,1,23.690035,2.0,2.0
3482,scouty.de,411mania.com,1,23.690035,2.0,2.0
3483,sandiego.craigslist.org,groups.google.com,1,23.690035,2.0,2.0
3484,sandiego.craigslist.org,golivewire.com,1,23.690035,2.0,2.0
3485,rutlandherald.com,theglobeandmail.com,1,23.690035,2.0,2.0
3486,rss.cnn.com,in.news.yahoo.com,1,23.690035,2.0,2.0
3487,rss.cnn.com,dailyindia.com,1,23.690035,2.0,2.0
3488,riverdaughter.wordpress.com,iht.com,1,23.690035,2.0,2.0
3489,redstate.com,blogs.chron.com,1,23.690035,2.0,2.0
3490,rebellenation.blogspot.com,leftword.blogdig.net,1,23.690035,2.0,2.0
3491,readingeagle.com,3news.co.nz,1,23.690035,2.0,2.0
3492,quizilla.com,uk.news.yahoo.com,1,23.690035,2.0,2.0
3493,quizilla.com,sanluisobispo.com,1,23.690035,2.0,2.0
3494,quizilla.com,area52hkh.net,1,23.690035,2.0,2.0
3495,prospect.org,clipmarks.com,1,23.690035,2.0,2.0
3496,propeller.com,kentucky.com,1,23.690035,2.0,2.0
3497,prisonplanet.com,leftword.blogdig.net,1,23.690035,2.0,2.0
3498,prisonplanet.com,greeleytribune.com,1,23.690035,2.0,2.0
3499,prisonplanet.com,democraticunderground.com,1,23.690035,2.0,2.0
3500,prisonplanet.com,airamerica.com,1,23.690035,2.0,2.0
3501,pr-inside.com,starpulse.com,1,23.690035,2.0,2.0
3502,pr-inside.com,sfgate.com,1,23.690035,2.0,2.0
3503,pr-inside.com,dnaindia.com,1,23.690035,2.0,2.0
3504,pr-inside.com,blog.taragana.com,1,23.690035,2.0,2.0
3505,post-gazette.com,seattletimes.nwsource.com,1,23.690035,2.0,2.0
3506,popwatch.ew.com,g1.globo.com,1,23.690035,2.0,2.0
3507,politico.com,famelist.info,1,23.690035,2.0,2.0
3508,politicalticker.blogs.cnn.com,huliq.com,1,23.690035,2.0,2.0
3509,politicalforum.com,blogs.chron.com,1,23.690035,2.0,2.0
3510,politicalforum.com,alternet.org,1,23.690035,2.0,2.0
3511,pjstar.com,sports.espn.go.com,1,23.690035,2.0,2.0
3512,phillyburbs.com,uncyclopedia.wikia.com,1,23.690035,2.0,2.0
3513,philly.com,seattlepi.nwsource.com,1,23.690035,2.0,2.0
3514,philly.com,post-gazette.com,1,23.690035,2.0,2.0
3515,pbs.org,hattiesburgamerican.com,1,23.690035,2.0,2.0
3516,pbs.org,gather.com,1,23.690035,2.0,2.0
3517,pbs.org,brownpelicanla.com,1,23.690035,2.0,2.0
3518,patdollard.com,reddit.com,1,23.690035,2.0,2.0
3519,pantagraph.com,registercitizen.com,1,23.690035,2.0,2.0
3520,pajamasmedia.com,online.wsj.com,1,23.690035,2.0,2.0
3521,ottawasun.com,wikio.com,1,23.690035,2.0,2.0
3522,othersiderainbow.blogspot.com,timesleader.com,1,23.690035,2.0,2.0
3523,othersiderainbow.blogspot.com,showhype.com,1,23.690035,2.0,2.0
3524,othersiderainbow.blogspot.com,salon.com,1,23.690035,2.0,2.0
3525,othersiderainbow.blogspot.com,physorg.com,1,23.690035,2.0,2.0
3526,opinionsource.com,abluteau.wordpress.com,1,23.690035,2.0,2.0
3527,opinionsource.com,abcnews.go.com,1,23.690035,2.0,2.0
3528,open.salon.com,whitesoap.com,1,23.690035,2.0,2.0
3529,open.salon.com,capitolhillcoffeehouse.com,1,23.690035,2.0,2.0
3530,online.wsj.com,opinionsource.com,1,23.690035,2.0,2.0
3531,online.wsj.com,foxnews.com,1,23.690035,2.0,2.0
3532,online.wsj.com,ecoearth.info,1,23.690035,2.0,2.0
3533,online.wsj.com,countercurrents.org,1,23.690035,2.0,2.0
3534,online.wsj.com,climateark.org,1,23.690035,2.0,2.0
3535,ocregister.com,mercurynews.com,1,23.690035,2.0,2.0
3536,ocregister.com,feedproxy.google.com,1,23.690035,2.0,2.0
3537,ocala.com,greeleytribune.com,1,23.690035,2.0,2.0
3538,ocala.com,courier-journal.com,1,23.690035,2.0,2.0
3539,nzherald.co.nz,tdn.com,1,23.690035,2.0,2.0
3540,nzherald.co.nz,livenews.com.au,1,23.690035,2.0,2.0
3541,nytimes.com,wraithbait.com,1,23.690035,2.0,2.0
3542,nytimes.com,luxlibertas.com,1,23.690035,2.0,2.0
3543,nytimes.com,cnsnews.com,1,23.690035,2.0,2.0
3544,nwherald.com,readingeagle.com,1,23.690035,2.0,2.0
3545,nwherald.com,huffingtonpost.com,1,23.690035,2.0,2.0
3546,nowpublic.com,winnipegsun.com,1,23.690035,2.0,2.0
3547,nowpublic.com,torontosun.com,1,23.690035,2.0,2.0
3548,nowpublic.com,post-gazette.com,1,23.690035,2.0,2.0
3549,nowpublic.com,ottawasun.com,1,23.690035,2.0,2.0
3550,nowpublic.com,in.answers.yahoo.com,1,23.690035,2.0,2.0
3551,nowpublic.com,famelist.info,1,23.690035,2.0,2.0
3552,nowpublic.com,edmontonsun.com,1,23.690035,2.0,2.0
3553,nowpublic.com,calgarysun.com,1,23.690035,2.0,2.0
3554,northjersey.com,detnews.com,1,23.690035,2.0,2.0
3555,nhregister.com,lewrockwell.com,1,23.690035,2.0,2.0
3556,newsok.com,upi.com,1,23.690035,2.0,2.0
3557,newsok.com,californiachronicle.com,1,23.690035,2.0,2.0
3558,newsmax.com,turkishpress.com,1,23.690035,2.0,2.0
3559,newsmax.com,investorsiraq.com,1,23.690035,2.0,2.0
3560,newser.com,1800blogger.com,1,23.690035,2.0,2.0
3561,newsday.com,azcentral.com,1,23.690035,2.0,2.0
3562,news.yahoo.com,uspolitics.tribe.net,1,23.690035,2.0,2.0
3563,news.yahoo.com,riverdaughter.wordpress.com,1,23.690035,2.0,2.0
3564,news.cnet.com,uncyclopedia.wikia.com,1,23.690035,2.0,2.0
3565,news.cnet.com,forums.catholic.com,1,23.690035,2.0,2.0
3566,news-record.com,baltimoresun.com,2,23.690035,2.0,2.0
3567,mysinchew.com,taipeitimes.com,1,23.690035,2.0,2.0
3568,mysinchew.com,firstcoastnews.com,1,23.690035,2.0,2.0
3569,msn.foxsports.com,dailyherald.com,1,23.690035,2.0,2.0
3570,moneycentral.msn.com,scouty.de,1,23.690035,2.0,2.0
3571,money.cnn.com,sg.answers.yahoo.com,1,23.690035,2.0,2.0
3572,money.cnn.com,pheedcontent.com,1,23.690035,2.0,2.0
3573,mlive.com,journalstar.com,1,23.690035,2.0,2.0
3574,mlive.com,detnews.com,1,23.690035,2.0,2.0
3575,mlb.mlb.com,nashuatelegraph.com,1,23.690035,2.0,2.0
3576,miamiherald.com,scouty.de,1,23.690035,2.0,2.0
3577,mg.co.za,taipeitimes.com,1,23.690035,2.0,2.0
3578,mg.co.za,mysinchew.com,1,23.690035,2.0,2.0
3579,metrowestdailynews.com,au.answers.yahoo.com,1,23.690035,2.0,2.0
3580,mercedsunstar.com,quizilla.com,1,23.690035,2.0,2.0
3581,megite.com,feeds.foxnews.com,1,23.690035,2.0,2.0
3582,medlogs.com,chron.com,1,23.690035,2.0,2.0
3583,mcclatchydc.com,sweetness-light.com,1,23.690035,2.0,2.0
3584,mcclatchydc.com,miamiherald.com,1,23.690035,2.0,2.0
3585,mcclatchydc.com,dailybreeze.com,1,23.690035,2.0,2.0
3586,mcall.com,courier-journal.com,1,23.690035,2.0,2.0
3587,marketwatch.com,golivewire.com,1,23.690035,2.0,2.0
3588,mahalo.com,popwatch.ew.com,1,23.690035,2.0,2.0
3589,mahalo.com,nhregister.com,1,23.690035,2.0,2.0
3590,mahalo.com,mashget.com,1,23.690035,2.0,2.0
3591,mahalo.com,eurweb.com,1,23.690035,2.0,2.0
3592,mahalo.com,birminghampost.net,1,23.690035,2.0,2.0
3593,mahalo.com,aceshowbiz.com,1,23.690035,2.0,2.0
3594,lubbockonline.com,thechronicleherald.ca,1,23.690035,2.0,2.0
3595,lubbockonline.com,cleveland.com,1,23.690035,2.0,2.0
3596,losangeles.craigslist.org,cbs3.com,1,23.690035,2.0,2.0
3597,lonelyplanet.com,metrowestdailynews.com,1,23.690035,2.0,2.0
3598,lohud.com,onlineathens.com,1,23.690035,2.0,2.0
3599,lohud.com,modbee.com,1,23.690035,2.0,2.0
3600,lohud.com,gazette.com,1,23.690035,2.0,2.0
3601,lohud.com,bloomberg.com,1,23.690035,2.0,2.0
3602,local10.com,vaildaily.com,1,23.690035,2.0,2.0
3603,lewrockwell.com,chacha.com,1,23.690035,2.0,2.0
3604,leftword.blogdig.net,blog.sina.com.cn,1,23.690035,2.0,2.0
3605,lasvegassun.com,area52hkh.net,1,23.690035,2.0,2.0
3606,kvia.com,waff.com,1,23.690035,2.0,2.0
3607,ktvn.com,waff.com,1,23.690035,2.0,2.0
3608,ksdk.com,sott.net,1,23.690035,2.0,2.0
3609,kmph.com,quizilla.com,1,23.690035,2.0,2.0
3610,ketv.com,tulsaworld.com,1,23.690035,2.0,2.0
3611,kansascity.com,timesreporter.com,1,23.690035,2.0,2.0
3612,jihadwatch.org,care2.com,1,23.690035,2.0,2.0
3613,ireport.com,allvoices.com,1,23.690035,2.0,2.0
3614,investorsiraq.com,theglobeandmail.com,1,23.690035,2.0,2.0
3615,infowars.com,gather.com,1,23.690035,2.0,2.0
3616,infowars.com,drudge.com,1,23.690035,2.0,2.0
3617,informador.com.mx,ireport.com,1,23.690035,2.0,2.0
3618,independent.co.uk,sermoncentral.com,1,23.690035,2.0,2.0
3619,independent.co.uk,redstate.com,1,23.690035,2.0,2.0
3620,indeonline.com,eastvalleytribune.com,1,23.690035,2.0,2.0
3621,in.news.yahoo.com,msnbc.msn.com,2,23.690035,2.0,2.0
3622,iht.com,roguegovernment.com,1,23.690035,2.0,2.0
3623,idahostatesman.com,registercitizen.com,1,23.690035,2.0,2.0
3624,icelebz.com,365gay.com,1,23.690035,2.0,2.0
3625,ibloga.blogspot.com,sandiego.craigslist.org,1,23.690035,2.0,2.0
3626,hollywoodreporter.com,latimes.com,1,23.690035,2.0,2.0
3627,heraldtribune.com,sports.yahoo.com,1,23.690035,2.0,2.0
3628,groups.google.com,southcoasttoday.com,1,23.690035,2.0,2.0
3629,gretawire.foxnews.com,catholicexchange.com,1,23.690035,2.0,2.0
3630,grandforksherald.com,progressivenewsdaily.com,1,23.690035,2.0,2.0
3631,golivewire.com,catholicexchange.com,1,23.690035,2.0,2.0
3632,globalresearch.ca,alternet.org,1,23.690035,2.0,2.0
3633,gle.am,sfgate.com,2,23.690035,2.0,2.0
3634,gather.com,wesh.com,1,23.690035,2.0,2.0
3635,gather.com,sermoncentral.com,1,23.690035,2.0,2.0
3636,gather.com,fayobserver.com,1,23.690035,2.0,2.0
3637,gatesofvienna.blogspot.com,search.japantimes.co.jp,1,23.690035,2.0,2.0
3638,gatesofvienna.blogspot.com,ca.answers.yahoo.com,1,23.690035,2.0,2.0
3639,gatesofvienna.blogspot.com,abc.net.au,1,23.690035,2.0,2.0
3640,g1.globo.com,msnbc.msn.com,1,23.690035,2.0,2.0
3641,freerepublic.com,blogs.wsj.com,1,23.690035,2.0,2.0
3642,forums.somd.com,fanfiction.net,1,23.690035,2.0,2.0
3643,forums.catholic.com,prisonplanet.com,1,23.690035,2.0,2.0
3644,feeds.gothamistllc.com,whitesoap.com,1,23.690035,2.0,2.0
3645,feeds.gawker.com,news.cnet.com,1,23.690035,2.0,2.0
3646,feeds.gawker.com,feedproxy.google.com,1,23.690035,2.0,2.0
3647,feeds.gawker.com,famelist.info,1,23.690035,2.0,2.0
3648,feeds.digg.com/~r/digg/container/world_business,mashget.com,1,23.690035,2.0,2.0
3649,feedproxy.google.com,quizilla.com,1,23.690035,2.0,2.0
3650,fanfiction.net,pfblogs.org,1,23.690035,2.0,2.0
3651,fanfiction.net,nytimes.com,1,23.690035,2.0,2.0
3652,fanfiction.net,dailykos.com,1,23.690035,2.0,2.0
3653,facebook.com,in.answers.yahoo.com,1,23.690035,2.0,2.0
3654,economictimes.indiatimes.com,techchuck.com,1,23.690035,2.0,2.0
3655,eastvalleytribune.com,pfblogs.org,1,23.690035,2.0,2.0
3656,earthtimes.org,sdpnoticias.com,1,23.690035,2.0,2.0
3657,docstalk.blogspot.com,yidwithlid.blogspot.com,1,23.690035,2.0,2.0
3658,docstalk.blogspot.com,michnews.com,1,23.690035,2.0,2.0
3659,docstalk.blogspot.com,feeds.digg.com/~r/digg/container/world_business,1,23.690035,2.0,2.0
3660,dissidentvoice.org,darthchaosofrspw.wordpress.com,1,23.690035,2.0,2.0
3661,digg.com/politics,cbs2chicago.com,1,23.690035,2.0,2.0
3662,digg.com/politics,cbc.ca,1,23.690035,2.0,2.0
3663,deseretnews.com,statesman.com,1,23.690035,2.0,2.0
3664,denverpost.com,feedproxy.google.com,1,23.690035,2.0,2.0
3665,darthchaosofrspw.wordpress.com,infowars.com,1,23.690035,2.0,2.0
3666,darthchaosofrspw.wordpress.com,gatesofvienna.blogspot.com,1,23.690035,2.0,2.0
3667,darthchaosofrspw.wordpress.com,congresscheck.com,1,23.690035,2.0,2.0
3668,dailymail.com,themoderatevoice.com,1,23.690035,2.0,2.0
3669,dailymail.com,blogher.com,1,23.690035,2.0,2.0
3670,dailykos.com,feeds.digg.com/~r/digg/container/world_business,1,23.690035,2.0,2.0
3671,dailykos.com,crooksandliars.com,1,23.690035,2.0,2.0
3672,dailyherald.com,washingtontimes.com,1,23.690035,2.0,2.0
3673,daily-herald.com,feeds.feedburner.com,1,23.690035,2.0,2.0
3674,contactmusic.com,indybay.org,1,23.690035,2.0,2.0
3675,conservapedia.com,cbn.com,1,23.690035,2.0,2.0
3676,cnn.com,timesleader.com,1,23.690035,2.0,2.0
3677,cnn.com,beaufortgazette.com,1,23.690035,2.0,2.0
3678,cnbc.com,htrnews.com,1,23.690035,2.0,2.0
3679,chronwatch-america.com,rebellenation.blogspot.com,1,23.690035,2.0,2.0
3680,chronwatch-america.com,othersiderainbow.blogspot.com,1,23.690035,2.0,2.0
3681,charlotteobserver.com,post-gazette.com,1,23.690035,2.0,2.0
3682,charlotte.com,post-gazette.com,1,23.690035,2.0,2.0
3683,celebitchy.com,article.wn.com,1,23.690035,2.0,2.0
3684,cedarcreekvoice.wordpress.com,articleslide.com,1,23.690035,2.0,2.0
3685,cbsnews.com,transcripts.cnn.com,1,23.690035,2.0,2.0
3686,cbsnews.com,topics.edition.cnn.com,1,23.690035,2.0,2.0
3687,cbsnews.com,rss.cnn.com,1,23.690035,2.0,2.0
3688,cbsnews.com,premium.cnn.com,1,23.690035,2.0,2.0
3689,cbsnews.com,edition.cnn.com,1,23.690035,2.0,2.0
3690,cbsnews.com,cnnwire.blogs.cnn.com,1,23.690035,2.0,2.0
3691,cbsnews.com,cgi.cnn.com,1,23.690035,2.0,2.0
3692,cbsnews.com,archives.cnn.com,1,23.690035,2.0,2.0
3693,capitolhillcoffeehouse.com,timesreporter.com,1,23.690035,2.0,2.0
3694,canadianbusiness.com,opednews.com,1,23.690035,2.0,2.0
3695,californiachronicle.com,wcpo.com:80,1,23.690035,2.0,2.0
3696,californiachronicle.com,wcpo.com,1,23.690035,2.0,2.0
3697,californiachronicle.com,orlandosentinel.com,1,23.690035,2.0,2.0
3698,ca.answers.yahoo.com,washingtonpost.com,1,23.690035,2.0,2.0
3699,bulletin.aarp.org,scouty.de,1,23.690035,2.0,2.0
3700,bulletin.aarp.org,businessweek.com,1,23.690035,2.0,2.0
3701,broadwayworld.com,msnbc.msn.com,1,23.690035,2.0,2.0
3702,britanniaradio.blogspot.com,southernillinoisan.com,1,23.690035,2.0,2.0
3703,bnd.com,thetimesonline.com,1,23.690035,2.0,2.0
3704,bnd.com,nwi.com,1,23.690035,2.0,2.0
3705,bloomberg.com,icelebz.com,1,23.690035,2.0,2.0
3706,blogs.wsj.com,americanchronicle.com,1,23.690035,2.0,2.0
3707,blogs.myspace.com,time.com,1,23.690035,2.0,2.0
3708,blogs.myspace.com,seekingalpha.com,1,23.690035,2.0,2.0
3709,blogs.myspace.com,newsbusters.org,1,23.690035,2.0,2.0
3710,blogs.myspace.com,mcall.com,1,23.690035,2.0,2.0
3711,blogs.myspace.com,lohud.com,1,23.690035,2.0,2.0
3712,blogs.myspace.com,democraticunderground.com,1,23.690035,2.0,2.0
3713,blogs.myspace.com,411mania.com,1,23.690035,2.0,2.0
3714,blogs.myspace.com,2theadvocate.com,1,23.690035,2.0,2.0
3715,blogs.abcnews.com,wral.com,1,23.690035,2.0,2.0
3716,blogs.abcnews.com,washingtontimes.com,1,23.690035,2.0,2.0
3717,blogs.abcnews.com,washingtonmonthly.com,1,23.690035,2.0,2.0
3718,blogs.abcnews.com,twocircles.net,1,23.690035,2.0,2.0
3719,blogs.abcnews.com,startribune.com,1,23.690035,2.0,2.0
3720,blogs.abcnews.com,newsmeat.com,1,23.690035,2.0,2.0
3721,blogs.abcnews.com,kansascity.com,1,23.690035,2.0,2.0
3722,blogs.abcnews.com,instablogs.com,1,23.690035,2.0,2.0
3723,blogs.abcnews.com,ibtimes.com,1,23.690035,2.0,2.0
3724,blogs.abcnews.com,gopusa.com,1,23.690035,2.0,2.0
3725,blogs.abcnews.com,edition.cnn.com,1,23.690035,2.0,2.0
3726,blogs.abcnews.com,cnn.com,1,23.690035,2.0,2.0
3727,blogs.abcnews.com,clkurl.com,1,23.690035,2.0,2.0
3728,blogs.abcnews.com,cbc.ca,1,23.690035,2.0,2.0
3729,blogs.abcnews.com,canadianbusiness.com,1,23.690035,2.0,2.0
3730,blognetnews.com,seattlepi.nwsource.com,1,23.690035,2.0,2.0
3731,blognetnews.com,newsbusters.org,1,23.690035,2.0,2.0
3732,blog.sina.com.cn,people.com,1,23.690035,2.0,2.0
3733,blog.beliefnet.com,conservapedia.com,1,23.690035,2.0,2.0
3734,bizjournals.com,chroniclet.com,1,23.690035,2.0,2.0
3735,beltwayblips.dailyradar.com,famelist.info,1,23.690035,2.0,2.0
3736,bbc.co.uk,news.bbc.co.uk,1,23.690035,2.0,2.0
3737,areavoices.com,amazon.com,1,23.690035,2.0,2.0
3738,americannonsense.com,opinionsource.com,1,23.690035,2.0,2.0
3739,americanconservativedaily.com,essenceofpolitics.blogspot.com,1,23.690035,2.0,2.0
3740,americanchronicle.com,abc.net.au,1,23.690035,2.0,2.0
3741,am1070wdia.com,rss.cnn.com,2,23.690035,2.0,2.0
3742,allvoices.com,care2.com,1,23.690035,2.0,2.0
3743,alanat.com,embeds.blogs.foxnews.com,1,23.690035,2.0,2.0
3744,ace.new.mu.nu,cnn.com,1,23.690035,2.0,2.0
3745,ace.new.mu.nu,americanchronicle.com,1,23.690035,2.0,2.0
3746,abs-cbnnews.com,chacha.com,1,23.690035,2.0,2.0
3747,abcactionnews.com:80,3news.co.nz,1,23.690035,2.0,2.0
3748,abc.net.au,annistonstar.com,1,23.690035,2.0,2.0
3749,9wsyr.com:80,topnews.in,1,23.690035,2.0,2.0
3750,560wind.townhall.com,theglobeandmail.com,1,23.690035,2.0,2.0
3751,560wind.townhall.com,cbc.ca,1,23.690035,2.0,2.0
3752,411mania.com,lonelyplanet.com,1,23.690035,2.0,2.0
3753,365gay.com,themoderatevoice.com,1,23.690035,2.0,2.0
3754,1800blogger.com,timesdaily.com,1,23.690035,2.0,2.0
3755,1800blogger.com,napavalleyregister.com,1,23.690035,2.0,2.0
3756,washingtonpost.com,leftword.blogdig.net,2,23.690035,3.0,3.0
3757,telegraph.co.uk,bbc.co.uk,2,23.690035,2.0,1.5
3758,stltoday.com,hispanicbusiness.com,2,23.690035,17.0,9.5
3759,open.salon.com,earthtimes.org,2,23.690035,6.0,4.0
3760,newsobserver.com,semissourian.com,2,23.690035,2.0,1.5
3761,newsday.com,boston.com,2,23.690035,2.0,1.5
3762,mysinchew.com,abs-cbnnews.com,2,23.690035,5.0,3.5
3763,grandforksherald.com,truthout.org,2,23.690035,2.0,1.5
3764,boston.com,tri-cityherald.com,2,23.690035,2.0,1.5
3765,boston.com,pantagraph.com,3,23.690035,1.0,1.666667
3766,blogs.myspace.com,huffingtonpost.com,2,23.690035,17.0,9.5
3767,blogs.abcnews.com,megite.com,2,23.690035,2.0,1.5
3768,opinionsource.com,chicagotribune.com,2,23.690035,15.0,10.0
3769,celebritymound.com,washingtonexaminer.com,3,23.690035,1.0,2.0
3770,ireport.com,facebook.com,3,23.461168,14.0,13.0
3771,uncyclopedia.wikia.com,bit.ly,1,23.083121,1.0,1.0
3772,time.com,cnn.com,1,23.083121,1.0,1.0
3773,sports.yahoo.com,feeds.reuters.com,1,23.083121,1.0,1.0
3774,sg.answers.yahoo.com,edition.cnn.com,1,23.083121,1.0,1.0
3775,earthtimes.org,pr-inside.com,2,23.083121,1.0,1.0
3776,open.salon.com,nymag.com,2,22.854254,12.0,10.5
3777,mercedsunstar.com,readingeagle.com,2,22.854254,17.0,10.5
3778,dailyindia.com,uncyclopedia.wikia.com,2,22.854254,17.0,10.5
3779,blogs.myspace.com,open.salon.com,2,22.854254,12.0,10.5
3780,abc.es,eldiariomontanes.es,3,22.854254,15.0,13.0
3781,freep.com,newsday.com,4,22.854254,3.0,5.75
3782,post-gazette.com,newsobserver.com,3,22.24734,3.0,3.0
3783,zanesvilletimesrecorder.com,nydailynews.com,1,22.24734,3.0,3.0
3784,wyomingnews.com,wgntv.com,2,22.24734,3.0,2.0
3785,wusa9.com,northjersey.com,1,22.24734,3.0,3.0
3786,wmtw.com,wsoctv.com,2,22.24734,4.0,3.5
3787,wmtw.com,thedenverchannel.com,1,22.24734,3.0,3.0
3788,wmtw.com,kctv5.com,1,22.24734,3.0,3.0
3789,wmtw.com,click2houston.com,2,22.24734,3.0,3.0
3790,whotv.com,wpix.com,1,22.24734,3.0,3.0
3791,whitesoap.com,scouty.de,1,22.24734,3.0,3.0
3792,whitesoap.com,couriermail.news.com.au,2,22.24734,3.0,2.0
3793,weblogs.baltimoresun.com,timesdispatch.com,1,22.24734,3.0,3.0
3794,wcbstv.com,luxlibertas.com,1,22.24734,3.0,3.0
3795,wattpad.com,weblogs.baltimoresun.com,1,22.24734,3.0,3.0
3796,wattpad.com,uncyclopedia.wikia.com,1,22.24734,3.0,3.0
3797,washingtonpost.com,huliq.com,1,22.24734,3.0,3.0
3798,washingtonpost.com,forums.catholic.com,1,22.24734,3.0,3.0
3799,washingtonpost.com,areavoices.com,2,22.24734,3.0,2.0
3800,washingtonpost.com,airamerica.com,2,22.24734,3.0,2.0
3801,waff.com,app.com,1,22.24734,3.0,3.0
3802,uspolitics.tribe.net,gunnyg.wordpress.com,1,22.24734,3.0,3.0
3803,twocircles.net,rightwingnews.com,1,22.24734,3.0,3.0
3804,tulsaworld.com,journalgazette.net,1,22.24734,3.0,3.0
3805,truthseeker2473.blogspot.com,tdn.com,1,22.24734,3.0,3.0
3806,truthout.org,realclearpolitics.com,1,22.24734,3.0,3.0
3807,townhall.com,newsok.com,1,22.24734,3.0,3.0
3808,townhall.com,golivewire.com,1,22.24734,3.0,3.0
3809,topnews.in,care2.com,1,22.24734,3.0,3.0
3810,timesonline.co.uk,uk.news.yahoo.com,2,22.24734,3.0,3.0
3811,timesonline.co.uk,therearenosunglasses.wordpress.com,1,22.24734,3.0,3.0
3812,timesonline.co.uk,mobile.reuters.com,2,22.24734,3.0,2.0
3813,timesonline.co.uk,jezebel.com,1,22.24734,3.0,3.0
3814,timesonline.co.uk,feeds.gawker.com,1,22.24734,3.0,3.0
3815,thinkprogress.org,lohud.com,1,22.24734,3.0,3.0
3816,thestar.com,blognetnews.com,1,22.24734,3.0,3.0
3817,thereporteronline.com,blog.luciolepress.com,1,22.24734,3.0,3.0
3818,themoderatevoice.com,wsls.com,1,22.24734,3.0,3.0
3819,themoderatevoice.com,spectator.org,1,22.24734,3.0,3.0
3820,thejakartapost.com,icelebz.com,1,22.24734,3.0,3.0
3821,thejakartapost.com,hotair.com,1,22.24734,3.0,3.0
3822,theglobeandmail.com,newsbusters.org,1,22.24734,3.0,3.0
3823,theglobeandmail.com,feeds.cbsnews.com,1,22.24734,3.0,3.0
3824,theday.com,www2.journalnow.com,1,22.24734,3.0,3.0
3825,thedailynewsonline.com,theolympian.com,1,22.24734,3.0,3.0
3826,thedailynewsonline.com,starnewsonline.com,1,22.24734,3.0,3.0
3827,thedailynewsonline.com,readingeagle.com,1,22.24734,3.0,3.0
3828,the-two-malcontents.com,twocircles.net,1,22.24734,3.0,3.0
3829,the-two-malcontents.com,earthtimes.org,1,22.24734,3.0,3.0
3830,telegraph.co.uk,businessweek.com,1,22.24734,3.0,3.0
3831,techchuck.com,uk.reuters.com,1,22.24734,3.0,3.0
3832,techchuck.com,reuters.com,1,22.24734,3.0,3.0
3833,techchuck.com,postchronicle.com,1,22.24734,3.0,3.0
3834,techchuck.com,newsmax.com,1,22.24734,3.0,3.0
3835,techchuck.com,newsdaily.com,1,22.24734,3.0,3.0
3836,techchuck.com,news24.com,1,22.24734,3.0,3.0
3837,techchuck.com,moneycentral.msn.com,1,22.24734,3.0,3.0
3838,techchuck.com,mobile.reuters.com,1,22.24734,3.0,3.0
3839,techchuck.com,irishtimes.com,1,22.24734,3.0,3.0
3840,techchuck.com,feeds.reuters.com,1,22.24734,3.0,3.0
3841,techchuck.com,democraticunderground.com,1,22.24734,3.0,3.0
3842,techchuck.com,ctv.ca,1,22.24734,3.0,3.0
3843,syracuse.com,huliq.com,1,22.24734,3.0,3.0
3844,sunjournal.com,napavalleyregister.com,1,22.24734,3.0,3.0
3845,storage.itworld.com,allvoices.com,1,22.24734,3.0,3.0
3846,star-telegram.com,stuff.co.nz,1,22.24734,3.0,3.0
3847,squidoo.com,youtube.com,2,22.24734,5.0,4.0
3848,sports.espn.go.com,forums.catholic.com,1,22.24734,3.0,3.0
3849,sportingnews.com,rep-am.com,1,22.24734,3.0,3.0
3850,sportingnews.com,macombdaily.com,1,22.24734,3.0,3.0
3851,southcoasttoday.com,greenbaypressgazette.com,1,22.24734,3.0,3.0
3852,sott.net,noquarterusa.net,1,22.24734,3.0,3.0
3853,sg.answers.yahoo.com,minx.cc,1,22.24734,3.0,3.0
3854,sfgate.com,forum.brokeroutpost.com,1,22.24734,3.0,3.0
3855,sfgate.com,abluteau.wordpress.com,1,22.24734,3.0,3.0
3856,semissourian.com,thinkprogress.org,1,22.24734,3.0,3.0
3857,seattletimes.nwsource.com,sports.yahoo.com,1,22.24734,3.0,3.0
3858,seattletimes.nwsource.com,nwherald.com,1,22.24734,3.0,3.0
3859,search.japantimes.co.jp,topnews.in,2,22.24734,6.0,6.0
3860,scdfa.org,nevadaappeal.com,1,22.24734,3.0,3.0
3861,sanluisobispo.com,bleacherreport.com,1,22.24734,3.0,3.0
3862,sandiego.craigslist.org,lonelyplanet.com,1,22.24734,3.0,3.0
3863,sacbee.com,timesonline.co.uk,1,22.24734,3.0,3.0
3864,sacbee.com,sportsnipe.com,1,22.24734,3.0,3.0
3865,rssjunky.com,bostonherald.com,1,22.24734,3.0,3.0
3866,reddit.com,the-two-malcontents.com,1,22.24734,3.0,3.0
3867,reddit.com,nst.com.my,1,22.24734,3.0,3.0
3868,realclearpolitics.com,wrex.com,1,22.24734,3.0,3.0
3869,quizilla.com,telegraph.co.uk,1,22.24734,3.0,3.0
3870,quizilla.com,guardian.co.uk,1,22.24734,3.0,3.0
3871,prospect.org,scdfa.org,1,22.24734,3.0,3.0
3872,prospect.org,indybay.org,1,22.24734,3.0,3.0
3873,prnewswire.com,gunnyg.wordpress.com,1,22.24734,3.0,3.0
3874,prisonplanet.com,truthseeker2473.blogspot.com,1,22.24734,3.0,3.0
3875,politicalticker.blogs.cnn.com,au.answers.yahoo.com,1,22.24734,3.0,3.0
3876,philly.com,golivewire.com,1,22.24734,3.0,3.0
3877,philly.com,dailyexpress.co.uk,1,22.24734,3.0,3.0
3878,pheedo.com,noquarterusa.net,1,22.24734,3.0,3.0
3879,pe.com,greeleytribune.com,1,22.24734,3.0,3.0
3880,pbs.org,timesonline.co.uk,1,22.24734,3.0,3.0
3881,pbs.org,nytimes.com,1,22.24734,3.0,3.0
3882,pbs.org,blogher.com,1,22.24734,3.0,3.0
3883,pantagraph.com,gatesofvienna.blogspot.com,1,22.24734,3.0,3.0
3884,pantagraph.com,althouse.blogspot.com,1,22.24734,3.0,3.0
3885,pajamasmedia.com,dailyprogress.com,1,22.24734,3.0,3.0
3886,opinionsource.com,care2.com,1,22.24734,3.0,3.0
3887,open.salon.com,msnbc.msn.com,1,22.24734,3.0,3.0
3888,open.salon.com,hotair.com,1,22.24734,3.0,3.0
3889,open.salon.com,delcotimes.com,1,22.24734,3.0,3.0
3890,open.salon.com,abcnews.go.com,1,22.24734,3.0,3.0
3891,online.wsj.com,pbs.org,1,22.24734,3.0,3.0
3892,online.wsj.com,pajamasmedia.com,1,22.24734,3.0,3.0
3893,ocregister.com,rgj.com,1,22.24734,3.0,3.0
3894,nytimes.com,groups.google.com,1,22.24734,3.0,3.0
3895,nwitimes.com,sportsnipe.com,1,22.24734,3.0,3.0
3896,northjersey.com,delcotimes.com,1,22.24734,3.0,3.0
3897,noquarterusa.net,pajamasmedia.com,1,22.24734,3.0,3.0
3898,nola.com,digg.com/politics,1,22.24734,3.0,3.0
3899,nj.com,physorg.com,1,22.24734,3.0,3.0
3900,nhregister.com,stltoday.com,1,22.24734,3.0,3.0
3901,nhregister.com,forbes.com,1,22.24734,3.0,3.0
3902,nhregister.com,bizjournals.com,1,22.24734,3.0,3.0
3903,newsok.com,stuff.co.nz,1,22.24734,3.0,3.0
3904,news.sympatico.msn.cbc.ca,essenceofpolitics.blogspot.com,1,22.24734,3.0,3.0
3905,news.com.au,blog.sina.com.cn,1,22.24734,3.0,3.0
3906,news-press.com,shreveporttimes.com,1,22.24734,3.0,3.0
3907,nctimes.com,sltrib.com,1,22.24734,3.0,3.0
3908,nbcchicago.com,vaildaily.com,1,22.24734,3.0,3.0
3909,nbcchicago.com,pajamasmedia.com,1,22.24734,3.0,3.0
3910,mysanantonio.com,amazon.com,1,22.24734,3.0,3.0
3911,modernghana.com,sott.net,1,22.24734,3.0,3.0
3912,modernghana.com,opednews.com,1,22.24734,3.0,3.0
3913,modernghana.com,cbc.ca,1,22.24734,3.0,3.0
3914,modbee.com,macon.com,1,22.24734,3.0,3.0
3915,mlive.com,hispanicbusiness.com,2,22.24734,3.0,2.0
3916,mlb.mlb.com,metrowestdailynews.com,1,22.24734,3.0,3.0
3917,mininova.org,blogher.com,1,22.24734,3.0,3.0
3918,mashget.com,lewrockwell.com,1,22.24734,3.0,3.0
3919,mahalo.com,americanchronicle.com,1,22.24734,3.0,3.0
3920,latimes.com,nctimes.com,1,22.24734,3.0,3.0
3921,latimes.com,ireport.com,1,22.24734,3.0,3.0
3922,lasvegassun.com,toledoblade.com,1,22.24734,3.0,3.0
3923,ksdk.com,woai.com:80,1,22.24734,3.0,3.0
3924,kentucky.com,thechronicleherald.ca,2,22.24734,3.0,2.0
3925,journalstandard.com,goupstate.com,1,22.24734,3.0,3.0
3926,jacksonville.com,wbt.com,1,22.24734,3.0,3.0
3927,jacksonville.com,salon.com,1,22.24734,3.0,3.0
3928,jacksonville.com,kdwn.com,1,22.24734,3.0,3.0
3929,jacksonville.com,gazette.com,1,22.24734,3.0,3.0
3930,jacksonville.com,blogs.myspace.com,1,22.24734,3.0,3.0
3931,jacksonville.com,590klbj.com,1,22.24734,3.0,3.0
3932,ireport.com,chronicle.augusta.com,1,22.24734,3.0,3.0
3933,injesus.com,popwatch.ew.com,1,22.24734,3.0,3.0
3934,infowars.com,theautomaticearth.blogspot.com,1,22.24734,3.0,3.0
3935,independent.ie,haaretz.com,1,22.24734,3.0,3.0
3936,huffingtonpost.com,sfgate.com,2,22.24734,3.0,2.0
3937,huffingtonpost.com,ph.answers.yahoo.com,1,22.24734,3.0,3.0
3938,huffingtonpost.com,nola.com,1,22.24734,3.0,3.0
3939,huffingtonpost.com,nhregister.com,1,22.24734,3.0,3.0
3940,huffingtonpost.com,blog.beliefnet.com,1,22.24734,3.0,3.0
3941,huffingtonpost.com,bismarcktribune.com,1,22.24734,3.0,3.0
3942,honoluluadvertiser.com,bulletin.aarp.org,1,22.24734,3.0,3.0
3943,hindustantimes.com,therearenosunglasses.wordpress.com,1,22.24734,3.0,3.0
3944,heraldnet.com,wusa9.com,1,22.24734,3.0,3.0
3945,herald-mail.com,bloomberg.com,1,22.24734,3.0,3.0
3946,hattiesburgamerican.com,philly.com,1,22.24734,3.0,3.0
3947,hattiesburgamerican.com,dailypress.com,1,22.24734,3.0,3.0
3948,hattiesburgamerican.com,bellinghamherald.com,1,22.24734,3.0,3.0
3949,gunnyg.wordpress.com,news.bbc.co.uk,1,22.24734,3.0,3.0
3950,gunnyg.wordpress.com,fanfiction.net,1,22.24734,3.0,3.0
3951,gunnyg.wordpress.com,deseretnews.com,1,22.24734,3.0,3.0
3952,guardian.co.uk,drudge.com,1,22.24734,3.0,3.0
3953,groups.google.com,baltimoresun.com,1,22.24734,3.0,3.0
3954,greeleytribune.com,newonlinearticles.com,1,22.24734,3.0,3.0
3955,grandforksherald.com,denverpost.com,1,22.24734,3.0,3.0
3956,golivewire.com,open.salon.com,2,22.24734,12.0,7.5
3957,golivewire.com,forbes.com,1,22.24734,3.0,3.0
3958,gather.com,msnbc.msn.com,1,22.24734,3.0,3.0
3959,gather.com,fanfiction.net,1,22.24734,3.0,3.0
3960,gatesofvienna.blogspot.com,theragblog.blogspot.com,1,22.24734,3.0,3.0
3961,gatesofvienna.blogspot.com,commondreams.org,1,22.24734,3.0,3.0
3962,freerepublic.com,nbcchicago.com,1,22.24734,3.0,3.0
3963,freerepublic.com,independent.ie,2,22.24734,3.0,2.0
3964,foxnews.com,msnbc.msn.com,1,22.24734,3.0,3.0
3965,forum.dvdtalk.com,topnews.in,2,22.24734,3.0,2.0
3966,forum.dvdtalk.com,dailyindia.com,2,22.24734,3.0,2.0
3967,feeds.gothamistllc.com,reddit.com,1,22.24734,3.0,3.0
3968,feeds.feedburner.com,twocircles.net,1,22.24734,3.0,3.0
3969,feeds.digg.com/~r/digg/container/world_business,forums.catholic.com,1,22.24734,3.0,3.0
3970,feedproxy.google.com,sfgate.com,2,22.24734,14.0,8.5
3971,feedproxy.google.com,phillyburbs.com,1,22.24734,3.0,3.0
3972,feedproxy.google.com,ottawasun.com,1,22.24734,3.0,3.0
3973,feedproxy.google.com,omaha.com,1,22.24734,3.0,3.0
3974,feedproxy.google.com,khou.com,1,22.24734,3.0,3.0
3975,feedproxy.google.com,huffingtonpost.com,1,22.24734,3.0,3.0
3976,feedproxy.google.com,gainesville.com,1,22.24734,3.0,3.0
3977,famelist.info,accesshollywood.com,1,22.24734,3.0,3.0
3978,facebook.com,northjersey.com,1,22.24734,3.0,3.0
3979,facebook.com,blog.taragana.com,2,22.24734,3.0,2.0
3980,etaiwannews.com,theleafchronicle.com,1,22.24734,3.0,3.0
3981,etaiwannews.com,dailyherald.com,1,22.24734,3.0,3.0
3982,eluniversal.com,diarioinformacion.com,3,22.24734,5.0,7.0
3983,earthtimes.org,azcentral.com,2,22.24734,3.0,2.0
3984,earthtimes.org,accesshollywood.com,1,22.24734,3.0,3.0
3985,drudge.com,storage.itworld.com,1,22.24734,3.0,3.0
3986,drudge.com,smallbusiness.itworld.com,1,22.24734,3.0,3.0
3987,drudge.com,security.itworld.com,1,22.24734,3.0,3.0
3988,drudge.com,open.itworld.com,1,22.24734,3.0,3.0
3989,drudge.com,huffingtonpost.com,1,22.24734,3.0,3.0
3990,drudge.com,afterdowningstreet.org,1,22.24734,3.0,3.0
3991,digg.com/politics,feeds.huffingtonpost.com,1,22.24734,3.0,3.0
3992,digg.com/politics,bit.ly,1,22.24734,3.0,3.0
3993,detnews.com,bulletin.aarp.org,1,22.24734,3.0,3.0
3994,demonoid.com,readingeagle.com,1,22.24734,3.0,3.0
3995,delcotimes.com,propeller.com,2,22.24734,15.0,9.0
3996,delcotimes.com,detnews.com,1,22.24734,3.0,3.0
3997,dailylocal.com,detnews.com,1,22.24734,3.0,3.0
3998,dailykos.com,drudge.com,1,22.24734,3.0,3.0
3999,daily-jeff.com,amazon.com,1,22.24734,3.0,3.0
4000,d-day.blogspot.com,catholicexchange.com,1,22.24734,3.0,3.0
4001,crooksandliars.com,seattlepi.nwsource.com,1,22.24734,3.0,3.0
4002,crooksandliars.com,prnewswire.com,1,22.24734,3.0,3.0
4003,crooksandliars.com,kypost.com,1,22.24734,3.0,3.0
4004,crooksandliars.com,forum.dvdtalk.com,1,22.24734,3.0,3.0
4005,conservapedia.com,jihadwatch.org,1,22.24734,3.0,3.0
4006,cleveland.com,injesus.com,1,22.24734,3.0,3.0
4007,chroniclet.com,theoaklandpress.com,1,22.24734,3.0,3.0
4008,chron.com,gazette.com,1,22.24734,3.0,3.0
4009,care2.com,wikio.co.uk,1,22.24734,3.0,3.0
4010,care2.com,clipmarks.com,1,22.24734,3.0,3.0
4011,capitolhillcoffeehouse.com,latimes.com,1,22.24734,3.0,3.0
4012,canadafreepress.com,sanluisobispo.com,1,22.24734,3.0,3.0
4013,californiachronicle.com,uk.news.yahoo.com,1,22.24734,3.0,3.0
4014,californiachronicle.com,hollywoodreporter.com,1,22.24734,3.0,3.0
4015,businessweek.com,mg.co.za,1,22.24734,3.0,3.0
4016,bsimmons.wordpress.com,spectator.org,1,22.24734,3.0,3.0
4017,bsimmons.wordpress.com,marketwatch.com,1,22.24734,3.0,3.0
4018,brownpelicanla.com,dailylocal.com,1,22.24734,3.0,3.0
4019,blogs.abcnews.com,uspolitics.tribe.net,1,22.24734,3.0,3.0
4020,blogs.abcnews.com,digg.com/politics,1,22.24734,3.0,3.0
4021,blognetwork.knoxnews.com,news.bbc.co.uk,1,22.24734,3.0,3.0
4022,blognetnews.com,blogher.com,1,22.24734,3.0,3.0
4023,blogher.com,sports.espn.go.com,1,22.24734,3.0,3.0
4024,blogher.com,foxnews.com,1,22.24734,3.0,3.0
4025,blogher.com,articleslide.com,1,22.24734,3.0,3.0
4026,blog.taragana.com,bleacherreport.com,1,22.24734,3.0,3.0
4027,blog.sina.com.cn,facebook.com,2,22.24734,4.0,3.5
4028,bit.ly,truthdig.com,1,22.24734,3.0,3.0
4029,bismarcktribune.com,politico.com,2,22.24734,12.0,9.0
4030,baltimoresun.com,thereporteronline.com,1,22.24734,3.0,3.0
4031,article.wn.com,detnews.com,1,22.24734,3.0,3.0
4032,article.wn.com,bloomberg.com,2,22.24734,3.0,2.0
4033,area52hkh.net,indeonline.com,1,22.24734,3.0,3.0
4034,answerbag.com,forums.slickdeals.net,1,22.24734,3.0,3.0
4035,americanchronicle.com,journalstar.com,1,22.24734,3.0,3.0
4036,altweeklies.com,thisfuckingwar.blogspot.com,1,22.24734,3.0,3.0
4037,altweeklies.com,blognetnews.com,1,22.24734,3.0,3.0
4038,althouse.blogspot.com,popwatch.ew.com,1,22.24734,3.0,3.0
4039,alternet.org,news.scotsman.com,1,22.24734,3.0,3.0
4040,abclocal.go.com,ocregister.com,1,22.24734,3.0,3.0
4041,411mania.com,uncyclopedia.wikia.com,1,22.24734,3.0,3.0
4042,411mania.com,starpulse.com,1,22.24734,3.0,3.0
4043,411mania.com,article.wn.com,1,22.24734,3.0,3.0
4044,2theadvocate.com,semissourian.com,1,22.24734,3.0,3.0
4045,1800blogger.com,news.bbc.co.uk,1,22.24734,3.0,3.0
4046,thenewstribune.com,allvoices.com,2,22.24734,3.0,2.5
4047,prisonplanet.com,darthchaosofrspw.wordpress.com,2,22.24734,3.0,2.5
4048,feedproxy.google.com,philly.com,2,22.24734,3.0,2.5
4049,huffingtonpost.com,cedarcreekvoice.wordpress.com,4,22.24734,4.0,5.25
4050,ajc.com,nytimes.com,1,21.640426,2.0,2.0
4051,1800blogger.com,feedproxy.google.com,1,21.640426,2.0,2.0
4052,timesunion.com,progressivenewsdaily.com,1,21.640426,1.0,1.0
4053,breakingnews.ie,boston.com,1,21.640426,1.0,1.0
4054,thevelvethottub.com,newsday.com,1,21.640426,3.0,3.0
4055,britanniaradio.blogspot.com,lewrockwell.com,1,21.640426,3.0,3.0
4056,blog.sina.com.cn,fanfiction.net,1,21.640426,3.0,3.0
4057,stltoday.com,popmatters.com,2,21.640426,6.0,3.5
4058,sfgate.com,californiachronicle.com,2,21.411559,16.0,11.0
4059,freerepublic.com,blogs.myspace.com,3,21.411559,11.0,8.0
4060,globalresearch.ca,afterdowningstreet.org,3,20.804645,2.0,2.333333
4061,youtube.com,timesonline.co.uk,1,20.804645,4.0,4.0
4062,youtube.com,journalgazette.net,1,20.804645,4.0,4.0
4063,youtube.com,gather.com,1,20.804645,4.0,4.0
4064,x.techwheat.com,stuff.co.nz,1,20.804645,4.0,4.0
4065,x.techwheat.com,sermoncentral.com,1,20.804645,4.0,4.0
4066,x.techwheat.com,patdollard.com,1,20.804645,4.0,4.0
4067,winnipegfreepress.com,people.com,1,20.804645,4.0,4.0
4068,winnipegfreepress.com,northjersey.com,1,20.804645,4.0,4.0
4069,winnipegfreepress.com,mtv.com,1,20.804645,4.0,4.0
4070,wikio.es,facebook.com,2,20.804645,12.0,10.5
4071,wikio.com,600wrec.com,2,20.804645,4.0,2.5
4072,weblogs.chicagotribune.com,mininova.org,1,20.804645,4.0,4.0
4073,weblogs.baltimoresun.com,mininova.org,1,20.804645,4.0,4.0
4074,weblogs.baltimoresun.com,haaretz.com,1,20.804645,4.0,4.0
4075,weblogs.baltimoresun.com,conservapedia.com,1,20.804645,4.0,4.0
4076,wbztv.com,kxan.com,1,20.804645,4.0,4.0
4077,wattpad.com,jezebel.com,1,20.804645,4.0,4.0
4078,washingtonpost.com,nwherald.com,1,20.804645,4.0,4.0
4079,washingtonpost.com,examiner.com,1,20.804645,4.0,4.0
4080,washingtonpost.com,cantonrep.com,2,20.804645,4.0,2.5
4081,vosizneias.com,blog.taragana.com,1,20.804645,4.0,4.0
4082,voices.washingtonpost.com,townhall.com,1,20.804645,4.0,4.0
4083,voices.washingtonpost.com,crooksandliars.com,1,20.804645,4.0,4.0
4084,vnnforum.com,bnd.com,1,20.804645,4.0,4.0
4085,vh1.com,tuscaloosanews.com,1,20.804645,4.0,4.0
4086,variety.com,www2.journalnow.com,1,20.804645,4.0,4.0
4087,usatoday.com,mlb.mlb.com,1,20.804645,4.0,4.0
4088,upi.com,uspolitics.tribe.net,1,20.804645,4.0,4.0
4089,upi.com,opinionsource.com,1,20.804645,4.0,4.0
4090,upi.com,kdwn.com,1,20.804645,4.0,4.0
4091,uncyclopedia.wikia.com,guardian.co.uk,2,20.804645,8.0,7.0
4092,uk.reuters.com,althouse.blogspot.com,1,20.804645,4.0,4.0
4093,uk.news.yahoo.com,althouse.blogspot.com,1,20.804645,4.0,4.0
4094,tulsaworld.com,lohud.com,1,20.804645,4.0,4.0
4095,tulsaworld.com,ksdk.com,1,20.804645,4.0,4.0
4096,tucsoncitizen.com,postcrescent.com,1,20.804645,4.0,4.0
4097,tthfanfic.org,wsbtv.com,1,20.804645,4.0,4.0
4098,truthseeker2473.blogspot.com,answerbag.com,1,20.804645,4.0,4.0
4099,toledoblade.com,nymag.com,1,20.804645,4.0,4.0
4100,todayszaman.com,usnews.com,1,20.804645,4.0,4.0
4101,timesdaily.com,seattletimes.nwsource.com,1,20.804645,4.0,4.0
4102,timesargus.com,mercurynews.com,1,20.804645,4.0,4.0
4103,timesanddemocrat.com,ocala.com,1,20.804645,4.0,4.0
4104,timesanddemocrat.com,newsobserver.com,1,20.804645,4.0,4.0
4105,thestar.com,washingtonexaminer.com,1,20.804645,4.0,4.0
4106,thestar.com,bostonherald.com,1,20.804645,4.0,4.0
4107,theragblog.blogspot.com,timesunion.com,1,20.804645,4.0,4.0
4108,theragblog.blogspot.com,northjersey.com,1,20.804645,4.0,4.0
4109,theragblog.blogspot.com,muscatinejournal.com,1,20.804645,4.0,4.0
4110,theolympian.com,heraldnet.com,1,20.804645,4.0,4.0
4111,thenation.com,variety.com,1,20.804645,4.0,4.0
4112,thenation.com,seattlepi.nwsource.com,1,20.804645,4.0,4.0
4113,themoneytimes.com,nj.com,1,20.804645,4.0,4.0
4114,themoneytimes.com,nationalpost.com,1,20.804645,4.0,4.0
4115,thehimalayantimes.com,wsbt.com,1,20.804645,4.0,4.0
4116,thehimalayantimes.com,winnipegsun.com,1,20.804645,4.0,4.0
4117,thehimalayantimes.com,trentonian.com,1,20.804645,4.0,4.0
4118,thehimalayantimes.com,torontosun.com,1,20.804645,4.0,4.0
4119,thehimalayantimes.com,stuff.co.nz,1,20.804645,4.0,4.0
4120,thehimalayantimes.com,ottawasun.com,1,20.804645,4.0,4.0
4121,thehimalayantimes.com,jam.canoe.ca,1,20.804645,4.0,4.0
4122,thehimalayantimes.com,edmontonsun.com,1,20.804645,4.0,4.0
4123,thehimalayantimes.com,calgarysun.com,1,20.804645,4.0,4.0
4124,thehimalayantimes.com,brandonsun.com,1,20.804645,4.0,4.0
4125,theday.com,theglobeandmail.com,1,20.804645,4.0,4.0
4126,theaustralian.news.com.au,timesdaily.com,1,20.804645,4.0,4.0
4127,tfponline.com,thelife.com,1,20.804645,4.0,4.0
4128,storage.itworld.com,pheedo.com,1,20.804645,4.0,4.0
4129,storage.itworld.com,losangeles.craigslist.org,1,20.804645,4.0,4.0
4130,stltoday.com,thelife.com,1,20.804645,4.0,4.0
4131,star-telegram.com,examiner.com,1,20.804645,4.0,4.0
4132,star-telegram.com,cbs2chicago.com,1,20.804645,4.0,4.0
4133,squidoo.com,cnsnews.com,1,20.804645,4.0,4.0
4134,sportsnipe.com,statesman.com,1,20.804645,4.0,4.0
4135,sportsnipe.com,digitalspy.co.uk,1,20.804645,4.0,4.0
4136,sportingnews.com,digitalspy.co.uk,1,20.804645,4.0,4.0
4137,southcoasttoday.com,abcactionnews.com:80,1,20.804645,4.0,4.0
4138,sott.net,losangeles.craigslist.org,1,20.804645,4.0,4.0
4139,sott.net,dissidentvoice.org,1,20.804645,4.0,4.0
4140,soccerblogs.net,pheedo.com,1,20.804645,4.0,4.0
4141,smh.com.au,media.idahostatesman.com,1,20.804645,4.0,4.0
4142,smh.com.au,idahostatesman.com,1,20.804645,4.0,4.0
4143,sltrib.com,post-gazette.com,2,20.804645,6.0,5.0
4144,sltrib.com,insidebayarea.com,1,20.804645,4.0,4.0
4145,sltrib.com,fresnobee.com,1,20.804645,4.0,4.0
4146,sfgate.com,thevelvethottub.com,1,20.804645,4.0,4.0
4147,sfgate.com,celebrityblend.com,1,20.804645,4.0,4.0
4148,sfgate.com,celebitchy.com,1,20.804645,4.0,4.0
4149,seekingalpha.com,theglobeandmail.com,1,20.804645,4.0,4.0
4150,sdpnoticias.com,farodevigo.es,1,20.804645,4.0,4.0
4151,sdpnoticias.com,elecodiario.es,1,20.804645,4.0,4.0
4152,sdpnoticias.com,diarioinformacion.com,1,20.804645,4.0,4.0
4153,scdfa.org,thenation.com,1,20.804645,4.0,4.0
4154,scdfa.org,dailyreportonline.com,1,20.804645,4.0,4.0
4155,scdfa.org,bloomberg.com,1,20.804645,4.0,4.0
4156,sacbee.com,scrippsnews.net,1,20.804645,4.0,4.0
4157,sacbee.com,scrippsnews.com,1,20.804645,4.0,4.0
4158,rssjunky.com,wral.com,1,20.804645,4.0,4.0
4159,rssjunky.com,thelife.com,1,20.804645,4.0,4.0
4160,riverdaughter.wordpress.com,au.answers.yahoo.com,1,20.804645,4.0,4.0
4161,riverdaughter.wordpress.com,am1070wdia.com,1,20.804645,4.0,4.0
4162,realclearpolitics.com,dailykos.com,1,20.804645,4.0,4.0
4163,readingeagle.com,soccerblogs.net,1,20.804645,4.0,4.0
4164,readingeagle.com,lansingstatejournal.com,1,20.804645,4.0,4.0
4165,quizilla.com,thejakartapost.com,1,20.804645,4.0,4.0
4166,quizilla.com,fanfiction.net,1,20.804645,4.0,4.0
4167,prisonplanet.com,saukvalley.com,1,20.804645,4.0,4.0
4168,prevuze.blogspot.com,open.salon.com,1,20.804645,4.0,4.0
4169,pr-inside.com,reddit.com,1,20.804645,4.0,4.0
4170,pr-inside.com,losangeles.craigslist.org,1,20.804645,4.0,4.0
4171,postchronicle.com,clipmarks.com,3,20.804645,2.0,2.333333
4172,post-gazette.com,gle.am,1,20.804645,4.0,4.0
4173,post-gazette.com,aikenstandard.com,1,20.804645,4.0,4.0
4174,politico.com,jg-tc.com,1,20.804645,4.0,4.0
4175,politico.com,jacksonville.com,1,20.804645,4.0,4.0
4176,politico.com,conservapedia.com,1,20.804645,4.0,4.0
4177,phillyburbs.com,hattiesburgamerican.com,1,20.804645,4.0,4.0
4178,philly.com,hattiesburgamerican.com,1,20.804645,4.0,4.0
4179,pheedo.com,daytondailynews.com,1,20.804645,4.0,4.0
4180,pheedcontent.com,mercurynews.com,1,20.804645,4.0,4.0
4181,people.com,metrowestdailynews.com,1,20.804645,4.0,4.0
4182,people.com,californiachronicle.com,1,20.804645,4.0,4.0
4183,patdollard.com,americannonsense.com,1,20.804645,4.0,4.0
4184,partisan.blogs.hopelesslypartisan.com,demonoid.com,1,20.804645,4.0,4.0
4185,opinionsource.com,opednews.com,1,20.804645,4.0,4.0
4186,opinionsource.com,indybay.org,1,20.804645,4.0,4.0
4187,opinionsource.com,globalresearch.ca,1,20.804645,4.0,4.0
4188,ocregister.com,quizilla.com,1,20.804645,4.0,4.0
4189,nytimes.com,newsobserver.com,1,20.804645,4.0,4.0
4190,nydailynews.com,californiachronicle.com,1,20.804645,4.0,4.0
4191,northjersey.com,lohud.com,1,20.804645,4.0,4.0
4192,northjersey.com,jacksonville.com,1,20.804645,4.0,4.0
4193,newsobserver.com,news.com.au,1,20.804645,4.0,4.0
4194,newser.com,mercurynews.com,1,20.804645,4.0,4.0
4195,news.google.com,crooksandliars.com,1,20.804645,4.0,4.0
4196,news.com.au,mahalo.com,1,20.804645,4.0,4.0
4197,nbc12.com,examiner.com,1,20.804645,4.0,4.0
4198,mycentraljersey.com,blogs.myspace.com,2,20.804645,4.0,2.5
4199,msn.foxsports.com,mlive.com,1,20.804645,4.0,4.0
4200,money.cnn.com,ctv.ca,1,20.804645,4.0,4.0
4201,modernghana.com,philly.com,1,20.804645,4.0,4.0
4202,michnews.com,dprogram.net,1,20.804645,4.0,4.0
4203,mercurynews.com,chron.com,1,20.804645,4.0,4.0
4204,medlogs.com,uk.news.yahoo.com,1,20.804645,4.0,4.0
4205,medlogs.com,physorg.com,1,20.804645,4.0,4.0
4206,medlogs.com,news.yahoo.com,1,20.804645,4.0,4.0
4207,medlogs.com,news.theage.com.au,2,20.804645,7.0,5.5
4208,medlogs.com,news.cnet.com,1,20.804645,4.0,4.0
4209,mcclatchydc.com,philly.com,2,20.804645,4.0,2.5
4210,mcall.com,kptv.com,1,20.804645,4.0,4.0
4211,leftword.blogdig.net,nydailynews.com,1,20.804645,4.0,4.0
4212,irishtimes.com,golivewire.com,1,20.804645,4.0,4.0
4213,ireport.com,reddit.com,1,20.804645,4.0,4.0
4214,iol.co.za,economictimes.indiatimes.com,2,20.804645,8.0,6.5
4215,insidebayarea.com,news.com.au,1,20.804645,4.0,4.0
4216,injesus.com,nhregister.com,1,20.804645,4.0,4.0
4217,injesus.com,marketwatch.com,1,20.804645,4.0,4.0
4218,injesus.com,in.answers.yahoo.com,2,20.804645,10.0,7.0
4219,injesus.com,daytondailynews.com,1,20.804645,4.0,4.0
4220,independent.ie,feedproxy.google.com,1,20.804645,4.0,4.0
4221,in.answers.yahoo.com,pr-inside.com,1,20.804645,4.0,4.0
4222,in.answers.yahoo.com,huliq.com,1,20.804645,4.0,4.0
4223,in.answers.yahoo.com,earthtimes.org,1,20.804645,4.0,4.0
4224,ibdeditorials.com,noquarterusa.net,1,20.804645,4.0,4.0
4225,huffingtonpost.com,sportingnews.com,1,20.804645,4.0,4.0
4226,htrnews.com,spectator.org,1,20.804645,4.0,4.0
4227,hotair.com,thenation.com,1,20.804645,4.0,4.0
4228,hotair.com,thehawkeye.com,1,20.804645,4.0,4.0
4229,hispanicbusiness.com,sanluisobispo.com,1,20.804645,4.0,4.0
4230,hispanicbusiness.com,physorg.com,1,20.804645,4.0,4.0
4231,hispanicbusiness.com,bnd.com,1,20.804645,4.0,4.0
4232,gopusa.com,guardian.co.uk,1,20.804645,4.0,4.0
4233,goerie.com,theolympian.com,1,20.804645,4.0,4.0
4234,globalresearch.ca,sltrib.com,1,20.804645,4.0,4.0
4235,globalresearch.ca,commondreams.org,1,20.804645,4.0,4.0
4236,gather.com,politico.com,1,20.804645,4.0,4.0
4237,gather.com,1800blogger.com,1,20.804645,4.0,4.0
4238,forums.catholic.com,readingeagle.com,1,20.804645,4.0,4.0
4239,forums.catholic.com,freerepublic.com,1,20.804645,4.0,4.0
4240,forum.brokeroutpost.com,truthseeker2473.blogspot.com,1,20.804645,4.0,4.0
4241,forum.brokeroutpost.com,othersiderainbow.blogspot.com,1,20.804645,4.0,4.0
4242,feeds.feedblitz.com,uk.news.yahoo.com,1,20.804645,4.0,4.0
4243,feeds.feedblitz.com,thehimalayantimes.com,1,20.804645,4.0,4.0
4244,feeds.feedblitz.com,nowpublic.com,1,20.804645,4.0,4.0
4245,feeds.feedblitz.com,news.theage.com.au,1,20.804645,4.0,4.0
4246,feeds.feedblitz.com,iafrica.com,1,20.804645,4.0,4.0
4247,feeds.feedblitz.com,etaiwannews.com,1,20.804645,4.0,4.0
4248,feeds.feedblitz.com,bulletin.aarp.org,1,20.804645,4.0,4.0
4249,feeds.feedblitz.com,abs-cbnnews.com,1,20.804645,4.0,4.0
4250,feeds.aol.com,mahalo.com,2,20.804645,17.0,10.5
4251,fanfiction.net,nbc12.com,1,20.804645,4.0,4.0
4252,examiner.com,uk.reuters.com,1,20.804645,4.0,4.0
4253,examiner.com,reuters.com,1,20.804645,4.0,4.0
4254,examiner.com,publicbroadcasting.net,1,20.804645,4.0,4.0
4255,examiner.com,mashget.com,1,20.804645,4.0,4.0
4256,examiner.com,kare11.com,1,20.804645,4.0,4.0
4257,examiner.com,goozad.com,1,20.804645,4.0,4.0
4258,dissidentvoice.org,sott.net,2,20.804645,4.0,2.5
4259,digg.com/politics,news.bbc.co.uk,1,20.804645,4.0,4.0
4260,detnews.com,blogs.myspace.com,1,20.804645,4.0,4.0
4261,deseretnews.com,truthseeker2473.blogspot.com,1,20.804645,4.0,4.0
4262,deseretnews.com,rebellenation.blogspot.com,1,20.804645,4.0,4.0
4263,denverpost.com,beltwayblips.dailyradar.com,1,20.804645,4.0,4.0
4264,delcotimes.com,freshnews.in,1,20.804645,4.0,4.0
4265,daytondailynews.com,nydailynews.com,1,20.804645,4.0,4.0
4266,columbiatribune.com,charlotteobserver.com,1,20.804645,4.0,4.0
4267,columbiatribune.com,charlotte.com,1,20.804645,4.0,4.0
4268,cnn.com,ottawasun.com,1,20.804645,4.0,4.0
4269,cnn.com,nydailynews.com,1,20.804645,4.0,4.0
4270,chronwatch-america.com,northjersey.com,1,20.804645,4.0,4.0
4271,chron.com,themonitor.com,2,20.804645,4.0,2.5
4272,chicagotribune.com,newser.com,1,20.804645,4.0,4.0
4273,chicagotribune.com,media.star-telegram.com,1,20.804645,4.0,4.0
4274,chacha.com,ph.answers.yahoo.com,1,20.804645,4.0,4.0
4275,cbs4.com,commondreams.org,1,20.804645,4.0,4.0
4276,cbs11tv.com,commondreams.org,1,20.804645,4.0,4.0
4277,care2.com,tthfanfic.org,1,20.804645,4.0,4.0
4278,canada.com,onlineathens.com,1,20.804645,4.0,4.0
4279,ca.eonline.com,article.wn.com,1,20.804645,4.0,4.0
4280,ca.answers.yahoo.com,features.csmonitor.com,1,20.804645,4.0,4.0
4281,ca.answers.yahoo.com,americanchronicle.com,1,20.804645,4.0,4.0
4282,bulletin.aarp.org,forums.somd.com,1,20.804645,4.0,4.0
4283,bulletin.aarp.org,eagletribune.com,1,20.804645,4.0,4.0
4284,bulletin.aarp.org,britanniaradio.blogspot.com,1,20.804645,4.0,4.0
4285,buffalonews.com,altweeklies.com,1,20.804645,4.0,4.0
4286,britanniaradio.blogspot.com,uncyclopedia.wikia.com,1,20.804645,4.0,4.0
4287,brisbanetimes.com.au,themoneytimes.com,2,20.804645,4.0,2.5
4288,brisbanetimes.com.au,msnbc.msn.com,1,20.804645,4.0,4.0
4289,blogs.myspace.com,starpulse.com,1,20.804645,4.0,4.0
4290,blogs.myspace.com,sfgate.com,1,20.804645,4.0,4.0
4291,blognetnews.com,ocregister.com,1,20.804645,4.0,4.0
4292,blogher.com,quizilla.com,1,20.804645,4.0,4.0
4293,belfasttelegraph.co.uk,sacbee.com,1,20.804645,4.0,4.0
4294,bbc.co.uk,themonitor.com,1,20.804645,4.0,4.0
4295,avaxhome.ws,wotarticle.com,1,20.804645,4.0,4.0
4296,avaxhome.ws,blog.sina.com.cn,1,20.804645,4.0,4.0
4297,au.answers.yahoo.com,pr-inside.com,1,20.804645,4.0,4.0
4298,area52hkh.net,kansascity.com,1,20.804645,4.0,4.0
4299,answerbag.com,accessatlanta.com,1,20.804645,4.0,4.0
4300,americanchronicle.com,freerepublic.com,1,20.804645,4.0,4.0
4301,amazon.com,scrippsnews.net,1,20.804645,4.0,4.0
4302,amazon.com,scrippsnews.com,1,20.804645,4.0,4.0
4303,allvoices.com,vh1.com,1,20.804645,4.0,4.0
4304,allvoices.com,pheedo.com,1,20.804645,4.0,4.0
4305,alertnet.org,theglobeandmail.com,2,20.804645,4.0,2.5
4306,abs-cbnnews.com,bleacherreport.com,1,20.804645,4.0,4.0
4307,abc.net.au,clipmarks.com,2,20.804645,4.0,2.5
4308,411mania.com,startribune.com,1,20.804645,4.0,4.0
4309,1800blogger.com,smh.com.au,1,20.804645,4.0,4.0
4310,politico.com,eonline.com,2,20.804645,4.0,3.0
4311,nbcsandiego.com,facebook.com,2,20.804645,10.0,7.5
4312,livenews.com.au,wikio.co.uk,2,20.804645,4.0,3.0
4313,bostonherald.com,showhype.com,3,20.804645,4.0,3.666667
4314,statesmanjournal.com,freerepublic.com,1,20.197731,2.0,2.0
4315,squidoo.com,freerepublic.com,1,20.197731,2.0,2.0
4316,blog.sina.com.cn,youtube.com,1,20.197731,2.0,2.0
4317,youtube.com,kansascity.com,1,20.197731,1.0,1.0
4318,thestar.com,theglobeandmail.com,2,20.197731,1.0,1.0
4319,newsvine.com,variety.com,1,20.197731,1.0,1.0
4320,news.theage.com.au,stuff.co.nz,1,20.197731,1.0,1.0
4321,news.smh.com.au,stuff.co.nz,1,20.197731,1.0,1.0
4322,investorsiraq.com,therearenosunglasses.wordpress.com,1,20.197731,1.0,1.0
4323,areavoices.com,demonoid.com,1,20.197731,1.0,1.0
4324,popwatch.ew.com,open.salon.com,2,20.197731,15.0,9.0
4325,pastebin.ca,nwherald.com,1,20.197731,4.0,4.0
4326,iafrica.com,newsinfo.inquirer.net,2,20.197731,1.0,1.0
4327,prevuze.blogspot.com,ph.answers.yahoo.com,2,19.968864,17.0,11.5
4328,phillyburbs.com,mlb.mlb.com,2,19.968864,12.0,11.5
4329,chron.com,vnnforum.com,2,19.968864,18.0,11.5
4330,blogher.com,othersiderainbow.blogspot.com,2,19.968864,18.0,11.5
4331,960werc.com,open.salon.com,2,19.968864,13.0,11.5
4332,propeller.com,showhype.com,1,19.590817,1.0,1.0
4333,uk.news.yahoo.com,huffingtonpost.com,3,19.36195,3.0,3.0
4334,youtube.com,amazon.com,1,19.36195,5.0,5.0
4335,x.techwheat.com,sfgate.com,1,19.36195,5.0,5.0
4336,wsls.com,newonlinearticles.com,1,19.36195,5.0,5.0
4337,wsls.com,digitalspy.co.uk,1,19.36195,5.0,5.0
4338,wrex.com,kswo.com,1,19.36195,5.0,5.0
4339,wrex.com,fox4now.com,1,19.36195,5.0,5.0
4340,wral.com,stltoday.com,1,19.36195,5.0,5.0
4341,wotarticle.com,modernghana.com,1,19.36195,5.0,5.0
4342,weblogs.baltimoresun.com,sports.espn.go.com,1,19.36195,5.0,5.0
4343,washingtonmonthly.com,globalresearch.ca,1,19.36195,5.0,5.0
4344,uncyclopedia.wikia.com,open.salon.com,1,19.36195,5.0,5.0
4345,turkishpress.com,sg.news.yahoo.com,1,19.36195,5.0,5.0
4346,turkishpress.com,couriermail.news.com.au,1,19.36195,5.0,5.0
4347,tucsoncitizen.com,startribune.com,1,19.36195,5.0,5.0
4348,tucsoncitizen.com,freep.com,1,19.36195,5.0,5.0
4349,tucsoncitizen.com,conservapedia.com,1,19.36195,5.0,5.0
4350,tthfanfic.org,golivewire.com,1,19.36195,5.0,5.0
4351,truthout.org,jpost.com,1,19.36195,5.0,5.0
4352,todayszaman.com,feeds.gawker.com,1,19.36195,5.0,5.0
4353,timesofmalta.com,thestar.com,1,19.36195,5.0,5.0
4354,timesofmalta.com,money.canoe.ca,1,19.36195,5.0,5.0
4355,timesofmalta.com,macleans.ca,1,19.36195,5.0,5.0
4356,timesofmalta.com,ctv.ca,1,19.36195,5.0,5.0
4357,timesofmalta.com,cnews.canoe.ca,1,19.36195,5.0,5.0
4358,timesdaily.com,weblogs.baltimoresun.com,1,19.36195,5.0,5.0
4359,thinkprogress.org,sun-sentinel.com,1,19.36195,5.0,5.0
4360,thereporteronline.com,ajc.com,1,19.36195,5.0,5.0
4361,theolympian.com,wgnradio.com,1,19.36195,5.0,5.0
4362,theolympian.com,lubbockonline.com,1,19.36195,5.0,5.0
4363,theolympian.com,guardian.co.uk,1,19.36195,5.0,5.0
4364,thehour.com,reuters.com,1,19.36195,5.0,5.0
4365,thehimalayantimes.com,uk.eonline.com,1,19.36195,5.0,5.0
4366,thehimalayantimes.com,au.eonline.com,1,19.36195,5.0,5.0
4367,theglobeandmail.com,mlive.com,1,19.36195,5.0,5.0
4368,theglobeandmail.com,hattiesburgamerican.com,1,19.36195,5.0,5.0
4369,theaustralian.news.com.au,thechronicleherald.ca,1,19.36195,5.0,5.0
4370,tennessean.com,mcclatchydc.com,1,19.36195,5.0,5.0
4371,telegraph.co.uk,vosizneias.com,1,19.36195,5.0,5.0
4372,telegraph.co.uk,slate.com,1,19.36195,5.0,5.0
4373,techchuck.com,theage.com.au,1,19.36195,5.0,5.0
4374,sunherald.com,theaustralian.news.com.au,1,19.36195,5.0,5.0
4375,starpulse.com,nydailynews.com,1,19.36195,5.0,5.0
4376,squidoo.com,groups.google.com,1,19.36195,5.0,5.0
4377,squidoo.com,embeds.blogs.foxnews.com,1,19.36195,5.0,5.0
4378,spectator.org,sermoncentral.com,1,19.36195,5.0,5.0
4379,sott.net,timesonline.co.uk,1,19.36195,5.0,5.0
4380,sott.net,nj.com,1,19.36195,5.0,5.0
4381,smartgirlpolitics.ning.com,tulsaworld.com,1,19.36195,5.0,5.0
4382,sg.answers.yahoo.com,chicagotribune.com,1,19.36195,5.0,5.0
4383,semissourian.com,star-telegram.com,1,19.36195,5.0,5.0
4384,semissourian.com,media.star-telegram.com,1,19.36195,5.0,5.0
4385,seattlepi.nwsource.com,physorg.com,1,19.36195,5.0,5.0
4386,seattlepi.nwsource.com,huliq.com,1,19.36195,5.0,5.0
4387,seacoastonline.com,lasvegassun.com,1,19.36195,5.0,5.0
4388,sdpnoticias.com,article.wn.com,1,19.36195,5.0,5.0
4389,sandiego.craigslist.org,post-gazette.com,1,19.36195,5.0,5.0
4390,salon.com,sg.news.yahoo.com,2,19.36195,5.0,3.0
4391,salon.com,malaysia.news.yahoo.com,1,19.36195,5.0,5.0
4392,reddit.com,minnesota.publicradio.org,1,19.36195,5.0,5.0
4393,reddit.com,alternet.org,1,19.36195,5.0,5.0
4394,reason.com,realclearpolitics.com,1,19.36195,5.0,5.0
4395,realclearpolitics.com,luxlibertas.com,1,19.36195,5.0,5.0
4396,readingeagle.com,nbcsandiego.com,1,19.36195,5.0,5.0
4397,readingeagle.com,nbcchicago.com,1,19.36195,5.0,5.0
4398,prospect.org,wattpad.com,1,19.36195,5.0,5.0
4399,prospect.org,techchuck.com,1,19.36195,5.0,5.0
4400,prospect.org,feeds.gawker.com,1,19.36195,5.0,5.0
4401,propeller.com,chronwatch-america.com,1,19.36195,5.0,5.0
4402,progressivenewsdaily.com,wraithbait.com,1,19.36195,5.0,5.0
4403,prevuze.blogspot.com,sermoncentral.com,1,19.36195,5.0,5.0
4404,popwatch.ew.com,mahalo.com,1,19.36195,5.0,5.0
4405,popmatters.com,injesus.com,1,19.36195,5.0,5.0
4406,pfblogs.org,latimes.com,1,19.36195,5.0,5.0
4407,pbs.org,prnewswire.com,1,19.36195,5.0,5.0
4408,pbs.org,cnbc.com,1,19.36195,5.0,5.0
4409,pastebin.ca,newsvine.com,1,19.36195,5.0,5.0
4410,open.salon.com,livenews.com.au,1,19.36195,5.0,5.0
4411,open.salon.com,asia.news.yahoo.com,1,19.36195,5.0,5.0
4412,nytimes.com,telegraph.co.uk,1,19.36195,5.0,5.0
4413,nytimes.com,news.bbc.co.uk,1,19.36195,5.0,5.0
4414,nypost.com,zanesvilletimesrecorder.com,1,19.36195,5.0,5.0
4415,npr.org,tucsoncitizen.com,1,19.36195,5.0,5.0
4416,npr.org,theglobeandmail.com,2,19.36195,5.0,3.0
4417,npr.org,recordpub.com,1,19.36195,5.0,5.0
4418,npr.org,newsmeat.com,1,19.36195,5.0,5.0
4419,npr.org,news.yahoo.com,1,19.36195,5.0,5.0
4420,npr.org,news.bbc.co.uk,1,19.36195,5.0,5.0
4421,npr.org,japantoday.com,1,19.36195,5.0,5.0
4422,npr.org,freep.com,2,19.36195,5.0,3.0
4423,northjersey.com,nowpublic.com,1,19.36195,5.0,5.0
4424,northjersey.com,blog.beliefnet.com,1,19.36195,5.0,5.0
4425,northjersey.com,altweeklies.com,1,19.36195,5.0,5.0
4426,nj.com,columbian.com,1,19.36195,5.0,5.0
4427,newser.com,wmtw.com,1,19.36195,5.0,5.0
4428,newser.com,wjactv.com,1,19.36195,5.0,5.0
4429,newser.com,whiotv.com,1,19.36195,5.0,5.0
4430,newser.com,thewbalchannel.com,1,19.36195,5.0,5.0
4431,newser.com,thepittsburghchannel.com,1,19.36195,5.0,5.0
4432,newser.com,theksbwchannel.com,1,19.36195,5.0,5.0
4433,newser.com,theindychannel.com,1,19.36195,5.0,5.0
4434,newser.com,thehawaiichannel.com,1,19.36195,5.0,5.0
4435,newser.com,thedenverchannel.com,1,19.36195,5.0,5.0
4436,newser.com,local6.com,1,19.36195,5.0,5.0
4437,newser.com,local10.com,1,19.36195,5.0,5.0
4438,newser.com,ktvu.com,1,19.36195,5.0,5.0
4439,newser.com,ketv.com,1,19.36195,5.0,5.0
4440,newser.com,kcra.com,1,19.36195,5.0,5.0
4441,newser.com,foxcarolina.com,1,19.36195,5.0,5.0
4442,newser.com,cbs46.com,1,19.36195,5.0,5.0
4443,newsbusters.org,registercitizen.com,1,19.36195,5.0,5.0
4444,news.com.au,upi.com,1,19.36195,5.0,5.0
4445,news-record.com,ctv.ca,1,19.36195,5.0,5.0
4446,news-press.com,torontosun.com,1,19.36195,5.0,5.0
4447,news-press.com,cnews.canoe.ca,1,19.36195,5.0,5.0
4448,newonlinearticles.com,sott.net,1,19.36195,5.0,5.0
4449,newonlinearticles.com,seekingalpha.com,1,19.36195,5.0,5.0
4450,newonlinearticles.com,leftword.blogdig.net,1,19.36195,5.0,5.0
4451,mycentraljersey.com,newsvine.com,1,19.36195,5.0,5.0
4452,msn.foxsports.com,sportsnet.ca,1,19.36195,5.0,5.0
4453,msn.foxsports.com,freerepublic.com,1,19.36195,5.0,5.0
4454,mlive.com,feedproxy.google.com,2,19.36195,12.0,9.5
4455,mlive.com,blognetwork.knoxnews.com,1,19.36195,5.0,5.0
4456,mininova.org,demonoid.com,1,19.36195,5.0,5.0
4457,mercurynews.com,news-record.com,1,19.36195,5.0,5.0
4458,medlogs.com,sfgate.com,1,19.36195,5.0,5.0
4459,mashget.com,jpost.com,1,19.36195,5.0,5.0
4460,mashget.com,docstalk.blogspot.com,1,19.36195,5.0,5.0
4461,lonelyplanet.com,wikio.es,1,19.36195,5.0,5.0
4462,latimes.com,heraldtribune.com,1,19.36195,5.0,5.0
4463,knoxnews.com,news-record.com,1,19.36195,5.0,5.0
4464,kansascity.com,politicalticker.blogs.cnn.com,1,19.36195,5.0,5.0
4465,jezebel.com,ireport.com,1,19.36195,5.0,5.0
4466,ireport.com,npr.org,1,19.36195,5.0,5.0
4467,ibloga.blogspot.com,washingtonexaminer.com,1,19.36195,5.0,5.0
4468,iafrica.com,english.aljazeera.net,1,19.36195,5.0,5.0
4469,huliq.com,scouty.de,1,19.36195,5.0,5.0
4470,huffingtonpost.com,mcclatchydc.com,2,19.36195,12.0,9.0
4471,guardian.co.uk,squidoo.com,1,19.36195,5.0,5.0
4472,greenbaypressgazette.com,annistonstar.com,1,19.36195,5.0,5.0
4473,greeleytribune.com,tucsoncitizen.com,2,19.36195,16.0,10.5
4474,golivewire.com,carnageandculture.blogspot.com,1,19.36195,5.0,5.0
4475,gather.com,canadafreepress.com,1,19.36195,5.0,5.0
4476,fresnobee.com,media.sacbee.com,1,19.36195,5.0,5.0
4477,feeds.digg.com/~r/digg/container/world_business,prisonplanet.com,1,19.36195,5.0,5.0
4478,feeds.digg.com/~r/digg/container/world_business,365gay.com,1,19.36195,5.0,5.0
4479,farodevigo.es,article.wn.com,1,19.36195,5.0,5.0
4480,facebook.com,pheedcontent.com,1,19.36195,5.0,5.0
4481,facebook.com,capecodonline.com,1,19.36195,5.0,5.0
4482,elmundo.es,eldiariomontanes.es,1,19.36195,5.0,5.0
4483,earthtimes.org,physorg.com,1,19.36195,5.0,5.0
4484,denverpost.com,thewest.com.au,1,19.36195,5.0,5.0
4485,denverpost.com,thedaily.com.au,1,19.36195,5.0,5.0
4486,denverpost.com,news.theage.com.au,1,19.36195,5.0,5.0
4487,denverpost.com,news.smh.com.au,1,19.36195,5.0,5.0
4488,denverpost.com,news.ninemsn.com.au,1,19.36195,5.0,5.0
4489,denverpost.com,news.brisbanetimes.com.au,1,19.36195,5.0,5.0
4490,denverpost.com,nationalpost.com,1,19.36195,5.0,5.0
4491,demonoid.com,blogs.myspace.com,1,19.36195,5.0,5.0
4492,daytondailynews.com,thehour.com,1,19.36195,5.0,5.0
4493,daytondailynews.com,chronicle.augusta.com,2,19.36195,5.0,3.0
4494,dailykos.com,money.cnn.com,1,19.36195,5.0,5.0
4495,cnnpoliticalticker.wordpress.com,popwatch.ew.com,1,19.36195,5.0,5.0
4496,chronicle.augusta.com,pantagraph.com,1,19.36195,5.0,5.0
4497,chacha.com,answerbag.com,1,19.36195,5.0,5.0
4498,chacha.com,ajc.com,1,19.36195,5.0,5.0
4499,cbsnews.com,bostonherald.com,2,19.36195,5.0,3.0
4500,catholicexchange.com,chacha.com,1,19.36195,5.0,5.0
4501,care2.com,sott.net,1,19.36195,5.0,5.0
4502,cantonrep.com,journalstandard.com,1,19.36195,5.0,5.0
4503,cantonrep.com,durangoherald.com,1,19.36195,5.0,5.0
4504,canada.com,nola.com,1,19.36195,5.0,5.0
4505,californiachronicle.com,newser.com,1,19.36195,5.0,5.0
4506,californiachronicle.com,64.90.166.18,1,19.36195,5.0,5.0
4507,bostonherald.com,sfgate.com,2,19.36195,5.0,3.0
4508,bostonherald.com,hattiesburgamerican.com,1,19.36195,5.0,5.0
4509,boards.historychannel.com,gretawire.foxnews.com,1,19.36195,5.0,5.0
4510,blogs.myspace.com,reddit.com,1,19.36195,5.0,5.0
4511,blogs.chron.com,wattpad.com,1,19.36195,5.0,5.0
4512,blogher.com,rebellenation.blogspot.com,1,19.36195,5.0,5.0
4513,birminghampost.net,groups.google.com,1,19.36195,5.0,5.0
4514,baltimoresun.com,usatoday.com,2,19.36195,5.0,3.0
4515,baltimoresun.com,starnewsonline.com,1,19.36195,5.0,5.0
4516,baltimoresun.com,iht.com,1,19.36195,5.0,5.0
4517,baltimoresun.com,commondreams.org,1,19.36195,5.0,5.0
4518,au.rd.yahoo.com,uncyclopedia.wikia.com,1,19.36195,5.0,5.0
4519,article.wn.com,smartgirlpolitics.ning.com,1,19.36195,5.0,5.0
4520,area52hkh.net,prevuze.blogspot.com,1,19.36195,5.0,5.0
4521,amazon.com,nymag.com,1,19.36195,5.0,5.0
4522,amazon.com,dandelionsalad.wordpress.com,1,19.36195,5.0,5.0
4523,altweeklies.com,free-ebooks.tistory.com,1,19.36195,5.0,5.0
4524,allafrica.com,nytimes.com,1,19.36195,5.0,5.0
4525,abcnews.go.com,jam.canoe.ca,1,19.36195,5.0,5.0
4526,abclocal.go.com,gather.com,1,19.36195,5.0,5.0
4527,thechronicleherald.ca,thestate.com,2,19.36195,5.0,3.5
4528,startribune.com,feeds.gothamistllc.com,1,18.755036,2.0,2.0
4529,blogher.com,blogs.myspace.com,2,18.755036,16.0,9.0
4530,americanchronicle.com,blogs.myspace.com,2,18.755036,17.0,10.0
4531,altweeklies.com,golivewire.com,1,18.755036,2.0,2.0
4532,zanesvilletimesrecorder.com,thenewstribune.com,1,18.755036,1.0,1.0
4533,wgnradio.com,chicagotribune.com,1,18.755036,1.0,1.0
4534,theglobeandmail.com,online.wsj.com,1,18.755036,1.0,1.0
4535,dailyprogress.com,tfponline.com,1,18.755036,1.0,1.0
4536,blogher.com,prnewswire.com,1,18.755036,1.0,1.0
4537,area52hkh.net,fanfiction.net,1,18.755036,1.0,1.0
4538,news.cnet.com,bostonherald.com,1,18.755036,4.0,4.0
4539,lubbockonline.com,bostonherald.com,1,18.755036,4.0,4.0
4540,lohud.com,baynews9.com,1,18.755036,5.0,5.0
4541,feeds.feedblitz.com,news.bbc.co.uk,1,18.755036,4.0,4.0
4542,avaxhome.ws,mercurynews.com,1,18.755036,5.0,5.0
4543,prnewswire.com,au.answers.yahoo.com,2,18.526169,17.0,12.0
4544,bizjournals.com,news.yahoo.com,3,17.919255,1.0,2.666667
4545,yorkdispatch.inyork.com,pheedcontent.com,1,17.919255,6.0,6.0
4546,wwww.examiner.com,sandiego.craigslist.org,1,17.919255,6.0,6.0
4547,wwww.examiner.com,demonoid.com,1,17.919255,6.0,6.0
4548,www2.journalnow.com,spectator.org,1,17.919255,6.0,6.0
4549,www2.journalnow.com,money.cnn.com,1,17.919255,6.0,6.0
4550,wtopnews.com,islandpacket.com,1,17.919255,6.0,6.0
4551,wrcbtv.com,wtxl.com,1,17.919255,6.0,6.0
4552,wrcbtv.com,weht.com,1,17.919255,6.0,6.0
4553,wrcbtv.com,kpax.com,1,17.919255,6.0,6.0
4554,wrcbtv.com,kivitv.com,1,17.919255,6.0,6.0
4555,wrcbtv.com,kgun9.com,1,17.919255,6.0,6.0
4556,wmtw.com,ocregister.com,1,17.919255,6.0,6.0
4557,wjactv.com,ocregister.com,1,17.919255,6.0,6.0
4558,wgnradio.com,thehour.com,2,17.919255,6.0,3.5
4559,weblogs.baltimoresun.com,usatoday.com,2,17.919255,6.0,3.5
4560,weblogs.baltimoresun.com,freerepublic.com,1,17.919255,6.0,6.0
4561,wattpad.com,helenair.com,1,17.919255,6.0,6.0
4562,washingtontimes.com,soccerblogs.net,1,17.919255,6.0,6.0
4563,washingtonpost.com,sports.yahoo.com,2,17.919255,6.0,3.5
4564,washingtonpost.com,kolotv.com,1,17.919255,6.0,6.0
4565,washingtonpost.com,brandonsun.com,1,17.919255,6.0,6.0
4566,voices.washingtonpost.com,nydailynews.com,2,17.919255,6.0,3.5
4567,vnnforum.com,nydailynews.com,1,17.919255,6.0,6.0
4568,upi.com,answerbag.com,1,17.919255,6.0,6.0
4569,twincities.com,open.salon.com,1,17.919255,6.0,6.0
4570,turkishpress.com,twocircles.net,2,17.919255,6.0,3.5
4571,truthseeker2473.blogspot.com,dailytimes.com.pk,1,17.919255,6.0,6.0
4572,topnews.in,thisfuckingwar.blogspot.com,1,17.919255,6.0,6.0
4573,timesleader.com,famelist.info,1,17.919255,6.0,6.0
4574,timesfreepress.com,blognetwork.knoxnews.com,1,17.919255,6.0,6.0
4575,thewest.com.au,leftword.blogdig.net,1,17.919255,6.0,6.0
4576,thestar.com,latimes.com,1,17.919255,6.0,6.0
4577,theolympian.com,rutlandherald.com,1,17.919255,6.0,6.0
4578,thenation.com,bleacherreport.com,1,17.919255,6.0,6.0
4579,thelife.com,feeds.feedburner.com,1,17.919255,6.0,6.0
4580,thehour.com,columbiatribune.com,1,17.919255,6.0,6.0
4581,thehindu.com,upi.com,1,17.919255,6.0,6.0
4582,thehindu.com,postchronicle.com,1,17.919255,6.0,6.0
4583,telegraph.co.uk,omaha.com,1,17.919255,6.0,6.0
4584,statesmanjournal.com,detnews.com,1,17.919255,6.0,6.0
4585,squidoo.com,in.answers.yahoo.com,1,17.919255,6.0,6.0
4586,sportsnet.ca,uspolitics.tribe.net,1,17.919255,6.0,6.0
4587,spectator.org,squidoo.com,1,17.919255,6.0,6.0
4588,sltrib.com,areavoices.com,1,17.919255,6.0,6.0
4589,singaporejobstoday.com,in.answers.yahoo.com,1,17.919255,6.0,6.0
4590,shreveporttimes.com,kcbs.com,1,17.919255,6.0,6.0
4591,showhype.com,chinadaily.com.cn,1,17.919255,6.0,6.0
4592,search.japantimes.co.jp,vosizneias.com,1,17.919255,6.0,6.0
4593,scrippsnews.net,blueridgenow.com,1,17.919255,6.0,6.0
4594,scrippsnews.com,blueridgenow.com,1,17.919255,6.0,6.0
4595,scdfa.org,cnsnews.com,1,17.919255,6.0,6.0
4596,readingeagle.com,thedenverchannel.com,1,17.919255,6.0,6.0
4597,quizilla.com,tthfanfic.org,1,17.919255,6.0,6.0
4598,prospect.org,uncyclopedia.wikia.com,1,17.919255,6.0,6.0
4599,prisonplanet.com,sports.yahoo.com,1,17.919255,6.0,6.0
4600,prisonplanet.com,in.answers.yahoo.com,1,17.919255,6.0,6.0
4601,prevuze.blogspot.com,minx.cc,1,17.919255,6.0,6.0
4602,pr-inside.com,wattpad.com,1,17.919255,6.0,6.0
4603,pr-inside.com,redstate.com,1,17.919255,6.0,6.0
4604,pr-inside.com,bbc.co.uk,1,17.919255,6.0,6.0
4605,post-gazette.com,themoneytimes.com,1,17.919255,6.0,6.0
4606,popwatch.ew.com,wattpad.com,1,17.919255,6.0,6.0
4607,popwatch.ew.com,philly.com,1,17.919255,6.0,6.0
4608,popwatch.ew.com,othersiderainbow.blogspot.com,1,17.919255,6.0,6.0
4609,popwatch.ew.com,nydailynews.com,1,17.919255,6.0,6.0
4610,popmatters.com,stltoday.com,1,17.919255,6.0,6.0
4611,popmatters.com,sg.answers.yahoo.com,1,17.919255,6.0,6.0
4612,physorg.com,goerie.com,1,17.919255,6.0,6.0
4613,pfblogs.org,scouty.de,1,17.919255,6.0,6.0
4614,pbs.org,rockymounttelegram.com,1,17.919255,6.0,6.0
4615,pastebin.ca,washingtonpost.com,1,17.919255,6.0,6.0
4616,othersiderainbow.blogspot.com,nydailynews.com,1,17.919255,6.0,6.0
4617,othersiderainbow.blogspot.com,myfoxdfw.com,1,17.919255,6.0,6.0
4618,othersiderainbow.blogspot.com,ksdk.com,1,17.919255,6.0,6.0
4619,othersiderainbow.blogspot.com,answerbag.com,1,17.919255,6.0,6.0
4620,orlandosentinel.com,daytondailynews.com,1,17.919255,6.0,6.0
4621,open.salon.com,squidoo.com,2,17.919255,6.0,3.5
4622,opednews.com,docudharma.com,1,17.919255,6.0,6.0
4623,nytimes.com,wntp.townhall.com,1,17.919255,6.0,6.0
4624,nytimes.com,krla870.townhall.com,1,17.919255,6.0,6.0
4625,nytimes.com,860wgul.townhall.com,1,17.919255,6.0,6.0
4626,nytimes.com,560wind.townhall.com,1,17.919255,6.0,6.0
4627,nymag.com,mycentraljersey.com,1,17.919255,6.0,6.0
4628,nst.com.my,winnipegsun.com,1,17.919255,6.0,6.0
4629,nst.com.my,au.answers.yahoo.com,1,17.919255,6.0,6.0
4630,npr.org,seattlepi.nwsource.com,2,17.919255,6.0,3.5
4631,newsok.com,stltoday.com,1,17.919255,6.0,6.0
4632,news.ninemsn.com.au,dailykos.com,1,17.919255,6.0,6.0
4633,news.ninemsn.com.au,americannonsense.com,1,17.919255,6.0,6.0
4634,news.cnet.com,marketwatch.com,1,17.919255,6.0,6.0
4635,mywesttexas.com,chicagotribune.com,1,17.919255,6.0,6.0
4636,motherjones.com,prairiepundit.blogspot.com,2,17.919255,7.0,6.0
4637,motherjones.com,ireport.com,1,17.919255,6.0,6.0
4638,miamiherald.com,herald-mail.com,2,17.919255,14.0,10.0
4639,mercurynews.com,tulsaworld.com,1,17.919255,6.0,6.0
4640,medlogs.com,baltimoresun.com,1,17.919255,6.0,6.0
4641,media.kentucky.com,heraldnet.com,1,17.919255,6.0,6.0
4642,mcclatchydc.com,denverpost.com,1,17.919255,6.0,6.0
4643,mashget.com,townhall.com,1,17.919255,6.0,6.0
4644,mashget.com,pheedcontent.com,1,17.919255,6.0,6.0
4645,marketwatch.com,prnewswire.com,1,17.919255,6.0,6.0
4646,mahalo.com,jam.canoe.ca,1,17.919255,6.0,6.0
4647,mahalo.com,brandonsun.com,1,17.919255,6.0,6.0
4648,lansingstatejournal.com,investorsiraq.com,1,17.919255,6.0,6.0
4649,krqe.com,theglobeandmail.com,1,17.919255,6.0,6.0
4650,kansas.com,mercurynews.com,1,17.919255,6.0,6.0
4651,kansas.com,herald-mail.com,1,17.919255,6.0,6.0
4652,kansas.com,goupstate.com,1,17.919255,6.0,6.0
4653,jpost.com,blogs.myspace.com,1,17.919255,6.0,6.0
4654,journalstandard.com,theage.com.au,1,17.919255,6.0,6.0
4655,jacksonville.com,readingeagle.com,1,17.919255,6.0,6.0
4656,ireport.com,elpais.com,1,17.919255,6.0,6.0
4657,ireport.com,elecodiario.es,1,17.919255,6.0,6.0
4658,independent.ie,au.rd.yahoo.com,1,17.919255,6.0,6.0
4659,independent.co.uk,huffingtonpost.com,1,17.919255,6.0,6.0
4660,in.answers.yahoo.com,sg.answers.yahoo.com,1,17.919255,6.0,6.0
4661,huffingtonpost.com,sg.answers.yahoo.com,1,17.919255,6.0,6.0
4662,huffingtonpost.com,au.answers.yahoo.com,1,17.919255,6.0,6.0
4663,hotair.com,techchuck.com,1,17.919255,6.0,6.0
4664,heraldonline.com,abc.net.au,1,17.919255,6.0,6.0
4665,herald-mail.com,islandpacket.com,1,17.919255,6.0,6.0
4666,guardian.co.uk,prairiepundit.blogspot.com,2,17.919255,15.0,10.5
4667,guardian.co.uk,investorsiraq.com,1,17.919255,6.0,6.0
4668,groups.google.com,realclearpolitics.com,1,17.919255,6.0,6.0
4669,gretawire.foxnews.com,countercurrents.org,1,17.919255,6.0,6.0
4670,golivewire.com,herald-zeitung.com,1,17.919255,6.0,6.0
4671,g1.globo.com,avaxhome.ws,1,17.919255,6.0,6.0
4672,freerepublic.com,collegian.com,1,17.919255,6.0,6.0
4673,freerepublic.com,americanconservativedaily.com,3,17.919255,5.0,5.0
4674,free-ebooks.tistory.com,gather.com,1,17.919255,6.0,6.0
4675,forum.dvdtalk.com,singaporejobstoday.com,1,17.919255,6.0,6.0
4676,forum.dvdtalk.com,ca.answers.yahoo.com,1,17.919255,6.0,6.0
4677,forum.brokeroutpost.com,avaxhome.ws,1,17.919255,6.0,6.0
4678,forbes.com,nydailynews.com,3,17.919255,6.0,5.333333
4679,firstread.msnbc.msn.com,scdfa.org,1,17.919255,6.0,6.0
4680,firstread.msnbc.msn.com,leftword.blogdig.net,2,17.919255,6.0,5.0
4681,firstread.msnbc.msn.com,dailykos.com,1,17.919255,6.0,6.0
4682,feeds.reuters.com,sports.yahoo.com,1,17.919255,6.0,6.0
4683,feeds.feedburner.com,fresnobee.com,1,17.919255,6.0,6.0
4684,feeds.digg.com/~r/digg/container/world_business,blog.sina.com.cn,1,17.919255,6.0,6.0
4685,elmundo.es,sdpnoticias.com,1,17.919255,6.0,6.0
4686,elmundo.es,diarioinformacion.com,1,17.919255,6.0,6.0
4687,dprogram.net,irishtimes.com,1,17.919255,6.0,6.0
4688,detnews.com,registercitizen.com,1,17.919255,6.0,6.0
4689,daytondailynews.com,opednews.com,1,17.919255,6.0,6.0
4690,dailybreeze.com,modernghana.com,1,17.919255,6.0,6.0
4691,dailybreeze.com,cnn.com,1,17.919255,6.0,6.0
4692,daily-herald.com,alternet.org,1,17.919255,6.0,6.0
4693,commondreams.org,seacoastonline.com,1,17.919255,6.0,6.0
4694,canada.com,news.google.com,1,17.919255,6.0,6.0
4695,californiachronicle.com,sltrib.com,1,17.919255,6.0,6.0
4696,californiachronicle.com,othersiderainbow.blogspot.com,1,17.919255,6.0,6.0
4697,californiachronicle.com,althouse.blogspot.com,1,17.919255,6.0,6.0
4698,brisbanetimes.com.au,baltimoresun.com,1,17.919255,6.0,6.0
4699,bostonherald.com,thevelvethottub.com,1,17.919255,6.0,6.0
4700,bostonherald.com,jezebel.com,1,17.919255,6.0,6.0
4701,boards.historychannel.com,gjsentinel.com,1,17.919255,6.0,6.0
4702,blogs.chron.com,suntimes.com,1,17.919255,6.0,6.0
4703,blogher.com,aceshowbiz.com,1,17.919255,6.0,6.0
4704,blogcritics.org,thestate.com,1,17.919255,6.0,6.0
4705,blog.sina.com.cn,reddit.com,1,17.919255,6.0,6.0
4706,bizjournals.com,startribune.com,1,17.919255,6.0,6.0
4707,bizjournals.com,sports.yahoo.com,1,17.919255,6.0,6.0
4708,bizjournals.com,newsvine.com,1,17.919255,6.0,6.0
4709,bizjournals.com,nbcsports.msnbc.com,1,17.919255,6.0,6.0
4710,bizjournals.com,instablogs.com,1,17.919255,6.0,6.0
4711,biz.yahoo.com,northjersey.com,1,17.919255,6.0,6.0
4712,biz.yahoo.com,bulletin.aarp.org,2,17.919255,6.0,3.5
4713,avaxhome.ws,blogcritics.org,1,17.919255,6.0,6.0
4714,articleslide.com,seekingalpha.com,1,17.919255,6.0,6.0
4715,articleslide.com,infowars.com,1,17.919255,6.0,6.0
4716,articleslide.com,chicagotribune.com,1,17.919255,6.0,6.0
4717,articleslide.com,blogher.com,1,17.919255,6.0,6.0
4718,app.com,themoneytimes.com,1,17.919255,6.0,6.0
4719,altweeklies.com,whitesoap.com,1,17.919255,6.0,6.0
4720,altweeklies.com,cqpolitics.com,1,17.919255,6.0,6.0
4721,altweeklies.com,bulletin.aarp.org,1,17.919255,6.0,6.0
4722,abc.net.au,countercurrents.org,1,17.919255,6.0,6.0
4723,abc.net.au,afterdowningstreet.org,1,17.919255,6.0,6.0
4724,abc.es,feedproxy.google.com,1,17.919255,6.0,6.0
4725,411mania.com,thenation.com,1,17.919255,6.0,6.0
4726,elmundo.es,informador.com.mx,3,17.919255,2.0,3.333333
4727,thejakartapost.com,mahalo.com,1,17.541207,1.0,1.0
4728,showhype.com,mahalo.com,1,17.541207,1.0,1.0
4729,mercurynews.com,freep.com,2,17.31234,8.0,5.0
4730,slam.canoe.ca,freep.com,1,17.31234,2.0,2.0
4731,gatesofvienna.blogspot.com,au.answers.yahoo.com,1,17.31234,2.0,2.0
4732,capitolhillblue.com,nydailynews.com,1,17.31234,2.0,2.0
4733,prairiepundit.blogspot.com,ocregister.com,1,17.31234,1.0,1.0
4734,pajamasmedia.com,ocregister.com,1,17.31234,1.0,1.0
4735,mtv.com,variety.com,2,17.31234,14.0,7.5
4736,ireport.com,lubbockonline.com,1,17.31234,1.0,1.0
4737,eluniversal.com,wikio.es,3,17.31234,6.0,5.0
4738,cqpolitics.com,voxverax.blogspot.com,1,17.31234,1.0,1.0
4739,411mania.com,timesonline.co.uk,1,17.31234,1.0,1.0
4740,rssjunky.com,hotair.com,1,17.31234,5.0,5.0
4741,amazon.com,readingeagle.com,1,17.31234,5.0,5.0
4742,quizilla.com,feedproxy.google.com,4,17.083473,13.0,13.0
4743,iht.com,usatoday.com,3,16.476559,3.0,5.666667
4744,philly.com,nydailynews.com,6,16.476559,1.0,2.166667
4745,nytimes.com,feedproxy.google.com,3,16.476559,15.0,13.0
4746,eldiariomontanes.es,elecodiario.es,4,16.476559,15.0,10.25
4747,www2.journalnow.com,kansas.com,1,16.476559,7.0,7.0
4748,wjz.com,jg-tc.com,1,16.476559,7.0,7.0
4749,weblogs.baltimoresun.com,wattpad.com,1,16.476559,7.0,7.0
4750,weblogs.baltimoresun.com,post-gazette.com,1,16.476559,7.0,7.0
4751,wacotrib.com,news-press.com,1,16.476559,7.0,7.0
4752,uncyclopedia.wikia.com,www2.journalnow.com,1,16.476559,7.0,7.0
4753,twocircles.net,dailyherald.com,1,16.476559,7.0,7.0
4754,tthfanfic.org,wattpad.com,1,16.476559,7.0,7.0
4755,tthfanfic.org,rssjunky.com,1,16.476559,7.0,7.0
4756,tthfanfic.org,news.bbc.co.uk,1,16.476559,7.0,7.0
4757,timesreporter.com,nwherald.com,1,16.476559,7.0,7.0
4758,timesreporter.com,northjersey.com,1,16.476559,7.0,7.0
4759,timesonline.co.uk,news.cnet.com,1,16.476559,7.0,7.0
4760,timesofmalta.com,uncyclopedia.wikia.com,1,16.476559,7.0,7.0
4761,timesofmalta.com,forum.dvdtalk.com,1,16.476559,7.0,7.0
4762,theoaklandpress.com,wattpad.com,1,16.476559,7.0,7.0
4763,thenation.com,nytimes.com,1,16.476559,7.0,7.0
4764,theledger.com,rutlandherald.com,1,16.476559,7.0,7.0
4765,thehour.com,pr-inside.com,1,16.476559,7.0,7.0
4766,theglobeandmail.com,freerepublic.com,2,16.476559,7.0,4.0
4767,theaustralian.news.com.au,slate.com,1,16.476559,7.0,7.0
4768,theage.com.au,article.wn.com,1,16.476559,7.0,7.0
4769,techchuck.com,mininova.org,1,16.476559,7.0,7.0
4770,taipeitimes.com,dnaindia.com,1,16.476559,7.0,7.0
4771,stuff.co.nz,brisbanetimes.com.au,1,16.476559,7.0,7.0
4772,story.seattlebulletin.com,sfgate.com,1,16.476559,7.0,7.0
4773,sott.net,realclearpolitics.com,1,16.476559,7.0,7.0
4774,sott.net,prisonplanet.com,2,16.476559,7.0,5.0
4775,sott.net,groups.google.com,1,16.476559,7.0,7.0
4776,soccerblogs.net,washingtonmonthly.com,1,16.476559,7.0,7.0
4777,smh.com.au,gopusa.com,1,16.476559,7.0,7.0
4778,smh.com.au,capitolhillcoffeehouse.com,1,16.476559,7.0,7.0
4779,sltrib.com,weblogs.baltimoresun.com,1,16.476559,7.0,7.0
4780,singaporejobstoday.com,contactmusic.com,1,16.476559,7.0,7.0
4781,sg.answers.yahoo.com,sportsnipe.com,1,16.476559,7.0,7.0
4782,sg.answers.yahoo.com,amazon.com,1,16.476559,7.0,7.0
4783,sermoncentral.com,blogs.chron.com,1,16.476559,7.0,7.0
4784,seekingalpha.com,feeds.feedburner.com,1,16.476559,7.0,7.0
4785,seekingalpha.com,amazon.com,1,16.476559,7.0,7.0
4786,scouty.de,marketwatch.com,3,16.476559,7.0,7.666667
4787,scouty.de,alanat.com,1,16.476559,7.0,7.0
4788,sandiego.craigslist.org,timesonline.co.uk,1,16.476559,7.0,7.0
4789,sandiego.craigslist.org,560wind.townhall.com,1,16.476559,7.0,7.0
4790,registercitizen.com,cleveland.com,1,16.476559,7.0,7.0
4791,quizilla.com,mysanantonio.com,1,16.476559,7.0,7.0
4792,prevuze.blogspot.com,philly.com,1,16.476559,7.0,7.0
4793,philly.com,star-telegram.com,1,16.476559,7.0,7.0
4794,ph.answers.yahoo.com,britanniaradio.blogspot.com,1,16.476559,7.0,7.0
4795,pfblogs.org,washingtonpost.com,1,16.476559,7.0,7.0
4796,pfblogs.org,timesoftheinternet.com,1,16.476559,7.0,7.0
4797,pfblogs.org,sports.espn.go.com,1,16.476559,7.0,7.0
4798,pfblogs.org,forbes.com,1,16.476559,7.0,7.0
4799,open.salon.com,seacoastonline.com,1,16.476559,7.0,7.0
4800,nytimes.com,nola.com,1,16.476559,7.0,7.0
4801,nytimes.com,chacha.com,1,16.476559,7.0,7.0
4802,nowpublic.com,smh.com.au,1,16.476559,7.0,7.0
4803,nowpublic.com,news.com.au,1,16.476559,7.0,7.0
4804,newsvine.com,sg.answers.yahoo.com,1,16.476559,7.0,7.0
4805,newsok.com,tahoedailytribune.com,2,16.476559,7.0,4.0
4806,newsday.com,wvgazette.com,1,16.476559,7.0,7.0
4807,news.theage.com.au,leftword.blogdig.net,2,16.476559,7.0,4.0
4808,news.smh.com.au,leftword.blogdig.net,2,16.476559,7.0,4.0
4809,news.bbc.co.uk,bulletin.aarp.org,1,16.476559,7.0,7.0
4810,news-record.com,thelife.com,1,16.476559,7.0,7.0
4811,newonlinearticles.com,squidoo.com,1,16.476559,7.0,7.0
4812,motherjones.com,carnageandculture.blogspot.com,1,16.476559,7.0,7.0
4813,modernghana.com,othersiderainbow.blogspot.com,1,16.476559,7.0,7.0
4814,mirror.co.uk,telegraph.co.uk,1,16.476559,7.0,7.0
4815,mercurynews.com,gulflive.com,1,16.476559,7.0,7.0
4816,marketplace.publicradio.org,amazon.com,1,16.476559,7.0,7.0
4817,leftword.blogdig.net,golivewire.com,1,16.476559,7.0,7.0
4818,latimes.com,wraithbait.com,1,16.476559,7.0,7.0
4819,kstp.com,canada.com,1,16.476559,7.0,7.0
4820,ksl.com,thinkprogress.org,1,16.476559,7.0,7.0
4821,krla870.townhall.com,features.csmonitor.com,1,16.476559,7.0,7.0
4822,kansascity.com,digg.com/politics,1,16.476559,7.0,7.0
4823,journalstar.com,ajc.com,1,16.476559,7.0,7.0
4824,journalstandard.com,dailyherald.com,1,16.476559,7.0,7.0
4825,ireport.com,truthdig.com,1,16.476559,7.0,7.0
4826,informador.com.mx,eluniversal.com,1,16.476559,7.0,7.0
4827,iht.com,sfgate.com,1,16.476559,7.0,7.0
4828,herald-zeitung.com,quizilla.com,1,16.476559,7.0,7.0
4829,guardian.co.uk,mysanantonio.com,1,16.476559,7.0,7.0
4830,guardian.co.uk,chron.com,1,16.476559,7.0,7.0
4831,fremonttribune.com,siouxcityjournal.com,1,16.476559,7.0,7.0
4832,fremonttribune.com,gjsentinel.com,1,16.476559,7.0,7.0
4833,fremonttribune.com,columbustelegram.com,1,16.476559,7.0,7.0
4834,fremonttribune.com,beatricedailysun.com,1,16.476559,7.0,7.0
4835,fremontneb.com,beatricedailysun.com,1,16.476559,7.0,7.0
4836,forum.dvdtalk.com,partisan.blogs.hopelesslypartisan.com,2,16.476559,7.0,6.5
4837,feeds.aol.com,techchuck.com,1,16.476559,7.0,7.0
4838,feedproxy.google.com,eluniversal.com,1,16.476559,7.0,7.0
4839,fayobserver.com,partisan.blogs.hopelesslypartisan.com,1,16.476559,7.0,7.0
4840,fayobserver.com,ibloga.blogspot.com,1,16.476559,7.0,7.0
4841,farodevigo.es,elmundo.es,2,16.476559,7.0,5.5
4842,facebook.com,wcpo.com:80,1,16.476559,7.0,7.0
4843,eluniversal.com,elmundo.es,1,16.476559,7.0,7.0
4844,eldiariomontanes.es,abc.es,2,16.476559,13.0,10.0
4845,eastvalleytribune.com,knoxnews.com,1,16.476559,7.0,7.0
4846,docudharma.com,truthseeker2473.blogspot.com,1,16.476559,7.0,7.0
4847,docudharma.com,othersiderainbow.blogspot.com,1,16.476559,7.0,7.0
4848,digitalspy.co.uk,seekingalpha.com,1,16.476559,7.0,7.0
4849,denverpost.com,sports.espn.go.com,1,16.476559,7.0,7.0
4850,denverpost.com,daytondailynews.com,2,16.476559,7.0,5.0
4851,daytondailynews.com,vaildaily.com,1,16.476559,7.0,7.0
4852,daytondailynews.com,lasvegassun.com,1,16.476559,7.0,7.0
4853,dailystar.com.lb,dissidentvoice.org,1,16.476559,7.0,7.0
4854,dailypost.co.uk,news.cnet.com,1,16.476559,7.0,7.0
4855,dailyherald.com,greenbaypressgazette.com,1,16.476559,7.0,7.0
4856,dailyherald.com,greeleytribune.com,1,16.476559,7.0,7.0
4857,cnews.canoe.ca,msnbc.msn.com,1,16.476559,7.0,7.0
4858,chron.com,uncyclopedia.wikia.com,1,16.476559,7.0,7.0
4859,chron.com,in.answers.yahoo.com,1,16.476559,7.0,7.0
4860,care2.com,huffingtonpost.com,1,16.476559,7.0,7.0
4861,bsimmons.wordpress.com,thenation.com,1,16.476559,7.0,7.0
4862,broadwayworld.com,seacoastonline.com,1,16.476559,7.0,7.0
4863,bloomberg.com,blognetnews.com,1,16.476559,7.0,7.0
4864,blogs.myspace.com,online.wsj.com,1,16.476559,7.0,7.0
4865,blogs.myspace.com,local10.com,1,16.476559,7.0,7.0
4866,blogs.myspace.com,citizen-times.com,1,16.476559,7.0,7.0
4867,blogs.chron.com,squidoo.com,1,16.476559,7.0,7.0
4868,blognetnews.com,cbsnews.com,1,16.476559,7.0,7.0
4869,blogher.com,pastebin.ca,1,16.476559,7.0,7.0
4870,blog.taragana.com,cqpolitics.com,1,16.476559,7.0,7.0
4871,blackpoliticsontheweb.com,latimes.com,1,16.476559,7.0,7.0
4872,bit.ly,bizjournals.com,1,16.476559,7.0,7.0
4873,au.answers.yahoo.com,post-gazette.com,1,16.476559,7.0,7.0
4874,altweeklies.com,earthtimes.org,1,16.476559,7.0,7.0
4875,alternet.org,taipeitimes.com,1,16.476559,7.0,7.0
4876,allvoices.com,journalstandard.com,1,16.476559,7.0,7.0
4877,thestar.com,mashget.com,2,16.476559,8.0,4.5
4878,kansascity.com,voices.washingtonpost.com,2,16.476559,8.0,4.5
4879,sltrib.com,avaxhome.ws,1,15.869645,2.0,2.0
4880,forums.somd.com,thenorthwestern.com,1,15.869645,2.0,2.0
4881,theledger.com,guardian.co.uk,1,15.869645,1.0,1.0
4882,thejakartapost.com,amazon.com,1,15.869645,3.0,3.0
4883,taipeitimes.com,wotarticle.com,1,15.869645,3.0,3.0
4884,star-telegram.com,nwherald.com,1,15.869645,4.0,4.0
4885,sportsillustrated.cnn.com,thenation.com,1,15.869645,5.0,5.0
4886,seekingalpha.com,gopusa.com,1,15.869645,1.0,1.0
4887,pfblogs.org,gopusa.com,1,15.869645,1.0,1.0
4888,freerepublic.com,kansascity.com,2,15.869645,7.0,6.0
4889,bizjournals.com,siouxcityjournal.com,1,15.869645,4.0,4.0
4890,au.answers.yahoo.com,countercurrents.org,1,15.869645,3.0,3.0
4891,alternet.org,youtube.com,1,15.869645,1.0,1.0
4892,rollingstone.com,celebritygossip.epicureforum.com,1,15.869645,6.0,6.0
4893,newsok.com,ph.answers.yahoo.com,1,15.869645,6.0,6.0
4894,brownsvilleherald.com,uk.reuters.com,1,15.869645,6.0,6.0
4895,bostonherald.com,uk.reuters.com,1,15.869645,6.0,6.0
4896,sermoncentral.com,area52hkh.net,2,15.640778,15.0,13.0
4897,lfpress.ca,thechronicleherald.ca,3,15.033864,1.0,3.333333
4898,open.salon.com,americanchronicle.com,2,15.033864,14.0,11.0
4899,kansascity.com,sacbee.com,2,15.033864,15.0,11.5
4900,kansascity.com,news.xinhuanet.com,2,15.033864,8.0,5.0
4901,guardian.co.uk,examiner.com,2,15.033864,15.0,11.5
4902,feedproxy.google.com,amazon.com,2,15.033864,8.0,5.0
4903,facebook.com,amazon.com,2,15.033864,13.0,10.5
4904,chicagotribune.com,feedproxy.google.com,2,15.033864,16.0,12.0
4905,alternet.org,examiner.com,2,15.033864,15.0,11.5
4906,zanesvilletimesrecorder.com,theage.com.au,1,15.033864,8.0,8.0
4907,zanesvilletimesrecorder.com,smh.com.au,1,15.033864,8.0,8.0
4908,www3.signonsandiego.com,businessweek.com,1,15.033864,8.0,8.0
4909,wtxl.com,wbtv.com,1,15.033864,8.0,8.0
4910,wtxl.com,ktvz.com,1,15.033864,8.0,8.0
4911,wtxl.com,kltv.com,1,15.033864,8.0,8.0
4912,wraithbait.com,thevelvethottub.com,1,15.033864,8.0,8.0
4913,wraithbait.com,nationalpost.com,1,15.033864,8.0,8.0
4914,wraithbait.com,canada.com,1,15.033864,8.0,8.0
4915,wraithbait.com,blogher.com,1,15.033864,8.0,8.0
4916,wcco.com,gainesville.com,1,15.033864,8.0,8.0
4917,wattpad.com,townhall.com,1,15.033864,8.0,8.0
4918,wattpad.com,sermoncentral.com,1,15.033864,8.0,8.0
4919,wattpad.com,readingeagle.com,1,15.033864,8.0,8.0
4920,usnews.com,seekingalpha.com,1,15.033864,8.0,8.0
4921,usatoday.com,thepoliticalcarnival.blogspot.com,1,15.033864,8.0,8.0
4922,uncyclopedia.wikia.com,theglobeandmail.com,1,15.033864,8.0,8.0
4923,uk.news.yahoo.com,app.com,1,15.033864,8.0,8.0
4924,truthout.org,infowars.com,1,15.033864,8.0,8.0
4925,truthout.org,indybay.org,1,15.033864,8.0,8.0
4926,truthout.org,globalresearch.ca,1,15.033864,8.0,8.0
4927,truthout.org,dprogram.net,1,15.033864,8.0,8.0
4928,truthout.org,afterdowningstreet.org,1,15.033864,8.0,8.0
4929,timesofindia.indiatimes.com,stltoday.com,1,15.033864,8.0,8.0
4930,thesouthern.com,bulletin.aarp.org,1,15.033864,8.0,8.0
4931,theragblog.blogspot.com,voxverax.blogspot.com,1,15.033864,8.0,8.0
4932,thenewstribune.com,area52hkh.net,1,15.033864,8.0,8.0
4933,theindychannel.com,news-press.com,1,15.033864,8.0,8.0
4934,thebostonchannel.com,detnews.com,1,15.033864,8.0,8.0
4935,theage.com.au,feedproxy.google.com,1,15.033864,8.0,8.0
4936,tfponline.com,articleslide.com,1,15.033864,8.0,8.0
4937,techchuck.com,online.wsj.com,1,15.033864,8.0,8.0
4938,startribune.com,quizilla.com,1,15.033864,8.0,8.0
4939,star-telegram.com,bellinghamherald.com,1,15.033864,8.0,8.0
4940,sports.espn.go.com,wsoctv.com,1,15.033864,8.0,8.0
4941,sports.espn.go.com,irishtimes.com,1,15.033864,8.0,8.0
4942,sltrib.com,sott.net,1,15.033864,8.0,8.0
4943,sltrib.com,lewrockwell.com,1,15.033864,8.0,8.0
4944,siouxcityjournal.com,goupstate.com,1,15.033864,8.0,8.0
4945,sg.answers.yahoo.com,theleafchronicle.com,1,15.033864,8.0,8.0
4946,sg.answers.yahoo.com,ph.answers.yahoo.com,1,15.033864,8.0,8.0
4947,sg.answers.yahoo.com,in.answers.yahoo.com,1,15.033864,8.0,8.0
4948,sg.answers.yahoo.com,ca.answers.yahoo.com,1,15.033864,8.0,8.0
4949,sfgate.com,thesouthern.com,1,15.033864,8.0,8.0
4950,saukvalley.com,blog.beliefnet.com,1,15.033864,8.0,8.0
4951,rightwingnews.com,forum.dvdtalk.com,1,15.033864,8.0,8.0
4952,reflector.com,wjz.com,1,15.033864,8.0,8.0
4953,reason.com,dissidentvoice.org,1,15.033864,8.0,8.0
4954,reason.com,alternet.org,2,15.033864,17.0,12.5
4955,prospect.org,docudharma.com,2,15.033864,9.0,8.5
4956,pr-inside.com,luxlibertas.com,1,15.033864,8.0,8.0
4957,popmatters.com,youtube.com,1,15.033864,8.0,8.0
4958,politicalforum.com,reason.com,1,15.033864,8.0,8.0
4959,pheedo.com,storage.itworld.com,1,15.033864,8.0,8.0
4960,pheedo.com,smallbusiness.itworld.com,1,15.033864,8.0,8.0
4961,pheedo.com,security.itworld.com,1,15.033864,8.0,8.0
4962,pheedo.com,open.itworld.com,1,15.033864,8.0,8.0
4963,pantagraph.com,sltrib.com,1,15.033864,8.0,8.0
4964,pajamasmedia.com,redstate.com,1,15.033864,8.0,8.0
4965,olympics.thestar.com,seattletimes.nwsource.com,1,15.033864,8.0,8.0
4966,nytimes.com,articleslide.com,1,15.033864,8.0,8.0
4967,news-record.com,heraldtribune.com,1,15.033864,8.0,8.0
4968,newonlinearticles.com,pheedcontent.com,1,15.033864,8.0,8.0
4969,nationalpost.com,news.brisbanetimes.com.au,1,15.033864,8.0,8.0
4970,mtv.com,wsbradio.com,1,15.033864,8.0,8.0
4971,msnbc.msn.com,injesus.com,1,15.033864,8.0,8.0
4972,media.sacbee.com,news.com.au,1,15.033864,8.0,8.0
4973,mcclatchydc.com,uspolitics.tribe.net,1,15.033864,8.0,8.0
4974,mashget.com,sfgate.com,1,15.033864,8.0,8.0
4975,lonelyplanet.com,blogs.abcnews.com,1,15.033864,8.0,8.0
4976,kcbs.com,washtimes.com,1,15.033864,8.0,8.0
4977,kcbs.com,washingtontimes.com,1,15.033864,8.0,8.0
4978,kansascity.com,sanluisobispo.com,1,15.033864,8.0,8.0
4979,kansascity.com,postcrescent.com,1,15.033864,8.0,8.0
4980,kansascity.com,mcclatchydc.com,1,15.033864,8.0,8.0
4981,journalgazette.net,fanfiction.net,1,15.033864,8.0,8.0
4982,injesus.com,sg.answers.yahoo.com,1,15.033864,8.0,8.0
4983,injesus.com,semissourian.com,1,15.033864,8.0,8.0
4984,informador.com.mx,sdpnoticias.com,1,15.033864,8.0,8.0
4985,informador.com.mx,feeds.aol.com,1,15.033864,8.0,8.0
4986,iht.com,articleslide.com,1,15.033864,8.0,8.0
4987,huliq.com,washingtonpost.com,1,15.033864,8.0,8.0
4988,huliq.com,californiachronicle.com,1,15.033864,8.0,8.0
4989,huffingtonpost.com,guardian.co.uk,1,15.033864,8.0,8.0
4990,hotair.com,mcall.com,1,15.033864,8.0,8.0
4991,gulflive.com,feeds.cbsnews.com,1,15.033864,8.0,8.0
4992,gulflive.com,cbsnews.com,1,15.033864,8.0,8.0
4993,guardian.co.uk,wwww.examiner.com,1,15.033864,8.0,8.0
4994,goupstate.com,popwatch.ew.com,1,15.033864,8.0,8.0
4995,gatesofvienna.blogspot.com,megite.com,1,15.033864,8.0,8.0
4996,freep.com,theage.com.au,1,15.033864,8.0,8.0
4997,freep.com,smh.com.au,1,15.033864,8.0,8.0
4998,forums.slickdeals.net,daytondailynews.com,1,15.033864,8.0,8.0
4999,feeds.gothamistllc.com,politicalforum.com,1,15.033864,8.0,8.0
