cascade_id,observation_level,early_event_count,early_size,early_comm_count,early_duration,early_growth_rate,early_max_out_degree,early_mean_out_degree,early_max_betweenness,early_mean_betweenness,early_max_pagerank,early_mean_pagerank,target_final_size
1,0.1,81,124,13,1.0,124.0,0.0980187695516162,0.010107975377577403,0.0464749058416465,0.004406897951466016,0.0052421649220672,0.0012553273269672856,605
1,0.2,161,215,13,1.0,215.0,0.0980187695516162,0.009413875888158648,0.0570262908498661,0.004504389128702165,0.0052421649220672,0.0013014479209450373,605
1,0.3,241,298,13,1.0,298.0,0.0980187695516162,0.009199319761216546,0.0570262908498661,0.004125666461233857,0.0052421649220672,0.001229221141789279,605
1,0.5,401,416,13,1.666667,249.59995008001,0.0980187695516162,0.008582658217694668,0.0570262908498661,0.0038587910176272056,0.0056186378747126,0.0012699053646417278,605
2,0.1,87,128,13,1.0,128.0,0.0980187695516162,0.013132168925964496,0.0464749058416465,0.0058055451133012135,0.0056186378747126,0.0013385858786550226,611
2,0.2,173,218,13,1.0,218.0,0.0980187695516162,0.010776707388238849,0.0464749058416465,0.004656285019730405,0.0056186378747126,0.0013328706062616686,611
2,0.3,259,299,13,1.0,299.0,0.0980187695516162,0.009681210569817314,0.0464749058416465,0.004160957588185966,0.0056186378747126,0.0012862473466424505,611
2,0.5,431,430,13,1.5,286.6666666666667,0.0980187695516162,0.008693648907534449,0.0570262908498661,0.0038541562649350033,0.0056186378747126,0.0012783025788750601,611
3,0.1,81,112,13,1.0,112.0,0.0980187695516162,0.012848204975420783,0.0464749058416465,0.005391893961983243,0.0056186378747126,0.0013436567284758787,612
3,0.2,162,203,13,1.0,203.0,0.0980187695516162,0.010360751398470244,0.0464749058416465,0.004338571629024716,0.0056186378747126,0.001259371581081104,612
3,0.3,243,289,13,1.0,289.0,0.0980187695516162,0.009092516353900897,0.0464749058416465,0.003806237201411286,0.0056186378747126,0.0012247579148919347,612
3,0.5,404,426,13,1.5,284.0,0.0980187695516162,0.008574561725584608,0.0570262908498661,0.0037572900581912903,0.0056186378747126,0.0012731785074381625,612
4,0.1,85,134,12,1.0,134.0,0.0980187695516162,0.010731016450593704,0.0570262908498661,0.00498382511307615,0.0058095370925524,0.001308223156369662,631
4,0.2,169,228,12,1.0,228.0,0.0980187695516162,0.009393922763112123,0.0570262908498661,0.004111712983780185,0.0058095370925524,0.0012042806288475566,631
4,0.3,253,306,13,1.0,306.0,0.0980187695516162,0.008832730172360874,0.0570262908498661,0.003933983496947402,0.0058095370925524,0.001227459032783595,631
4,0.5,421,441,13,1.5,294.0,0.0980187695516162,0.00833020034569263,0.0570262908498661,0.0037703061960378446,0.0058095370925524,0.0012748094535919262,631
5,0.1,83,117,13,1.0,117.0,0.0980187695516162,0.011844603085478954,0.0492079830055308,0.005084889242791638,0.0056186378747126,0.0012816527270124837,620
5,0.2,166,217,13,1.0,217.0,0.0980187695516162,0.010360254297150887,0.0492079830055308,0.004572909565164604,0.0056186378747126,0.0013245017572470624,620
5,0.3,249,290,13,1.0,290.0,0.0980187695516162,0.009172629535076006,0.0492079830055308,0.003925484484932981,0.0056186378747126,0.001243672538219569,620
5,0.5,414,432,13,1.5,288.0,0.0980187695516162,0.00855684934152083,0.0570262908498661,0.003819100875171278,0.0058095370925524,0.001281628770461449,620
6,0.1,81,123,13,1.0,123.0,0.0980187695516162,0.01211458412811444,0.0570262908498661,0.0052841925331648075,0.0034225241115278,0.001386496969466188,604
6,0.2,161,216,13,1.0,216.0,0.0980187695516162,0.010316494805545858,0.0570262908498661,0.004379342814580258,0.0044179097289399,0.001332947663189417,604
6,0.3,242,295,13,1.0,295.0,0.0980187695516162,0.00975945988936211,0.0570262908498661,0.004151809874943094,0.0044179097289399,0.0013074734716399742,604
6,0.5,402,414,13,1.75,236.57142857142858,0.0980187695516162,0.008750056671351454,0.0570262908498661,0.0036829523313067795,0.0056186378747126,0.001253935899567701,604
7,0.1,84,132,13,1.0,132.0,0.0980187695516162,0.012110152621101482,0.0464749058416465,0.005140456243418525,0.0039956275909326,0.0013387717188113144,628
7,0.2,168,232,13,1.0,232.0,0.0980187695516162,0.010324152313832612,0.0570262908498661,0.004463162361135882,0.0056186378747126,0.0012903156619311204,628
7,0.3,252,299,13,1.0,299.0,0.0980187695516162,0.009513812116160533,0.0570262908498661,0.0041624392196600015,0.0056186378747126,0.0012617571524243063,628
7,0.5,420,423,13,1.666667,253.79994924001016,0.0980187695516162,0.008546629295192693,0.0570262908498661,0.0037959652583007403,0.0056186378747126,0.0012736291167110732,628
8,0.1,84,120,13,1.0,120.0,0.0980187695516162,0.01334723670490089,0.0570262908498661,0.005658969403673481,0.0034225241115278,0.0013255922418860936,629
8,0.2,167,217,13,1.0,217.0,0.0980187695516162,0.010658183687885282,0.0570262908498661,0.004916938088235136,0.0056186378747126,0.0013795608243446496,629
8,0.3,250,299,13,1.0,299.0,0.0980187695516162,0.009730035118800542,0.0570262908498661,0.0043561126005266255,0.0056186378747126,0.0013237650635451292,629
8,0.5,416,426,13,1.666667,255.59994888001023,0.0980187695516162,0.008929489344828047,0.0570262908498661,0.003997377985831029,0.0058095370925524,0.0013159140863607279,629
9,0.1,81,125,12,1.0,125.0,0.0980187695516162,0.01184567257559954,0.0570262908498661,0.005415298488641084,0.0045513414488271,0.001311388556536377,626
9,0.2,161,215,13,1.0,215.0,0.0980187695516162,0.010112277808763932,0.0570262908498661,0.004519734684705353,0.0045513414488271,0.0012834146637825067,626
9,0.3,242,304,13,1.0,304.0,0.0980187695516162,0.009436227429888545,0.0570262908498661,0.004255341305333134,0.0052421649220672,0.0012799704987555922,626
9,0.5,403,436,13,1.666667,261.5999476800105,0.0980187695516162,0.008349197845615131,0.0570262908498661,0.00374759549892139,0.0058095370925524,0.0012570419650147183,626
10,0.1,88,128,12,1.0,128.0,0.05422314911366,0.01104666319082373,0.031948254360793,0.004774460373478021,0.0039956275909326,0.001345142914925118,621
10,0.2,176,235,13,1.0,235.0,0.0980187695516162,0.010755884897832363,0.0570262908498661,0.004883532975792864,0.0058095370925524,0.00146052142702827,621
10,0.3,264,308,13,1.0,308.0,0.0980187695516162,0.009845212139268403,0.0570262908498661,0.004406526305652656,0.0058095370925524,0.0013511109878835263,621
10,0.5,439,427,13,1.5,284.6666666666667,0.0980187695516162,0.008681467082465345,0.0570262908498661,0.0038925654818586803,0.0058095370925524,0.0012791510286762162,621
11,0.1,82,133,12,1.0,133.0,0.0980187695516162,0.009698385693117007,0.0464749058416465,0.00376917360864803,0.0044179097289399,0.0012294012383678365,621
11,0.2,164,229,12,1.0,229.0,0.0980187695516162,0.009198082063284586,0.0570262908498661,0.003872793317950298,0.0045513414488271,0.0012232920288322488,621
11,0.3,246,321,13,1.0,321.0,0.0980187695516162,0.008949483333820557,0.0570262908498661,0.0038266922676250593,0.0045513414488271,0.0012613466830962876,621
11,0.5,409,442,13,1.666667,265.1999469600106,0.0980187695516162,0.008493009781116221,0.0570262908498661,0.0037510608714910482,0.0058095370925524,0.0012829461083406616,621
12,0.1,80,112,12,1.0,112.0,0.0980187695516162,0.012540965291225932,0.0570262908498661,0.005761271951119689,0.0056186378747126,0.001376683486533907,618
12,0.2,160,205,12,1.0,205.0,0.0980187695516162,0.010127419313817701,0.0570262908498661,0.004543247612781902,0.0056186378747126,0.001341905468470506,618
12,0.3,240,288,13,1.0,288.0,0.0980187695516162,0.008798227320125085,0.0570262908498661,0.0038449619609705384,0.0056186378747126,0.0012478563106676317,618
12,0.5,400,426,13,1.666667,255.59994888001023,0.0980187695516162,0.00819515633949679,0.0570262908498661,0.0035731065214798085,0.0056186378747126,0.0012602630002438867,618
13,0.1,84,132,13,1.0,132.0,0.0980187695516162,0.011020001895914254,0.0464749058416465,0.004811277228836458,0.0052421649220672,0.0012648721960282522,635
13,0.2,167,227,13,1.0,227.0,0.0980187695516162,0.009830357429958659,0.0464749058416465,0.004430390442325392,0.0058095370925524,0.0013048324106835082,635
13,0.3,250,319,13,1.0,319.0,0.0980187695516162,0.009724732855867974,0.0570262908498661,0.004508938804823329,0.0058095370925524,0.0013616475517219527,635
13,0.5,416,440,13,1.5,293.3333333333333,0.0980187695516162,0.00848421651341355,0.0570262908498661,0.003753516772117558,0.0058095370925524,0.0012535247141971654,635
14,0.1,82,121,13,1.0,121.0,0.0980187695516162,0.011590930635389778,0.0492079830055308,0.005098719731873837,0.0045513414488271,0.0013590397443475895,622
14,0.2,164,218,13,1.0,218.0,0.0980187695516162,0.010590159856884515,0.0570262908498661,0.004734381483628253,0.0045513414488271,0.001293885950653109,622
14,0.3,246,295,13,1.0,295.0,0.0980187695516162,0.009830154999027894,0.0570262908498661,0.004428423219749713,0.0052421649220672,0.001299128706376469,622
14,0.5,410,416,13,1.75,237.71428571428572,0.0980187695516162,0.008805747172535449,0.0570262908498661,0.0039045162713723797,0.0056186378747126,0.0012471384330693146,622
15,0.1,82,132,13,1.0,132.0,0.0761209593326381,0.011146396182892489,0.0570262908498661,0.004621234044667958,0.0037580805554219,0.0012856525221792234,624
15,0.2,164,224,13,1.0,224.0,0.0980187695516162,0.00987822136153727,0.0570262908498661,0.004297163658979255,0.0052421649220672,0.0012897689543613182,624
15,0.3,246,304,13,1.0,304.0,0.0980187695516162,0.009521980132813742,0.0570262908498661,0.004089566401502965,0.0056186378747126,0.0012615298381664847,624
15,0.5,409,428,13,1.5,285.3333333333333,0.0980187695516162,0.008198278970500768,0.0570262908498661,0.003504830220093202,0.0056186378747126,0.0011978719570315838,624
16,0.1,84,137,13,1.0,137.0,0.0980187695516162,0.0119878523096595,0.0570262908498661,0.005539062873271045,0.0045513414488271,0.0013363898950881337,626
16,0.2,168,234,13,1.0,234.0,0.0980187695516162,0.010155699936721791,0.0570262908498661,0.004526472118996076,0.0052421649220672,0.001264016890110201,626
16,0.3,252,318,13,1.0,318.0,0.0980187695516162,0.009355263934522946,0.0570262908498661,0.004170411952451594,0.0052421649220672,0.001262075744257386,626
16,0.5,420,454,13,1.5,302.6666666666667,0.0980187695516162,0.00840174006513756,0.0570262908498661,0.003724815147790257,0.0058095370925524,0.00124383280883057,626
17,0.1,83,120,13,1.0,120.0,0.0980187695516162,0.01154848800834198,0.0464749058416465,0.004777599133838021,0.0040871733233292,0.0012897412497652183,641
17,0.2,165,212,13,1.0,212.0,0.0980187695516162,0.0098618844315029,0.0570262908498661,0.004451468738860116,0.0056186378747126,0.0013364611326924661,641
17,0.3,247,309,13,1.0,309.0,0.0980187695516162,0.008750350115242708,0.0570262908498661,0.003952089441842703,0.0056186378747126,0.0012673660265430395,641
17,0.5,411,437,13,1.666667,262.1999475600105,0.0980187695516162,0.008237031805155498,0.0570262908498661,0.0036146938656096447,0.0056186378747126,0.001249320757027955,641
18,0.1,86,122,13,1.0,122.0,0.0980187695516162,0.011983110822407179,0.0570262908498661,0.006019253542799059,0.0056186378747126,0.0014095037744595305,639
18,0.2,171,223,13,1.0,223.0,0.0980187695516162,0.010670681810742653,0.0570262908498661,0.0050907928767540645,0.0056186378747126,0.0013399108831283518,639
18,0.3,256,296,13,1.0,296.0,0.0980187695516162,0.00959614463264094,0.0570262908498661,0.00449504056730736,0.0058095370925524,0.0012910480387091023,639
18,0.5,426,439,13,1.666667,263.39994732001054,0.0980187695516162,0.008581927358842336,0.0570262908498661,0.0038531217772879594,0.0058095370925524,0.0012453831405210595,639
19,0.1,83,130,12,1.0,130.0,0.0761209593326381,0.011245688617951343,0.0276206490442316,0.00450270550837278,0.0038790328069506,0.0012918084014957676,606
19,0.2,165,218,13,1.0,218.0,0.0980187695516162,0.010437095215773263,0.0464749058416465,0.004219625989580597,0.0039254903849993,0.0012574259433683805,606
19,0.3,247,296,13,1.0,296.0,0.0980187695516162,0.00933545641574834,0.0464749058416465,0.0037632076588541437,0.0058095370925524,0.0012085354565849959,606
19,0.5,411,412,13,1.6,257.5,0.0980187695516162,0.008696356439252007,0.0570262908498661,0.0038292577483583653,0.0058095370925524,0.0012579828417017354,606
20,0.1,82,121,12,1.0,121.0,0.0980187695516162,0.012530269995432523,0.0570262908498661,0.005198695468407831,0.0034176043514391,0.0012221275380629058,636
20,0.2,163,230,13,1.0,230.0,0.0980187695516162,0.011007843315047335,0.0570262908498661,0.004880254088809502,0.0056186378747126,0.0013300225964704689,636
20,0.3,244,308,13,1.0,308.0,0.0980187695516162,0.009642078463767677,0.0570262908498661,0.00419327081926781,0.0056186378747126,0.0012530119610183017,636
20,0.5,407,447,13,1.5,298.0,0.0980187695516162,0.008181061088521974,0.0570262908498661,0.003561297844019236,0.0058095370925524,0.0012269080211934648,636
21,0.1,84,130,13,1.0,130.0,0.0980187695516162,0.011743001524023376,0.0570262908498661,0.005136806378625948,0.0052421649220672,0.0012805785925466269,619
21,0.2,168,228,13,1.0,228.0,0.0980187695516162,0.010583026910341502,0.0570262908498661,0.004768585959408109,0.0056186378747126,0.0013468934240525087,619
21,0.3,252,305,13,1.0,305.0,0.0980187695516162,0.009702729961195871,0.0570262908498661,0.004369828267085711,0.0056186378747126,0.0013236406307835106,619
21,0.5,419,418,13,1.75,238.85714285714286,0.0980187695516162,0.008791055275880434,0.0570262908498661,0.0037980646643461635,0.0056186378747126,0.0012462115478108651,619
22,0.1,82,121,13,1.0,121.0,0.0980187695516162,0.012332060772671209,0.0464749058416465,0.005071443964103692,0.0058095370925524,0.0012609166969111223,615
22,0.2,164,221,13,1.0,221.0,0.0980187695516162,0.010932390923803503,0.0570262908498661,0.0047528076687645944,0.0058095370925524,0.001309529236311567,615
22,0.3,246,293,13,1.0,293.0,0.0980187695516162,0.009655250954670454,0.0570262908498661,0.004186806462905877,0.0058095370925524,0.0012409914578878447,615
22,0.5,409,417,13,1.5,278.0,0.0980187695516162,0.008799633911223428,0.0570262908498661,0.003987584150633635,0.0058095370925524,0.0012715497147499574,615
23,0.1,86,135,13,1.0,135.0,0.0980187695516162,0.01170972849804962,0.0570262908498661,0.005562171783184042,0.0056186378747126,0.0013441684583514045,638
23,0.2,171,239,13,1.0,239.0,0.0980187695516162,0.009991230404753861,0.0570262908498661,0.00457790146868792,0.0056186378747126,0.001321824814653497,638
23,0.3,256,325,13,1.0,325.0,0.0980187695516162,0.009160182882810574,0.0570262908498661,0.004133561225906725,0.0056186378747126,0.0012812619145320565,638
23,0.5,426,454,13,1.333333,340.50008512502126,0.0980187695516162,0.008107748067232249,0.0570262908498661,0.0035391205359385125,0.0056186378747126,0.0012198319686411005,638
24,0.1,87,132,13,1.0,132.0,0.0980187695516162,0.011059500110594955,0.0570262908498661,0.004789021076923127,0.0052421649220672,0.0012440442619139774,634
24,0.2,174,232,13,1.0,232.0,0.0980187695516162,0.009420732803566891,0.0570262908498661,0.004424751968646504,0.0052421649220672,0.001273995434655291,634
24,0.3,261,325,13,1.0,325.0,0.0980187695516162,0.009076762653404949,0.0570262908498661,0.00409183254197136,0.0052421649220672,0.0012667517439274216,634
24,0.5,434,440,13,1.75,251.42857142857142,0.0980187695516162,0.008612190728979006,0.0570262908498661,0.0038627371725446875,0.0056186378747126,0.0012696115388684348,634
25,0.1,79,124,13,1.0,124.0,0.0980187695516162,0.010688216892596409,0.0464749058416465,0.00447428960788308,0.0044179097289399,0.0013192809511002315,588
25,0.2,157,213,13,1.0,213.0,0.0980187695516162,0.010163168793784564,0.0570262908498661,0.004395524697071037,0.0044179097289399,0.0012658420935034373,588
25,0.3,235,291,13,1.0,291.0,0.0980187695516162,0.009223525364694707,0.0570262908498661,0.004055025969823594,0.0044179097289399,0.0012581433163863294,588
25,0.5,391,410,13,1.5,273.3333333333333,0.0980187695516162,0.008542943615046117,0.0570262908498661,0.003752875149645131,0.0056186378747126,0.0012445858615454893,588
26,0.1,85,133,13,1.0,133.0,0.0980187695516162,0.010364806698707096,0.0464749058416465,0.004509016845801667,0.0058095370925524,0.0013695480469219509,623
26,0.2,169,241,13,1.0,241.0,0.0980187695516162,0.009756878491166845,0.0570262908498661,0.004311509938524078,0.0058095370925524,0.0013231307956102503,623
26,0.3,253,323,13,1.0,323.0,0.0980187695516162,0.009271784011337877,0.0570262908498661,0.00418652640258547,0.0058095370925524,0.0013294493866731658,623
26,0.5,421,439,13,1.666667,263.39994732001054,0.0980187695516162,0.008453661630257365,0.0570262908498661,0.0038182464645508743,0.0058095370925524,0.001300039324574884,623
27,0.1,79,118,12,1.0,118.0,0.0980187695516162,0.011169827327194598,0.0464749058416465,0.004735512172522425,0.0040871733233292,0.0011884193220746246,601
27,0.2,158,209,13,1.0,209.0,0.0980187695516162,0.010502367398256714,0.0570262908498661,0.004816774783216901,0.0045513414488271,0.0012678054633977894,601
27,0.3,237,282,13,1.0,282.0,0.0980187695516162,0.009355194166500228,0.0570262908498661,0.004190180195026737,0.0045513414488271,0.0012178565878081537,601
27,0.5,395,413,13,1.5,275.3333333333333,0.0980187695516162,0.008728321218379674,0.0570262908498661,0.003873877998081098,0.0056186378747126,0.0012376654932989483,601
28,0.1,89,131,13,1.0,131.0,0.0980187695516162,0.010889205517834209,0.0464749058416465,0.004764585209621399,0.0056186378747126,0.001367828899563709,616
28,0.2,177,231,13,1.0,231.0,0.0980187695516162,0.00985424030262399,0.0570262908498661,0.004413961112354327,0.0056186378747126,0.0013416450509212991,616
28,0.3,265,313,13,1.0,313.0,0.0980187695516162,0.009251516655728265,0.0570262908498661,0.00402608076886927,0.0056186378747126,0.001290136388551568,616
28,0.5,441,433,13,1.666667,259.7999480400104,0.0980187695516162,0.008683988084200442,0.0570262908498661,0.003763230167060058,0.0058095370925524,0.0012636203125199958,616
29,0.1,82,113,11,1.0,113.0,0.0980187695516162,0.011479509444757122,0.0464749058416465,0.004896945393595082,0.0040871733233292,0.0012824783214509282,608
29,0.2,163,213,12,1.0,213.0,0.0980187695516162,0.010256184307793187,0.0464749058416465,0.004420527815648225,0.0040871733233292,0.0012716065375636076,608
29,0.3,244,297,13,1.0,297.0,0.0980187695516162,0.00905825723343967,0.0464749058416465,0.003750169593004607,0.0044179097289399,0.0012131234936917743,608
29,0.5,407,426,13,1.571429,271.090835157045,0.0980187695516162,0.008758144976917421,0.0570262908498661,0.003874535193674474,0.0058095370925524,0.0012542413262373014,608
30,0.1,85,118,12,1.0,118.0,0.0980187695516162,0.011982821088351166,0.0464749058416465,0.005194275253567054,0.0056186378747126,0.0012603337652417471,622
30,0.2,169,223,13,1.0,223.0,0.0980187695516162,0.00972144937972566,0.0464749058416465,0.004063577707129957,0.0056186378747126,0.0012099043407690102,622
30,0.3,253,305,13,1.0,305.0,0.0980187695516162,0.009193319543923783,0.0570262908498661,0.0040563190042434034,0.0058095370925524,0.001247287439243152,622
30,0.5,421,433,13,1.5,288.6666666666667,0.0980187695516162,0.008419085508143303,0.0570262908498661,0.0037507013295226955,0.0058095370925524,0.0012471892092135262,622
31,0.1,82,123,13,1.0,123.0,0.0980187695516162,0.011783955170104317,0.0464749058416465,0.004763878257004607,0.0039956275909326,0.0012490563645644536,618
31,0.2,164,207,13,1.0,207.0,0.0980187695516162,0.01054339010543386,0.0570262908498661,0.0048345179726483134,0.0058095370925524,0.001299378796628512,618
31,0.3,246,287,13,1.0,287.0,0.0980187695516162,0.009548273644512058,0.0570262908498661,0.004272755845194922,0.0058095370925524,0.0012527923969285187,618
31,0.5,410,410,13,1.5,273.3333333333333,0.0980187695516162,0.008680281797604165,0.0570262908498661,0.003909684165980476,0.0058095370925524,0.0012505413696852117,618
32,0.1,83,128,13,1.0,128.0,0.0980187695516162,0.010403089155370136,0.0464749058416465,0.004312149409892862,0.0058095370925524,0.0012188279782810217,605
32,0.2,166,226,13,1.0,226.0,0.0980187695516162,0.009841556931538155,0.0570262908498661,0.004329674128341978,0.0058095370925524,0.0012368855020361686,605
32,0.3,249,295,13,1.0,295.0,0.0980187695516162,0.009469609939732376,0.0570262908498661,0.0041914602836575264,0.0058095370925524,0.001235659506824755,605
32,0.5,414,425,13,1.75,242.85714285714286,0.0980187695516162,0.008795927129976034,0.0570262908498661,0.003891490130572717,0.0058095370925524,0.001266731218561175,605
33,0.1,84,123,13,1.0,123.0,0.0980187695516162,0.011453326212094194,0.0464749058416465,0.004653476882377836,0.0038790328069506,0.001293912873369486,640
33,0.2,168,232,13,1.0,232.0,0.0980187695516162,0.009757829635755593,0.0570262908498661,0.004313977120795182,0.0058095370925524,0.0013425085110505516,640
33,0.3,252,306,13,1.0,306.0,0.0980187695516162,0.009197352907099537,0.0570262908498661,0.0040714370594957415,0.0058095370925524,0.0013142469240359593,640
33,0.5,419,448,13,1.5,298.6666666666667,0.0980187695516162,0.008481677342469789,0.0570262908498661,0.0037833365903878974,0.0058095370925524,0.0012805546247311149,640
34,0.1,79,126,13,1.0,126.0,0.0980187695516162,0.011751659301190022,0.0570262908498661,0.005056283045135127,0.0039956275909326,0.0012634691481602557,615
34,0.2,157,229,13,1.0,229.0,0.0980187695516162,0.009872000947129199,0.0570262908498661,0.004139833099264723,0.0039956275909326,0.0012294477813193387,615
34,0.3,236,303,13,1.0,303.0,0.0980187695516162,0.009078488662213412,0.0570262908498661,0.0038477362427829986,0.0052421649220672,0.001218818214905075,615
34,0.5,393,422,13,1.5,281.3333333333333,0.0980187695516162,0.008334610005485528,0.0570262908498661,0.003675588782173861,0.0058095370925524,0.0012362278714966872,615
35,0.1,82,116,12,1.0,116.0,0.0980187695516162,0.0126658516414368,0.0464749058416465,0.00524625141659584,0.0056186378747126,0.0012887154564538968,614
35,0.2,163,214,13,1.0,214.0,0.0980187695516162,0.010359311198386126,0.0570262908498661,0.004368858764195847,0.0056186378747126,0.0012826114618504955,614
35,0.3,245,292,13,1.0,292.0,0.0980187695516162,0.00933835187909776,0.0570262908498661,0.003979810187153589,0.0056186378747126,0.0012295512413056148,614
35,0.5,408,426,13,1.666667,255.59994888001023,0.0980187695516162,0.008743458316810795,0.0570262908498661,0.0037737647236545904,0.0056186378747126,0.0012659195529618906,614
36,0.1,83,132,12,1.0,132.0,0.0980187695516162,0.010601320820298875,0.0464749058416465,0.00416761106286214,0.0038790328069506,0.0011789244597375642,625
36,0.2,166,232,12,1.0,232.0,0.0980187695516162,0.00946118442342953,0.0492079830055308,0.0038834875689672897,0.0048729601732022,0.0012346369455784108,625
36,0.3,249,311,12,1.0,311.0,0.0980187695516162,0.00892542808190467,0.0570262908498661,0.0038173783197225576,0.0048729601732022,0.0011875886764905706,625
36,0.5,414,415,12,1.666667,248.99995020000998,0.0980187695516162,0.008555598829101552,0.0570262908498661,0.003811184398904009,0.0056186378747126,0.0012662748466668763,625
37,0.1,85,131,12,1.0,131.0,0.0980187695516162,0.011454361652166253,0.0464749058416465,0.005045166683742885,0.0052421649220672,0.0013503254553691884,650
37,0.2,170,230,12,1.0,230.0,0.0980187695516162,0.009779208414562224,0.0464749058416465,0.0043154503957689916,0.0052421649220672,0.001290655809195061,650
37,0.3,255,308,13,1.0,308.0,0.0980187695516162,0.009019135192232125,0.0570262908498661,0.003979990904850048,0.0052421649220672,0.0012340608353788828,650
37,0.5,425,433,13,1.5,288.6666666666667,0.0980187695516162,0.00848651525477603,0.0570262908498661,0.0038011523952953146,0.0056186378747126,0.0012676630538404024,650
38,0.1,84,130,12,1.0,130.0,0.0980187695516162,0.011349963904708384,0.0464749058416465,0.0043038105970803694,0.0039956275909326,0.0011959147418570315,624
38,0.2,168,231,13,1.0,231.0,0.0980187695516162,0.009569853156922978,0.0464749058416465,0.0038662754801322163,0.0058095370925524,0.0011865885725466105,624
38,0.3,252,310,13,1.0,310.0,0.0980187695516162,0.008786033839012365,0.0464749058416465,0.0035360609842635445,0.0058095370925524,0.0011669636207707421,624
38,0.5,420,434,13,1.75,248.0,0.0980187695516162,0.008430921226507982,0.0570262908498661,0.0036277018508418532,0.0058095370925524,0.00123692516907619,624
39,0.1,78,114,13,1.0,114.0,0.0980187695516162,0.011534310228125018,0.0570262908498661,0.005046466568705274,0.0040871733233292,0.001262113299067716,598
39,0.2,156,212,13,1.0,212.0,0.0980187695516162,0.010161921813209475,0.0570262908498661,0.004436608151553349,0.0040871733233292,0.001263038964278733,598
39,0.3,234,280,13,1.0,280.0,0.0980187695516162,0.009533740503500627,0.0570262908498661,0.004176848106256426,0.0058095370925524,0.0012685658285667772,598
39,0.5,390,402,13,1.75,229.71428571428572,0.0980187695516162,0.008627353327211656,0.0570262908498661,0.0037308444992036837,0.0058095370925524,0.001247432595871292,598
40,0.1,84,127,12,1.0,127.0,0.0761209593326381,0.011404596323269765,0.031948254360793,0.004627509726486327,0.0039956275909326,0.001220511438789577,624
40,0.2,167,227,12,1.0,227.0,0.0980187695516162,0.010216221927209373,0.0464749058416465,0.004247060013704299,0.0058095370925524,0.001259043603578366,624
40,0.3,250,301,12,1.0,301.0,0.0980187695516162,0.009499097551089648,0.0570262908498661,0.004185437120805322,0.0058095370925524,0.0013015814207871376,624
40,0.5,416,449,13,1.5,299.3333333333333,0.0980187695516162,0.008578906665489947,0.0570262908498661,0.0037228960922967252,0.0058095370925524,0.0012635107748560786,624
41,0.1,85,116,13,1.0,116.0,0.0980187695516162,0.012827658120887377,0.0570262908498661,0.0057674535717596575,0.0056186378747126,0.0013459442316330309,658
41,0.2,170,215,13,1.0,215.0,0.0980187695516162,0.010519678929117012,0.0570262908498661,0.004629795922360923,0.0056186378747126,0.0012893798346397356,658
41,0.3,255,303,13,1.0,303.0,0.0980187695516162,0.009150758662936114,0.0570262908498661,0.003955259782721604,0.0056186378747126,0.001225739026254374,658
41,0.5,425,439,13,1.5,292.6666666666667,0.0980187695516162,0.008619932019163805,0.0570262908498661,0.003873588873445111,0.0058095370925524,0.001290572497261187,658
42,0.1,87,128,12,1.0,128.0,0.0980187695516162,0.01138066996871737,0.0464749058416465,0.004576767752956708,0.0056186378747126,0.0011562023124927383,652
42,0.2,173,237,13,1.0,237.0,0.0980187695516162,0.010299934442963133,0.0570262908498661,0.004488216145932882,0.0056186378747126,0.0012435238129035247,652
42,0.3,259,327,13,1.0,327.0,0.0980187695516162,0.009148801153086916,0.0570262908498661,0.00398460416296375,0.0058095370925524,0.0012117951616099636,652
42,0.5,432,448,13,1.5,298.6666666666667,0.0980187695516162,0.00820702368538652,0.0570262908498661,0.0035588983024217066,0.0058095370925524,0.0012351357754495005,652
43,0.1,80,122,13,1.0,122.0,0.0980187695516162,0.0111027538932289,0.0492079830055308,0.004910724966170478,0.0058095370925524,0.0013554441008037411,626
43,0.2,160,219,13,1.0,219.0,0.0980187695516162,0.00994662438518049,0.0570262908498661,0.004709550959053908,0.0058095370925524,0.0013821785792258346,626
43,0.3,240,307,13,1.0,307.0,0.0980187695516162,0.00939496557556897,0.0570262908498661,0.004408542606830889,0.0058095370925524,0.0013240801195336291,626
43,0.5,399,423,13,1.75,241.71428571428572,0.0980187695516162,0.008452954096687552,0.0570262908498661,0.0038810965194485086,0.0058095370925524,0.001305306462323545,626
44,0.1,80,128,12,1.0,128.0,0.0980187695516162,0.011796141814389946,0.0570262908498661,0.005721939593780558,0.0052421649220672,0.0013806131559972023,614
44,0.2,159,221,13,1.0,221.0,0.0980187695516162,0.010823869132155906,0.0570262908498661,0.0049180759359926255,0.0056186378747126,0.0013611855438458555,614
44,0.3,238,289,13,1.0,289.0,0.0980187695516162,0.009796103928905139,0.0570262908498661,0.004430700417234788,0.0056186378747126,0.0013032543007956872,614
44,0.5,396,403,13,1.666667,241.79995164000968,0.0980187695516162,0.008665457452836735,0.0570262908498661,0.0038195867350233163,0.0056186378747126,0.001255100951487132,614
45,0.1,85,129,12,1.0,129.0,0.0980187695516162,0.013006119100160815,0.0570262908498661,0.006214000258645181,0.0056186378747126,0.0014671837719261985,629
45,0.2,170,222,12,1.0,222.0,0.0980187695516162,0.010648291670189434,0.0570262908498661,0.004858399552041595,0.0056186378747126,0.001351997476441003,629
45,0.3,255,302,12,1.0,302.0,0.0980187695516162,0.009892340945659408,0.0570262908498661,0.0045080963074220545,0.0056186378747126,0.0013273583152089003,629
45,0.5,424,440,13,1.5,293.3333333333333,0.0980187695516162,0.008569532657123851,0.0570262908498661,0.003866317014293442,0.0058095370925524,0.0012712215140001275,629
46,0.1,84,137,13,1.0,137.0,0.0980187695516162,0.012041131653257984,0.0570262908498661,0.0056308689456153315,0.0052421649220672,0.0014531198240251716,612
46,0.2,167,230,13,1.0,230.0,0.0980187695516162,0.010527270254340982,0.0570262908498661,0.0047805501765979756,0.0052421649220672,0.0013431989709482498,612
46,0.3,251,308,13,1.0,308.0,0.0980187695516162,0.00958790948363415,0.0570262908498661,0.0042574860036469035,0.0052421649220672,0.0013133635292418432,612
46,0.5,418,433,13,1.333333,324.75008118752027,0.0980187695516162,0.008563577822356288,0.0570262908498661,0.003716232425437517,0.0058095370925524,0.0012469461549415638,612
47,0.1,84,122,12,1.0,122.0,0.0980187695516162,0.011854903502623934,0.0464749058416465,0.005049586048660559,0.0039254903849993,0.001231100525707457,637
47,0.2,168,220,12,1.0,220.0,0.0980187695516162,0.009645464025026024,0.0464749058416465,0.00425346214660959,0.0040871733233292,0.001266567183389448,637
47,0.3,252,301,12,1.0,301.0,0.0980187695516162,0.009003703331612689,0.0464749058416465,0.003869049705558647,0.0040871733233292,0.001249218530926465,637
47,0.5,419,443,13,1.5,295.3333333333333,0.0980187695516162,0.008346730628452752,0.0570262908498661,0.0036505737918514536,0.0056186378747126,0.0012300752912969527,637
48,0.1,83,126,13,1.0,126.0,0.0980187695516162,0.011246834500223398,0.0492079830055308,0.005129073994060764,0.0052421649220672,0.0013368129038559577,614
48,0.2,165,219,13,1.0,219.0,0.0980187695516162,0.010446574390179986,0.0570262908498661,0.004940724634051959,0.0052421649220672,0.001307156599358027,614
48,0.3,247,293,13,1.0,293.0,0.0980187695516162,0.00991860833419335,0.0570262908498661,0.004544129979377821,0.0052421649220672,0.0012759449269041279,614
48,0.5,412,420,13,1.5,280.0,0.0980187695516162,0.008855951139579873,0.0570262908498661,0.0039053812809621592,0.0056186378747126,0.0012333372066541271,614
49,0.1,83,125,13,1.0,125.0,0.0980187695516162,0.013739311783107359,0.0570262908498661,0.0061459876290051434,0.0056186378747126,0.0013927207817099583,605
49,0.2,166,216,13,1.0,216.0,0.0980187695516162,0.01086683659676356,0.0570262908498661,0.005042327938268151,0.0056186378747126,0.0013851011504421927,605
49,0.3,249,300,13,1.0,300.0,0.0980187695516162,0.009562043795620392,0.0570262908498661,0.004238911745197463,0.0056186378747126,0.0012828206309133247,605
49,0.5,414,428,13,1.5,285.3333333333333,0.0980187695516162,0.008627074542211954,0.0570262908498661,0.003920226112693367,0.0056186378747126,0.0012868312702108613,605
50,0.1,82,135,13,1.0,135.0,0.0980187695516162,0.009817325145792253,0.0570262908498661,0.00446757372342614,0.0056186378747126,0.0012683180537474148,625
50,0.2,164,240,13,1.0,240.0,0.0980187695516162,0.010062565172054179,0.0570262908498661,0.004657699766525436,0.0056186378747126,0.001333844531011015,625
50,0.3,246,321,13,1.0,321.0,0.0980187695516162,0.008998210103333189,0.0570262908498661,0.004074543800326126,0.0056186378747126,0.0012839291799276325,625
50,0.5,410,439,13,1.875,234.13333333333333,0.0980187695516162,0.008522545077090033,0.0570262908498661,0.0038219794344375425,0.0058095370925524,0.0012742143431909126,625
51,0.1,85,124,13,1.0,124.0,0.0980187695516162,0.012134616031484361,0.0570262908498661,0.005494388051812455,0.0039956275909326,0.0012694099751250824,623
51,0.2,169,229,13,1.0,229.0,0.0980187695516162,0.010295477002518044,0.0570262908498661,0.004425002864592924,0.0056186378747126,0.0012564044680572714,623
51,0.3,253,311,13,1.0,311.0,0.0980187695516162,0.009250659683687075,0.0570262908498661,0.003986590332909209,0.0056186378747126,0.0012308763755192946,623
51,0.5,421,433,13,1.333333,324.75008118752027,0.0980187695516162,0.008447983970985899,0.0570262908498661,0.003647282892114631,0.0056186378747126,0.0012323453343264905,623
52,0.1,82,122,13,1.0,122.0,0.0980187695516162,0.011598488863057444,0.0492079830055308,0.005118741459430767,0.0045513414488271,0.001313735059556173,604
52,0.2,163,216,13,1.0,216.0,0.0980187695516162,0.009172363186961683,0.0570262908498661,0.004061426346330654,0.0045513414488271,0.001231728314567176,604
52,0.3,244,301,13,1.0,301.0,0.0980187695516162,0.008660738102744025,0.0570262908498661,0.00376316164896536,0.0045513414488271,0.0012101981771548004,604
52,0.5,407,424,13,1.5,282.6666666666667,0.0980187695516162,0.008388750073779639,0.0570262908498661,0.0036772238787220485,0.0058095370925524,0.0012390143565751434,604
53,0.1,82,123,12,1.0,123.0,0.0980187695516162,0.012504556745254584,0.0464749058416465,0.005606565652473927,0.0058095370925524,0.0014338846366657178,602
53,0.2,164,228,12,1.0,228.0,0.0980187695516162,0.011305636353657821,0.0570262908498661,0.005206776195114566,0.0058095370925524,0.0014240464855036494,602
53,0.3,246,314,13,1.0,314.0,0.0980187695516162,0.009959286145998636,0.0570262908498661,0.004518895053015069,0.0058095370925524,0.001350364358397017,602
53,0.5,410,430,13,1.666667,257.99994840001034,0.0980187695516162,0.008996774741130491,0.0570262908498661,0.0040453065247790425,0.0058095370925524,0.0013181941005858313,602
54,0.1,87,121,13,1.0,121.0,0.0980187695516162,0.012021820250088286,0.0464749058416465,0.00530947337530382,0.0058095370925524,0.0013061662239777538,652
54,0.2,174,221,13,1.0,221.0,0.0980187695516162,0.010191611737339469,0.0570262908498661,0.00474163380144315,0.0058095370925524,0.0012942450267777834,652
54,0.3,261,305,13,1.0,305.0,0.0980187695516162,0.009258277919280624,0.0570262908498661,0.004271842602679982,0.0058095370925524,0.001258101277375075,652
54,0.5,435,443,13,1.666667,265.79994684001065,0.0980187695516162,0.0083184845011145,0.0570262908498661,0.0037402830007038186,0.0058095370925524,0.001217990102251821,652
55,0.1,83,126,12,1.0,126.0,0.0980187695516162,0.01142062664481847,0.0464749058416465,0.004687957726507357,0.0052421649220672,0.0013233378245820215,619
55,0.2,165,211,12,1.0,211.0,0.0980187695516162,0.010496716069760617,0.0464749058416465,0.004489042777490848,0.0052421649220672,0.0013064454467184615,619
55,0.3,247,293,12,1.0,293.0,0.0980187695516162,0.009523572264909005,0.0464749058416465,0.003929467916330065,0.0052421649220672,0.0012196522709421323,619
55,0.5,411,418,13,1.5,278.6666666666667,0.0980187695516162,0.00862391546217896,0.0570262908498661,0.0037765004415605905,0.0056186378747126,0.0012189286284575514,619
56,0.1,83,134,12,1.0,134.0,0.0980187695516162,0.011213484195290448,0.0570262908498661,0.005174760579255905,0.0052421649220672,0.0013740956693692782,627
56,0.2,165,232,13,1.0,232.0,0.0980187695516162,0.010310668440545062,0.0570262908498661,0.004646813174177571,0.0052421649220672,0.0013423586658394219,627
56,0.3,247,320,13,1.0,320.0,0.0980187695516162,0.009322862356621437,0.0570262908498661,0.004163277764778086,0.0052421649220672,0.001274796222371318,627
56,0.5,411,437,13,1.5,291.3333333333333,0.0980187695516162,0.00859495613040849,0.0570262908498661,0.0038724132527844283,0.0058095370925524,0.001273916571514365,627
57,0.1,86,132,13,1.0,132.0,0.0980187695516162,0.010767213321957804,0.0570262908498661,0.004684642356084378,0.0058095370925524,0.00136048613826421,629
57,0.2,171,232,13,1.0,232.0,0.0980187695516162,0.009816259753334966,0.0570262908498661,0.004536765693871684,0.0058095370925524,0.0013764626457042606,629
57,0.3,257,319,13,1.0,319.0,0.0980187695516162,0.009286711275133077,0.0570262908498661,0.0042264033838581815,0.0058095370925524,0.0013368637502586302,629
57,0.5,427,447,13,1.571429,284.4544678760542,0.0980187695516162,0.008414339134958303,0.0570262908498661,0.0037440777303655625,0.0058095370925524,0.0012604973615298225,629
58,0.1,83,128,13,1.0,128.0,0.0980187695516162,0.01032977059436909,0.0464749058416465,0.003987298743598559,0.0044179097289399,0.0012283108681471141,621
58,0.2,166,219,13,1.0,219.0,0.0980187695516162,0.010413244389846685,0.0570262908498661,0.004579647319038658,0.0045513414488271,0.0013123774666234853,621
58,0.3,249,302,13,1.0,302.0,0.0980187695516162,0.010006284139797896,0.0570262908498661,0.004453573769374605,0.0056186378747126,0.0013335681577519225,621
58,0.5,415,426,13,1.5,284.0,0.0980187695516162,0.008971101548463485,0.0570262908498661,0.0040368882241377056,0.0058095370925524,0.001310004878895427,621
59,0.1,83,129,12,1.0,129.0,0.0980187695516162,0.012230116966154942,0.0464749058416465,0.005063087243434718,0.0058095370925524,0.001409096019539672,613
59,0.2,165,232,13,1.0,232.0,0.0980187695516162,0.010261227571824055,0.0570262908498661,0.004622697819123075,0.0058095370925524,0.0013577660660205005,613
59,0.3,247,318,13,1.0,318.0,0.0980187695516162,0.009358543031590779,0.0570262908498661,0.00417004229295702,0.0058095370925524,0.0012868773583046707,613
59,0.5,412,436,13,1.5,290.6666666666667,0.0980187695516162,0.00845682142139648,0.0570262908498661,0.0036923018365565686,0.0058095370925524,0.0012419164177674778,613
60,0.1,80,120,12,1.0,120.0,0.0980187695516162,0.013573166492874478,0.0464749058416465,0.005928826461730165,0.0056186378747126,0.001348349446912571,597
60,0.2,160,208,13,1.0,208.0,0.0980187695516162,0.010708269832357379,0.0464749058416465,0.0046619180854949385,0.0056186378747126,0.001323982651919365,597
60,0.3,240,291,13,1.0,291.0,0.0980187695516162,0.009488692760571711,0.0464749058416465,0.004034068235893108,0.0056186378747126,0.0012682846167317633,597
60,0.5,400,409,13,1.5,272.6666666666667,0.0980187695516162,0.008867223651368663,0.0570262908498661,0.003940675404591167,0.0056186378747126,0.0012804825800826999,597
61,0.1,86,127,13,1.0,127.0,0.0980187695516162,0.011535966763278635,0.0492079830055308,0.004795924175731891,0.0045513414488271,0.0012129733239367663,633
61,0.2,172,225,13,1.0,225.0,0.0980187695516162,0.01110879388251647,0.0570262908498661,0.0049635989350726205,0.0045513414488271,0.0013059469877490617,633
61,0.3,257,303,13,1.0,303.0,0.0980187695516162,0.0098562515271339,0.0570262908498661,0.004375550124526144,0.0056186378747126,0.0012712100477263134,633
61,0.5,428,446,13,1.666667,267.5999464800107,0.0980187695516162,0.008811963134243869,0.0570262908498661,0.00388270843212088,0.0058095370925524,0.0012646989486773384,633
62,0.1,83,122,12,1.0,122.0,0.0980187695516162,0.012692524658541128,0.0570262908498661,0.005842018897328066,0.0045513414488271,0.0013395531083041023,631
62,0.2,165,220,13,1.0,220.0,0.0980187695516162,0.010839890036970284,0.0570262908498661,0.004936755320647723,0.0052421649220672,0.0012870183768165606,631
62,0.3,248,300,13,1.0,300.0,0.0980187695516162,0.009593326381647505,0.0570262908498661,0.004399537194392791,0.0056186378747126,0.0012679064600291325,631
62,0.5,413,430,13,1.5,286.6666666666667,0.0980187695516162,0.008647573780827852,0.0570262908498661,0.003858049421020674,0.0056186378747126,0.0012861226462969717,631
63,0.1,83,122,12,1.0,122.0,0.0980187695516162,0.012701071813193346,0.0570262908498661,0.005900760811052672,0.0045513414488271,0.0012949512995064068,603
63,0.2,166,221,13,1.0,221.0,0.0980187695516162,0.010328443561590793,0.0570262908498661,0.0046322675954449345,0.0045513414488271,0.001207600367447329,603
63,0.3,249,310,13,1.0,310.0,0.0980187695516162,0.009499142251673406,0.0570262908498661,0.004344941144430193,0.0056186378747126,0.0012533369363957442,603
63,0.5,414,425,13,1.5,283.3333333333333,0.0980187695516162,0.00860455130957488,0.0570262908498661,0.003921853252586656,0.0058095370925524,0.0012739713669534503,603
64,0.1,83,122,13,1.0,122.0,0.0980187695516162,0.011641224636318523,0.0464749058416465,0.004907086526778897,0.0058095370925524,0.0014132010948772213,617
64,0.2,165,215,13,1.0,215.0,0.0980187695516162,0.009942527341950145,0.0570262908498661,0.004202154301075244,0.0058095370925524,0.0013016273325391662,617
64,0.3,247,292,13,1.0,292.0,0.0980187695516162,0.009527618666704712,0.0570262908498661,0.004198317956335687,0.0058095370925524,0.0012807233714660921,617
64,0.5,411,409,13,1.5,272.6666666666667,0.0980187695516162,0.00855618245370708,0.0570262908498661,0.00380953401571838,0.0058095370925524,0.001259515824803042,617
65,0.1,85,125,13,1.0,125.0,0.0980187695516162,0.011278415015641252,0.0464749058416465,0.004363549325868177,0.0039254903849993,0.0012130466671650287,641
65,0.2,170,228,13,1.0,228.0,0.0980187695516162,0.009535700565281774,0.0464749058416465,0.0038201365056959105,0.0058095370925524,0.0012414970455826783,641
65,0.3,254,312,13,1.0,312.0,0.0980187695516162,0.009007112109301846,0.0570262908498661,0.003953412876744346,0.0058095370925524,0.001262853568850748,641
65,0.5,423,444,13,1.5,296.0,0.0980187695516162,0.008356114195530208,0.0570262908498661,0.0037607975028198203,0.0058095370925524,0.0012693654414904435,641
66,0.1,87,131,13,1.0,131.0,0.0980187695516162,0.012107077187591991,0.0570262908498661,0.005562944000068306,0.0058095370925524,0.0014169565978325719,643
66,0.2,173,225,13,1.0,225.0,0.0980187695516162,0.01030703278878457,0.0570262908498661,0.004704094750246601,0.0058095370925524,0.0013575625771384502,643
66,0.3,260,313,13,1.0,313.0,0.0980187695516162,0.009261511092158652,0.0570262908498661,0.0043335724999873995,0.0058095370925524,0.0013076705020771144,643
66,0.5,432,463,13,1.5,308.6666666666667,0.0980187695516162,0.008141580164723378,0.0570262908498661,0.00365689002032807,0.0058095370925524,0.0012519275194649642,643
67,0.1,80,124,13,1.0,124.0,0.0980187695516162,0.01254667160012105,0.0464749058416465,0.005306815795568731,0.0056186378747126,0.0012948492543263669,627
67,0.2,160,220,13,1.0,220.0,0.0980187695516162,0.00998198881410556,0.0464749058416465,0.004090816162155605,0.0056186378747126,0.001199800971387423,627
67,0.3,239,297,13,1.0,297.0,0.0980187695516162,0.009651608191754132,0.0570262908498661,0.004301110221203848,0.0056186378747126,0.0012699188896746105,627
67,0.5,398,415,13,1.666667,248.99995020000998,0.0980187695516162,0.008739022827493455,0.0570262908498661,0.003927319829091888,0.0056186378747126,0.0012808719742867089,627
68,0.1,85,129,13,1.0,129.0,0.0980187695516162,0.010710446120393454,0.0464749058416465,0.0044831493680749235,0.0040871733233292,0.0012187592957758108,629
68,0.2,170,232,13,1.0,232.0,0.0980187695516162,0.009609507029592564,0.0570262908498661,0.004358000428467914,0.0045513414488271,0.001235293010034886,629
68,0.3,255,312,13,1.0,312.0,0.0980187695516162,0.009030507205689644,0.0570262908498661,0.00402342018763344,0.0058095370925524,0.00122418643315454,629
68,0.5,424,426,13,1.5,284.0,0.0980187695516162,0.00842524734783392,0.0570262908498661,0.0036574684942026633,0.0058095370925524,0.0011969129288945757,629
69,0.1,84,138,13,1.0,138.0,0.0980187695516162,0.011545843345272052,0.0570262908498661,0.005456897346945945,0.0056186378747126,0.0013394844819269232,631
69,0.2,168,221,13,1.0,221.0,0.0980187695516162,0.010620980565162572,0.0570262908498661,0.004956316558470793,0.0056186378747126,0.0013240890391883434,631
69,0.3,251,308,13,1.0,308.0,0.0980187695516162,0.009540511626017316,0.0570262908498661,0.004320666157678635,0.0056186378747126,0.0012729714946548925,631
69,0.5,418,426,13,1.555556,273.85706461226727,0.0980187695516162,0.008545188405371357,0.0570262908498661,0.003773527956509127,0.0058095370925524,0.0012366574900516748,631
70,0.1,85,133,12,1.0,133.0,0.0980187695516162,0.010686256830815262,0.0464749058416465,0.004628667010930834,0.0058095370925524,0.0014153825788105689,617
70,0.2,170,232,13,1.0,232.0,0.0980187695516162,0.010153356585523672,0.0570262908498661,0.004541537436811841,0.0058095370925524,0.0013383960820268085,617
70,0.3,255,314,13,1.0,314.0,0.0980187695516162,0.00911910628773333,0.0570262908498661,0.004177972714010117,0.0058095370925524,0.0013002392462641275,617
70,0.5,425,432,13,1.571429,274.90901593390475,0.0980187695516162,0.00879098598076696,0.0570262908498661,0.003942874001863057,0.0058095370925524,0.0012981495918172978,617
71,0.1,80,125,13,1.0,125.0,0.0980187695516162,0.013722627737226227,0.0570262908498661,0.006324447063144681,0.0052421649220672,0.0014163087588919903,607
71,0.2,160,215,13,1.0,215.0,0.0980187695516162,0.01126173096976012,0.0570262908498661,0.00499255400038264,0.0052421649220672,0.0013285998391943297,607
71,0.3,240,286,13,1.0,286.0,0.0980187695516162,0.010237937245236469,0.0570262908498661,0.004633934201473116,0.0056186378747126,0.0013067694196408867,607
71,0.5,400,413,13,1.5,275.3333333333333,0.0980187695516162,0.00865257645802347,0.0570262908498661,0.0037606137160544496,0.0056186378747126,0.0012255625515428907,607
72,0.1,79,130,13,1.0,130.0,0.0980187695516162,0.01202374268067694,0.0464749058416465,0.005435437186309402,0.0058095370925524,0.0014152778303935145,612
72,0.2,158,228,13,1.0,228.0,0.0980187695516162,0.010624188207745596,0.0464749058416465,0.004736351964142301,0.0058095370925524,0.0013862858724860928,612
72,0.3,237,290,13,1.0,290.0,0.0980187695516162,0.009791089856531543,0.0464749058416465,0.004242539234139412,0.0058095370925524,0.0013004132803519943,612
72,0.5,394,427,13,1.5,284.6666666666667,0.0980187695516162,0.008679025038278998,0.0570262908498661,0.003955657108242648,0.0058095370925524,0.0012861950158462717,612
73,0.1,83,127,12,1.0,127.0,0.0980187695516162,0.013095990738383936,0.0464749058416465,0.005982260034642448,0.0056186378747126,0.001483638864371892,618
73,0.2,166,211,13,1.0,211.0,0.0980187695516162,0.010699336295212681,0.0464749058416465,0.004690467676709642,0.0056186378747126,0.0013411026246238655,618
73,0.3,249,291,13,1.0,291.0,0.0980187695516162,0.009259358796569977,0.0464749058416465,0.003880707876838797,0.0056186378747126,0.001249349404298792,618
73,0.5,414,419,13,1.666667,251.39994972001008,0.0980187695516162,0.008498809171247849,0.0570262908498661,0.0038263439672886635,0.0058095370925524,0.0012764047219723249,618
74,0.1,82,110,11,1.0,110.0,0.0980187695516162,0.013290359275760695,0.0570262908498661,0.005804428374253224,0.0039956275909326,0.0012874507586125362,617
74,0.2,164,213,12,1.0,213.0,0.0980187695516162,0.010765321858156192,0.0570262908498661,0.0047579742894646275,0.0058095370925524,0.0012926019162307213,617
74,0.3,246,280,13,1.0,280.0,0.0980187695516162,0.009440637568896126,0.0570262908498661,0.004057910236757365,0.0058095370925524,0.0012146114279715878,617
74,0.5,410,409,13,1.5,272.6666666666667,0.0980187695516162,0.00889526834951848,0.0570262908498661,0.003957832954375788,0.0058095370925524,0.0012563471920719975,617
75,0.1,86,128,13,1.0,128.0,0.0980187695516162,0.012741136600625605,0.0492079830055308,0.005857122856394146,0.0056186378747126,0.0014258539732335115,637
75,0.2,172,216,13,1.0,216.0,0.0980187695516162,0.010446838913992151,0.0570262908498661,0.004730374183082568,0.0056186378747126,0.001309088056411639,637
75,0.3,257,300,13,1.0,300.0,0.0980187695516162,0.009767118526242565,0.0570262908498661,0.004386863480455158,0.0056186378747126,0.0012687483920136922,637
75,0.5,428,434,13,1.5,289.3333333333333,0.0980187695516162,0.008454947790276883,0.0570262908498661,0.0037293842145740704,0.0056186378747126,0.0012447682600868193,637
76,0.1,88,138,13,1.0,138.0,0.0980187695516162,0.011749860210666256,0.0570262908498661,0.005228133315064018,0.0040871733233292,0.0012411267118372885,637
76,0.2,176,235,13,1.0,235.0,0.0980187695516162,0.010352095489539146,0.0570262908498661,0.004325153676659731,0.0040871733233292,0.0012209853207632492,637
76,0.3,263,308,13,1.0,308.0,0.0980187695516162,0.009039448559782195,0.0570262908498661,0.0038438270284257042,0.0052421649220672,0.0011958971882483165,637
76,0.5,438,435,13,1.5,290.0,0.0980187695516162,0.008346817206620834,0.0570262908498661,0.003647645599804505,0.0058095370925524,0.0012451690217911144,637
77,0.1,85,128,13,1.0,128.0,0.0980187695516162,0.01078597497393113,0.0464749058416465,0.004491744580670419,0.0058095370925524,0.001245436619133133,641
77,0.2,169,219,13,1.0,219.0,0.0980187695516162,0.00995614724241857,0.0570262908498661,0.004611639125953013,0.0058095370925524,0.0013080348851875563,641
77,0.3,253,299,13,1.0,299.0,0.0980187695516162,0.00921040241890761,0.0570262908498661,0.004288031773603143,0.0058095370925524,0.001269020545586124,641
77,0.5,421,430,13,1.666667,257.99994840001034,0.0980187695516162,0.008487523340689142,0.0570262908498661,0.003832706401319304,0.0058095370925524,0.0012609083777936929,641
78,0.1,89,126,13,1.0,126.0,0.0980187695516162,0.011437178277637046,0.0464749058416465,0.004786449963676308,0.0039956275909326,0.001206116837091964,629
78,0.2,177,227,13,1.0,227.0,0.0980187695516162,0.010551556549820117,0.0570262908498661,0.004786290457279661,0.0052421649220672,0.0013291545044444818,629
78,0.3,265,304,13,1.0,304.0,0.0980187695516162,0.009419076889303504,0.0570262908498661,0.004291443078446491,0.0056186378747126,0.0013010431520134723,629
78,0.5,441,434,13,1.5,289.3333333333333,0.0980187695516162,0.008639952331297437,0.0570262908498661,0.00386827452383761,0.0056186378747126,0.001298679492798464,629
79,0.1,81,124,13,1.0,124.0,0.0980187695516162,0.01121800262370072,0.0464749058416465,0.0047695043034209714,0.0058095370925524,0.0013263997785346127,610
79,0.2,161,214,13,1.0,214.0,0.0980187695516162,0.010802724800951102,0.0570262908498661,0.0046882170076695566,0.0058095370925524,0.0013165681410643496,610
79,0.3,241,295,13,1.0,295.0,0.0980187695516162,0.009685230024213029,0.0570262908498661,0.0042760872300694076,0.0058095370925524,0.0013201730143520116,610
79,0.5,401,421,13,1.5,280.6666666666667,0.0980187695516162,0.008901790513178022,0.0570262908498661,0.0038736728801463992,0.0058095370925524,0.0012720204363200324,610
80,0.1,81,125,13,1.0,125.0,0.0980187695516162,0.012754953076120916,0.0570262908498661,0.005529014843142805,0.0045513414488271,0.0013165375142843016,599
80,0.2,161,216,13,1.0,216.0,0.0980187695516162,0.010987525586065687,0.0570262908498661,0.004948722300024539,0.0056186378747126,0.0013162705924901494,599
80,0.3,242,300,13,1.0,300.0,0.0980187695516162,0.009513381995133775,0.0570262908498661,0.004330337755522406,0.0056186378747126,0.0012990179224783205,599
80,0.5,402,424,13,1.5,282.6666666666667,0.0980187695516162,0.00865927558187573,0.0570262908498661,0.0038596124224285497,0.0056186378747126,0.0012715049668023206,599
81,0.1,84,122,13,1.0,122.0,0.0980187695516162,0.012666883194584476,0.0464749058416465,0.005324849006646478,0.0039956275909326,0.0012474688328803418,623
81,0.2,167,226,13,1.0,226.0,0.0980187695516162,0.009518580379635821,0.0464749058416465,0.003993655719929747,0.0048729601732022,0.0011650310099366103,623
81,0.3,250,299,13,1.0,299.0,0.0980187695516162,0.008798881220334683,0.0570262908498661,0.0037528441649728344,0.0048729601732022,0.001158356253163975,623
81,0.5,417,440,13,1.5,293.3333333333333,0.0980187695516162,0.00822115840364011,0.0570262908498661,0.003625732948463522,0.0056186378747126,0.0012294575097543815,623
82,0.1,83,124,13,1.0,124.0,0.0980187695516162,0.010713444784553754,0.0464749058416465,0.0043297784741775204,0.0044179097289399,0.0013210013366527745,620
82,0.2,166,215,13,1.0,215.0,0.0980187695516162,0.010689429395930795,0.0492079830055308,0.004786537954885641,0.0058095370925524,0.001382570433511448,620
82,0.3,249,298,13,1.0,298.0,0.0980187695516162,0.00938827497882997,0.0570262908498661,0.004318923045189303,0.0058095370925524,0.0012794717519921319,620
82,0.5,415,434,13,1.5,289.3333333333333,0.0980187695516162,0.008435726539261763,0.0570262908498661,0.003731494145331024,0.0058095370925524,0.001229643080811949,620
83,0.1,80,116,13,1.0,116.0,0.0980187695516162,0.012629894646003335,0.0464749058416465,0.005475726345574815,0.0052421649220672,0.0013153761972354045,611
83,0.2,159,210,13,1.0,210.0,0.0980187695516162,0.010358011817865784,0.0464749058416465,0.0045434188029597955,0.0058095370925524,0.0013195131129190023,611
83,0.3,239,289,13,1.0,289.0,0.0980187695516162,0.009164679182106459,0.0464749058416465,0.003967835993547744,0.0058095370925524,0.0012811743183531025,611
83,0.5,397,412,13,1.5,274.6666666666667,0.0980187695516162,0.00861030401814183,0.0570262908498661,0.003935773017312632,0.0058095370925524,0.0012850456470578934,611
84,0.1,85,124,13,1.0,124.0,0.0980187695516162,0.01194961149046381,0.0570262908498661,0.005217975101627507,0.0040871733233292,0.0012515364140469345,625
84,0.2,170,224,13,1.0,224.0,0.0980187695516162,0.010031841203634694,0.0570262908498661,0.004419095868389594,0.0045513414488271,0.0012810510461389786,625
84,0.3,255,307,13,1.0,307.0,0.0980187695516162,0.009371189451552703,0.0570262908498661,0.004179140115841916,0.0056186378747126,0.0012807050845619358,625
84,0.5,424,431,13,1.5,287.3333333333333,0.0980187695516162,0.008632348564944586,0.0570262908498661,0.003836350363520845,0.0056186378747126,0.0012826540005773453,625
85,0.1,86,133,13,1.0,133.0,0.0980187695516162,0.011721169451261058,0.0570262908498661,0.005013002957277397,0.0040328017800694,0.001311438763103471,640
85,0.2,171,237,13,1.0,237.0,0.0980187695516162,0.01042312887457482,0.0570262908498661,0.004646644582345444,0.0056186378747126,0.0013270986508121811,640
85,0.3,257,314,13,1.0,314.0,0.0980187695516162,0.009726825315648552,0.0570262908498661,0.004468497693766459,0.0058095370925524,0.0013412843368352059,640
85,0.5,427,445,13,1.5,296.6666666666667,0.0980187695516162,0.008520111070754835,0.0570262908498661,0.0037991806199839362,0.0058095370925524,0.0012661652464962597,640
86,0.1,86,145,13,1.0,145.0,0.0980187695516162,0.011110711588939582,0.0464749058416465,0.00477968453683997,0.0040871733233292,0.0014383552466533083,635
86,0.2,172,232,13,1.0,232.0,0.0980187695516162,0.010665743770450499,0.0570262908498661,0.0047494266897428455,0.0056186378747126,0.0014005038462833832,635
86,0.3,258,319,13,1.0,319.0,0.0980187695516162,0.00967243177160112,0.0570262908498661,0.004255874471356482,0.0056186378747126,0.001307994336787201,635
86,0.5,430,428,13,1.75,244.57142857142858,0.0980187695516162,0.008692855681054013,0.0570262908498661,0.0038117821143354245,0.0058095370925524,0.0012791211759473065,635
87,0.1,82,124,12,1.0,124.0,0.0980187695516162,0.011159137542466908,0.0570262908498661,0.004544579795710769,0.0048729601732022,0.001251261048645053,619
87,0.2,164,216,13,1.0,216.0,0.0980187695516162,0.0102054609353879,0.0570262908498661,0.004196793130363559,0.0048729601732022,0.0012771913983255815,619
87,0.3,245,297,13,1.0,297.0,0.0980187695516162,0.00927593628323551,0.0570262908498661,0.003850237534307659,0.0048729601732022,0.0012136744479038497,619
87,0.5,408,418,13,1.666667,250.79994984001004,0.0980187695516162,0.00846176489664768,0.0570262908498661,0.003500933145017635,0.0048729601732022,0.001201932227989,619
88,0.1,83,120,12,1.0,120.0,0.0980187695516162,0.012226277372262732,0.0464749058416465,0.005315210227914959,0.0056186378747126,0.0013096511280414568,608
88,0.2,165,220,12,1.0,220.0,0.0980187695516162,0.010546023319745905,0.0464749058416465,0.004557969837150685,0.0058095370925524,0.0012968791826119081,608
88,0.3,247,305,13,1.0,305.0,0.0980187695516162,0.009405288979298746,0.0464749058416465,0.004001543144571345,0.0058095370925524,0.0012323199180301876,608
88,0.5,412,426,13,1.5,284.0,0.0980187695516162,0.008880533811139298,0.0570262908498661,0.003964367296045007,0.0058095370925524,0.0012851406231831272,608
89,0.1,89,131,13,1.0,131.0,0.0980187695516162,0.010276289710178342,0.0570262908498661,0.004096831627184802,0.0039254903849993,0.0011509218564218061,646
89,0.2,177,245,13,1.0,245.0,0.0980187695516162,0.009818901491774978,0.0570262908498661,0.0041209181188049055,0.0052421649220672,0.0012617184684256201,646
89,0.3,265,335,13,1.0,335.0,0.0980187695516162,0.008752898697337046,0.0570262908498661,0.0037372565105313915,0.0052421649220672,0.0012402470147027751,646
89,0.5,441,456,13,1.75,260.57142857142856,0.0980187695516162,0.00824369317454215,0.0570262908498661,0.003612904871019829,0.0056186378747126,0.001274732468090742,646
90,0.1,85,128,13,1.0,128.0,0.0980187695516162,0.0119835114702815,0.0492079830055308,0.005706412242178397,0.0058095370925524,0.0015019543274929202,635
90,0.2,170,239,13,1.0,239.0,0.0980187695516162,0.010353357969642324,0.0570262908498661,0.004973018033723718,0.0058095370925524,0.0014236301391728854,635
90,0.3,255,318,13,1.0,318.0,0.0980187695516162,0.009614312602881626,0.0570262908498661,0.004470357637990164,0.0058095370925524,0.001352272252960943,635
90,0.5,424,443,13,1.5,295.3333333333333,0.0980187695516162,0.00858446886688302,0.0570262908498661,0.003862875446648121,0.0058095370925524,0.0012682224767112855,635
91,0.1,86,129,13,1.0,129.0,0.0656934306569343,0.01028202827557771,0.0570262908498661,0.004334659664946516,0.0039956275909326,0.0012209153977746567,630
91,0.2,172,222,13,1.0,222.0,0.0980187695516162,0.009619630057586218,0.0570262908498661,0.004200780357859432,0.0045513414488271,0.0012118578583184127,630
91,0.3,258,314,13,1.0,314.0,0.0980187695516162,0.009537535782363483,0.0570262908498661,0.004201673810849715,0.0052421649220672,0.0012584521184695135,630
91,0.5,429,443,13,1.5,295.3333333333333,0.0980187695516162,0.008572699647158748,0.0570262908498661,0.0037930209800816866,0.0058095370925524,0.0012523647527623053,630
92,0.1,84,130,13,1.0,130.0,0.0761209593326381,0.010018448704580043,0.031948254360793,0.00390937488874006,0.0058095370925524,0.001146350189098236,640
92,0.2,167,226,13,1.0,226.0,0.0980187695516162,0.008877241226572621,0.0570262908498661,0.0038238281522000642,0.0058095370925524,0.001176516287222552,640
92,0.3,251,315,13,1.0,315.0,0.0980187695516162,0.008825330618865505,0.0570262908498661,0.003816083245262842,0.0058095370925524,0.001190914011003705,640
92,0.5,417,451,13,1.5,300.6666666666667,0.0980187695516162,0.008399825205949427,0.0570262908498661,0.0036340289602963057,0.0058095370925524,0.001227439156758501,640
93,0.1,88,127,13,1.0,127.0,0.0656934306569343,0.011560598720780302,0.0570262908498661,0.005276812067012399,0.0056186378747126,0.0013337244353935982,639
93,0.2,176,228,13,1.0,228.0,0.0980187695516162,0.010560159522894783,0.0570262908498661,0.004783956378091035,0.0056186378747126,0.001337846115171376,639
93,0.3,264,310,13,1.0,310.0,0.0980187695516162,0.009364593494567548,0.0570262908498661,0.004133834027769964,0.0056186378747126,0.0012741517505495204,639
93,0.5,440,455,13,1.5,303.3333333333333,0.0980187695516162,0.008447444109592132,0.0570262908498661,0.003815222186801517,0.0058095370925524,0.0012959302418417713,639
94,0.1,87,125,13,1.0,125.0,0.0980187695516162,0.01171220020855053,0.0570262908498661,0.00540172112986336,0.0045513414488271,0.0012905403617218816,632
94,0.2,174,219,13,1.0,219.0,0.0980187695516162,0.010803681536608201,0.0570262908498661,0.005023239600555091,0.0058095370925524,0.0013615027784803682,632
94,0.3,261,306,13,1.0,306.0,0.0980187695516162,0.00971191396266531,0.0570262908498661,0.00451777456455358,0.0058095370925524,0.0013270867138952948,632
94,0.5,435,447,13,1.5,298.0,0.0980187695516162,0.008561304304213188,0.0570262908498661,0.00381172878241486,0.0058095370925524,0.0012594311598954707,632
95,0.1,87,126,13,1.0,126.0,0.0980187695516162,0.011892348180147923,0.0464749058416465,0.004895606248254676,0.0039956275909326,0.0012115379412605532,625
95,0.2,174,215,13,1.0,215.0,0.0980187695516162,0.009898877221912317,0.0570262908498661,0.0044014289858067815,0.0039956275909326,0.0012359651014786218,625
95,0.3,261,304,13,1.0,304.0,0.0980187695516162,0.009206410186049022,0.0570262908498661,0.0041142806227547415,0.0058095370925524,0.0012731509965246855,625
95,0.5,435,442,13,1.5,294.6666666666667,0.0980187695516162,0.008424593868990563,0.0570262908498661,0.0037161599091460316,0.0058095370925524,0.0012601893841941462,625
96,0.1,82,124,13,1.0,124.0,0.0980187695516162,0.012622355275993095,0.0570262908498661,0.005546059514841228,0.0038221510689287,0.0013633132991948379,618
96,0.2,164,224,13,1.0,224.0,0.0980187695516162,0.010958215402949457,0.0570262908498661,0.004982004434484086,0.0056186378747126,0.0014241086968556865,618
96,0.3,245,296,13,1.0,296.0,0.0980187695516162,0.009571484936448394,0.0570262908498661,0.004243743396826957,0.0056186378747126,0.001318979750976384,618
96,0.5,408,433,13,1.6,270.625,0.0980187695516162,0.008582843464251352,0.0570262908498661,0.0037542112717786438,0.0058095370925524,0.0012560561759211001,618
97,0.1,84,123,13,1.0,123.0,0.0980187695516162,0.012012852141034402,0.0464749058416465,0.0050688952605183225,0.0056186378747126,0.00135815576191662,618
97,0.2,168,222,13,1.0,222.0,0.0980187695516162,0.010465105355616261,0.0570262908498661,0.004850295400654813,0.0056186378747126,0.00134911418056549,618
97,0.3,252,303,13,1.0,303.0,0.0980187695516162,0.009594702953089842,0.0570262908498661,0.004457267862012702,0.0056186378747126,0.0013326735472363879,618
97,0.5,419,421,13,1.5,280.6666666666667,0.0980187695516162,0.008193412080576763,0.0570262908498661,0.0037208315154448946,0.0056186378747126,0.0012504124573989052,618
98,0.1,82,114,13,1.0,114.0,0.0980187695516162,0.01169895541774139,0.0464749058416465,0.004742758451375704,0.0048729601732022,0.0012789952312529762,631
98,0.2,163,211,13,1.0,211.0,0.0980187695516162,0.009429253418598517,0.0464749058416465,0.003958369815688996,0.0048729601732022,0.0012219798162457828,631
98,0.3,245,302,13,1.0,302.0,0.0980187695516162,0.008756361828339353,0.0464749058416465,0.0036481306689573586,0.0056186378747126,0.0011911669008497585,631
98,0.5,407,429,13,1.666667,257.3999485200103,0.0980187695516162,0.00855105964595011,0.0570262908498661,0.003837778687817091,0.0058095370925524,0.0012560393082631743,631
99,0.1,79,123,13,1.0,123.0,0.0980187695516162,0.01070729164017392,0.0464749058416465,0.004308583042544664,0.0048729601732022,0.0013284847806911016,610
99,0.2,158,216,13,1.0,216.0,0.0980187695516162,0.009587533310161003,0.0570262908498661,0.004292650879340523,0.0048729601732022,0.0012924570209105317,610
99,0.3,236,303,13,1.0,303.0,0.0980187695516162,0.008978687232643971,0.0570262908498661,0.004027248605225686,0.0052421649220672,0.0013025089600736885,610
99,0.5,393,420,13,1.5,280.0,0.0980187695516162,0.008493470380853027,0.0570262908498661,0.0038544443510430855,0.0056186378747126,0.0012632799192471796,610
100,0.1,87,140,13,1.0,140.0,0.0980187695516162,0.011589453299567957,0.0464749058416465,0.005345280355971163,0.0056186378747126,0.0013600162309709706,630
100,0.2,173,237,13,1.0,237.0,0.0980187695516162,0.010225137823770322,0.0570262908498661,0.004749692975433376,0.0056186378747126,0.0013965148709822255,630
100,0.3,260,317,13,1.0,317.0,0.0980187695516162,0.009223593188225073,0.0570262908498661,0.004424410449675235,0.0058095370925524,0.001383327477642961,630
100,0.5,432,443,13,1.666667,265.79994684001065,0.0980187695516162,0.008678622624677184,0.0570262908498661,0.003906271359627238,0.0058095370925524,0.0013018930332609456,630
101,0.1,85,136,13,1.0,136.0,0.0980187695516162,0.012060663681530956,0.0570262908498661,0.00564906997388101,0.0058095370925524,0.0013800972163643787,617
101,0.2,169,225,13,1.0,225.0,0.0980187695516162,0.010557293477001461,0.0570262908498661,0.00488722659026569,0.0058095370925524,0.0013485918560428834,617
101,0.3,254,289,13,1.0,289.0,0.0980187695516162,0.009817752777366804,0.0570262908498661,0.004496422133163752,0.0058095370925524,0.001324027013654439,617
101,0.5,423,409,13,1.666667,245.39995092000984,0.0980187695516162,0.008859575097327804,0.0570262908498661,0.003990423449526261,0.0058095370925524,0.0013038457859673048,617
102,0.1,85,127,13,1.0,127.0,0.0980187695516162,0.011601651983283067,0.0570262908498661,0.005380859834074659,0.0058095370925524,0.0012941213869644575,628
102,0.2,170,234,13,1.0,234.0,0.0980187695516162,0.010093313013020999,0.0570262908498661,0.00454110818074251,0.0058095370925524,0.0013489837374126008,628
102,0.3,255,315,13,1.0,315.0,0.0980187695516162,0.009441051359716589,0.0570262908498661,0.004374369922489108,0.0058095370925524,0.001331647623701786,628
102,0.5,425,451,13,1.5,300.6666666666667,0.0980187695516162,0.008446067018258533,0.0570262908498661,0.0038393170980620863,0.0058095370925524,0.0012734140942761902,628
103,0.1,84,123,13,1.0,123.0,0.0980187695516162,0.012114584128114433,0.0492079830055308,0.0058017533055248335,0.0058095370925524,0.0014081365266751026,627
103,0.2,168,216,13,1.0,216.0,0.0980187695516162,0.010620631058587219,0.0570262908498661,0.0051379893555516054,0.0058095370925524,0.0013900720078856318,627
103,0.3,252,300,13,1.0,300.0,0.0980187695516162,0.00950643030934997,0.0570262908498661,0.004343849550144397,0.0058095370925524,0.0013035439507509928,627
103,0.5,419,435,13,1.666667,260.99994780001043,0.0980187695516162,0.008814258147255836,0.0570262908498661,0.003917827853542064,0.0058095370925524,0.0012893290349035413,627
104,0.1,85,133,13,1.0,133.0,0.0980187695516162,0.01084306177330705,0.0464749058416465,0.004472317706159363,0.0039956275909326,0.0011726223554348158,637
104,0.2,169,226,13,1.0,226.0,0.0980187695516162,0.009864626685245462,0.0464749058416465,0.0042361206052791344,0.0058095370925524,0.001221672594546583,637
104,0.3,253,316,13,1.0,316.0,0.0980187695516162,0.009625664919945574,0.0570262908498661,0.0043475227333681895,0.0058095370925524,0.00129238741064109,637
104,0.5,421,443,13,1.5,295.3333333333333,0.0980187695516162,0.008716284127794849,0.0570262908498661,0.00390407421764278,0.0058095370925524,0.0012783754702046298,637
105,0.1,86,137,13,1.0,137.0,0.0980187695516162,0.010846152089691922,0.0464749058416465,0.0044789500892196046,0.0040328017800694,0.001259161235355343,656
105,0.2,172,239,13,1.0,239.0,0.0980187695516162,0.010130845851457846,0.0464749058416465,0.004375641661035296,0.0056186378747126,0.001325976733863534,656
105,0.3,258,312,13,1.0,312.0,0.0980187695516162,0.009124087591240828,0.0464749058416465,0.003973063067126471,0.0056186378747126,0.0012641157913184048,656
105,0.5,430,454,13,1.5,302.6666666666667,0.0980187695516162,0.008238666378799454,0.0570262908498661,0.00371941512109867,0.0058095370925524,0.0012628242023450173,656
106,0.1,86,126,13,1.0,126.0,0.0980187695516162,0.012786136352351112,0.0570262908498661,0.005745178455030421,0.0058095370925524,0.001351907449888785,626
106,0.2,172,219,13,1.0,219.0,0.0980187695516162,0.01080844296522724,0.0570262908498661,0.005057397810197277,0.0058095370925524,0.001344229135610657,626
106,0.3,258,300,13,1.0,300.0,0.0980187695516162,0.009283976364268288,0.0570262908498661,0.004286304818263922,0.0058095370925524,0.0012819073161828207,626
106,0.5,429,430,13,1.5,286.6666666666667,0.0980187695516162,0.008552998520745885,0.0570262908498661,0.003916063395349611,0.0058095370925524,0.0012904776888399794,626
107,0.1,83,129,13,1.0,129.0,0.0980187695516162,0.012141200054966774,0.0570262908498661,0.004997464243518496,0.0052421649220672,0.0012673215389954861,644
107,0.2,166,233,13,1.0,233.0,0.0980187695516162,0.01053941203059334,0.0570262908498661,0.004673358214085265,0.0052421649220672,0.0013396974583769418,644
107,0.3,249,310,13,1.0,310.0,0.0980187695516162,0.009408321840626952,0.0570262908498661,0.004186198604308498,0.0056186378747126,0.0012887190704995027,644
107,0.5,414,451,13,1.5,300.6666666666667,0.0980187695516162,0.008432194474565802,0.0570262908498661,0.00377080442156867,0.0058095370925524,0.0012553256960977542,644
108,0.1,84,122,13,1.0,122.0,0.0980187695516162,0.012948939298107613,0.0464749058416465,0.005380199720803853,0.0052421649220672,0.0013213551344573972,637
108,0.2,168,211,13,1.0,211.0,0.0980187695516162,0.011079866962525097,0.0492079830055308,0.004871087113147452,0.0056186378747126,0.001301031272892516,637
108,0.3,252,293,13,1.0,293.0,0.0980187695516162,0.009470189012303015,0.0570262908498661,0.004241105785772035,0.0056186378747126,0.0012395803729172083,637
108,0.5,419,425,13,1.5,283.3333333333333,0.0980187695516162,0.008415629025332714,0.0570262908498661,0.0036904252468959297,0.0056186378747126,0.001231272017817688,637
109,0.1,82,126,13,1.0,126.0,0.0980187695516162,0.011519936441729934,0.0464749058416465,0.004815764539063755,0.0040871733233292,0.0013138759858498433,638
109,0.2,164,221,13,1.0,221.0,0.0980187695516162,0.009799989619654668,0.0570262908498661,0.004547612626626005,0.0045513414488271,0.0013156752021482852,638
109,0.3,245,303,13,1.0,303.0,0.0980187695516162,0.009291857235775674,0.0570262908498661,0.004367389178422407,0.0056186378747126,0.0013313950652230622,638
109,0.5,408,448,13,1.5,298.6666666666667,0.0980187695516162,0.008316419633546806,0.0570262908498661,0.0038132172940058126,0.0058095370925524,0.0012770678109537534,638
110,0.1,83,121,13,1.0,121.0,0.0980187695516162,0.011987349080912408,0.0570262908498661,0.005263993040383866,0.0056186378747126,0.0013129548805540464,602
110,0.2,165,211,13,1.0,211.0,0.0980187695516162,0.0107586397758328,0.0570262908498661,0.0050563551549217415,0.0056186378747126,0.0013599086379567007,602
110,0.3,247,284,13,1.0,284.0,0.0980187695516162,0.00935173082289352,0.0570262908498661,0.004223250228618645,0.0056186378747126,0.0012737451151069732,602
110,0.5,411,412,13,1.5,274.6666666666667,0.0980187695516162,0.008602711157455638,0.0570262908498661,0.003791192910039794,0.0058095370925524,0.001257055433575105,602
111,0.1,81,128,13,1.0,128.0,0.0980187695516162,0.012130148592283587,0.0570262908498661,0.005696146261037617,0.0045513414488271,0.0014128912975704343,597
111,0.2,162,227,13,1.0,227.0,0.0980187695516162,0.010666397174001876,0.0570262908498661,0.005002175921676835,0.0052421649220672,0.0014040271392185587,597
111,0.3,243,304,13,1.0,304.0,0.0980187695516162,0.009988474836726812,0.0570262908498661,0.004530577944470845,0.0052421649220672,0.0013323769154421777,597
111,0.5,404,427,13,1.666667,256.1999487600103,0.0980187695516162,0.008886598794118537,0.0570262908498661,0.004017450720611201,0.0058095370925524,0.0013145545343761055,597
112,0.1,83,125,13,1.0,125.0,0.0980187695516162,0.012087591240875871,0.0464749058416465,0.004929425053767595,0.0039956275909326,0.0012788231608783236,623
112,0.2,166,218,13,1.0,218.0,0.0980187695516162,0.010901072409141746,0.0570262908498661,0.005085996405130502,0.0056186378747126,0.0013528730054478135,623
112,0.3,248,299,13,1.0,299.0,0.0980187695516162,0.009308051516874067,0.0570262908498661,0.004301090625445737,0.0056186378747126,0.0012932139804835974,623
112,0.5,413,431,13,1.6,269.375,0.0980187695516162,0.008598477242100073,0.0570262908498661,0.0038916025327224235,0.0056186378747126,0.0012851027959295393,623
113,0.1,83,126,12,1.0,126.0,0.0980187695516162,0.012479931145207427,0.0464749058416465,0.005424533955567559,0.0056186378747126,0.0014388944686600882,625
113,0.2,165,223,12,1.0,223.0,0.0980187695516162,0.011287916691995071,0.0570262908498661,0.0052892584468709185,0.0056186378747126,0.0013935073424386358,625
113,0.3,247,313,13,1.0,313.0,0.0980187695516162,0.01002775121848833,0.0570262908498661,0.004600582277690186,0.0056186378747126,0.0013594620594712815,625
113,0.5,411,444,13,1.5,296.0,0.0980187695516162,0.00868960722975317,0.0570262908498661,0.003952364224469767,0.0058095370925524,0.00130032396605495,625
114,0.1,85,125,13,1.0,125.0,0.0980187695516162,0.010819603753910279,0.0464749058416465,0.004334523654158396,0.0039956275909326,0.0012328859462595115,621
114,0.2,170,218,13,1.0,218.0,0.0980187695516162,0.009738737790703191,0.0464749058416465,0.0039262017898269224,0.0040871733233292,0.001247958877215221,621
114,0.3,255,288,13,1.0,288.0,0.0980187695516162,0.009319603753910277,0.0570262908498661,0.004005614984200875,0.0056186378747126,0.0012644153683987985,621
114,0.5,425,418,13,1.5,278.6666666666667,0.0980187695516162,0.008681291816136182,0.0570262908498661,0.0037857509448917027,0.0058095370925524,0.001290120015684932,621
115,0.1,87,132,13,1.0,132.0,0.0980187695516162,0.011012102252978126,0.0570262908498661,0.004865950563739824,0.0048729601732022,0.0014110224527965523,631
115,0.2,173,229,13,1.0,229.0,0.0980187695516162,0.010336458556265356,0.0570262908498661,0.004917702608580045,0.0056186378747126,0.0014219219398072496,631
115,0.3,260,315,13,1.0,315.0,0.0980187695516162,0.009599947034774936,0.0570262908498661,0.004374291098924513,0.0056186378747126,0.001339535211033145,631
115,0.5,432,451,13,1.333333,338.2500845625211,0.0980187695516162,0.008621785905033146,0.0570262908498661,0.003855944807573419,0.0058095370925524,0.0012693016529735038,631
116,0.1,81,123,12,1.0,123.0,0.0980187695516162,0.011139652585264077,0.0570262908498661,0.004795521667707712,0.0039956275909326,0.0012388791863937154,618
116,0.2,162,220,12,1.0,220.0,0.0980187695516162,0.009541188738268987,0.0570262908498661,0.004002484845598617,0.0044179097289399,0.0011990348423681386,618
116,0.3,243,310,13,1.0,310.0,0.0980187695516162,0.009125769450704655,0.0570262908498661,0.0040064821167034356,0.0056186378747126,0.0012643095820216936,618
116,0.5,404,436,13,1.4,311.42857142857144,0.0980187695516162,0.008784475418775245,0.0570262908498661,0.00385935742465505,0.0058095370925524,0.0012567345340250744,618
117,0.1,82,131,13,1.0,131.0,0.0980187695516162,0.011406601978842421,0.0570262908498661,0.005477008374161986,0.0058095370925524,0.0013051202342246313,626
117,0.2,163,217,13,1.0,217.0,0.0980187695516162,0.010192068350768567,0.0570262908498661,0.004853229501590617,0.0058095370925524,0.001321474088650971,626
117,0.3,244,300,13,1.0,300.0,0.0980187695516162,0.00944734098018765,0.0570262908498661,0.004337634115769113,0.0058095370925524,0.001286582537451726,626
117,0.5,407,428,13,1.666667,256.7999486400103,0.0980187695516162,0.008339586602087409,0.0570262908498661,0.0037117851811566587,0.0058095370925524,0.0012449842587251333,626
118,0.1,83,124,13,1.0,124.0,0.0980187695516162,0.011369369975444805,0.0464749058416465,0.004591682486909611,0.0052421649220672,0.001349933348691375,617
118,0.2,165,221,13,1.0,221.0,0.0980187695516162,0.01049358541844583,0.0570262908498661,0.004613544589102459,0.0056186378747126,0.0013424327035835527,617
118,0.3,248,299,13,1.0,299.0,0.0980187695516162,0.009576586536281828,0.0570262908498661,0.004140831721613957,0.0056186378747126,0.0012609356177792847,617
118,0.5,412,418,13,1.666667,250.79994984001004,0.0980187695516162,0.00846924876890297,0.0570262908498661,0.0036240845114592028,0.0056186378747126,0.0012277356515092302,617
119,0.1,86,129,13,1.0,129.0,0.0761209593326381,0.010403278609016128,0.0570262908498661,0.004347974452037279,0.0039956275909326,0.0012238429561766836,632
119,0.2,171,229,13,1.0,229.0,0.0980187695516162,0.00989021497101689,0.0570262908498661,0.004368152342435706,0.0058095370925524,0.00129724108922147,632
119,0.3,256,307,13,1.0,307.0,0.0980187695516162,0.009058703250196105,0.0570262908498661,0.004076762556564433,0.0058095370925524,0.0012661344161451309,632
119,0.5,426,426,13,1.4,304.2857142857143,0.0980187695516162,0.008483993988260415,0.0570262908498661,0.0038041681710444548,0.0058095370925524,0.0012531521579325809,632
120,0.1,82,110,12,1.0,110.0,0.0980187695516162,0.01165987297374154,0.0570262908498661,0.005439801077018134,0.0045513414488271,0.0013256720243654473,607
120,0.2,163,208,13,1.0,208.0,0.0980187695516162,0.009810900778054018,0.0570262908498661,0.004400071580217759,0.0048729601732022,0.001271248843295973,607
120,0.3,244,301,13,1.0,301.0,0.0980187695516162,0.009183846684149764,0.0570262908498661,0.004041132081405934,0.0056186378747126,0.0012482277849633165,607
120,0.5,407,416,13,1.666667,249.59995008001,0.0980187695516162,0.00881326702494581,0.0570262908498661,0.003980751372679395,0.0058095370925524,0.0012768563656655968,607
121,0.1,82,120,13,1.0,120.0,0.0980187695516162,0.010914146680569996,0.0464749058416465,0.004351354126557572,0.0040871733233292,0.0012180452599943835,636
121,0.2,164,223,13,1.0,223.0,0.0980187695516162,0.00984770196907275,0.0570262908498661,0.00446484531944075,0.0056186378747126,0.0013001565869334092,636
121,0.3,246,309,13,1.0,309.0,0.0980187695516162,0.009394899622381683,0.0570262908498661,0.004144105649256207,0.0056186378747126,0.0012905684467658333,636
121,0.5,410,438,13,1.5,292.0,0.0980187695516162,0.008434870798634376,0.0570262908498661,0.0036436362854887186,0.0056186378747126,0.0012504565532107735,636
122,0.1,82,125,13,1.0,125.0,0.0980187695516162,0.010936392075078166,0.0570262908498661,0.005089015645649408,0.0058095370925524,0.0013253279200772712,612
122,0.2,164,221,13,1.0,221.0,0.0980187695516162,0.00916301388607095,0.0570262908498661,0.004392588119412659,0.0058095370925524,0.0013349607609435196,612
122,0.3,246,302,13,1.0,302.0,0.0980187695516162,0.00910854988294922,0.0570262908498661,0.004086502608449771,0.0058095370925524,0.0012825999222488122,612
122,0.5,410,421,13,1.5,280.6666666666667,0.0980187695516162,0.008203319471242514,0.0570262908498661,0.003648029087327678,0.0058095370925524,0.0012509197378146094,612
123,0.1,86,136,12,1.0,136.0,0.0980187695516162,0.0115086180457584,0.0570262908498661,0.004867844880327782,0.0039254903849993,0.001253363130770192,618
123,0.2,172,236,13,1.0,236.0,0.0980187695516162,0.010555663561973055,0.0570262908498661,0.004812439092370994,0.0056186378747126,0.0013363182398118722,618
123,0.3,257,314,13,1.0,314.0,0.0980187695516162,0.009949323538983637,0.0570262908498661,0.004529685159325046,0.0058095370925524,0.0013490877113417003,618
123,0.5,428,441,13,1.666667,264.5999470800106,0.0980187695516162,0.008786552507690554,0.0570262908498661,0.00390813439672972,0.0058095370925524,0.0013025428629246873,618
124,0.1,83,130,13,1.0,130.0,0.0980187695516162,0.012063848560198879,0.0464749058416465,0.005005829048206294,0.0039956275909326,0.0012571465816204979,628
124,0.2,165,224,13,1.0,224.0,0.0980187695516162,0.010022530910174243,0.0464749058416465,0.004455651112294379,0.0058095370925524,0.0013490421101440707,628
124,0.3,247,292,13,1.0,292.0,0.0980187695516162,0.009074092590740879,0.0464749058416465,0.004050943796145929,0.0058095370925524,0.0012989986825844618,628
124,0.5,411,430,13,1.5,286.6666666666667,0.0980187695516162,0.00867909886752184,0.0570262908498661,0.0038229491471842253,0.0058095370925524,0.0012640097004384774,628
125,0.1,85,131,13,1.0,131.0,0.0980187695516162,0.011112083993345437,0.0492079830055308,0.00474312239982526,0.0045513414488271,0.0012563208095802863,628
125,0.2,169,229,13,1.0,229.0,0.0980187695516162,0.009430310867852659,0.0570262908498661,0.004267241120205316,0.0045513414488271,0.0012702776567490607,628
125,0.3,253,305,13,1.0,305.0,0.0980187695516162,0.008673652541069032,0.0570262908498661,0.0038749085591677336,0.0045513414488271,0.001218108805685138,628
125,0.5,422,436,13,1.555556,280.2856342041045,0.0980187695516162,0.008401813815997123,0.0570262908498661,0.0038116297809223684,0.0056186378747126,0.0012896312277367384,628
126,0.1,87,126,12,1.0,126.0,0.0980187695516162,0.011213731234586242,0.0570262908498661,0.005150654684655162,0.0058095370925524,0.001267248604883763,628
126,0.2,174,229,13,1.0,229.0,0.0980187695516162,0.009694414214224198,0.0570262908498661,0.004313341758526359,0.0058095370925524,0.001273367996691016,628
126,0.3,261,319,13,1.0,319.0,0.0980187695516162,0.009077506938065664,0.0570262908498661,0.00394636961469466,0.0058095370925524,0.0012667056297209379,628
126,0.5,434,432,13,1.6,270.0,0.0980187695516162,0.008568918240451043,0.0570262908498661,0.0037485401535250046,0.0058095370925524,0.0012786859603301083,628
127,0.1,84,120,12,1.0,120.0,0.0980187695516162,0.011982968369829641,0.0464749058416465,0.00535903457637959,0.0039956275909326,0.001353206930515106,611
127,0.2,168,213,13,1.0,213.0,0.0980187695516162,0.010300244288113065,0.0464749058416465,0.0044481680388083825,0.0058095370925524,0.0013152719151826716,611
127,0.3,252,299,13,1.0,299.0,0.0980187695516162,0.008833755898179847,0.0464749058416465,0.0037411865153817816,0.0058095370925524,0.0011991424794201135,611
127,0.5,419,427,13,1.5,284.6666666666667,0.0980187695516162,0.008449472884762332,0.0570262908498661,0.0037001556896059926,0.0058095370925524,0.0012402799982744273,611
128,0.1,84,122,13,1.0,122.0,0.0980187695516162,0.012624147421323397,0.0464749058416465,0.005175336546753921,0.0056186378747126,0.001346440754266085,620
128,0.2,167,221,13,1.0,221.0,0.0980187695516162,0.009833017991025678,0.0464749058416465,0.003867105664176141,0.0056186378747126,0.0011977165918109784,620
128,0.3,250,302,13,1.0,302.0,0.0980187695516162,0.009277738262124548,0.0570262908498661,0.003863153424677587,0.0056186378747126,0.0011996226070777381,620
128,0.5,416,429,13,1.5,286.0,0.0980187695516162,0.008538906349125283,0.0570262908498661,0.003636080616717879,0.0056186378747126,0.001267235403496227,620
129,0.1,85,129,13,1.0,129.0,0.0980187695516162,0.011947199521465304,0.0464749058416465,0.005357164564811293,0.0052421649220672,0.0014051420047395868,606
129,0.2,169,235,13,1.0,235.0,0.0980187695516162,0.010005990282430677,0.0570262908498661,0.004426843549680712,0.0052421649220672,0.0013244961228770196,606
129,0.3,253,312,13,1.0,312.0,0.0980187695516162,0.008856715061094577,0.0570262908498661,0.0038014444578924446,0.0052421649220672,0.0012143436829602525,606
129,0.5,422,436,13,1.5,290.6666666666667,0.0980187695516162,0.008636194047698723,0.0570262908498661,0.0038035565052544403,0.0058095370925524,0.0012761993401508402,606
130,0.1,86,118,12,1.0,118.0,0.0761209593326381,0.010436365564412044,0.031948254360793,0.00417595057011056,0.0039956275909326,0.0011667850831721524,631
130,0.2,171,226,13,1.0,226.0,0.0980187695516162,0.010482896084601357,0.0464749058416465,0.004441030031106724,0.0056186378747126,0.001244836639710712,631
130,0.3,256,306,13,1.0,306.0,0.0980187695516162,0.009524491061631423,0.0570262908498661,0.004090919831243081,0.0056186378747126,0.0011931768967346947,631
130,0.5,426,442,13,1.4,315.7142857142857,0.0980187695516162,0.008629841605367538,0.0570262908498661,0.0038507097037381146,0.0058095370925524,0.0012598420914398006,631
131,0.1,83,120,12,1.0,120.0,0.0980187695516162,0.01163538408063951,0.0570262908498661,0.004992755381966306,0.0034121486335321,0.001151979654683169,619
131,0.2,166,216,13,1.0,216.0,0.0980187695516162,0.010229598733248324,0.0570262908498661,0.004322212208685472,0.0039956275909326,0.0012242104109798353,619
131,0.3,249,296,13,1.0,296.0,0.0980187695516162,0.009677169348702148,0.0570262908498661,0.0042245854887233425,0.0056186378747126,0.0012734420496308936,619
131,0.5,414,423,13,1.5,282.0,0.0980187695516162,0.008662490724922733,0.0570262908498661,0.003831038820299918,0.0056186378747126,0.001248064409092642,619
132,0.1,82,128,12,1.0,128.0,0.0980187695516162,0.012382690302398292,0.0464749058416465,0.005251920812893298,0.0056186378747126,0.0013098871105059642,630
132,0.2,164,223,13,1.0,223.0,0.0980187695516162,0.010034742842179546,0.0464749058416465,0.004326806878584394,0.0058095370925524,0.001259313261364212,630
132,0.3,245,306,13,1.0,306.0,0.0980187695516162,0.009163276016002466,0.0464749058416465,0.003908800935674648,0.0058095370925524,0.001223331291097681,630
132,0.5,408,434,13,1.5,289.3333333333333,0.0980187695516162,0.00865917358231256,0.0570262908498661,0.003941902389965724,0.0058095370925524,0.0012874578466016045,630
133,0.1,84,134,13,1.0,134.0,0.0980187695516162,0.011392464165097305,0.0570262908498661,0.004980880559942613,0.0058095370925524,0.0012907495727870477,624
133,0.2,168,228,13,1.0,228.0,0.0980187695516162,0.010258310008598096,0.0570262908498661,0.004665163623397686,0.0058095370925524,0.0013373278923175305,624
133,0.3,252,306,13,1.0,306.0,0.0980187695516162,0.009674429382458535,0.0570262908498661,0.004326947259111239,0.0058095370925524,0.0012959896150173454,624
133,0.5,420,435,13,1.5,290.0,0.0980187695516162,0.008751932688504502,0.0570262908498661,0.003918566305344518,0.0058095370925524,0.0012786279969125677,624
134,0.1,82,125,13,1.0,125.0,0.0980187695516162,0.011870698644421222,0.0570262908498661,0.005435823183454733,0.0039956275909326,0.001321911428479967,617
134,0.2,164,231,13,1.0,231.0,0.0980187695516162,0.010206338673491912,0.0570262908498661,0.004465924406353151,0.0039956275909326,0.0012761183509194885,617
134,0.3,245,296,13,1.0,296.0,0.0980187695516162,0.009501028661612558,0.0570262908498661,0.004088996324193969,0.0056186378747126,0.0012407816476081542,617
134,0.5,408,425,13,1.5,283.3333333333333,0.0980187695516162,0.008616818990369824,0.0570262908498661,0.003812630932033053,0.0058095370925524,0.0012497471900370916,617
135,0.1,84,130,13,1.0,130.0,0.0980187695516162,0.012256356781904182,0.0492079830055308,0.005790364994752772,0.0045513414488271,0.0014939814968846776,621
135,0.2,167,220,13,1.0,220.0,0.0980187695516162,0.010493885676367385,0.0570262908498661,0.004755870446679121,0.0045513414488271,0.0013430569053996867,621
135,0.3,251,294,13,1.0,294.0,0.0980187695516162,0.009562114731189614,0.0570262908498661,0.004212634412060145,0.0056186378747126,0.0012815143924093028,621
135,0.5,418,438,13,1.5,292.0,0.0980187695516162,0.008380114369515383,0.0570262908498661,0.0036969747973781145,0.0056186378747126,0.001239974716604426,621
136,0.1,84,129,13,1.0,129.0,0.0761209593326381,0.011462198187711638,0.031948254360793,0.004522612849998505,0.0040871733233292,0.001262365378702124,646
136,0.2,168,226,13,1.0,226.0,0.0980187695516162,0.010990430666162163,0.0570262908498661,0.004823850196115932,0.0058095370925524,0.0013269254735361208,646
136,0.3,251,308,13,1.0,308.0,0.0980187695516162,0.009489728207142136,0.0570262908498661,0.0041226746440495635,0.0058095370925524,0.0012542862856149532,646
136,0.5,418,431,13,1.5,287.3333333333333,0.0980187695516162,0.008443636909096584,0.0570262908498661,0.0036576618336531825,0.0058095370925524,0.0012339756942864565,646
137,0.1,80,124,13,1.0,124.0,0.0980187695516162,0.011915974301187352,0.0464749058416465,0.004721745880249283,0.0052421649220672,0.0012288545049027315,596
137,0.2,159,211,13,1.0,211.0,0.0980187695516162,0.011060099135651728,0.0464749058416465,0.004496387228375237,0.0052421649220672,0.0012391320320750982,596
137,0.3,239,287,13,1.0,287.0,0.0980187695516162,0.00993703516656792,0.0464749058416465,0.004086122945603697,0.0056186378747126,0.001285179190023879,596
137,0.5,397,420,13,1.5,280.0,0.0980187695516162,0.008957743681414127,0.0492079830055308,0.003927124276788005,0.0058095370925524,0.0013184281079970388,596
138,0.1,82,118,13,1.0,118.0,0.0980187695516162,0.01235397041409656,0.0464749058416465,0.005407374084709844,0.0052421649220672,0.0012892836598295855,630
138,0.2,164,208,13,1.0,208.0,0.0980187695516162,0.01048267426004648,0.0464749058416465,0.004493694384482405,0.0056186378747126,0.0012915267355482324,630
138,0.3,246,294,13,1.0,294.0,0.0980187695516162,0.00950891305427276,0.0570262908498661,0.004097434627537197,0.0056186378747126,0.0012276847731027781,630
138,0.5,410,426,13,1.5,284.0,0.0980187695516162,0.008427695124518356,0.0570262908498661,0.00371609704389157,0.0058095370925524,0.001230922187098,630
139,0.1,78,127,13,1.0,127.0,0.0980187695516162,0.011076170223247596,0.0570262908498661,0.005266125592201784,0.0048729601732022,0.0013546832083914321,603
139,0.2,156,216,13,1.0,216.0,0.0980187695516162,0.010297184567257514,0.0570262908498661,0.0046899178638815315,0.0048729601732022,0.0012756149979035961,603
139,0.3,234,292,13,1.0,292.0,0.0980187695516162,0.009581184738668945,0.0570262908498661,0.0044378701470945865,0.0056186378747126,0.0012933928328225962,603
139,0.5,390,428,13,1.5,285.3333333333333,0.0980187695516162,0.008322532232757985,0.0570262908498661,0.0037149384735831,0.0056186378747126,0.0012178663911887684,603
140,0.1,83,122,12,1.0,122.0,0.0980187695516162,0.011564300244448579,0.0570262908498661,0.005316010706051444,0.0052421649220672,0.0012864063672345196,622
140,0.2,165,215,13,1.0,215.0,0.0980187695516162,0.009578776341634898,0.0570262908498661,0.004231589089128185,0.0052421649220672,0.0012104072741647841,622
140,0.3,247,298,13,1.0,298.0,0.0980187695516162,0.009055853762658205,0.0570262908498661,0.003980015207611145,0.0052421649220672,0.001228056649002148,622
140,0.5,411,430,13,1.666667,257.99994840001034,0.0980187695516162,0.008560273540752193,0.0570262908498661,0.003750366340709011,0.0056186378747126,0.001264902592938431,622
141,0.1,84,127,13,1.0,127.0,0.0980187695516162,0.01078058673322765,0.0464749058416465,0.004498112106354589,0.0058095370925524,0.0012853613618347354,627
141,0.2,167,226,13,1.0,226.0,0.0980187695516162,0.009361706054426124,0.0492079830055308,0.004019135682707755,0.0058095370925524,0.0012303485674353236,627
141,0.3,251,314,13,1.0,314.0,0.0980187695516162,0.009175561060818353,0.0570262908498661,0.004224031250528411,0.0058095370925524,0.0012938845644836288,627
141,0.5,417,438,13,1.5,292.0,0.0980187695516162,0.008280124368515487,0.0570262908498661,0.00366773984858688,0.0058095370925524,0.0012457422729151859,627
142,0.1,85,135,13,1.0,135.0,0.0980187695516162,0.010033599814621666,0.0464749058416465,0.003991424055542232,0.0052421649220672,0.0012483436760859423,601
142,0.2,169,228,13,1.0,228.0,0.0980187695516162,0.009622596637579302,0.0570262908498661,0.004499504543840041,0.0052421649220672,0.0013406115214129916,601
142,0.3,253,316,13,1.0,316.0,0.0980187695516162,0.009437573421681293,0.0570262908498661,0.004198824629449491,0.0052421649220672,0.0013037021847524528,601
142,0.5,421,418,13,1.666667,250.79994984001004,0.0980187695516162,0.009003098323113645,0.0570262908498661,0.003927054005617823,0.0056186378747126,0.0012974045231076065,601
143,0.1,82,117,13,1.0,117.0,0.0980187695516162,0.012851706282363174,0.0464749058416465,0.005404971664219083,0.0056186378747126,0.0013981953937692772,613
143,0.2,163,214,13,1.0,214.0,0.0980187695516162,0.01061756307680309,0.0464749058416465,0.004488494994269035,0.0056186378747126,0.0013206689017881633,613
143,0.3,244,295,13,1.0,295.0,0.0980187695516162,0.009222177055902113,0.0464749058416465,0.0038723352333786577,0.0056186378747126,0.0012733424064940778,613
143,0.5,406,428,13,1.666667,256.7999486400103,0.0980187695516162,0.008614892849833798,0.0570262908498661,0.0037736735614966365,0.0058095370925524,0.0012854714322329643,613
144,0.1,86,129,13,1.0,129.0,0.0980187695516162,0.01083169645383187,0.0492079830055308,0.004745148466703974,0.0045513414488271,0.001298377196866758,640
144,0.2,172,227,13,1.0,227.0,0.0980187695516162,0.009789014805253227,0.0570262908498661,0.004516323291779732,0.0056186378747126,0.0012922605842592327,640
144,0.3,258,311,13,1.0,311.0,0.0980187695516162,0.009029368078350595,0.0570262908498661,0.003978416630903505,0.0056186378747126,0.0012259893742163437,640
144,0.5,429,441,13,1.571429,280.6362870991944,0.0980187695516162,0.008353845535433453,0.0570262908498661,0.003656850698400127,0.0056186378747126,0.001235299145315175,640
145,0.1,86,125,13,1.0,125.0,0.0980187695516162,0.012763295099061477,0.0492079830055308,0.005585488973088874,0.0056186378747126,0.0013578429059340922,623
145,0.2,172,224,13,1.0,224.0,0.0980187695516162,0.01019942648592279,0.0492079830055308,0.00444013588748151,0.0058095370925524,0.0013243558449209166,623
145,0.3,257,313,13,1.0,313.0,0.0980187695516162,0.008945020605196396,0.0570262908498661,0.0038782332207786636,0.0058095370925524,0.0012348967869544208,623
145,0.5,428,445,13,1.714286,259.58329006945166,0.0980187695516162,0.008428723740787996,0.0570262908498661,0.003720865055861198,0.0058095370925524,0.0012519098770912406,623
146,0.1,82,109,12,1.0,109.0,0.0980187695516162,0.012216471668691544,0.0570262908498661,0.005129804761616532,0.0032827908000505,0.001139027369256413,615
146,0.2,163,212,12,1.0,212.0,0.0980187695516162,0.009994687862750071,0.0570262908498661,0.004272992668802843,0.0052421649220672,0.0012399039575720756,615
146,0.3,244,284,12,1.0,284.0,0.0980187695516162,0.009722568990585807,0.0570262908498661,0.004260579736201872,0.0056186378747126,0.0012607525317034302,615
146,0.5,406,426,13,1.333333,319.50007987501994,0.0980187695516162,0.008405665134358416,0.0570262908498661,0.003802752059562264,0.0056186378747126,0.0012683415420329117,615
147,0.1,84,128,12,1.0,128.0,0.0980187695516162,0.012113855578727795,0.0464749058416465,0.005049482503287645,0.0058095370925524,0.001325691417441168,635
147,0.2,167,236,13,1.0,236.0,0.0980187695516162,0.010025450239479636,0.0570262908498661,0.00441061795595071,0.0058095370925524,0.0013037975616558136,635
147,0.3,250,318,13,1.0,318.0,0.0980187695516162,0.00946019504069355,0.0570262908498661,0.004142039663385322,0.0058095370925524,0.0012562366335304967,635
147,0.5,416,432,13,1.5,288.0,0.0980187695516162,0.008503746186227894,0.0570262908498661,0.0036636249451460047,0.0058095370925524,0.001235911254328306,635
148,0.1,82,117,13,1.0,117.0,0.0980187695516162,0.01201393902123825,0.0570262908498661,0.004782000414053243,0.0044179097289399,0.0012090832159354914,613
148,0.2,163,218,13,1.0,218.0,0.0980187695516162,0.010288813844696746,0.0570262908498661,0.004396901514178381,0.0052421649220672,0.001294866507537065,613
148,0.3,244,309,13,1.0,309.0,0.0980187695516162,0.009644620373838668,0.0570262908498661,0.004244781236104685,0.0058095370925524,0.0012861614107169987,613
148,0.5,406,427,13,1.333333,320.25008006252,0.0980187695516162,0.008639952331297437,0.0570262908498661,0.003691611501697497,0.0058095370925524,0.0012565849462108849,613
149,0.1,79,126,13,1.0,126.0,0.0980187695516162,0.011668901137097133,0.0464749058416465,0.0049127894895859515,0.0044179097289399,0.0012748107658231112,605
149,0.2,157,217,13,1.0,217.0,0.0980187695516162,0.010437139301211372,0.0464749058416465,0.004624987193470333,0.0052421649220672,0.0013002146607419334,605
149,0.3,236,297,13,1.0,297.0,0.0980187695516162,0.009658630096586254,0.0570262908498661,0.004302182063973573,0.0052421649220672,0.001253065403642637,605
149,0.5,392,425,13,1.6,265.625,0.0980187695516162,0.008692878611298487,0.0570262908498661,0.0038837067563290617,0.0058095370925524,0.0012712381132143318,605
150,0.1,85,139,13,1.0,139.0,0.0980187695516162,0.012257972558345352,0.0570262908498661,0.005464871099554401,0.0052421649220672,0.001329034997399952,616
150,0.2,169,226,13,1.0,226.0,0.0980187695516162,0.010962746961713392,0.0570262908498661,0.0047587933049136055,0.0058095370925524,0.0013240884635280833,616
150,0.3,253,303,13,1.0,303.0,0.0980187695516162,0.009708270097082656,0.0570262908498661,0.004314795366449482,0.0058095370925524,0.001293559648931668,616
150,0.5,421,419,13,1.666667,251.39994972001008,0.0980187695516162,0.00896170185231728,0.0570262908498661,0.004071009869036598,0.0058095370925524,0.0013345535058907508,616
151,0.1,84,122,12,1.0,122.0,0.0980187695516162,0.012786543359715508,0.0570262908498661,0.005923010169358682,0.0039956275909326,0.0013070535339822424,630
151,0.2,168,224,12,1.0,224.0,0.0980187695516162,0.010232012513034369,0.0570262908498661,0.004558034719372632,0.0052421649220672,0.001305568570175283,630
151,0.3,251,308,12,1.0,308.0,0.0980187695516162,0.009039448559782198,0.0570262908498661,0.003843618791675003,0.0052421649220672,0.0012261282087020204,630
151,0.5,418,434,13,1.666667,260.39994792001045,0.0980187695516162,0.008327607002301701,0.0570262908498661,0.0037477947702890054,0.0058095370925524,0.0012858416294325035,630
152,0.1,87,134,13,1.0,134.0,0.0980187695516162,0.01143137285418575,0.0464749058416465,0.004648830809268523,0.0056186378747126,0.0012936595753745095,644
152,0.2,174,236,13,1.0,236.0,0.0980187695516162,0.010317067566851018,0.0492079830055308,0.0045364867063774055,0.0056186378747126,0.0013402698770794317,644
152,0.3,260,310,13,1.0,310.0,0.0980187695516162,0.009421776716337536,0.0492079830055308,0.004154735630623143,0.0058095370925524,0.001307046618023095,644
152,0.5,433,451,13,1.5,300.6666666666667,0.0980187695516162,0.008496933011798555,0.0570262908498661,0.0037539032391780123,0.0058095370925524,0.0012512805734758502,644
153,0.1,85,132,12,1.0,132.0,0.0980187695516162,0.011075299396467233,0.0464749058416465,0.004684859223314666,0.0052421649220672,0.00129826039653451,635
153,0.2,170,219,12,1.0,219.0,0.0980187695516162,0.009999000099989956,0.0570262908498661,0.004547233481530798,0.0052421649220672,0.0012890842663662947,635
153,0.3,255,299,13,1.0,299.0,0.0980187695516162,0.009140653063217284,0.0570262908498661,0.004134333737020672,0.0052421649220672,0.0012251169928966005,635
153,0.5,424,437,13,1.5,291.3333333333333,0.0980187695516162,0.008299072021532683,0.0570262908498661,0.0037620324988503315,0.0058095370925524,0.001238875150451061,635
154,0.1,84,128,13,1.0,128.0,0.0980187695516162,0.010549726277372216,0.0464749058416465,0.0040352596298877785,0.0039956275909326,0.0010995129203860102,628
154,0.2,168,234,13,1.0,234.0,0.0980187695516162,0.009161965366344883,0.0464749058416465,0.0035941204943870605,0.0044179097289399,0.0012044957487045076,628
154,0.3,252,309,13,1.0,309.0,0.0980187695516162,0.009016943890446785,0.0570262908498661,0.0038551695223012507,0.0056186378747126,0.0012222056234082461,628
154,0.5,420,429,13,1.5,286.0,0.0980187695516162,0.008577796898964738,0.0570262908498661,0.0038778762041664487,0.0056186378747126,0.0013040570627727685,628
155,0.1,87,126,13,1.0,126.0,0.0980187695516162,0.011908899812966507,0.0464749058416465,0.004782658987839547,0.0039956275909326,0.0012452805358277878,642
155,0.2,174,243,13,1.0,243.0,0.0980187695516162,0.00993833597239919,0.0492079830055308,0.004402080868846134,0.0052421649220672,0.0013306260091222398,642
155,0.3,260,324,13,1.0,324.0,0.0980187695516162,0.009387994181181485,0.0570262908498661,0.004303957210961854,0.0056186378747126,0.0013173574957605592,642
155,0.5,433,459,13,1.666667,275.399944920011,0.0980187695516162,0.008296587085766945,0.0570262908498661,0.0036830969351524493,0.0056186378747126,0.0012789164915518528,642
156,0.1,83,122,13,1.0,122.0,0.0656934306569343,0.009854869314005324,0.0570262908498661,0.004390255748564948,0.0039956275909326,0.0011483350747567927,622
156,0.2,166,214,13,1.0,214.0,0.0980187695516162,0.010169276797286849,0.0570262908498661,0.0044005807737266655,0.0052421649220672,0.0012285068788106632,622
156,0.3,249,297,13,1.0,297.0,0.0980187695516162,0.009395308665381616,0.0570262908498661,0.004087490517434205,0.0056186378747126,0.0012424226835359975,622
156,0.5,415,416,13,1.666667,249.59995008001,0.0980187695516162,0.008858386139407993,0.0570262908498661,0.003935625053070452,0.0058095370925524,0.001264222007489095,622
157,0.1,83,127,13,1.0,127.0,0.0980187695516162,0.013670736413422731,0.0570262908498661,0.006094454997593352,0.0056186378747126,0.0013887961684498952,621
157,0.2,166,221,13,1.0,221.0,0.0980187695516162,0.010696473985439164,0.0570262908498661,0.004483086880295331,0.0056186378747126,0.0012705847488356631,621
157,0.3,249,306,13,1.0,306.0,0.0980187695516162,0.009374552740804306,0.0570262908498661,0.004006470594440306,0.0056186378747126,0.0012390364833170851,621
157,0.5,415,431,13,1.5,287.3333333333333,0.0980187695516162,0.008762995095916283,0.0570262908498661,0.003942446334970926,0.0058095370925524,0.0012618619888920455,621
158,0.1,80,123,13,1.0,123.0,0.0980187695516162,0.012436735420534558,0.0464749058416465,0.005104975285557228,0.0056186378747126,0.0013893222581792299,615
158,0.2,159,218,13,1.0,218.0,0.0980187695516162,0.010748007768030492,0.0464749058416465,0.004646591565718265,0.0056186378747126,0.0013382458924996678,615
158,0.3,238,295,13,1.0,295.0,0.0980187695516162,0.009886711086760529,0.0570262908498661,0.004358028464503205,0.0056186378747126,0.0013205935147760682,615
158,0.5,396,416,13,1.5,277.3333333333333,0.0980187695516162,0.008710495708670848,0.0570262908498661,0.0038556024493595353,0.0056186378747126,0.001253169562266947,615
159,0.1,87,126,13,1.0,126.0,0.0980187695516162,0.010890974394623979,0.0464749058416465,0.004573997147567239,0.0056186378747126,0.0012334308502498707,629
159,0.2,173,233,13,1.0,233.0,0.0980187695516162,0.009357923802959935,0.0464749058416465,0.004133926075881691,0.0056186378747126,0.0012958833355891796,629
159,0.3,260,313,13,1.0,313.0,0.0980187695516162,0.008741800397778523,0.0464749058416465,0.0038265359508447686,0.0056186378747126,0.0012886158601771469,629
159,0.5,432,441,13,1.5,294.0,0.0980187695516162,0.008226161510832998,0.0570262908498661,0.0037379894682981114,0.0058095370925524,0.0012664123975122245,629
160,0.1,83,121,12,1.0,121.0,0.0980187695516162,0.012461327657080763,0.0464749058416465,0.00545194212634469,0.0058095370925524,0.0012655232781581512,607
160,0.2,166,229,12,1.0,229.0,0.0980187695516162,0.01033190505029343,0.0492079830055308,0.004652075550132578,0.0058095370925524,0.0013590313685180452,607
160,0.3,248,314,13,1.0,314.0,0.0980187695516162,0.009265224523953385,0.0492079830055308,0.00402037112355595,0.0058095370925524,0.0012697167024846787,607
160,0.5,413,410,13,1.555556,263.5713532653277,0.0980187695516162,0.009056690149800308,0.0570262908498661,0.00401214143321429,0.0058095370925524,0.0012757096181283303,607
161,0.1,83,121,13,1.0,121.0,0.0761209593326381,0.01030687958358823,0.0309372275954943,0.004027469480516392,0.0058095370925524,0.001277724782628266,616
161,0.2,166,226,13,1.0,226.0,0.0980187695516162,0.009818487177830846,0.0570262908498661,0.004314221388257295,0.0058095370925524,0.001281745844580382,616
161,0.3,249,298,13,1.0,298.0,0.0980187695516162,0.008978872007334214,0.0570262908498661,0.003945703287543343,0.0058095370925524,0.0012404638965311477,616
161,0.5,414,415,13,1.6,259.375,0.0980187695516162,0.008663643102126918,0.0570262908498661,0.003735482723931763,0.0058095370925524,0.0012642757774325906,616
162,0.1,78,122,11,1.0,122.0,0.0980187695516162,0.012359185627104691,0.0464749058416465,0.005091678952969165,0.0056186378747126,0.0012367133097564563,596
162,0.2,155,205,12,1.0,205.0,0.0980187695516162,0.010203718304127734,0.0464749058416465,0.004149960880523186,0.0056186378747126,0.0011929673364341298,596
162,0.3,233,283,13,1.0,283.0,0.0980187695516162,0.009904309922364608,0.0464749058416465,0.0041520209032073355,0.0056186378747126,0.0012591850200361805,596
162,0.5,388,416,13,2.0,208.0,0.0980187695516162,0.008958650838212836,0.0570262908498661,0.0040466329753565235,0.0058095370925524,0.00130518070329082,596
163,0.1,84,116,13,1.0,116.0,0.0980187695516162,0.012441120419977665,0.0464749058416465,0.005304772791916553,0.0056186378747126,0.0012938667229187828,643
163,0.2,167,215,13,1.0,215.0,0.0980187695516162,0.010582729102504986,0.0492079830055308,0.004900963796765392,0.0056186378747126,0.0013623924375153796,643
163,0.3,251,291,13,1.0,291.0,0.0980187695516162,0.009546026251572146,0.0570262908498661,0.00440008619907002,0.0056186378747126,0.0013155961760759737,643
163,0.5,417,423,13,1.5,282.0,0.0980187695516162,0.008657560451317202,0.0570262908498661,0.00395410682955868,0.0058095370925524,0.001284502315944946,643
164,0.1,83,126,13,1.0,126.0,0.0980187695516162,0.012719929821076807,0.0570262908498661,0.005554643254181281,0.0038790328069506,0.0012865651464105958,618
164,0.2,165,220,13,1.0,220.0,0.0980187695516162,0.010546023319745905,0.0570262908498661,0.004538024515231582,0.0056186378747126,0.001259092801890881,618
164,0.3,248,297,13,1.0,297.0,0.0980187695516162,0.009493615333031348,0.0570262908498661,0.004174804955247471,0.0058095370925524,0.0012693307744868975,618
164,0.5,413,428,13,1.5,285.3333333333333,0.0980187695516162,0.008821981620262494,0.0570262908498661,0.004013361398158535,0.0058095370925524,0.0012864776830426112,618
165,0.1,86,126,13,1.0,126.0,0.0980187695516162,0.011693728586325,0.0464749058416465,0.004973209038703049,0.0040871733233292,0.0013534124624271769,633
165,0.2,171,220,13,1.0,220.0,0.0980187695516162,0.010000947957152295,0.0492079830055308,0.0044123019919017105,0.0056186378747126,0.0013199028332290808,633
165,0.3,257,303,13,1.0,303.0,0.0980187695516162,0.009033750090337456,0.0570262908498661,0.004061109971564676,0.0056186378747126,0.0012616003485871146,633
165,0.5,427,446,13,1.5,297.3333333333333,0.0980187695516162,0.008501007682703818,0.0570262908498661,0.003764787227817936,0.0058095370925524,0.0012435444125968667,633
166,0.1,86,130,13,1.0,130.0,0.0656934306569343,0.010868693350445133,0.0570262908498661,0.005194853989441235,0.0056186378747126,0.0014328667420523817,624
166,0.2,171,238,13,1.0,238.0,0.0980187695516162,0.010265420036627749,0.0570262908498661,0.004897034035621973,0.0058095370925524,0.0014155565274751993,624
166,0.3,257,317,13,1.0,317.0,0.0980187695516162,0.009480169603589396,0.0570262908498661,0.0043985972842681695,0.0058095370925524,0.0013558570895024695,624
166,0.5,427,441,13,1.5,294.0,0.0980187695516162,0.00848389407900799,0.0570262908498661,0.0038448795596161445,0.0058095370925524,0.0013104640412528944,624
167,0.1,84,114,11,1.0,114.0,0.0980187695516162,0.012019098841995453,0.0464749058416465,0.005065866010386383,0.0056186378747126,0.0012446233373950622,626
167,0.2,167,214,13,1.0,214.0,0.0980187695516162,0.01014491341253053,0.0464749058416465,0.0042254116563250005,0.0056186378747126,0.0012544514693025254,626
167,0.3,251,296,13,1.0,296.0,0.0980187695516162,0.009183975424851292,0.0464749058416465,0.0037421990988409587,0.0056186378747126,0.0011929528844272599,626
167,0.5,417,438,13,1.5,292.0,0.0980187695516162,0.008377733655205862,0.0570262908498661,0.0035573304474424087,0.0056186378747126,0.0012139114087613176,626
168,0.1,82,115,12,1.0,115.0,0.0980187695516162,0.012857596227954798,0.0464749058416465,0.0055426137947766595,0.0058095370925524,0.0012916156901761407,614
168,0.2,164,212,13,1.0,212.0,0.0980187695516162,0.010752159285419121,0.0570262908498661,0.005030131645850188,0.0058095370925524,0.0013588465917832037,614
168,0.3,246,293,13,1.0,293.0,0.0980187695516162,0.00943815906073942,0.0570262908498661,0.004330920869315867,0.0058095370925524,0.0012885269051052587,614
168,0.5,409,425,13,1.5,283.3333333333333,0.0980187695516162,0.008496595718579357,0.0570262908498661,0.0037259355350426995,0.0058095370925524,0.0012645199068427753,614
169,0.1,89,135,13,1.0,135.0,0.0980187695516162,0.010875526203993312,0.0464749058416465,0.0040946314209947465,0.0048729601732022,0.0011443403754926532,629
169,0.2,178,239,13,1.0,239.0,0.0980187695516162,0.009799259165535883,0.0464749058416465,0.004043774970797936,0.0058095370925524,0.00125518022100498,629
169,0.3,267,327,13,1.0,327.0,0.0980187695516162,0.009085024219290564,0.0570262908498661,0.003913866897509404,0.0058095370925524,0.001246730848933694,629
169,0.5,445,442,13,1.75,252.57142857142858,0.0980187695516162,0.008547270676940015,0.0570262908498661,0.003721179737154959,0.0058095370925524,0.0012656890291408071,629
170,0.1,89,138,12,1.0,138.0,0.0980187695516162,0.01123603995708085,0.0464749058416465,0.0047425404239879974,0.0058095370925524,0.0012808738922966138,656
170,0.2,178,238,13,1.0,238.0,0.0980187695516162,0.009183235337930749,0.0570262908498661,0.003914930505027958,0.0058095370925524,0.0012102273363440415,656
170,0.3,267,322,13,1.0,322.0,0.0980187695516162,0.008950835173802895,0.0570262908498661,0.0038049966867372887,0.0058095370925524,0.0012016064214734384,656
170,0.5,445,451,13,1.5,300.6666666666667,0.0980187695516162,0.00810618969778659,0.0570262908498661,0.003554170235500853,0.0058095370925524,0.0012225904714811765,656
171,0.1,83,128,12,1.0,128.0,0.0980187695516162,0.011128128258602663,0.0570262908498661,0.004851164520512203,0.0044179097289399,0.001297525864487796,619
171,0.2,166,228,12,1.0,228.0,0.0980187695516162,0.01060589429778822,0.0570262908498661,0.004868110643648674,0.0052421649220672,0.0013619680025525663,619
171,0.3,249,308,12,1.0,308.0,0.0980187695516162,0.009631921779992643,0.0570262908498661,0.004398392852420331,0.0058095370925524,0.0012847747562625663,619
171,0.5,415,427,12,1.5,284.6666666666667,0.0980187695516162,0.008493429680116588,0.0570262908498661,0.0037814481249382925,0.0058095370925524,0.0012561275159840809,619
172,0.1,84,136,12,1.0,136.0,0.0761209593326381,0.011838311967122568,0.0570262908498661,0.005187133075360908,0.0039956275909326,0.0013016531480760198,632
172,0.2,168,237,13,1.0,237.0,0.0980187695516162,0.010361531658768979,0.0570262908498661,0.004642706327576513,0.0056186378747126,0.0013397512560694058,632
172,0.3,252,319,13,1.0,319.0,0.0980187695516162,0.009538410243167308,0.0570262908498661,0.004291763698145665,0.0058095370925524,0.0013440977613292803,632
172,0.5,419,425,13,1.75,242.85714285714286,0.0980187695516162,0.008636447279641739,0.0570262908498661,0.003788571718141756,0.0058095370925524,0.0012820847830114456,632
173,0.1,81,125,12,1.0,125.0,0.0980187695516162,0.012004171011470235,0.0570262908498661,0.005378855509028025,0.0045513414488271,0.001328684685226829,632
173,0.2,161,222,13,1.0,222.0,0.0980187695516162,0.009986002686732571,0.0570262908498661,0.004455185445359759,0.0045513414488271,0.0013321935202003604,632
173,0.3,242,299,13,1.0,299.0,0.0980187695516162,0.00953473692286763,0.0570262908498661,0.004346512159896972,0.0056186378747126,0.0013264035982771256,632
173,0.5,403,426,13,1.5,284.0,0.0980187695516162,0.008635756142695544,0.0570262908498661,0.003916751052645022,0.0058095370925524,0.0012874459646247886,632
174,0.1,83,129,13,1.0,129.0,0.0761209593326381,0.011591531876712618,0.0293591471972982,0.0050781108445030285,0.0056186378747126,0.0014640136983918178,617
174,0.2,165,219,13,1.0,219.0,0.0980187695516162,0.010894148680370017,0.0464749058416465,0.00469894085441499,0.0056186378747126,0.0013505926300052895,617
174,0.3,248,295,13,1.0,295.0,0.0980187695516162,0.00988317633127724,0.0464749058416465,0.0041725663959979765,0.0056186378747126,0.0012855707379716326,617
174,0.5,412,428,13,1.5,285.3333333333333,0.0980187695516162,0.008763509496847333,0.0570262908498661,0.003894721269907653,0.0058095370925524,0.0012914264465326826,617
175,0.1,85,132,13,1.0,132.0,0.0594369134515119,0.010585521534426599,0.0267679426794943,0.004151998927762749,0.0039254903849993,0.0012496286417148963,632
175,0.2,170,235,13,1.0,235.0,0.0980187695516162,0.009846249417611384,0.0570262908498661,0.004114451702060176,0.0048729601732022,0.0012502341675555328,632
175,0.3,255,325,13,1.0,325.0,0.0980187695516162,0.008865003609529111,0.0570262908498661,0.003816339256488557,0.0056186378747126,0.0012351660979667578,632
175,0.5,425,447,13,1.5,298.0,0.0980187695516162,0.00849831923167538,0.0570262908498661,0.003825311151400475,0.0058095370925524,0.0012737239761995177,632
176,0.1,81,114,13,1.0,114.0,0.0980187695516162,0.011872747562336456,0.0570262908498661,0.0056886946110043125,0.0045513414488271,0.001298837357813929,599
176,0.2,162,202,13,1.0,202.0,0.0980187695516162,0.010928256537853948,0.0570262908498661,0.005024114259184766,0.0056186378747126,0.0013220388544601248,599
176,0.3,243,280,13,1.0,280.0,0.0980187695516162,0.010133323402353596,0.0570262908498661,0.004694711313822246,0.0058095370925524,0.0013011142750878947,599
176,0.5,405,420,13,1.5,280.0,0.0980187695516162,0.008746710362977262,0.0570262908498661,0.003883078515233156,0.0058095370925524,0.0012456366035755702,599
177,0.1,85,132,12,1.0,132.0,0.0980187695516162,0.010522324390937483,0.0570262908498661,0.004355194695576295,0.0039254903849993,0.001265314911669602,618
177,0.2,169,234,13,1.0,234.0,0.0980187695516162,0.00999973262746981,0.0570262908498661,0.004299995926039693,0.0044179097289399,0.0013487333617130265,618
177,0.3,253,307,13,1.0,307.0,0.0980187695516162,0.008943219219259975,0.0570262908498661,0.003933492379345094,0.0056186378747126,0.0012983657484042514,618
177,0.5,422,430,13,1.666667,257.99994840001034,0.0980187695516162,0.008029197080291926,0.0570262908498661,0.0035128784085076774,0.0056186378747126,0.0012401559055754906,618
178,0.1,83,125,13,1.0,125.0,0.05422314911366,0.009343065693430613,0.0492079830055308,0.0043773739640142455,0.0052421649220672,0.0014060306232388786,618
178,0.2,165,222,13,1.0,222.0,0.0980187695516162,0.009253257428439868,0.0570262908498661,0.004168756255115053,0.0052421649220672,0.0013091420232466803,618
178,0.3,247,304,13,1.0,304.0,0.0980187695516162,0.0092853026727402,0.0570262908498661,0.004266725829126309,0.0056186378747126,0.0013236645919267654,618
178,0.5,412,436,13,1.5,290.6666666666667,0.0980187695516162,0.008612277697525093,0.0570262908498661,0.0038912832602183175,0.0058095370925524,0.0012829888785026123,618
179,0.1,86,132,13,1.0,132.0,0.0980187695516162,0.012757923341864904,0.0464749058416465,0.005644380619727428,0.0052421649220672,0.0013613572326244818,616
179,0.2,171,228,13,1.0,228.0,0.0980187695516162,0.011310209831147168,0.0570262908498661,0.005218440918664848,0.0056186378747126,0.0014062761596890707,616
179,0.3,257,310,13,1.0,310.0,0.0980187695516162,0.009885969928352745,0.0570262908498661,0.004514571822649571,0.0056186378747126,0.0013436547363441364,616
179,0.5,427,429,13,1.833333,234.00004254546226,0.0980187695516162,0.008597242173884466,0.0570262908498661,0.003859640328935483,0.0056186378747126,0.001270321330147548,616
180,0.1,80,129,13,1.0,129.0,0.0980187695516162,0.010823613098269305,0.0464749058416465,0.004609872858418429,0.0058095370925524,0.0011992850378237364,607
180,0.2,159,217,13,1.0,217.0,0.0980187695516162,0.009543351129008186,0.0570262908498661,0.0041047117501178095,0.0058095370925524,0.0012063342332661957,607
180,0.3,238,282,13,1.0,282.0,0.0980187695516162,0.009484613848645485,0.0570262908498661,0.00406553152182004,0.0058095370925524,0.0012015493412911096,607
180,0.5,396,409,13,1.5,272.6666666666667,0.0980187695516162,0.008515390165489167,0.0570262908498661,0.003645567410505454,0.0058095370925524,0.0012108795333073184,607
181,0.1,84,137,12,1.0,137.0,0.0980187695516162,0.011569228895671387,0.0570262908498661,0.005300216080559582,0.0056186378747126,0.0013992563805756103,639
181,0.2,168,231,12,1.0,231.0,0.0980187695516162,0.010459127247448371,0.0570262908498661,0.004568850597314863,0.0056186378747126,0.0013129013574175077,639
181,0.3,252,306,13,1.0,306.0,0.0980187695516162,0.00911897605757627,0.0570262908498661,0.003881911796422416,0.0056186378747126,0.0012193350940837417,639
181,0.5,420,446,13,1.666667,267.5999464800107,0.0980187695516162,0.008428529344374935,0.0570262908498661,0.003681091872961044,0.0058095370925524,0.001242188003526539,639
182,0.1,85,135,13,1.0,135.0,0.0980187695516162,0.011323523732282811,0.0570262908498661,0.0049821856025270865,0.0058095370925524,0.0012940318978202213,627
182,0.2,169,238,13,1.0,238.0,0.0980187695516162,0.010261038722058123,0.0570262908498661,0.004587339808407522,0.0058095370925524,0.0013101668408856072,627
182,0.3,254,322,13,1.0,322.0,0.0980187695516162,0.009203427483338578,0.0570262908498661,0.004070927733276094,0.0058095370925524,0.001249722536715602,627
182,0.5,423,437,13,1.666667,262.1999475600105,0.0980187695516162,0.008430310940792113,0.0570262908498661,0.0036630907205453503,0.0058095370925524,0.0012227627107169272,627
183,0.1,82,117,12,1.0,117.0,0.0656934306569343,0.010534477687762315,0.0570262908498661,0.004775283085086701,0.0045513414488271,0.0013887766910943712,612
183,0.2,164,206,13,1.0,206.0,0.0980187695516162,0.009673304514208728,0.0570262908498661,0.004278506541129602,0.0056186378747126,0.0013164489470935947,612
183,0.3,246,297,13,1.0,297.0,0.0980187695516162,0.009553301524104399,0.0570262908498661,0.004248732206332717,0.0056186378747126,0.0013048670514823034,612
183,0.5,410,425,13,1.5,283.3333333333333,0.0980187695516162,0.008589830092620945,0.0570262908498661,0.0037274365036526614,0.0056186378747126,0.0012553459506096545,612
184,0.1,82,120,13,1.0,120.0,0.0980187695516162,0.012400069516857794,0.0464749058416465,0.005577437797020477,0.0040328017800694,0.0013799388473986916,618
184,0.2,164,220,13,1.0,220.0,0.0980187695516162,0.010441748032988866,0.0464749058416465,0.0046289476202808835,0.0056186378747126,0.0013478057726283592,618
184,0.3,246,297,13,1.0,297.0,0.0980187695516162,0.009560323428936522,0.0570262908498661,0.004252891181439528,0.0056186378747126,0.0013251512911956896,618
184,0.5,410,429,13,1.5,286.0,0.0980187695516162,0.008531614371030385,0.0570262908498661,0.0037331585557875578,0.0058095370925524,0.0012950904080414865,618
185,0.1,87,135,12,1.0,135.0,0.0980187695516162,0.011624763449580919,0.0464749058416465,0.005079463463451379,0.0058095370925524,0.001406905372476346,633
185,0.2,174,235,12,1.0,235.0,0.0980187695516162,0.009766378985201737,0.0464749058416465,0.0042301986597806,0.0058095370925524,0.0013221157610665837,633
185,0.3,261,315,13,1.0,315.0,0.0980187695516162,0.009302017644040539,0.0570262908498661,0.004099450466023432,0.0058095370925524,0.0013106180864035733,633
185,0.5,435,442,13,2.0,221.0,0.0980187695516162,0.008431671377141492,0.0570262908498661,0.0037091404787147945,0.0058095370925524,0.001270965655338355,633
186,0.1,87,126,12,1.0,126.0,0.0980187695516162,0.0105102868397967,0.0492079830055308,0.004886944831801639,0.0058095370925524,0.0012815681268347463,628
186,0.2,174,227,13,1.0,227.0,0.0980187695516162,0.00938018218316616,0.0570262908498661,0.004399721653223682,0.0058095370925524,0.0012979073000645798,628
186,0.3,261,317,13,1.0,317.0,0.0980187695516162,0.009092015539320292,0.0570262908498661,0.0042358567341434184,0.0058095370925524,0.0012911352419562338,628
186,0.5,434,446,13,1.5,297.3333333333333,0.0980187695516162,0.00845424746442712,0.0570262908498661,0.003797396146735594,0.0058095370925524,0.0012612335316372712,628
187,0.1,86,131,12,1.0,131.0,0.0656934306569343,0.01152600116215201,0.0570262908498661,0.0047376589831871815,0.0056186378747126,0.0012672126870622732,642
187,0.2,172,223,13,1.0,223.0,0.0980187695516162,0.010507021046774208,0.0570262908498661,0.004437189992001063,0.0056186378747126,0.0012264588101602999,642
187,0.3,257,310,13,1.0,310.0,0.0980187695516162,0.009142588045342891,0.0570262908498661,0.0037871720101586076,0.0056186378747126,0.0011777207848404758,642
187,0.5,428,438,13,1.875,233.6,0.0980187695516162,0.008261078654039316,0.0570262908498661,0.003526531386172109,0.0056186378747126,0.0011945045872401889,642
188,0.1,78,118,12,1.0,118.0,0.0980187695516162,0.011859104646436044,0.0492079830055308,0.005235151721496349,0.0056186378747126,0.0012313849457555085,612
188,0.2,156,219,13,1.0,219.0,0.0980187695516162,0.010241832959561145,0.0492079830055308,0.004542492882999612,0.0056186378747126,0.001299895487745124,612
188,0.3,234,304,13,1.0,304.0,0.0980187695516162,0.009789528565940356,0.0570262908498661,0.004405946428463079,0.0056186378747126,0.0013001123458103042,612
188,0.5,390,429,13,1.5,286.0,0.0980187695516162,0.008628840745629023,0.0570262908498661,0.003888595682639192,0.0058095370925524,0.0012908477327742787,612
189,0.1,85,121,12,1.0,121.0,0.0980187695516162,0.01221141168055563,0.0464749058416465,0.005190151223419595,0.0039956275909326,0.0012901565673249437,625
189,0.2,170,212,13,1.0,212.0,0.0980187695516162,0.010550494815747493,0.0464749058416465,0.004714714934352538,0.0058095370925524,0.0013324684549277576,625
189,0.3,255,294,13,1.0,294.0,0.0980187695516162,0.009398962921977923,0.0464749058416465,0.004088402421232926,0.0058095370925524,0.0012813525776050306,625
189,0.5,425,437,13,1.5,291.3333333333333,0.0980187695516162,0.008659382508954028,0.0570262908498661,0.003899038550878146,0.0058095370925524,0.00127004802561836,625
190,0.1,86,123,13,1.0,123.0,0.0980187695516162,0.011911120153954362,0.0464749058416465,0.005287480084480759,0.0056186378747126,0.0013764514883087406,626
190,0.2,171,229,13,1.0,229.0,0.0980187695516162,0.00949405995145958,0.0464749058416465,0.003918166435225872,0.0056186378747126,0.0012006533511249647,626
190,0.3,256,306,13,1.0,306.0,0.0980187695516162,0.009176906772441292,0.0570262908498661,0.00391358447064347,0.0056186378747126,0.0012289567344412064,626
190,0.5,426,427,13,1.666667,256.1999487600103,0.0980187695516162,0.008600879624315876,0.0570262908498661,0.0036919498480488134,0.0056186378747126,0.0012376179503798639,626
191,0.1,83,128,13,1.0,128.0,0.0980187695516162,0.011828727841501515,0.0464749058416465,0.004839475549603399,0.0032582440349819,0.0012614818022661164,617
191,0.2,165,220,13,1.0,220.0,0.0980187695516162,0.010773533036306716,0.0570262908498661,0.005002041490294916,0.0045513414488271,0.001322168490563527,617
191,0.3,248,308,13,1.0,308.0,0.0980187695516162,0.00973687417900135,0.0570262908498661,0.004459346716660467,0.0056186378747126,0.0013144826468428031,617
191,0.5,412,422,13,1.5,281.3333333333333,0.0980187695516162,0.008858457417629891,0.0570262908498661,0.003993876644652709,0.0058095370925524,0.00129657999805342,617
192,0.1,84,125,13,1.0,125.0,0.0980187695516162,0.01366423357664229,0.0570262908498661,0.0063328515846441365,0.0056186378747126,0.001474567680219275,608
192,0.2,167,221,13,1.0,221.0,0.0980187695516162,0.011361759751626604,0.0570262908498661,0.005276494509299572,0.0056186378747126,0.001415059469631688,608
192,0.3,250,308,13,1.0,308.0,0.0980187695516162,0.009973863467085528,0.0570262908498661,0.004542153000058582,0.0056186378747126,0.0013240772674594347,608
192,0.5,416,421,13,1.833333,229.63640538843734,0.0980187695516162,0.008743272262525992,0.0570262908498661,0.003917557744028768,0.0056186378747126,0.001282339693664476,608
193,0.1,84,117,12,1.0,117.0,0.0980187695516162,0.012940830459078592,0.0464749058416465,0.005330240300703368,0.0044179097289399,0.001314148398647117,614
193,0.2,167,220,13,1.0,220.0,0.0980187695516162,0.010711915821404827,0.0570262908498661,0.004970624796558674,0.0045513414488271,0.0013625338959512288,614
193,0.3,250,298,13,1.0,298.0,0.0980187695516162,0.00966470946385702,0.0570262908498661,0.004374036593432934,0.0058095370925524,0.0012971033658627407,614
193,0.5,417,439,13,1.333333,329.25008231252053,0.0980187695516162,0.008655561388215181,0.0570262908498661,0.003908457971571463,0.0058095370925524,0.0012720377782632617,614
194,0.1,80,118,13,1.0,118.0,0.0980187695516162,0.012256764638306104,0.0464749058416465,0.005177209438533646,0.0039956275909326,0.0013213928649728663,612
194,0.2,160,217,13,1.0,217.0,0.0980187695516162,0.01065818368788528,0.0492079830055308,0.004779169247001486,0.0052421649220672,0.0013666798985554679,612
194,0.3,239,279,13,1.0,279.0,0.0980187695516162,0.009571649081891561,0.0492079830055308,0.00421705752946799,0.0052421649220672,0.001308114409723505,612
194,0.5,398,423,13,1.5,282.0,0.0980187695516162,0.008595932031248029,0.0570262908498661,0.0038376435453488043,0.0058095370925524,0.001267665083792983,612
195,0.1,83,122,13,1.0,122.0,0.0980187695516162,0.012564317338757881,0.0464749058416465,0.005144429906807974,0.0040328017800694,0.0012681163215540361,622
195,0.2,165,221,13,1.0,221.0,0.0980187695516162,0.010550205483653274,0.0464749058416465,0.0044480589767582355,0.0058095370925524,0.001302812582177269,622
195,0.3,247,307,13,1.0,307.0,0.0980187695516162,0.009337223560100907,0.0570262908498661,0.004090645289805314,0.0058095370925524,0.001260168142992578,622
195,0.5,412,435,13,1.555556,279.6427772449208,0.0980187695516162,0.008775904018793478,0.0570262908498661,0.003892104919575514,0.0058095370925524,0.001274056527113959,622
196,0.1,79,121,13,1.0,121.0,0.0980187695516162,0.012616447918372228,0.0464749058416465,0.00533230960982294,0.0056186378747126,0.0013837579438610579,617
196,0.2,158,214,13,1.0,214.0,0.0980187695516162,0.010568836307290459,0.0570262908498661,0.004747614587926817,0.0058095370925524,0.0013087491627960758,617
196,0.3,237,294,13,1.0,294.0,0.0980187695516162,0.009359948358905563,0.0570262908498661,0.004181002832862728,0.0058095370925524,0.0012428436901343871,617
196,0.5,395,424,13,1.5,282.6666666666667,0.0980187695516162,0.008516634859425063,0.0570262908498661,0.0038742402629687624,0.0058095370925524,0.0012633588496750697,617
197,0.1,84,125,13,1.0,125.0,0.0980187695516162,0.011486965589155327,0.0492079830055308,0.00491850421676044,0.0045513414488271,0.0012777878814119324,605
197,0.2,168,228,13,1.0,228.0,0.0980187695516162,0.010185134368768592,0.0570262908498661,0.004654296682267033,0.0056186378747126,0.0013407997335065712,605
197,0.3,251,311,13,1.0,311.0,0.0980187695516162,0.009495421610801667,0.0570262908498661,0.004266071736358023,0.0058095370925524,0.0012730990152692392,605
197,0.5,418,435,13,1.5,290.0,0.0980187695516162,0.008591324775568374,0.0570262908498661,0.0038595301056273536,0.0058095370925524,0.0012643865462976568,605
198,0.1,82,125,13,1.0,125.0,0.0980187695516162,0.010611053180396202,0.0464749058416465,0.0044067101598568225,0.0052421649220672,0.001281040175253664,606
198,0.2,163,219,13,1.0,219.0,0.0980187695516162,0.009346684379181087,0.0570262908498661,0.00408159177475964,0.0052421649220672,0.0012651276575778984,606
198,0.3,245,304,13,1.0,304.0,0.0980187695516162,0.009230420942868075,0.0570262908498661,0.004186201649544867,0.0056186378747126,0.001297982255835956,606
198,0.5,408,423,13,1.666667,253.79994924001016,0.0980187695516162,0.008507187106348423,0.0570262908498661,0.003859094779226828,0.0056186378747126,0.0012747230756108559,606
199,0.1,84,136,13,1.0,136.0,0.0980187695516162,0.011033245414954259,0.0570262908498661,0.004549879837130808,0.0039956275909326,0.0012355968680002295,622
199,0.2,167,236,13,1.0,236.0,0.0980187695516162,0.010047542461250197,0.0570262908498661,0.004211719102599074,0.0039956275909326,0.001229823738885249,622
199,0.3,250,311,13,1.0,311.0,0.0980187695516162,0.009317717745910252,0.0570262908498661,0.003996502509872612,0.0056186378747126,0.0012495601495727063,622
199,0.5,416,439,13,1.8,243.88888888888889,0.0980187695516162,0.008710193087427301,0.0570262908498661,0.00394534006590184,0.0058095370925524,0.0012918037049208916,622
200,0.1,83,125,13,1.0,125.0,0.0980187695516162,0.012087591240875864,0.0492079830055308,0.005052615357384091,0.0058095370925524,0.0013053511364088247,602
200,0.2,166,228,13,1.0,228.0,0.0980187695516162,0.010285750873534151,0.0492079830055308,0.004148822343829944,0.0058095370925524,0.0012289905894166972,602
200,0.3,249,294,13,1.0,294.0,0.0980187695516162,0.009796202109623781,0.0570262908498661,0.004220085188966575,0.0058095370925524,0.0012691960991550067,602
200,0.5,415,423,13,1.75,241.71428571428572,0.0980187695516162,0.008721654008189137,0.0570262908498661,0.0039072110456928695,0.0058095370925524,0.0012871519520913177,602
201,0.1,89,139,13,1.0,139.0,0.0980187695516162,0.010862634188790736,0.0570262908498661,0.004824897998931829,0.0045513414488271,0.0012859722562601524,640
201,0.2,177,245,13,1.0,245.0,0.0980187695516162,0.009167712966312651,0.0570262908498661,0.004002921041573136,0.0045513414488271,0.0012493697523074314,640
201,0.3,266,324,13,1.0,324.0,0.0980187695516162,0.008924548462261312,0.0570262908498661,0.003969645157709023,0.0056186378747126,0.0012525105562893033,640
201,0.5,443,445,13,1.5,296.6666666666667,0.0980187695516162,0.008506051481529171,0.0570262908498661,0.003844702588027851,0.0058095370925524,0.0012904364270100886,640
202,0.1,84,134,12,1.0,134.0,0.0761209593326381,0.009493720137581079,0.0309372275954943,0.0038423356088883743,0.0058095370925524,0.0012562210680127082,633
202,0.2,167,227,12,1.0,227.0,0.0980187695516162,0.009054034810489959,0.0570262908498661,0.004060671309122401,0.0058095370925524,0.0012610390495200832,633
202,0.3,251,310,13,1.0,310.0,0.0980187695516162,0.008786033839012369,0.0570262908498661,0.003931341809447804,0.0058095370925524,0.0012506036421800482,633
202,0.5,418,454,13,1.5,302.6666666666667,0.0980187695516162,0.008185839691675847,0.0570262908498661,0.0036074407236209157,0.0058095370925524,0.0012405627046646322,633
203,0.1,83,120,13,1.0,120.0,0.0980187695516162,0.01208724365658668,0.0464749058416465,0.004574183561986929,0.0056186378747126,0.00113520962811698,635
203,0.2,165,217,13,1.0,217.0,0.0980187695516162,0.01054766149454833,0.0492079830055308,0.004372386840439347,0.0056186378747126,0.001141495191416452,635
203,0.3,248,303,13,1.0,303.0,0.0980187695516162,0.009174848663177014,0.0492079830055308,0.0038728030607194223,0.0058095370925524,0.0011418866680685535,635
203,0.5,413,444,13,1.666667,266.3999467200107,0.0980187695516162,0.008572180105026776,0.0570262908498661,0.003804037565617218,0.0058095370925524,0.001259155936604801,635
204,0.1,82,136,13,1.0,136.0,0.0980187695516162,0.011408943139299469,0.0570262908498661,0.004950181880875766,0.0048729601732022,0.0013531253332507212,627
204,0.2,163,239,13,1.0,239.0,0.0980187695516162,0.009951963560368366,0.0570262908498661,0.004313233184580397,0.0052421649220672,0.001289341362982212,627
204,0.3,244,316,13,1.0,316.0,0.0980187695516162,0.008830400865880817,0.0570262908498661,0.0037584902051798195,0.0052421649220672,0.0012338201086284006,627
204,0.5,407,437,13,1.666667,262.1999475600105,0.0980187695516162,0.008671313319795794,0.0570262908498661,0.0038219045841538044,0.0058095370925524,0.0012932785110376652,627
205,0.1,78,121,12,1.0,121.0,0.0980187695516162,0.013943587931643625,0.0570262908498661,0.006490501440175273,0.0056186378747126,0.0014392195476456828,584
205,0.2,156,211,12,1.0,211.0,0.0980187695516162,0.010600497160845823,0.0570262908498661,0.004711602808117761,0.0056186378747126,0.0013039523279597424,584
205,0.3,233,296,12,1.0,296.0,0.0980187695516162,0.00927204576839609,0.0570262908498661,0.0041279495506943015,0.0058095370925524,0.001261654683599649,584
205,0.5,388,420,12,1.5,280.0,0.0980187695516162,0.008736779383286116,0.0570262908498661,0.00393188434784109,0.0058095370925524,0.0012927649648548914,584
206,0.1,85,133,13,1.0,133.0,0.0980187695516162,0.010788180043434922,0.0464749058416465,0.004578420356311697,0.0044179097289399,0.0014435060384376986,618
206,0.2,169,234,13,1.0,234.0,0.0980187695516162,0.009701166635473157,0.0570262908498661,0.004476421758969946,0.0045513414488271,0.0013781110722149623,618
206,0.3,254,317,13,1.0,317.0,0.0980187695516162,0.009536090104373922,0.0570262908498661,0.004348629543698244,0.0056186378747126,0.0013673287874174734,618
206,0.5,423,440,13,1.5,293.3333333333333,0.0980187695516162,0.008595601478813112,0.0570262908498661,0.00375270697069852,0.0056186378747126,0.001263876729023336,618
207,0.1,81,122,13,1.0,122.0,0.0980187695516162,0.011983110822407177,0.0570262908498661,0.005646142435249492,0.0045513414488271,0.0013573114707657941,618
207,0.2,161,217,13,1.0,217.0,0.0980187695516162,0.01130209559689188,0.0570262908498661,0.005299300448989777,0.0056186378747126,0.0013955768235094472,618
207,0.3,242,309,13,1.0,309.0,0.0980187695516162,0.00969523944507995,0.0570262908498661,0.004425350778352162,0.0056186378747126,0.0013288654595777754,618
207,0.5,402,425,13,1.833333,231.8182239669498,0.0980187695516162,0.008565294731031056,0.0570262908498661,0.0038072745956548165,0.0056186378747126,0.0012647644293932625,618
208,0.1,84,128,13,1.0,128.0,0.0980187695516162,0.01252932742440037,0.0570262908498661,0.005560343676454792,0.0056186378747126,0.0013225919286278297,601
208,0.2,167,225,13,1.0,225.0,0.0980187695516162,0.010765844050515538,0.0570262908498661,0.004925401138238058,0.0056186378747126,0.001404024457622612,601
208,0.3,250,307,13,1.0,307.0,0.0980187695516162,0.009676882474618943,0.0570262908498661,0.004470376603071795,0.0056186378747126,0.0013370506581618362,601
208,0.5,417,431,13,1.333333,323.2500808125202,0.0980187695516162,0.008634767945147765,0.0570262908498661,0.0038640823813144514,0.0058095370925524,0.0012645232334350803,601
209,0.1,78,122,13,1.0,122.0,0.0980187695516162,0.0111027538932289,0.0570262908498661,0.004994216584119466,0.0052421649220672,0.0012920228714675829,612
209,0.2,156,217,13,1.0,217.0,0.0980187695516162,0.009879723021772827,0.0570262908498661,0.004243355601738048,0.0052421649220672,0.0012649682165724414,612
209,0.3,234,289,13,1.0,289.0,0.0980187695516162,0.009121381485183122,0.0570262908498661,0.0038423099179575163,0.0058095370925524,0.0012503037859821595,612
209,0.5,389,407,13,1.666667,244.1999511600098,0.0980187695516162,0.008851870165738735,0.0570262908498661,0.003853920724178646,0.0058095370925524,0.0012875938445074992,612
210,0.1,81,126,12,1.0,126.0,0.0980187695516162,0.012124071039608008,0.0464749058416465,0.00520974838478223,0.0052421649220672,0.001396790469159125,599
210,0.2,162,218,13,1.0,218.0,0.0980187695516162,0.010676258717509591,0.0464749058416465,0.004753647194331068,0.0052421649220672,0.0013662846478575106,599
210,0.3,243,299,13,1.0,299.0,0.0980187695516162,0.009566124132928277,0.0464749058416465,0.004079345656933948,0.0052421649220672,0.001280989316807994,599
210,0.5,404,410,13,1.571429,260.90901975208556,0.0980187695516162,0.008827793178870221,0.0570262908498661,0.0039493798958815,0.0058095370925524,0.0012860462316240191,599
211,0.1,81,118,12,1.0,118.0,0.0980187695516162,0.011001926441738348,0.0464749058416465,0.004621085287867096,0.0039254903849993,0.0012291585349173976,624
211,0.2,162,217,12,1.0,217.0,0.0980187695516162,0.009812448643219895,0.0464749058416465,0.004201417999380115,0.0052421649220672,0.001310366501597233,624
211,0.3,243,302,13,1.0,302.0,0.0980187695516162,0.009011870809134744,0.0492079830055308,0.003983592973402063,0.0052421649220672,0.00126298393117533,624
211,0.5,404,435,13,1.6,271.875,0.0980187695516162,0.008605707573741758,0.0570262908498661,0.003854530899688467,0.0058095370925524,0.0012813114347656788,624
212,0.1,84,131,13,1.0,131.0,0.0980187695516162,0.012234436316455547,0.0570262908498661,0.005745848209687782,0.0052421649220672,0.0013910207930176136,632
212,0.2,168,222,13,1.0,222.0,0.0980187695516162,0.0110240584693139,0.0570262908498661,0.005046238176303446,0.0056186378747126,0.0013529226092790488,632
212,0.3,252,303,13,1.0,303.0,0.0980187695516162,0.009384775808133426,0.0570262908498661,0.0043441564533804695,0.0056186378747126,0.0013416453384132508,632
212,0.5,419,433,13,1.5,288.6666666666667,0.0980187695516162,0.008462433202407197,0.0570262908498661,0.0037404108251239566,0.0056186378747126,0.0012536809956577531,632
213,0.1,84,128,12,1.0,128.0,0.0980187695516162,0.012179027632950947,0.0464749058416465,0.005171964765814828,0.0052421649220672,0.0013148319836943508,621
213,0.2,168,217,12,1.0,217.0,0.0980187695516162,0.010254537416567715,0.0464749058416465,0.004437623195301383,0.0052421649220672,0.0012903318544837475,621
213,0.3,252,301,13,1.0,301.0,0.0980187695516162,0.009083382122157937,0.0464749058416465,0.0038283930454631582,0.0052421649220672,0.0012405983938515435,621
213,0.5,419,433,13,1.5,288.6666666666667,0.0980187695516162,0.008537087564750575,0.0570262908498661,0.0038229114426146845,0.0056186378747126,0.0012537797087077845,621
214,0.1,83,123,13,1.0,123.0,0.0980187695516162,0.011546580533584231,0.0570262908498661,0.005430291875687423,0.0052421649220672,0.0014285698109951243,624
214,0.2,166,216,13,1.0,216.0,0.0980187695516162,0.01063028617773139,0.0570262908498661,0.004624094371432241,0.0052421649220672,0.0012925568436756676,624
214,0.3,249,298,13,1.0,298.0,0.0980187695516162,0.00912933634728565,0.0570262908498661,0.0038814853037341954,0.0052421649220672,0.001182391156122036,624
214,0.5,415,415,13,1.666667,248.99995020000998,0.0980187695516162,0.008367149515685221,0.0570262908498661,0.0036064069434031862,0.0056186378747126,0.0012181799037347286,624
215,0.1,83,127,12,1.0,127.0,0.0980187695516162,0.010706690860722661,0.0464749058416465,0.004371471728042741,0.0058095370925524,0.0011857273538941622,627
215,0.2,166,232,13,1.0,232.0,0.0980187695516162,0.009299377943978959,0.0464749058416465,0.003812041651962313,0.0058095370925524,0.0011670872636204302,627
215,0.3,249,313,13,1.0,313.0,0.0980187695516162,0.009228196304057365,0.0570262908498661,0.004081304659726974,0.0058095370925524,0.001233190717186187,627
215,0.5,414,437,13,1.5,291.3333333333333,0.0980187695516162,0.008606886941250258,0.0570262908498661,0.003821966426290656,0.0058095370925524,0.0012742305849449981,627
216,0.1,84,129,12,1.0,129.0,0.0656934306569343,0.011526865032212124,0.0570262908498661,0.005085365994532583,0.0052421649220672,0.001369034893283527,622
216,0.2,167,221,13,1.0,221.0,0.0980187695516162,0.010451120369540247,0.0570262908498661,0.004553555150998371,0.0052421649220672,0.0013429485729156685,622
216,0.3,251,301,13,1.0,301.0,0.0980187695516162,0.009720812446519898,0.0570262908498661,0.004432089002498146,0.0058095370925524,0.0013275046996258425,622
216,0.5,418,422,13,1.75,241.14285714285714,0.0980187695516162,0.008811508828805633,0.0570262908498661,0.003872597929191955,0.0058095370925524,0.0012822040814432837,622
217,0.1,86,134,13,1.0,134.0,0.0980187695516162,0.01275426828319296,0.0570262908498661,0.00580871830639977,0.0052421649220672,0.0013934559073781124,642
217,0.2,171,232,13,1.0,232.0,0.0980187695516162,0.010000539354931462,0.0570262908498661,0.004308753980281311,0.0052421649220672,0.001222510018683456,642
217,0.3,256,304,13,1.0,304.0,0.0980187695516162,0.009196119861697999,0.0570262908498661,0.004007399813597996,0.0056186378747126,0.001222754735173968,642
217,0.5,427,431,13,1.5,287.3333333333333,0.0980187695516162,0.00851379893498879,0.0570262908498661,0.0038282839906615064,0.0056186378747126,0.0012597137736833936,642
218,0.1,88,132,13,1.0,132.0,0.0980187695516162,0.009977249028343876,0.0492079830055308,0.004366243782277194,0.0045513414488271,0.0013717964017498456,641
218,0.2,176,243,13,1.0,243.0,0.0980187695516162,0.009479181417543095,0.0570262908498661,0.0044464008210930535,0.0056186378747126,0.0013643927354457799,641
218,0.3,264,329,13,1.0,329.0,0.0980187695516162,0.008934712260428277,0.0570262908498661,0.004166426937025855,0.0056186378747126,0.001374584060039129,641
218,0.5,439,451,13,1.5,300.6666666666667,0.0980187695516162,0.008635658448725879,0.0570262908498661,0.0038958525411795044,0.0058095370925524,0.001299956322865715,641
219,0.1,81,129,13,1.0,129.0,0.0980187695516162,0.011219697520834801,0.0464749058416465,0.004546750889897816,0.0058095370925524,0.0012798383879288472,620
219,0.2,161,220,13,1.0,220.0,0.0980187695516162,0.009740259740259695,0.0570262908498661,0.004252128901146405,0.0058095370925524,0.001255538123274758,620
219,0.3,242,305,13,1.0,305.0,0.0980187695516162,0.008704422297817012,0.0570262908498661,0.0038251350532905984,0.0058095370925524,0.0012188826518893389,620
219,0.5,402,434,13,1.5,289.3333333333333,0.0980187695516162,0.008265137936502553,0.0570262908498661,0.0037740732429310813,0.0058095370925524,0.001255076243631597,620
220,0.1,77,113,11,1.0,113.0,0.0980187695516162,0.011424142035859586,0.0464749058416465,0.00468801854606897,0.0038221510689287,0.001178989805568747,599
220,0.2,153,211,13,1.0,211.0,0.0980187695516162,0.00971094495154407,0.0464749058416465,0.004232545590458404,0.0052421649220672,0.0012815163868273838,599
220,0.3,230,296,13,1.0,296.0,0.0980187695516162,0.009138178846207996,0.0464749058416465,0.0039114257801347915,0.0056186378747126,0.0012589396359266153,599
220,0.5,382,416,13,1.5,277.3333333333333,0.0980187695516162,0.008660363359268423,0.0570262908498661,0.0038745062410005795,0.0056186378747126,0.0012839698831843217,599
221,0.1,81,127,13,1.0,127.0,0.0980187695516162,0.00935193319813121,0.0464749058416465,0.003424031124004198,0.0039254903849993,0.0011230419987286401,604
221,0.2,162,218,13,1.0,218.0,0.0980187695516162,0.009351292917890342,0.0570262908498661,0.004118132062518179,0.0052421649220672,0.0012708486381744497,604
221,0.3,243,303,13,1.0,303.0,0.0980187695516162,0.008744670087446655,0.0570262908498661,0.0039869755382778435,0.0058095370925524,0.0012723016105127389,604
221,0.5,404,420,13,1.666667,251.9999496000101,0.0980187695516162,0.008558021748845478,0.0570262908498661,0.0038235979315356205,0.0058095370925524,0.001282964810182437,604
222,0.1,85,122,13,1.0,122.0,0.0980187695516162,0.012624147421323399,0.0464749058416465,0.005536296703741232,0.0052421649220672,0.00135534814301736,629
222,0.2,169,227,13,1.0,227.0,0.0980187695516162,0.011102791545892568,0.0570262908498661,0.0047956680706303986,0.0052421649220672,0.00134128767098319,629
222,0.3,253,304,13,1.0,304.0,0.0980187695516162,0.009847840403929487,0.0570262908498661,0.004239413011905754,0.0056186378747126,0.0012725585829288478,629
222,0.5,421,452,13,1.5,301.3333333333333,0.0980187695516162,0.008524273994850787,0.0570262908498661,0.003760192120179006,0.0058095370925524,0.0012570714407167105,629
223,0.1,85,129,12,1.0,129.0,0.0980187695516162,0.012569617899782512,0.0464749058416465,0.005235651361085823,0.0039254903849993,0.0013450513964014916,615
223,0.2,170,223,12,1.0,223.0,0.0980187695516162,0.010637949657948958,0.0570262908498661,0.004686289096661627,0.0039254903849993,0.0013463958320866067,615
223,0.3,254,299,12,1.0,299.0,0.0980187695516162,0.009733522586585063,0.0570262908498661,0.004326889414998943,0.0056186378747126,0.001308557332990898,615
223,0.5,423,437,12,1.5,291.3333333333333,0.0980187695516162,0.00853052975186295,0.0570262908498661,0.0038472286603778902,0.0058095370925524,0.0012882923134945592,615
224,0.1,82,125,12,1.0,125.0,0.0980187695516162,0.011553701772679835,0.0492079830055308,0.005096448152659501,0.0058095370925524,0.0013567699597847053,630
224,0.2,164,220,13,1.0,220.0,0.0980187695516162,0.010261636174044892,0.0570262908498661,0.004741053378906987,0.0058095370925524,0.0013179740628011037,630
224,0.3,246,296,13,1.0,296.0,0.0980187695516162,0.00932841078826476,0.0570262908498661,0.00423006261288091,0.0058095370925524,0.0012895219732186125,630
224,0.5,409,424,13,1.5,282.6666666666667,0.0980187695516162,0.008538768764632925,0.0570262908498661,0.003779496553395842,0.0058095370925524,0.0012417886128426865,630
225,0.1,84,123,12,1.0,123.0,0.0980187695516162,0.011961986147494379,0.0570262908498661,0.005521327983392545,0.0052421649220672,0.001377942730526809,635
225,0.2,168,224,12,1.0,224.0,0.0980187695516162,0.010534597050498985,0.0570262908498661,0.004948952197123669,0.0056186378747126,0.0014209111084961638,635
225,0.3,252,295,13,1.0,295.0,0.0980187695516162,0.00947667945069895,0.0570262908498661,0.0042578633085375425,0.0056186378747126,0.001300053274471017,635
225,0.5,420,436,13,1.666667,261.5999476800105,0.0980187695516162,0.00853096210693474,0.0570262908498661,0.0037194755305491856,0.0056186378747126,0.0012668835050933865,635
226,0.1,82,116,13,1.0,116.0,0.0980187695516162,0.011659055769299872,0.0570262908498661,0.0053735093916726494,0.0039956275909326,0.0012413471920400257,635
226,0.2,164,219,13,1.0,219.0,0.0980187695516162,0.009494288666371415,0.0570262908498661,0.0041147014348219685,0.0039956275909326,0.00119852688916638,635
226,0.3,245,304,13,1.0,304.0,0.0980187695516162,0.00915838867241091,0.0570262908498661,0.00409968163529164,0.0056186378747126,0.0012383635875121187,635
226,0.5,408,433,13,1.5,288.6666666666667,0.0980187695516162,0.008435942944801484,0.0570262908498661,0.003750976045147478,0.0056186378747126,0.0012350385692147506,635
227,0.1,81,121,13,1.0,121.0,0.0980187695516162,0.011814993235033001,0.0570262908498661,0.004923494034561472,0.0044179097289399,0.0012141255086407223,624
227,0.2,162,223,13,1.0,223.0,0.0980187695516162,0.010282571999046045,0.0570262908498661,0.004187534204379738,0.0044179097289399,0.0012303779069836498,624
227,0.3,242,292,13,1.0,292.0,0.0980187695516162,0.00958118473866894,0.0570262908498661,0.0041219286308186494,0.0056186378747126,0.0012501236556268446,624
227,0.5,403,419,13,1.333333,314.2500785625196,0.0980187695516162,0.008473922467964546,0.0570262908498661,0.00353153510674651,0.0056186378747126,0.0012042029524405834,624
228,0.1,79,123,12,1.0,123.0,0.0980187695516162,0.012496079079664575,0.0464749058416465,0.00496142639521475,0.0044179097289399,0.0012599391912555863,617
228,0.2,158,223,12,1.0,223.0,0.0980187695516162,0.010090855104111581,0.0492079830055308,0.004386508822368443,0.0058095370925524,0.0013026796746972507,617
228,0.3,237,298,13,1.0,298.0,0.0980187695516162,0.009041857079872024,0.0492079830055308,0.0039457440508594045,0.0058095370925524,0.0012738484110225144,617
228,0.5,394,418,13,1.5,278.6666666666667,0.0980187695516162,0.008471743392988066,0.0570262908498661,0.003751604419485644,0.0058095370925524,0.0012318708992521338,617
229,0.1,80,115,13,1.0,115.0,0.0980187695516162,0.013111483882667587,0.0570262908498661,0.005952426652933199,0.0039956275909326,0.0013556518325815448,614
229,0.2,160,213,13,1.0,213.0,0.0980187695516162,0.011396848242741073,0.0570262908498661,0.005193038093571574,0.0056186378747126,0.0014099111394955829,614
229,0.3,240,297,13,1.0,297.0,0.0980187695516162,0.009862265336717847,0.0570262908498661,0.004302043892152359,0.0056186378747126,0.001297591176794523,614
229,0.5,400,429,13,1.666667,257.3999485200103,0.0980187695516162,0.00875523503260725,0.0570262908498661,0.0039255942871871926,0.0058095370925524,0.0012815139322985638,614
230,0.1,82,127,13,1.0,127.0,0.0980187695516162,0.011708390465790272,0.0570262908498661,0.005251165356989037,0.0039956275909326,0.0013862945319960739,611
230,0.2,163,223,13,1.0,223.0,0.0980187695516162,0.010376092435599444,0.0570262908498661,0.004593755144841232,0.0056186378747126,0.0013199993164252188,611
230,0.3,245,296,13,1.0,296.0,0.0980187695516162,0.009631372770058856,0.0570262908498661,0.004209551762835198,0.0056186378747126,0.0012924737031847634,611
230,0.5,407,421,13,1.5,280.6666666666667,0.0980187695516162,0.008611999336204781,0.0570262908498661,0.0037549536884405525,0.0056186378747126,0.0012591975033098546,611
231,0.1,80,125,13,1.0,125.0,0.0980187695516162,0.01073618352450465,0.0492079830055308,0.004849309743802154,0.0048729601732022,0.0013775539205278784,619
231,0.2,160,216,13,1.0,216.0,0.0980187695516162,0.009872359324914025,0.0570262908498661,0.004516471572535615,0.0048729601732022,0.0013083869687666007,619
231,0.3,240,296,13,1.0,296.0,0.0980187695516162,0.009360116111940884,0.0570262908498661,0.004223740768953247,0.0048729601732022,0.0013047999017597473,619
231,0.5,400,419,13,1.5,279.3333333333333,0.0980187695516162,0.008745187533752545,0.0570262908498661,0.003927035742249666,0.0058095370925524,0.0012780424392241222,619
232,0.1,83,119,12,1.0,119.0,0.0980187695516162,0.013003741642642414,0.0464749058416465,0.005631808420919161,0.0056186378747126,0.0014543044284878262,582
232,0.2,166,212,13,1.0,212.0,0.0980187695516162,0.010639030436578942,0.0464749058416465,0.004341555200601627,0.0056186378747126,0.001301085215466875,582
232,0.3,249,289,13,1.0,289.0,0.0980187695516162,0.009705900393648187,0.0570262908498661,0.00427938375755202,0.0058095370925524,0.001313583248893486,582
232,0.5,415,404,13,1.666667,242.39995152000972,0.0980187695516162,0.009209262949235443,0.0570262908498661,0.004146632977063463,0.0058095370925524,0.0013272963138474146,582
233,0.1,81,114,12,1.0,114.0,0.0980187695516162,0.010866582514680818,0.0464749058416465,0.004273182077646088,0.0033192232872945,0.0011154646529555386,611
233,0.2,162,209,12,1.0,209.0,0.0980187695516162,0.009414711297154585,0.0464749058416465,0.0037482813113041873,0.0039956275909326,0.0011688822793676434,611
233,0.3,243,281,12,1.0,281.0,0.0980187695516162,0.008449638005187741,0.0464749058416465,0.0034643801269494713,0.0048729601732022,0.0012085747653533768,611
233,0.5,404,416,12,1.5,277.3333333333333,0.0980187695516162,0.008259304564049044,0.0570262908498661,0.003572333359111459,0.0056186378747126,0.001257393180112988,611
234,0.1,83,120,13,1.0,120.0,0.0980187695516162,0.010940215502259255,0.0464749058416465,0.004346168214702616,0.0056186378747126,0.00118976524402794,611
234,0.2,165,207,13,1.0,207.0,0.0980187695516162,0.010346929420239437,0.0464749058416465,0.0042961319913720555,0.0058095370925524,0.001229118788980902,611
234,0.3,247,296,13,1.0,296.0,0.0980187695516162,0.009409435504325969,0.0570262908498661,0.004009781768973537,0.0058095370925524,0.0011972373232879347,611
234,0.5,411,414,13,1.666667,248.39995032000996,0.0980187695516162,0.008634195241621411,0.0570262908498661,0.0037609941445012527,0.0058095370925524,0.0012579366546613983,611
235,0.1,81,121,11,1.0,121.0,0.0980187695516162,0.011909788950266679,0.0570262908498661,0.0058744415304692685,0.0052421649220672,0.001400956287918786,620
235,0.2,161,212,13,1.0,212.0,0.0980187695516162,0.011145650933558893,0.0570262908498661,0.005115230100556757,0.0052421649220672,0.001359748968339121,620
235,0.3,242,283,13,1.0,283.0,0.0980187695516162,0.009963264148092971,0.0570262908498661,0.0045406137119006415,0.0056186378747126,0.0013125308663548881,620
235,0.5,402,422,13,1.5,281.3333333333333,0.0980187695516162,0.008752205348185516,0.0570262908498661,0.0038415394192995176,0.0058095370925524,0.0012672024393095833,620
236,0.1,85,129,12,1.0,129.0,0.0980187695516162,0.012044199788216041,0.0464749058416465,0.005197424986395238,0.0052421649220672,0.0013709020432934207,622
236,0.2,169,219,13,1.0,219.0,0.0980187695516162,0.011289347255750573,0.0492079830055308,0.005124174510397284,0.0056186378747126,0.0014132697670836247,622
236,0.3,254,296,13,1.0,296.0,0.0980187695516162,0.009863878477017118,0.0492079830055308,0.004382492298156233,0.0056186378747126,0.001327853285515344,622
236,0.5,422,427,13,1.555556,274.499921571451,0.0980187695516162,0.008764496584801162,0.0570262908498661,0.003986205747445826,0.0058095370925524,0.0012904120278372964,622
237,0.1,85,128,12,1.0,128.0,0.0980187695516162,0.012447862356621436,0.0464749058416465,0.005074256503531364,0.0040871733233292,0.0012729152885969735,651
237,0.2,170,235,13,1.0,235.0,0.0980187695516162,0.010458589399418678,0.0464749058416465,0.004241109636499215,0.0040871733233292,0.0012394443048889,651
237,0.3,255,318,13,1.0,318.0,0.0980187695516162,0.009358543031590779,0.0464749058416465,0.0039523550670712716,0.0056186378747126,0.0012396976724807695,651
237,0.5,424,450,13,1.333333,337.50008437502106,0.0980187695516162,0.008499594484995902,0.0570262908498661,0.003792587072947334,0.0056186378747126,0.0012431961297910362,651
238,0.1,85,125,12,1.0,125.0,0.0980187695516162,0.011186652763295056,0.0570262908498661,0.0046542728211170165,0.0039956275909326,0.0011852310187055678,630
238,0.2,169,225,12,1.0,225.0,0.0980187695516162,0.01014482678716251,0.0570262908498661,0.004420055361689335,0.0039956275909326,0.0012512946272182394,630
238,0.3,254,304,12,1.0,304.0,0.0980187695516162,0.008980023050326502,0.0570262908498661,0.003922442029194046,0.0052421649220672,0.0012296276906116255,630
238,0.5,423,431,12,1.5,287.3333333333333,0.0980187695516162,0.00835411984157894,0.0570262908498661,0.0036515350619272975,0.0056186378747126,0.0012465716444909384,630
239,0.1,85,129,13,1.0,129.0,0.0980187695516162,0.011462198187711636,0.0464749058416465,0.004577719626276357,0.0039956275909326,0.0012434176311380823,624
239,0.2,170,226,13,1.0,226.0,0.0980187695516162,0.010155305581957565,0.0464749058416465,0.004350827717782511,0.0058095370925524,0.0012985463659092827,624
239,0.3,255,307,13,1.0,307.0,0.0980187695516162,0.009653106350602679,0.0570262908498661,0.004236056556540629,0.0058095370925524,0.0012724236093567785,624
239,0.5,425,413,13,1.666667,247.79995044000992,0.0980187695516162,0.00854400896817958,0.0570262908498661,0.003703460155215929,0.0058095370925524,0.0012387094800554103,624
240,0.1,82,120,13,1.0,120.0,0.0980187695516162,0.01148766075773371,0.0570262908498661,0.0050404625553516725,0.0058095370925524,0.0012860674030031143,619
240,0.2,164,215,13,1.0,215.0,0.0980187695516162,0.010742779542643698,0.0570262908498661,0.004794932783843805,0.0058095370925524,0.0013426853158742045,619
240,0.3,245,286,13,1.0,286.0,0.0980187695516162,0.009793126581447703,0.0570262908498661,0.00437357679611882,0.0058095370925524,0.0012685751524923081,619
240,0.5,408,419,13,2.0,209.5,0.0980187695516162,0.00859586731405273,0.0570262908498661,0.0037908735528815168,0.0058095370925524,0.00122388199822315,619
241,0.1,83,119,13,1.0,119.0,0.0980187695516162,0.012083665583021482,0.0464749058416465,0.005052727602652017,0.0039956275909326,0.0013352985278224428,609
241,0.2,166,223,13,1.0,223.0,0.0980187695516162,0.010399472544737795,0.0570262908498661,0.004829597181302117,0.0058095370925524,0.0013661072273995587,609
241,0.3,249,308,13,1.0,308.0,0.0980187695516162,0.009333992389258246,0.0570262908498661,0.0041823884939041515,0.0058095370925524,0.00130089579113194,609
241,0.5,414,432,13,1.666667,259.19994816001036,0.0980187695516162,0.00863409029467419,0.0570262908498661,0.0038809840369555208,0.0058095370925524,0.0013006525890394693,609
242,0.1,87,127,13,1.0,127.0,0.0980187695516162,0.0103946860657016,0.0464749058416465,0.004002982650686425,0.0039956275909326,0.0011556662591506693,628
242,0.2,174,228,13,1.0,228.0,0.0980187695516162,0.009224704096006396,0.0464749058416465,0.0036120833503064977,0.0040871733233292,0.0011955362666002652,628
242,0.3,261,308,13,1.0,308.0,0.0980187695516162,0.008910797231965072,0.0570262908498661,0.0037484045124427565,0.0045513414488271,0.001200715708529111,628
242,0.5,434,445,13,1.5,296.6666666666667,0.0980187695516162,0.008508394746400114,0.0570262908498661,0.003718292876015182,0.0052421649220672,0.0012524338670442036,628
243,0.1,83,132,13,1.0,132.0,0.0980187695516162,0.012331342623313379,0.0464749058416465,0.005593738835777844,0.0052421649220672,0.0014589151986372734,621
243,0.2,165,218,13,1.0,218.0,0.0980187695516162,0.010743224497995764,0.0464749058416465,0.004690058850736435,0.0052421649220672,0.001363037996175717,621
243,0.3,247,291,13,1.0,291.0,0.0980187695516162,0.010101444445638846,0.0570262908498661,0.004575050462727596,0.0056186378747126,0.0013055036200261794,621
243,0.5,411,414,13,1.6,258.75,0.0980187695516162,0.008722350677285573,0.0570262908498661,0.003918462574416174,0.0056186378747126,0.0012836922545075586,621
244,0.1,87,127,12,1.0,127.0,0.0980187695516162,0.011724811770791379,0.0570262908498661,0.0054569394071111894,0.0045513414488271,0.0013445316519174147,620
244,0.2,173,224,13,1.0,224.0,0.0980187695516162,0.010548562490689663,0.0570262908498661,0.00494817313479052,0.0052421649220672,0.0013831376544497008,620
244,0.3,259,299,13,1.0,299.0,0.0980187695516162,0.009740497522154093,0.0570262908498661,0.00451796346264013,0.0056186378747126,0.0013539366213122348,620
244,0.5,432,418,13,1.5,278.6666666666667,0.0980187695516162,0.008686281064306373,0.0570262908498661,0.004004707534535133,0.0058095370925524,0.001295831867900187,620
245,0.1,86,123,12,1.0,123.0,0.0980187695516162,0.012674110057054646,0.0570262908498661,0.005746394631793393,0.0058095370925524,0.00132012340518293,647
245,0.2,172,224,13,1.0,224.0,0.0980187695516162,0.010408908088782915,0.0570262908498661,0.004648109313023207,0.0058095370925524,0.0012585108469880103,647
245,0.3,258,309,13,1.0,309.0,0.0980187695516162,0.009101309009182254,0.0570262908498661,0.003932283207080397,0.0058095370925524,0.0012305262754577437,647
245,0.5,430,446,13,1.5,297.3333333333333,0.0980187695516162,0.00842151531163343,0.0570262908498661,0.003713417788619292,0.0058095370925524,0.0012435503088031132,647
246,0.1,81,126,13,1.0,126.0,0.0980187695516162,0.01053511428902457,0.0570262908498661,0.004332520588750906,0.0032827908000505,0.0011926152819862082,609
246,0.2,161,226,13,1.0,226.0,0.0980187695516162,0.009647771000396752,0.0570262908498661,0.003980089772660781,0.0058095370925524,0.001194358410339356,609
246,0.3,241,308,13,1.0,308.0,0.0980187695516162,0.009191798816407738,0.0570262908498661,0.003952904693254955,0.0058095370925524,0.001248481841183065,609
246,0.5,401,428,13,1.5,285.3333333333333,0.0980187695516162,0.008707473711907802,0.0570262908498661,0.0037298284827232226,0.0058095370925524,0.0012369694614597915,609
247,0.1,86,129,13,1.0,129.0,0.0980187695516162,0.011623865298962862,0.0570262908498661,0.005172725799182019,0.0052421649220672,0.001271221804967651,652
247,0.2,171,226,13,1.0,226.0,0.0980187695516162,0.010469054232376972,0.0570262908498661,0.0046164631917111915,0.0052421649220672,0.0012657280698105701,652
247,0.3,256,310,13,1.0,310.0,0.0980187695516162,0.009748057452319239,0.0570262908498661,0.004294298245698996,0.0052421649220672,0.0012557300240888397,652
247,0.5,426,434,13,1.666667,260.39994792001045,0.0980187695516162,0.008565469983613837,0.0570262908498661,0.0037865847787832527,0.0056186378747126,0.0012735654093493614,652
248,0.1,84,127,13,1.0,127.0,0.0980187695516162,0.010903746520735958,0.0570262908498661,0.005073290975891362,0.0052421649220672,0.0012622933750844065,635
248,0.2,167,218,13,1.0,218.0,0.0980187695516162,0.01033664654504401,0.0570262908498661,0.00478782229730827,0.0056186378747126,0.00135941302883607,635
248,0.3,250,301,13,1.0,301.0,0.0980187695516162,0.009485240370125258,0.0570262908498661,0.00436788278458408,0.0056186378747126,0.0013017742940967033,635
248,0.5,417,435,13,1.5,290.0,0.0980187695516162,0.008346817206620834,0.0570262908498661,0.0036886079268108572,0.0056186378747126,0.0012284239409697955,635
249,0.1,81,119,13,1.0,119.0,0.0980187695516162,0.010234750834640382,0.0464749058416465,0.004285223911624955,0.0048729601732022,0.0012073360877566228,614
249,0.2,162,227,13,1.0,227.0,0.0980187695516162,0.009568520806824245,0.0570262908498661,0.0043351100378321945,0.0058095370925524,0.0012961324502856874,614
249,0.3,243,311,13,1.0,311.0,0.0980187695516162,0.009099779043684928,0.0570262908498661,0.004227855000875419,0.0058095370925524,0.001309475879123282,614
249,0.5,405,433,13,1.5,288.6666666666667,0.0980187695516162,0.008305899862009794,0.0570262908498661,0.0037696887997050485,0.0058095370925524,0.0012679030583109161,614
250,0.1,82,126,12,1.0,126.0,0.0980187695516162,0.013406822583047774,0.0570262908498661,0.0063665614122196505,0.0056186378747126,0.0014545793320512126,607
250,0.2,164,223,13,1.0,223.0,0.0980187695516162,0.011250508517373714,0.0570262908498661,0.0051243677664473,0.0056186378747126,0.0013960442073766514,607
250,0.3,246,303,13,1.0,303.0,0.0980187695516162,0.010000791528579297,0.0570262908498661,0.004649407926297749,0.0056186378747126,0.0013815205541376804,607
250,0.5,410,416,13,1.666667,249.59995008001,0.0980187695516162,0.008890972166519566,0.0570262908498661,0.00402927539230847,0.0058095370925524,0.0013167715613144446,607
251,0.1,81,114,13,1.0,114.0,0.0980187695516162,0.012165450121654459,0.0570262908498661,0.005378475118449682,0.0039956275909326,0.0013734173979193087,601
251,0.2,162,212,13,1.0,212.0,0.0980187695516162,0.010821020323843585,0.0570262908498661,0.0051303379394388865,0.0058095370925524,0.0014158434084523145,601
251,0.3,243,292,13,1.0,292.0,0.0980187695516162,0.00977402259774018,0.0570262908498661,0.00448005457545101,0.0058095370925524,0.0013293816531750856,601
251,0.5,404,430,13,1.555556,276.4284924490022,0.0980187695516162,0.008851274341004392,0.0570262908498661,0.003996902434496354,0.0058095370925524,0.0013078137026497365,601
252,0.1,82,121,13,1.0,121.0,0.0980187695516162,0.01357302286300291,0.0464749058416465,0.005888487845274433,0.0056186378747126,0.001351699361013914,623
252,0.2,163,227,13,1.0,227.0,0.0980187695516162,0.010579118299623736,0.0464749058416465,0.004630471928838449,0.0058095370925524,0.001351657936508772,623
252,0.3,245,299,13,1.0,299.0,0.0980187695516162,0.009646335891972153,0.0570262908498661,0.004313565841514692,0.0058095370925524,0.0012895432015553366,623
252,0.5,408,431,13,1.666667,258.5999482800104,0.0980187695516162,0.008581541580677815,0.0570262908498661,0.0038766616398927356,0.0058095370925524,0.0012733450518380447,623
253,0.1,82,118,12,1.0,118.0,0.0980187695516162,0.012592566409218601,0.0570262908498661,0.006094204781991037,0.0056186378747126,0.0013785464161177958,620
253,0.2,163,215,13,1.0,215.0,0.0980187695516162,0.010747629555981237,0.0570262908498661,0.004934626983578184,0.0056186378747126,0.0013654951191862431,620
253,0.3,245,293,13,1.0,293.0,0.0980187695516162,0.009815400712488433,0.0570262908498661,0.004457059130690157,0.0056186378747126,0.0013123645174665868,620
253,0.5,408,431,13,1.5,287.3333333333333,0.0980187695516162,0.008535573356817407,0.0570262908498661,0.003788628558478003,0.0056186378747126,0.0012712764602416094,620
254,0.1,85,131,13,1.0,131.0,0.0980187695516162,0.011120043938899413,0.0570262908498661,0.004812871561855056,0.0039254903849993,0.0012288150907137437,643
254,0.2,169,226,13,1.0,226.0,0.0980187695516162,0.01021528694159657,0.0570262908498661,0.0044671850742298595,0.0052421649220672,0.0012943372908705143,643
254,0.3,253,308,13,1.0,308.0,0.0980187695516162,0.0093678480018417,0.0570262908498661,0.00418433223340824,0.0056186378747126,0.0012849255136703705,643
254,0.5,421,449,13,1.5,299.3333333333333,0.0980187695516162,0.008316476656502298,0.0570262908498661,0.0036240075681143904,0.0056186378747126,0.0012651562307326053,643
255,0.1,79,120,13,1.0,120.0,0.0980187695516162,0.01092283628779975,0.0464749058416465,0.004297548398693567,0.0039956275909326,0.0012089111736346835,606
255,0.2,157,226,13,1.0,226.0,0.0980187695516162,0.0090617992562311,0.0464749058416465,0.003701797050629186,0.0039956275909326,0.0011954009141576486,606
255,0.3,236,315,13,1.0,315.0,0.0980187695516162,0.009030570865815869,0.0570262908498661,0.003969781355135049,0.0056186378747126,0.001247252298930975,606
255,0.5,393,430,13,1.6,268.75,0.0980187695516162,0.0085214734340519,0.0570262908498661,0.0037909181187873856,0.0056186378747126,0.0012823954480407935,606
256,0.1,84,124,12,1.0,124.0,0.0980187695516162,0.010923677217531663,0.0464749058416465,0.004633012541759004,0.0056186378747126,0.0013408881252666791,652
256,0.2,168,233,12,1.0,233.0,0.0980187695516162,0.00969357386762852,0.0464749058416465,0.003990167425938504,0.0056186378747126,0.0012021113903477724,652
256,0.3,252,306,13,1.0,306.0,0.0980187695516162,0.009064453031820956,0.0492079830055308,0.004043767396864084,0.0058095370925524,0.0012578281971700794,652
256,0.5,419,452,13,1.5,301.3333333333333,0.0980187695516162,0.008194376516836261,0.0570262908498661,0.0037379047280208023,0.0058095370925524,0.00126558534346472,652
257,0.1,87,122,13,1.0,122.0,0.0980187695516162,0.012376279936409123,0.0570262908498661,0.005748515001148229,0.0058095370925524,0.0013521997736202,627
257,0.2,174,228,13,1.0,228.0,0.0980187695516162,0.010569306477873474,0.0570262908498661,0.004784098532514474,0.0058095370925524,0.001336187377300661,627
257,0.3,260,323,13,1.0,323.0,0.0980187695516162,0.0097592629060844,0.0570262908498661,0.004403485407899893,0.0058095370925524,0.0013222595322100194,627
257,0.5,433,448,13,1.666667,268.79994624001074,0.0980187695516162,0.008695814092060135,0.0570262908498661,0.0038743985788466445,0.0058095370925524,0.0012818124316402988,627
258,0.1,89,133,12,1.0,133.0,0.0980187695516162,0.01168196821563811,0.0492079830055308,0.00547686831792883,0.0056186378747126,0.0013727898153096634,652
258,0.2,177,235,12,1.0,235.0,0.0980187695516162,0.01050296186186848,0.0570262908498661,0.005069044134730895,0.0058095370925524,0.0013595924366677043,652
258,0.3,266,315,12,1.0,315.0,0.0980187695516162,0.009318569276859116,0.0570262908498661,0.004380357802767407,0.0058095370925524,0.0012807823659452154,652
258,0.5,442,454,13,1.5,302.6666666666667,0.0980187695516162,0.008348913378013946,0.0570262908498661,0.0038139290454992287,0.0058095370925524,0.0012568267859248846,652
259,0.1,88,128,12,1.0,128.0,0.0980187695516162,0.012122002085505689,0.0570262908498661,0.00548825951133337,0.0056186378747126,0.0013234333666348633,632
259,0.2,175,224,12,1.0,224.0,0.0980187695516162,0.01062304483837326,0.0570262908498661,0.004842017281112319,0.0056186378747126,0.0013717708447133525,632
259,0.3,262,299,12,1.0,299.0,0.0980187695516162,0.009810246877844419,0.0570262908498661,0.004471498910081436,0.0058095370925524,0.0013362963416757682,632
259,0.5,436,439,13,1.666667,263.39994732001054,0.0980187695516162,0.008605680271543252,0.0570262908498661,0.0038814105892190304,0.0058095370925524,0.0012967060266992128,632
260,0.1,84,131,13,1.0,131.0,0.0980187695516162,0.010379769002379973,0.0464749058416465,0.004432073521785947,0.0040871733233292,0.0013326674408044496,633
260,0.2,168,229,13,1.0,229.0,0.0980187695516162,0.009617004612701504,0.0570262908498661,0.004196553432681334,0.0058095370925524,0.0013050304107920995,633
260,0.3,252,314,13,1.0,314.0,0.0980187695516162,0.009105822811713323,0.0570262908498661,0.0041120484712613686,0.0058095370925524,0.001330565864376387,633
260,0.5,420,443,13,1.666667,265.79994684001065,0.0980187695516162,0.008615068838166122,0.0570262908498661,0.0037788436615824083,0.0058095370925524,0.0012796761808576138,633
261,0.1,85,136,13,1.0,136.0,0.05422314911366,0.010741887996074295,0.031948254360793,0.004591330761024915,0.0056186378747126,0.001431986435736242,627
261,0.2,170,226,13,1.0,226.0,0.0980187695516162,0.010487510035342817,0.0464749058416465,0.004419750645804956,0.0056186378747126,0.0013238065253820268,627
261,0.3,254,310,13,1.0,310.0,0.0980187695516162,0.009626963570923968,0.0570262908498661,0.00413736553705993,0.0056186378747126,0.0012703632012256098,627
261,0.5,423,451,13,1.5,300.6666666666667,0.0980187695516162,0.008575544092724036,0.0570262908498661,0.0036601302442663473,0.0056186378747126,0.001262774055935176,627
262,0.1,83,127,12,1.0,127.0,0.0980187695516162,0.011150066095752583,0.0464749058416465,0.004331851893287855,0.0033286289963735,0.0013202692210467614,617
262,0.2,166,227,13,1.0,227.0,0.0980187695516162,0.00975226580551506,0.0570262908498661,0.004172353426360946,0.0040871733233292,0.0013561244623707888,617
262,0.3,248,303,13,1.0,303.0,0.0980187695516162,0.008982128661249813,0.0570262908498661,0.004095253877731773,0.0056186378747126,0.0013241112847422064,617
262,0.5,413,426,13,1.5,284.0,0.0980187695516162,0.008496232871682604,0.0570262908498661,0.003792750263919702,0.0058095370925524,0.0012726090249851492,617
263,0.1,84,131,13,1.0,131.0,0.0761209593326381,0.010809606062294485,0.0570262908498661,0.004721763638660813,0.0045513414488271,0.0011698353350088565,622
263,0.2,167,223,13,1.0,223.0,0.0980187695516162,0.010329332217322745,0.0570262908498661,0.004673202878443267,0.0052421649220672,0.00127526520692545,622
263,0.3,251,304,13,1.0,304.0,0.0980187695516162,0.009700345754898147,0.0570262908498661,0.00435561039486022,0.0056186378747126,0.0012675323357925206,622
263,0.5,418,434,13,1.285714,337.5556305679179,0.0980187695516162,0.00883216484144866,0.0570262908498661,0.003961473175211662,0.0058095370925524,0.0012768410961564879,622
264,0.1,84,135,12,1.0,135.0,0.0980187695516162,0.0097632564785849,0.0464749058416465,0.004105496448174042,0.0039956275909326,0.0012895660224543392,638
264,0.2,168,227,12,1.0,227.0,0.0980187695516162,0.009770640305384144,0.0570262908498661,0.004242669734403002,0.0056186378747126,0.0012840893637256815,638
264,0.3,252,302,12,1.0,302.0,0.0980187695516162,0.008866852198413036,0.0570262908498661,0.003789867112050078,0.0056186378747126,0.0012217699010818937,638
264,0.5,419,431,12,1.5,287.3333333333333,0.0980187695516162,0.008383152404017092,0.0570262908498661,0.0036558797338097325,0.0056186378747126,0.0012454156632115418,638
265,0.1,83,120,13,1.0,120.0,0.0980187695516162,0.011505039972193211,0.0464749058416465,0.0047624944256273284,0.0052421649220672,0.0012639568838820623,619
265,0.2,166,214,13,1.0,214.0,0.0980187695516162,0.010076695935212843,0.0464749058416465,0.004212156118057521,0.0056186378747126,0.0013015469216963109,619
265,0.3,249,300,13,1.0,300.0,0.0980187695516162,0.00896072297532147,0.0464749058416465,0.0037947210583378996,0.0056186378747126,0.0012709656848955842,619
265,0.5,415,431,13,1.666667,258.5999482800104,0.0980187695516162,0.008484766372550636,0.0570262908498661,0.0037408033162931453,0.0056186378747126,0.0012703222998836847,619
266,0.1,80,121,13,1.0,121.0,0.0980187695516162,0.012047673626970195,0.0570262908498661,0.0051714709302677995,0.0039956275909326,0.0012206921752585976,609
266,0.2,160,224,13,1.0,224.0,0.0980187695516162,0.009994600029792898,0.0570262908498661,0.004250818073489786,0.0052421649220672,0.0012434109220300518,609
266,0.3,240,294,13,1.0,294.0,0.0980187695516162,0.008966255949720827,0.0570262908498661,0.0038270576584010325,0.0052421649220672,0.0012180610982610058,609
266,0.5,400,433,13,1.5,288.6666666666667,0.0980187695516162,0.008486515254776028,0.0570262908498661,0.0037232432070763376,0.0058095370925524,0.0012557656002532803,609
267,0.1,78,130,12,1.0,130.0,0.0980187695516162,0.012529076762653354,0.0464749058416465,0.005502158196399403,0.0052421649220672,0.0013856828623774406,606
267,0.2,156,217,13,1.0,217.0,0.0980187695516162,0.010687015564407959,0.0464749058416465,0.004721165786929176,0.0056186378747126,0.001316404724194938,606
267,0.3,234,291,13,1.0,291.0,0.0980187695516162,0.009743110126886135,0.0570262908498661,0.004293163306968841,0.0056186378747126,0.0012720742740480748,606
267,0.5,389,415,13,1.666667,248.99995020000998,0.0980187695516162,0.008728972197444583,0.0570262908498661,0.003943999075054985,0.0056186378747126,0.001284824546114709,606
268,0.1,87,124,13,1.0,124.0,0.0980187695516162,0.011991657977059393,0.0464749058416465,0.004988912999163831,0.0056186378747126,0.0012650707434475525,649
268,0.2,174,225,13,1.0,225.0,0.0980187695516162,0.010348742903487385,0.0464749058416465,0.004416458782092646,0.0056186378747126,0.0012829375013905253,649
268,0.3,261,311,13,1.0,311.0,0.0980187695516162,0.009344540970799524,0.0570262908498661,0.004130603639453597,0.0058095370925524,0.0012778611622363302,649
268,0.5,435,447,13,1.5,298.0,0.0980187695516162,0.008593963230714277,0.0570262908498661,0.0038813187624489446,0.0058095370925524,0.001284609210396911,649
269,0.1,88,135,13,1.0,135.0,0.0980187695516162,0.010010427528675663,0.0464749058416465,0.003915144987562267,0.0037580805554219,0.0011413445149896842,645
269,0.2,175,251,13,1.0,251.0,0.0980187695516162,0.009164592931714186,0.0570262908498661,0.004027928521226633,0.0045513414488271,0.0012240981621450728,645
269,0.3,262,329,13,1.0,329.0,0.0980187695516162,0.008595579868847635,0.0570262908498661,0.0038092713941546563,0.0045513414488271,0.001196011384599976,645
269,0.5,437,455,13,1.5,303.3333333333333,0.0980187695516162,0.008073886488902084,0.0570262908498661,0.0035971428812705208,0.0056186378747126,0.0012286194848671918,645
270,0.1,82,125,13,1.0,125.0,0.0980187695516162,0.011603753910323212,0.0492079830055308,0.0051757924584627905,0.0052421649220672,0.0012416575711632258,596
270,0.2,163,222,13,1.0,222.0,0.0980187695516162,0.01075632462493772,0.0570262908498661,0.004955309377470671,0.0056186378747126,0.001329254262006597,596
270,0.3,244,305,13,1.0,305.0,0.0980187695516162,0.009562556624899528,0.0570262908498661,0.004283875694306228,0.0056186378747126,0.0012860057046220666,596
270,0.5,407,415,13,1.75,237.14285714285714,0.0980187695516162,0.008686257019736882,0.0570262908498661,0.0038793116415059346,0.0056186378747126,0.0012770041958582747,596
271,0.1,87,137,12,1.0,137.0,0.0656934306569343,0.010633034715297977,0.0570262908498661,0.005255566460469535,0.0045513414488271,0.0014245990827659817,631
271,0.2,174,242,13,1.0,242.0,0.0980187695516162,0.010263790622118383,0.0570262908498661,0.004832628171946329,0.0052421649220672,0.0014079357401114863,631
271,0.3,261,321,13,1.0,321.0,0.0980187695516162,0.009319806782116583,0.0570262908498661,0.004289819711814569,0.0056186378747126,0.0012965240130533911,631
271,0.5,435,445,13,1.75,254.28571428571428,0.0980187695516162,0.008283441318789426,0.0570262908498661,0.0037397510917373923,0.0058095370925524,0.0012495579098726368,631
272,0.1,80,119,13,1.0,119.0,0.0980187695516162,0.011426468397577964,0.0570262908498661,0.005005642789503424,0.0052421649220672,0.0012386106774482906,609
272,0.2,160,212,13,1.0,212.0,0.0980187695516162,0.010038955673165794,0.0570262908498661,0.004348637025395352,0.0052421649220672,0.001274791166935281,609
272,0.3,240,307,13,1.0,307.0,0.0980187695516162,0.009649709761457497,0.0570262908498661,0.004245315125576816,0.0058095370925524,0.0013066519662240875,609
272,0.5,400,427,13,1.75,244.0,0.0980187695516162,0.008815779512714457,0.0570262908498661,0.003959711907968255,0.0058095370925524,0.0012962943053189612,609
273,0.1,81,124,12,1.0,124.0,0.0980187695516162,0.012008476571697626,0.0464749058416465,0.004967508949659467,0.0040871733233292,0.0013078450496500202,615
273,0.2,161,232,12,1.0,232.0,0.0980187695516162,0.010018517852648191,0.0570262908498661,0.004355562688707074,0.0040871733233292,0.001311096821512117,615
273,0.3,241,307,12,1.0,307.0,0.0980187695516162,0.009503656428214742,0.0570262908498661,0.004192786098720596,0.0052421649220672,0.00128653190020591,615
273,0.5,402,418,13,1.5,278.6666666666667,0.0980187695516162,0.00860146384541309,0.0570262908498661,0.003817314054079774,0.0056186378747126,0.001256752977104288,615
274,0.1,86,126,13,1.0,126.0,0.0980187695516162,0.012893721965671871,0.0570262908498661,0.005699066275347358,0.0039956275909326,0.001388571700073562,607
274,0.2,172,223,13,1.0,223.0,0.0980187695516162,0.010418176632048474,0.0570262908498661,0.004818621701286677,0.0056186378747126,0.0013175477483754108,607
274,0.3,257,307,13,1.0,307.0,0.0980187695516162,0.009724434722651467,0.0570262908498661,0.004521209060509257,0.0058095370925524,0.0013198800987464438,607
274,0.5,428,421,13,1.285714,327.4445172098927,0.0980187695516162,0.008837392473850634,0.0570262908498661,0.003949217076036726,0.0058095370925524,0.0012708984003370887,607
275,0.1,80,129,13,1.0,129.0,0.0980187695516162,0.012521117766407146,0.0464749058416465,0.005346999594603821,0.0052421649220672,0.001339393299961655,601
275,0.2,160,217,13,1.0,217.0,0.0980187695516162,0.010600519934839913,0.0464749058416465,0.004570689609186221,0.0056186378747126,0.0013574239829404588,601
275,0.3,240,300,13,1.0,300.0,0.0980187695516162,0.00955509210983659,0.0464749058416465,0.004087956428819622,0.0056186378747126,0.0012817842677086636,601
275,0.5,399,420,13,1.5,280.0,0.0980187695516162,0.008756641342668408,0.0570262908498661,0.0038505996860089945,0.0058095370925524,0.0012665843588794802,601
276,0.1,91,129,13,1.0,129.0,0.0980187695516162,0.011777449054651522,0.0464749058416465,0.004833000710752565,0.0039956275909326,0.001267600892740668,671
276,0.2,181,243,13,1.0,243.0,0.0980187695516162,0.010161476503731124,0.0570262908498661,0.0043494731186047055,0.0058095370925524,0.0012626105915712553,671
276,0.3,271,338,13,1.0,338.0,0.0980187695516162,0.009107119719135396,0.0570262908498661,0.0038820116104441617,0.0058095370925524,0.0012323385648810904,671
276,0.5,451,473,13,1.6,295.625,0.0980187695516162,0.00831115921932417,0.0570262908498661,0.003607820249131391,0.0058095370925524,0.0012464902713916518,671
277,0.1,83,121,12,1.0,121.0,0.0980187695516162,0.011659872973741544,0.0570262908498661,0.0052463275825611645,0.0045513414488271,0.0012387505687724398,629
277,0.2,166,227,12,1.0,227.0,0.0980187695516162,0.010363217926162026,0.0570262908498661,0.004762287169286373,0.0045513414488271,0.001342126089841666,629
277,0.3,249,309,13,1.0,309.0,0.0980187695516162,0.009546756836105529,0.0570262908498661,0.004339471624515211,0.0056186378747126,0.0012792064382273574,629
277,0.5,415,427,13,1.666667,256.1999487600103,0.0980187695516162,0.008454356973135027,0.0570262908498661,0.003800168495387121,0.0056186378747126,0.0012495006063452368,629
278,0.1,85,130,13,1.0,130.0,0.0656934306569343,0.010852650998636358,0.0570262908498661,0.004762928463237418,0.0048729601732022,0.0012703347012091375,612
278,0.2,170,234,13,1.0,234.0,0.0980187695516162,0.009870502571232453,0.0570262908498661,0.00444778900355141,0.0052421649220672,0.0013071390406035916,612
278,0.3,254,314,13,1.0,314.0,0.0980187695516162,0.00949768535430347,0.0570262908498661,0.004193831721231562,0.0056186378747126,0.0013077907639759113,612
278,0.5,423,454,13,1.5,302.6666666666667,0.0980187695516162,0.008489018939515694,0.0570262908498661,0.0037954257224677886,0.0058095370925524,0.0012780325629565437,612
279,0.1,75,126,12,1.0,126.0,0.0980187695516162,0.012173725938063745,0.0464749058416465,0.005298945893051619,0.0056186378747126,0.0013662104238790769,594
279,0.2,150,215,13,1.0,215.0,0.0980187695516162,0.010631229235880354,0.0570262908498661,0.0045636047691850696,0.0056186378747126,0.0013158634041558618,594
279,0.3,225,297,13,1.0,297.0,0.0980187695516162,0.00961298771517745,0.0570262908498661,0.004246216610262932,0.0058095370925524,0.001297579549703816,594
279,0.5,374,411,13,1.5,274.0,0.0980187695516162,0.008745423684951584,0.0570262908498661,0.0038254989690897118,0.0058095370925524,0.0012719282858183443,594
280,0.1,87,129,12,1.0,129.0,0.0980187695516162,0.011365197920960904,0.0570262908498661,0.005440612857999993,0.0058095370925524,0.0013397307834878884,642
280,0.2,174,222,13,1.0,222.0,0.0980187695516162,0.009854484307039009,0.0570262908498661,0.004554625838663145,0.0058095370925524,0.0012622939574005992,642
280,0.3,260,303,13,1.0,303.0,0.0980187695516162,0.008920182946344644,0.0570262908498661,0.004000957616579635,0.0058095370925524,0.0012319889981958192,642
280,0.5,433,437,13,1.666667,262.1999475600105,0.0980187695516162,0.008604500779081904,0.0570262908498661,0.0038398908451725716,0.0058095370925524,0.0012701995786177013,642
281,0.1,84,119,13,1.0,119.0,0.0980187695516162,0.011812024079704834,0.0464749058416465,0.005142187838996983,0.0056186378747126,0.0013227280123183183,626
281,0.2,167,210,13,1.0,210.0,0.0980187695516162,0.01034311534832907,0.0464749058416465,0.0045443924729141865,0.0056186378747126,0.0013346408535206697,626
281,0.3,250,302,13,1.0,302.0,0.0980187695516162,0.009077474466365996,0.0570262908498661,0.004156654989854419,0.0056186378747126,0.001321381277946091,626
281,0.5,416,445,13,1.5,296.6666666666667,0.0980187695516162,0.008419350681304217,0.0570262908498661,0.003777925748806417,0.0058095370925524,0.0012916528155860784,626
282,0.1,88,125,13,1.0,125.0,0.0980187695516162,0.013180396246089628,0.0492079830055308,0.005993559280872551,0.0056186378747126,0.0013738489845058872,634
282,0.2,175,224,13,1.0,224.0,0.0980187695516162,0.010474080143006064,0.0492079830055308,0.0045142591280380884,0.0056186378747126,0.0013229013309494116,634
282,0.3,262,314,13,1.0,314.0,0.0980187695516162,0.009222053226888367,0.0492079830055308,0.0040125604997250245,0.0056186378747126,0.001253698500039256,634
282,0.5,437,445,13,1.5,296.6666666666667,0.0980187695516162,0.008327963351337373,0.0570262908498661,0.0036955152356984277,0.0056186378747126,0.001250879066053493,634
283,0.1,83,122,13,1.0,122.0,0.0980187695516162,0.011598488863057442,0.0464749058416465,0.004619039331861012,0.0039956275909326,0.001208165019772069,629
283,0.2,165,223,13,1.0,223.0,0.0980187695516162,0.009501676353825176,0.0464749058416465,0.003982136001564963,0.0040871733233292,0.0012958045898632602,629
283,0.3,248,301,13,1.0,301.0,0.0980187695516162,0.009318954198552573,0.0492079830055308,0.004026164313955386,0.0045513414488271,0.0012938189364559273,629
283,0.5,413,431,13,1.5,287.3333333333333,0.0980187695516162,0.0085718640598651,0.0570262908498661,0.0037307626478089305,0.0056186378747126,0.001238070299208051,629
284,0.1,84,135,13,1.0,135.0,0.0980187695516162,0.010620631058587222,0.0464749058416465,0.004438364302400324,0.0044179097289399,0.0012564971814738287,638
284,0.2,168,223,13,1.0,223.0,0.0980187695516162,0.01024516382442469,0.0464749058416465,0.0043969436172345095,0.0052421649220672,0.0013053814198960673,638
284,0.3,252,315,13,1.0,315.0,0.0980187695516162,0.009202707847129074,0.0464749058416465,0.0039656106359854774,0.0058095370925524,0.0012859654323062622,638
284,0.5,420,440,13,1.666667,263.9999472000106,0.0980187695516162,0.008576642335766379,0.0570262908498661,0.003834161947022056,0.0058095370925524,0.0012643809883984703,638
285,0.1,83,130,12,1.0,130.0,0.0980187695516162,0.012232293254191019,0.0570262908498661,0.00561262723788747,0.0056186378747126,0.0013524094522185985,633
285,0.2,166,228,13,1.0,228.0,0.0980187695516162,0.01034520608089563,0.0570262908498661,0.004629359027314491,0.0056186378747126,0.0013063099069094632,633
285,0.3,249,324,13,1.0,324.0,0.0980187695516162,0.009162708067817514,0.0570262908498661,0.004082077380143475,0.0056186378747126,0.0012492913008740724,633
285,0.5,414,448,13,1.5,298.6666666666667,0.0980187695516162,0.008335040220467705,0.0570262908498661,0.0037069637427432638,0.0058095370925524,0.0012505719246994932,633
286,0.1,82,125,13,1.0,125.0,0.0980187695516162,0.01128675703858181,0.0492079830055308,0.005061728090073052,0.0045513414488271,0.0013238419625837146,609
286,0.2,164,224,13,1.0,224.0,0.0980187695516162,0.009957358855951092,0.0570262908498661,0.004476339186001359,0.0052421649220672,0.001282840647250974,609
286,0.3,246,301,13,1.0,301.0,0.0980187695516162,0.00905913205547025,0.0570262908498661,0.003922793470744169,0.0052421649220672,0.0012485898566294248,609
286,0.5,409,426,13,1.5,284.0,0.0980187695516162,0.008572113948900168,0.0570262908498661,0.0038295813523837887,0.0058095370925524,0.0013034305065063908,609
287,0.1,81,115,12,1.0,115.0,0.0980187695516162,0.011651629868069049,0.0570262908498661,0.0051169757305561505,0.0038790328069506,0.0011940305397020157,624
287,0.2,162,213,13,1.0,213.0,0.0980187695516162,0.010329617608326312,0.0570262908498661,0.00462045686389989,0.0052421649220672,0.001291269051673829,624
287,0.3,243,304,13,1.0,304.0,0.0980187695516162,0.00936419515943138,0.0570262908498661,0.004157016289714727,0.0052421649220672,0.001282924960788821,624
287,0.5,405,440,13,1.666667,263.9999472000106,0.0980187695516162,0.008472367049009338,0.0570262908498661,0.0038434352329613343,0.0058095370925524,0.0012772811794209706,624
288,0.1,85,121,13,1.0,121.0,0.0980187695516162,0.011702961935211392,0.0464749058416465,0.004833690084913903,0.0037580805554219,0.001261979918939134,617
288,0.2,170,227,13,1.0,227.0,0.0980187695516162,0.010358624301194755,0.0464749058416465,0.004791670754948236,0.0058095370925524,0.0013834693779347222,617
288,0.3,255,300,13,1.0,300.0,0.0980187695516162,0.009756690997566863,0.0464749058416465,0.004413589741668877,0.0058095370925524,0.001361964878728921,617
288,0.5,424,421,13,1.666667,252.5999494800101,0.0980187695516162,0.008676397375532167,0.0570262908498661,0.003936571209206708,0.0058095370925524,0.0012979045692781616,617
289,0.1,80,123,13,1.0,123.0,0.0980187695516162,0.011673745517434274,0.0570262908498661,0.005629231156471574,0.0058095370925524,0.0013293919875299082,616
289,0.2,160,219,13,1.0,219.0,0.0980187695516162,0.011056037253417472,0.0570262908498661,0.005187198545368709,0.0058095370925524,0.0013820001078866018,616
289,0.3,240,294,13,1.0,294.0,0.0980187695516162,0.009899058684996374,0.0570262908498661,0.0045566885884549555,0.0058095370925524,0.0013179611354377622,616
289,0.5,400,421,13,1.666667,252.5999494800101,0.0980187695516162,0.008768040739190372,0.0570262908498661,0.003972038223217487,0.0058095370925524,0.0012854137496652823,616
290,0.1,84,135,13,1.0,135.0,0.0980187695516162,0.010952767157146671,0.0570262908498661,0.005386101968866757,0.0045513414488271,0.0014549035485498512,611
290,0.2,168,227,13,1.0,227.0,0.0980187695516162,0.009573114431791515,0.0570262908498661,0.004379831910163314,0.0045513414488271,0.0013203823458775238,611
290,0.3,251,308,13,1.0,308.0,0.0980187695516162,0.009489728207142136,0.0570262908498661,0.004382735326269181,0.0056186378747126,0.0013370297565631294,611
290,0.5,418,424,13,1.5,282.6666666666667,0.0980187695516162,0.008396128042182262,0.0570262908498661,0.0038008549581972787,0.0056186378747126,0.0012883280398964362,611
291,0.1,86,139,12,1.0,139.0,0.0761209593326381,0.011530296096803432,0.0570262908498661,0.005774854243257213,0.0052421649220672,0.0014099181895110594,636
291,0.2,172,234,12,1.0,234.0,0.0980187695516162,0.009554111743892724,0.0570262908498661,0.0046364847866441055,0.0052421649220672,0.001330571435789215,636
291,0.3,258,314,13,1.0,314.0,0.0980187695516162,0.009238657571913375,0.0570262908498661,0.004257801781792652,0.0056186378747126,0.0013035706939373574,636
291,0.5,429,443,13,1.5,295.3333333333333,0.0980187695516162,0.008495022796978561,0.0570262908498661,0.0038582230890557433,0.0058095370925524,0.0012801847421087613,636
292,0.1,85,127,13,1.0,127.0,0.0980187695516162,0.011782286338295254,0.0570262908498661,0.00569332639306391,0.0058095370925524,0.0013763658475782706,622
292,0.2,169,223,13,1.0,223.0,0.0980187695516162,0.010689385898053324,0.0570262908498661,0.004922224764955165,0.0058095370925524,0.001325322592310752,622
292,0.3,254,298,13,1.0,298.0,0.0980187695516162,0.010053117411173504,0.0570262908498661,0.004605103602571004,0.0058095370925524,0.0012977064898974614,622
292,0.5,422,424,13,1.666667,254.3999491200102,0.0980187695516162,0.008671572195880098,0.0570262908498661,0.0038807026065235516,0.0058095370925524,0.0012582808312573124,622
293,0.1,90,134,12,1.0,134.0,0.0980187695516162,0.012404090081396932,0.0570262908498661,0.005501063344469328,0.0052421649220672,0.0014087013808488829,646
293,0.2,179,240,13,1.0,240.0,0.0980187695516162,0.01042318387208894,0.0570262908498661,0.004435921610068695,0.0052421649220672,0.0012758925509450982,646
293,0.3,268,320,13,1.0,320.0,0.0980187695516162,0.009642205422314868,0.0570262908498661,0.00411056433899235,0.0056186378747126,0.001249209218473334,646
293,0.5,447,446,13,1.666667,267.5999464800107,0.0980187695516162,0.008557119944635856,0.0570262908498661,0.003805529484970793,0.0058095370925524,0.0012493420109805984,646
294,0.1,86,128,13,1.0,128.0,0.0980187695516162,0.012578206465067734,0.0570262908498661,0.0058717093053835155,0.0056186378747126,0.001400615491177792,634
294,0.2,171,231,13,1.0,231.0,0.0980187695516162,0.010820253781671878,0.0570262908498661,0.004978755190600851,0.0058095370925524,0.0013354057413873146,634
294,0.3,256,313,13,1.0,313.0,0.0980187695516162,0.009757901434867877,0.0570262908498661,0.004520838114332973,0.0058095370925524,0.0013282332551711356,634
294,0.5,427,444,13,1.666667,266.3999467200107,0.0980187695516162,0.008527557797630744,0.0570262908498661,0.0038519174770137864,0.0058095370925524,0.0012684076533063897,634
295,0.1,84,116,12,1.0,116.0,0.0980187695516162,0.012638883894861697,0.0464749058416465,0.005264957816748284,0.0058095370925524,0.0012554219566713453,622
295,0.2,168,216,12,1.0,216.0,0.0980187695516162,0.010919939752056494,0.0492079830055308,0.004958012986012784,0.0058095370925524,0.0013082315771363615,622
295,0.3,252,296,12,1.0,296.0,0.0980187695516162,0.009536256799030474,0.0570262908498661,0.004382714702820353,0.0058095370925524,0.0012463691506117167,622
295,0.5,420,428,13,1.666667,256.7999486400103,0.0980187695516162,0.008653874265443905,0.0570262908498661,0.0038486123350039442,0.0058095370925524,0.0012313742948878053,622
296,0.1,87,138,13,1.0,138.0,0.0980187695516162,0.010276405071708105,0.0570262908498661,0.004225024903095593,0.0034121486335321,0.0012774070437655122,635
296,0.2,173,231,13,1.0,231.0,0.0980187695516162,0.009411860298200193,0.0570262908498661,0.0042045845022942166,0.0045513414488271,0.0012960839622075664,635
296,0.3,260,311,13,1.0,311.0,0.0980187695516162,0.008694077767234716,0.0570262908498661,0.003855809803420205,0.0045513414488271,0.001257132514010516,635
296,0.5,433,454,13,1.5,302.6666666666667,0.0980187695516162,0.008273118566053986,0.0570262908498661,0.00366311173110402,0.0056186378747126,0.001258996183105851,635
297,0.1,82,120,13,1.0,120.0,0.0761209593326381,0.011261730969760122,0.0492079830055308,0.004863304178194318,0.0052421649220672,0.0013635039382376883,613
297,0.2,164,217,13,1.0,217.0,0.0980187695516162,0.01055246680730211,0.0570262908498661,0.004839154497849987,0.0056186378747126,0.0013576191867491416,613
297,0.3,246,287,13,1.0,287.0,0.0980187695516162,0.009435641801673446,0.0570262908498661,0.004355213869489079,0.0056186378747126,0.0013061414543528134,613
297,0.5,410,418,13,1.666667,250.79994984001004,0.0980187695516162,0.008436818655796713,0.0570262908498661,0.003760434493344345,0.0056186378747126,0.0012569375123105077,613
298,0.1,89,139,13,1.0,139.0,0.0656934306569343,0.010037434077763812,0.0570262908498661,0.004242383525702853,0.0040871733233292,0.001310961712528174,641
298,0.2,177,233,13,1.0,233.0,0.0980187695516162,0.009850210564473858,0.0570262908498661,0.004374002978421518,0.0040871733233292,0.001305562050543781,641
298,0.3,265,323,13,1.0,323.0,0.0980187695516162,0.00900060369902855,0.0570262908498661,0.003983930329395761,0.0056186378747126,0.0012878017346907354,641
298,0.5,441,444,13,2.0,222.0,0.0980187695516162,0.008520512170147161,0.0570262908498661,0.0037637891101886065,0.0058095370925524,0.0012585702445636615,641
299,0.1,87,135,13,1.0,135.0,0.0594369134515119,0.010574286486695197,0.0492079830055308,0.004466133686597159,0.0058095370925524,0.001278539393122891,644
299,0.2,174,238,13,1.0,238.0,0.0980187695516162,0.00958193496376648,0.0570262908498661,0.004175935277918309,0.0058095370925524,0.0012450349296661831,644
299,0.3,261,321,13,1.0,321.0,0.0980187695516162,0.009469235541955326,0.0570262908498661,0.004223789901161911,0.0058095370925524,0.0012499500782861088,644
299,0.5,435,456,13,1.5,304.0,0.0980187695516162,0.008492947697711388,0.0570262908498661,0.0037863096515918333,0.0058095370925524,0.001245748470470799,644
300,0.1,82,117,13,1.0,117.0,0.0980187695516162,0.013903371567605101,0.0492079830055308,0.006043658017639,0.0052421649220672,0.0012999618594227546,624
300,0.2,164,220,13,1.0,220.0,0.0980187695516162,0.011323348184662008,0.0570262908498661,0.004986747733609995,0.0056186378747126,0.0012947491718801622,624
300,0.3,246,299,13,1.0,299.0,0.0980187695516162,0.009949745589225074,0.0570262908498661,0.0043840325035596145,0.0056186378747126,0.0012603216818502475,624
300,0.5,409,421,13,1.666667,252.5999494800101,0.0980187695516162,0.008790332368188315,0.0570262908498661,0.003867865014204208,0.0058095370925524,0.001252738652551767,624
301,0.1,85,129,12,1.0,129.0,0.0980187695516162,0.0109286967205826,0.0464749058416465,0.004562138085908984,0.0056186378747126,0.001358104421028448,640
301,0.2,170,230,12,1.0,230.0,0.0980187695516162,0.010445663508183295,0.0464749058416465,0.004388527463963535,0.0056186378747126,0.00129978255672673,640
301,0.3,255,313,13,1.0,313.0,0.0980187695516162,0.00885507067732291,0.0464749058416465,0.003666195892223941,0.0056186378747126,0.0012135234080215722,640
301,0.5,424,439,13,1.555556,282.2142050816557,0.0980187695516162,0.008320645319132213,0.0570262908498661,0.0035691528225904796,0.0056186378747126,0.0012234165636674425,640
302,0.1,84,128,13,1.0,128.0,0.0980187695516162,0.012309371741397245,0.0464749058416465,0.00516960265306435,0.0052421649220672,0.0013770372300571352,613
302,0.2,168,216,13,1.0,216.0,0.0980187695516162,0.010437183794847985,0.0570262908498661,0.004543949705333591,0.0052421649220672,0.0013292106287469932,613
302,0.3,252,292,13,1.0,292.0,0.0980187695516162,0.009584755810133228,0.0570262908498661,0.004169308496384275,0.0056186378747126,0.0013129354831697818,613
302,0.5,420,425,13,1.5,283.3333333333333,0.0980187695516162,0.008641354351959717,0.0570262908498661,0.0038842505035788974,0.0058095370925524,0.0013073522884666218,613
303,0.1,84,127,13,1.0,127.0,0.0980187695516162,0.011544177415779188,0.0464749058416465,0.004873825664003408,0.0052421649220672,0.0013205027932720775,623
303,0.2,167,222,13,1.0,222.0,0.0980187695516162,0.010469802440605316,0.0492079830055308,0.004605312646989985,0.0056186378747126,0.0013404841996597354,623
303,0.3,250,308,13,1.0,308.0,0.0980187695516162,0.009435559227008608,0.0570262908498661,0.004235349152913986,0.0056186378747126,0.001269387323726167,623
303,0.5,416,438,13,1.666667,262.79994744001056,0.0980187695516162,0.008696749372681735,0.0570262908498661,0.0038908830101982515,0.0058095370925524,0.0012800801200432354,623
304,0.1,87,134,13,1.0,134.0,0.0980187695516162,0.010349711297526917,0.0570262908498661,0.0047237750235311435,0.0056186378747126,0.0012779316022803423,642
304,0.2,174,235,13,1.0,235.0,0.0980187695516162,0.009446897255563153,0.0570262908498661,0.0043422405731449445,0.0058095370925524,0.00125977408886633,642
304,0.3,260,329,13,1.0,329.0,0.0980187695516162,0.009261166805594688,0.0570262908498661,0.004253214117816332,0.0058095370925524,0.0012982335868216498,642
304,0.5,433,455,13,1.5,303.3333333333333,0.0980187695516162,0.008264102946063275,0.0570262908498661,0.0037112395087110558,0.0058095370925524,0.0012622477542141987,642
305,0.1,83,116,12,1.0,116.0,0.0980187695516162,0.012611916148286604,0.0570262908498661,0.00560492977963528,0.0045513414488271,0.0012636839338983703,621
305,0.2,166,221,12,1.0,221.0,0.0980187695516162,0.010559642161187845,0.0570262908498661,0.004823123408891059,0.0045513414488271,0.0013368124169428417,621
305,0.3,249,298,12,1.0,298.0,0.0980187695516162,0.009769684584753368,0.0570262908498661,0.004406065334060479,0.0056186378747126,0.0012984905254724937,621
305,0.5,414,427,13,1.5,284.6666666666667,0.0980187695516162,0.008488545591743892,0.0570262908498661,0.0037667465690299864,0.0056186378747126,0.0012416081870652255,621
306,0.1,86,132,13,1.0,132.0,0.0980187695516162,0.010901507251872168,0.0464749058416465,0.004679851000324896,0.0058095370925524,0.0013911076240601364,623
306,0.2,171,221,13,1.0,221.0,0.0980187695516162,0.010172738382270325,0.0570262908498661,0.004424237294103814,0.0058095370925524,0.0013497134424089521,623
306,0.3,257,307,13,1.0,307.0,0.0980187695516162,0.009544415497956904,0.0570262908498661,0.004342011784485235,0.0058095370925524,0.0013311329723249795,623
306,0.5,427,441,13,1.5,294.0,0.0980187695516162,0.00868960722975317,0.0570262908498661,0.003948865792784803,0.0058095370925524,0.0012929545195687975,623
307,0.1,82,131,12,1.0,131.0,0.0656934306569343,0.00994993194246547,0.0570262908498661,0.004189160758790471,0.0048729601732022,0.001227260132462361,640
307,0.2,164,231,12,1.0,231.0,0.0980187695516162,0.009520198258467243,0.0570262908498661,0.004081370678298341,0.0048729601732022,0.0012408820926584365,640
307,0.3,246,306,12,1.0,306.0,0.0980187695516162,0.009122383746685976,0.0570262908498661,0.003981068631195865,0.0056186378747126,0.0012565614426827214,640
307,0.5,409,440,12,1.666667,263.9999472000106,0.0980187695516162,0.008346762726324725,0.0570262908498661,0.0037013493282277753,0.0058095370925524,0.0012730280652071913,640
308,0.1,83,124,12,1.0,124.0,0.0980187695516162,0.012883043492885693,0.0464749058416465,0.0055189511329788625,0.0058095370925524,0.0013564355397750845,622
308,0.2,166,224,13,1.0,224.0,0.0980187695516162,0.010688216892596414,0.0570262908498661,0.004610525878994403,0.0058095370925524,0.0012807000780423745,622
308,0.3,249,300,13,1.0,300.0,0.0980187695516162,0.009854014598540104,0.0570262908498661,0.00448700975682125,0.0058095370925524,0.0012854958318574018,622
308,0.5,415,419,13,1.666667,251.39994972001008,0.0980187695516162,0.00895921318198895,0.0570262908498661,0.004033065841962504,0.0058095370925524,0.0012733274165555902,622
309,0.1,85,132,13,1.0,132.0,0.0980187695516162,0.011272790469870718,0.0464749058416465,0.004663594533930654,0.0058095370925524,0.0012507853391879576,631
309,0.2,170,236,13,1.0,236.0,0.0980187695516162,0.009636627136317804,0.0570262908498661,0.004373880307235665,0.0058095370925524,0.001258078784788435,631
309,0.3,255,319,13,1.0,319.0,0.0980187695516162,0.008897721960898358,0.0570262908498661,0.004023203334408923,0.0058095370925524,0.0012366919008094002,631
309,0.5,425,448,13,1.5,298.6666666666667,0.0980187695516162,0.00850029792939069,0.0570262908498661,0.0037448851184737134,0.0058095370925524,0.001245327048902171,631
310,0.1,86,127,12,1.0,127.0,0.0980187695516162,0.012414506580837932,0.0570262908498661,0.005707800350319588,0.0045513414488271,0.0012568860190210701,633
310,0.2,171,220,12,1.0,220.0,0.0980187695516162,0.010446487818750549,0.0570262908498661,0.004774740273238032,0.0052421649220672,0.0012647750647437274,633
310,0.3,257,314,12,1.0,314.0,0.0980187695516162,0.008830190684298222,0.0570262908498661,0.003875366408951315,0.0052421649220672,0.0011665693532459478,633
310,0.5,428,444,13,1.666667,266.3999467200107,0.0980187695516162,0.008283309378199846,0.0570262908498661,0.0036058951017696943,0.0056186378747126,0.0011771451771411111,633
311,0.1,85,129,13,1.0,129.0,0.0980187695516162,0.011761282343526398,0.0464749058416465,0.004663738455477274,0.0044179097289399,0.0012309036569425637,619
311,0.2,169,225,13,1.0,225.0,0.0980187695516162,0.010738037307380328,0.0570262908498661,0.004737843784252513,0.0056186378747126,0.0013284423729827458,619
311,0.3,253,302,13,1.0,302.0,0.0980187695516162,0.009391681456263032,0.0570262908498661,0.004074204270827815,0.0056186378747126,0.0012772289077636594,619
311,0.5,421,426,13,1.666667,255.59994888001023,0.0980187695516162,0.00885850382097936,0.0570262908498661,0.003979205603150492,0.0058095370925524,0.0012809905097398502,619
312,0.1,85,135,12,1.0,135.0,0.0980187695516162,0.012088209168501096,0.0464749058416465,0.005034726207715201,0.0056186378747126,0.0013212134023545712,630
312,0.2,169,231,13,1.0,231.0,0.0980187695516162,0.010594549697782188,0.0464749058416465,0.00453536661567705,0.0056186378747126,0.0013227405471885898,630
312,0.3,254,315,13,1.0,315.0,0.0980187695516162,0.009715808464504979,0.0570262908498661,0.004237285217239755,0.0056186378747126,0.0012807270765853537,630
312,0.5,423,439,13,1.666667,263.39994732001054,0.0980187695516162,0.008489290999308745,0.0570262908498661,0.0037608517313031243,0.0058095370925524,0.0012474352416079956,630
313,0.1,80,115,13,1.0,115.0,0.0980187695516162,0.011125719726163986,0.0570262908498661,0.0054188742891197565,0.0045513414488271,0.001409928379780599,609
313,0.2,159,205,13,1.0,205.0,0.0980187695516162,0.010320710089269772,0.0570262908498661,0.004850539269993941,0.0052421649220672,0.0013455734956695096,609
313,0.3,238,283,13,1.0,283.0,0.0980187695516162,0.009672177658559189,0.0570262908498661,0.004464244156122964,0.0056186378747126,0.0013030469990333974,609
313,0.5,396,419,13,1.857143,225.61536726035638,0.0980187695516162,0.008441569753696256,0.0570262908498661,0.003709699263479434,0.0056186378747126,0.0012385990966028027,609
314,0.1,80,128,12,1.0,128.0,0.0980187695516162,0.012773722627737181,0.0464749058416465,0.005442938127358876,0.0058095370925524,0.0012851937821637828,617
314,0.2,160,222,12,1.0,222.0,0.0980187695516162,0.010836175069751664,0.0464749058416465,0.004760053681716103,0.0058095370925524,0.0013152831453857041,617
314,0.3,240,304,12,1.0,304.0,0.0980187695516162,0.00982382964711043,0.0570262908498661,0.0043020135158097815,0.0058095370925524,0.0012878094981175247,617
314,0.5,399,427,13,1.75,244.0,0.0980187695516162,0.008615531889433963,0.0570262908498661,0.0038097196228908674,0.0058095370925524,0.0012706660659537535,617
315,0.1,84,119,13,1.0,119.0,0.0980187695516162,0.01204861506646449,0.0464749058416465,0.005041027457904491,0.0039956275909326,0.0012390180772288877,609
315,0.2,167,213,13,1.0,213.0,0.0980187695516162,0.010138691026940184,0.0464749058416465,0.004197769594964099,0.0058095370925524,0.0012493496874184838,609
315,0.3,250,294,13,1.0,294.0,0.0980187695516162,0.009430883928128036,0.0570262908498661,0.004123243340390624,0.0058095370925524,0.0012662743215097235,609
315,0.5,416,421,13,1.4,300.7142857142857,0.0980187695516162,0.008547601296877394,0.0570262908498661,0.0038330602179161483,0.0058095370925524,0.0012611834719388,609
316,0.1,84,131,12,1.0,131.0,0.0980187695516162,0.01217075675202377,0.0570262908498661,0.005292505667361289,0.0052421649220672,0.0013075972178118861,630
316,0.2,168,226,13,1.0,226.0,0.0980187695516162,0.010335249660874577,0.0570262908498661,0.00460122237730675,0.0052421649220672,0.0012699393812335385,630
316,0.3,252,308,13,1.0,308.0,0.0980187695516162,0.009482957084625444,0.0570262908498661,0.004144135445968771,0.0052421649220672,0.0012764050450379107,630
316,0.5,419,425,13,1.5,283.3333333333333,0.0980187695516162,0.008503956327056325,0.0570262908498661,0.0036610906336597836,0.0058095370925524,0.0012168653501113342,630
317,0.1,84,134,13,1.0,134.0,0.0980187695516162,0.01133799200037348,0.0570262908498661,0.005544765601924083,0.0058095370925524,0.0014680307097711084,619
317,0.2,168,231,13,1.0,231.0,0.0980187695516162,0.010107028876580451,0.0570262908498661,0.004851729487339337,0.0058095370925524,0.0014229479007764412,619
317,0.3,252,312,13,1.0,312.0,0.0980187695516162,0.009585305205743118,0.0570262908498661,0.0044462747263719965,0.0058095370925524,0.0013471669284503768,619
317,0.5,420,438,13,1.5,292.0,0.0980187695516162,0.00842534794139629,0.0570262908498661,0.0037767783935128527,0.0058095370925524,0.001268250366654425,619
318,0.1,87,130,13,1.0,130.0,0.0980187695516162,0.012160102671051528,0.0464749058416465,0.004954591417785096,0.0048729601732022,0.001324037130306937,630
318,0.2,173,225,13,1.0,225.0,0.0980187695516162,0.009676746611053133,0.0464749058416465,0.0041533953754086346,0.0048729601732022,0.0012845321585993601,630
318,0.3,259,303,13,1.0,303.0,0.0980187695516162,0.009302181521593197,0.0570262908498661,0.004241231767165163,0.0056186378747126,0.0013098822305203609,630
318,0.5,431,438,13,1.5,292.0,0.0980187695516162,0.008546764371181884,0.0570262908498661,0.003823649209926149,0.0056186378747126,0.0012735484291687893,630
319,0.1,82,114,13,1.0,114.0,0.0594369134515119,0.009622596637579302,0.0267679426794943,0.0039380352272109734,0.0039254903849993,0.0012713804065641553,637
319,0.2,164,216,13,1.0,216.0,0.0980187695516162,0.009732360097323556,0.0570262908498661,0.004431705310232469,0.0045513414488271,0.0012553141455735283,637
319,0.3,246,306,13,1.0,306.0,0.0980187695516162,0.00933366047148782,0.0570262908498661,0.004255588020599611,0.0056186378747126,0.001286272188737338,637
319,0.5,410,443,13,1.5,295.3333333333333,0.0980187695516162,0.008306715281390228,0.0570262908498661,0.003659663881242165,0.0058095370925524,0.0012478887978622235,637
320,0.1,84,122,13,1.0,122.0,0.0980187695516162,0.01221388399801701,0.0464749058416465,0.005187263997361962,0.0039956275909326,0.0012317227261639365,620
320,0.2,167,232,13,1.0,232.0,0.0980187695516162,0.009883679119772707,0.0464749058416465,0.004105134510985429,0.0058095370925524,0.0012244977405054544,620
320,0.3,250,306,13,1.0,306.0,0.0980187695516162,0.00925187593285485,0.0464749058416465,0.003940215968246629,0.0058095370925524,0.0012441995872818014,620
320,0.5,416,430,13,1.666667,257.99994840001034,0.0980187695516162,0.008797924194291488,0.0570262908498661,0.004003105715688835,0.0058095370925524,0.0012979026356452546,620
321,0.1,81,117,13,1.0,117.0,0.0980187695516162,0.011514843631631912,0.0464749058416465,0.004788313112246549,0.0039956275909326,0.001277609798287605,624
321,0.2,161,219,13,1.0,219.0,0.0980187695516162,0.009922817242085272,0.0464749058416465,0.004148233232636207,0.0039956275909326,0.0012119571568592288,624
321,0.3,242,289,13,1.0,289.0,0.0980187695516162,0.009153854757875628,0.0464749058416465,0.003833237756384912,0.0039956275909326,0.0012339391162741417,624
321,0.5,403,423,13,1.5,282.0,0.0980187695516162,0.008420907318251581,0.0570262908498661,0.0035347736165385903,0.0052421649220672,0.0012169273110153999,624
322,0.1,86,131,13,1.0,131.0,0.0980187695516162,0.010300169546840253,0.0464749058416465,0.004314985500570344,0.0034121486335321,0.0012353467371041408,630
322,0.2,171,221,13,1.0,221.0,0.0980187695516162,0.009314000726624125,0.0570262908498661,0.0040374697297641884,0.0044179097289399,0.001246183244365417,630
322,0.3,256,304,13,1.0,304.0,0.0980187695516162,0.009072635969485715,0.0570262908498661,0.003984697364314142,0.0044179097289399,0.0012732624400098222,630
322,0.5,427,441,13,1.5,294.0,0.0980187695516162,0.008360939092355702,0.0570262908498661,0.0037076146826120837,0.0058095370925524,0.0012670532887054606,630
323,0.1,85,135,13,1.0,135.0,0.0761209593326381,0.010597458772641209,0.0570262908498661,0.004889475029539395,0.0058095370925524,0.0013359000401949117,631
323,0.2,170,233,13,1.0,233.0,0.0980187695516162,0.009559313841761088,0.0570262908498661,0.004344494812152188,0.0058095370925524,0.001317974916337553,631
323,0.3,255,321,13,1.0,321.0,0.0980187695516162,0.008777315414875912,0.0570262908498661,0.00393174554505351,0.0058095370925524,0.0012648605048487067,631
323,0.5,424,439,13,1.75,250.85714285714286,0.0980187695516162,0.0083538993969135,0.0570262908498661,0.0037009199178967157,0.0058095370925524,0.001282444965844999,631
324,0.1,81,125,13,1.0,125.0,0.0980187695516162,0.011428571428571385,0.0464749058416465,0.005039261235302012,0.0058095370925524,0.0014445957179144654,614
324,0.2,162,218,13,1.0,218.0,0.0980187695516162,0.010327080004974558,0.0570262908498661,0.0047976423620833125,0.0058095370925524,0.0013219043062807328,614
324,0.3,243,297,13,1.0,297.0,0.0980187695516162,0.009676184858666564,0.0570262908498661,0.00438088779440944,0.0058095370925524,0.0012870735103664983,614
324,0.5,405,415,13,1.571429,264.09083706613535,0.0980187695516162,0.008693794992273532,0.0570262908498661,0.003914277730641317,0.0058095370925524,0.0012735685295239701,614
325,0.1,81,117,13,1.0,117.0,0.0980187695516162,0.012414997816457624,0.0464749058416465,0.004732996782710558,0.0039956275909326,0.0012076365217626472,608
325,0.2,162,214,13,1.0,214.0,0.0980187695516162,0.00981844405679588,0.0464749058416465,0.0037729359760982385,0.0039956275909326,0.0011671275385659763,608
325,0.3,243,289,13,1.0,289.0,0.0980187695516162,0.008984272111592553,0.0464749058416465,0.0035869913582326192,0.0058095370925524,0.001180610019712156,608
325,0.5,405,414,13,1.5,276.0,0.0980187695516162,0.008777762665417332,0.0570262908498661,0.0037843882475112685,0.0058095370925524,0.0012578926157905544,608
326,0.1,82,121,13,1.0,121.0,0.0980187695516162,0.013254164548126017,0.0464749058416465,0.005842368446937495,0.0056186378747126,0.0013267942876513984,624
326,0.2,164,218,13,1.0,218.0,0.0980187695516162,0.010709741607752676,0.0464749058416465,0.004614105390080295,0.0056186378747126,0.0012903398310513666,624
326,0.3,246,294,13,1.0,294.0,0.0980187695516162,0.009810389223468276,0.0464749058416465,0.004250602504804248,0.0058095370925524,0.001265006617780647,624
326,0.5,409,427,13,1.5,284.6666666666667,0.0980187695516162,0.008691235259210735,0.0570262908498661,0.003902962521299565,0.0058095370925524,0.0012686578445382532,624
327,0.1,80,120,13,1.0,120.0,0.0980187695516162,0.012052485227667666,0.0464749058416465,0.005165479889886216,0.0056186378747126,0.001377355786884285,591
327,0.2,160,218,13,1.0,218.0,0.0980187695516162,0.010681041987544321,0.0464749058416465,0.004476949390343262,0.0056186378747126,0.0012828367944328633,591
327,0.3,240,293,13,1.0,293.0,0.0980187695516162,0.009466630128795952,0.0464749058416465,0.0039217336720016645,0.0056186378747126,0.00123633202369083,591
327,0.5,399,400,13,1.666667,239.9999520000096,0.0980187695516162,0.008965067778936346,0.0570262908498661,0.0038598060441937675,0.0056186378747126,0.0012697583733644068,591
328,0.1,81,120,12,1.0,120.0,0.0980187695516162,0.011991657977059396,0.0492079830055308,0.005319244950950647,0.0058095370925524,0.0012323285686928185,633
328,0.2,162,215,12,1.0,215.0,0.0980187695516162,0.010146227902126688,0.0570262908498661,0.0044558480128921215,0.0058095370925524,0.0012116409840785738,633
328,0.3,243,292,13,1.0,292.0,0.0980187695516162,0.009206222234919322,0.0570262908498661,0.004036497456960141,0.0058095370925524,0.0012290848190489117,633
328,0.5,405,428,13,1.5,285.3333333333333,0.0980187695516162,0.008315223217331096,0.0570262908498661,0.0036303559013322767,0.0058095370925524,0.0012228137836730315,633
329,0.1,79,118,12,1.0,118.0,0.0980187695516162,0.012857673070465305,0.0570262908498661,0.005515098346267858,0.0039956275909326,0.0012988864055588347,616
329,0.2,158,208,12,1.0,208.0,0.0980187695516162,0.010512753669687932,0.0570262908498661,0.004614472295234122,0.0056186378747126,0.0012991267207207809,616
329,0.3,236,292,13,1.0,292.0,0.0980187695516162,0.00927407259274068,0.0570262908498661,0.004023335712140821,0.0058095370925524,0.0012632161358641708,616
329,0.5,393,421,13,2.0,210.5,0.0980187695516162,0.008597138250206153,0.0570262908498661,0.0038173611507200758,0.0058095370925524,0.0012858011824094656,616
330,0.1,86,123,12,1.0,123.0,0.0980187695516162,0.013377756301024904,0.0570262908498661,0.006060199555345798,0.0045513414488271,0.0013274280067378497,632
330,0.2,172,218,13,1.0,218.0,0.0980187695516162,0.011202418421329512,0.0570262908498661,0.005136913622286433,0.0052421649220672,0.001347340952863923,632
330,0.3,257,297,13,1.0,297.0,0.0980187695516162,0.010069411529265496,0.0570262908498661,0.004618585170355103,0.0056186378747126,0.0013267916173612337,632
330,0.5,428,430,13,1.666667,257.99994840001034,0.0980187695516162,0.008797924194291488,0.0570262908498661,0.003935525870617465,0.0056186378747126,0.0013069459201153495,632
331,0.1,80,126,12,1.0,126.0,0.0980187695516162,0.01296820431335547,0.0464749058416465,0.005533526336017567,0.0039956275909326,0.0013204044665042975,607
331,0.2,159,223,13,1.0,223.0,0.0980187695516162,0.010044094885834885,0.0492079830055308,0.004334481408819209,0.0045513414488271,0.0012840907256355223,607
331,0.3,238,298,13,1.0,298.0,0.0980187695516162,0.009409270003009243,0.0570262908498661,0.004169304062660624,0.0045513414488271,0.001266491717338281,607
331,0.5,397,411,13,1.555556,264.21421022451136,0.0980187695516162,0.008676921671753532,0.0570262908498661,0.003829866860837853,0.0056186378747126,0.0012819443472557035,607
332,0.1,84,132,12,1.0,132.0,0.0980187695516162,0.011723070117230653,0.0464749058416465,0.004835209159151536,0.0056186378747126,0.0012879467812914804,624
332,0.2,168,225,13,1.0,225.0,0.0980187695516162,0.010167999073108518,0.0492079830055308,0.004409785286282287,0.0056186378747126,0.001285554476996215,624
332,0.3,252,306,13,1.0,306.0,0.0980187695516162,0.009136014503124804,0.0570262908498661,0.004057057276840433,0.0056186378747126,0.0012397969429861176,624
332,0.5,420,435,13,1.5,290.0,0.0980187695516162,0.008454688192921223,0.0570262908498661,0.003802264598441436,0.0058095370925524,0.0012506284778087463,624
333,0.1,82,114,13,1.0,114.0,0.0980187695516162,0.013491758593564154,0.0464749058416465,0.005807585856525095,0.0056186378747126,0.001288973491697998,627
333,0.2,163,212,13,1.0,212.0,0.0980187695516162,0.010073386192378022,0.0464749058416465,0.004456059181831453,0.0056186378747126,0.0013200854174810772,627
333,0.3,244,297,13,1.0,297.0,0.0980187695516162,0.009423396284710107,0.0570262908498661,0.004454275685133404,0.0058095370925524,0.001327708558247061,627
333,0.5,406,444,13,1.555556,285.42848987757435,0.0980187695516162,0.008217550188353065,0.0570262908498661,0.0037017577338315246,0.0058095370925524,0.0012527312660062398,627
334,0.1,82,119,13,1.0,119.0,0.0761209593326381,0.012162529245274707,0.031948254360793,0.005196379698936491,0.0044179097289399,0.0013036927612486656,647
334,0.2,163,214,13,1.0,214.0,0.0980187695516162,0.01042265599875255,0.0464749058416465,0.0046377741336512835,0.0056186378747126,0.0013108006359355358,647
334,0.3,245,308,13,1.0,308.0,0.0980187695516162,0.009472800400850408,0.0570262908498661,0.004339799283683556,0.0058095370925524,0.0012956023472489612,647
334,0.5,407,443,13,1.5,295.3333333333333,0.0980187695516162,0.008334961408728478,0.0570262908498661,0.0037695636373853095,0.0058095370925524,0.0012550853372562951,647
335,0.1,86,135,13,1.0,135.0,0.0980187695516162,0.012103657359131766,0.0464749058416465,0.005426938152310385,0.0052421649220672,0.0014754865761037867,620
335,0.2,172,238,13,1.0,238.0,0.0980187695516162,0.010545824169083643,0.0570262908498661,0.004778688501642371,0.0052421649220672,0.001375186662624537,620
335,0.3,258,318,13,1.0,318.0,0.0980187695516162,0.009358543031590774,0.0570262908498661,0.004148667695440978,0.0052421649220672,0.0013011276754708058,620
335,0.5,429,445,13,2.0,222.5,0.0980187695516162,0.008522454335625781,0.0570262908498661,0.0037760571334609877,0.0058095370925524,0.001286425393535482,620
336,0.1,82,114,13,1.0,114.0,0.0980187695516162,0.012009951887016769,0.0464749058416465,0.0050285086273056875,0.0040328017800694,0.0012819640899001219,619
336,0.2,163,222,13,1.0,222.0,0.0980187695516162,0.010094035641480852,0.0492079830055308,0.004463469508893351,0.0058095370925524,0.001272917177155853,619
336,0.3,245,305,13,1.0,305.0,0.0980187695516162,0.009555718901177753,0.0492079830055308,0.004201891123839435,0.0058095370925524,0.0012531406064026107,619
336,0.5,408,424,13,1.75,242.28571428571428,0.0980187695516162,0.008910126507564833,0.0570262908498661,0.003969870227258468,0.0058095370925524,0.0012684456334086066,619
337,0.1,85,126,13,1.0,126.0,0.0980187695516162,0.010022013671648664,0.0464749058416465,0.00380001496018456,0.0039254903849993,0.00101349040371428,629
337,0.2,169,236,13,1.0,236.0,0.0980187695516162,0.008920839150951683,0.0570262908498661,0.003759092922136751,0.0048729601732022,0.0011904699171901864,629
337,0.3,254,327,13,1.0,327.0,0.0980187695516162,0.00856205336216046,0.0570262908498661,0.0037412317468371956,0.0048729601732022,0.0012099032981200024,629
337,0.5,423,440,13,1.75,251.42857142857142,0.0980187695516162,0.00870224665845099,0.0570262908498661,0.003888096083687281,0.0058095370925524,0.001278936391288208,629
338,0.1,84,127,12,1.0,127.0,0.0980187695516162,0.011815128948297473,0.0492079830055308,0.005511850697383378,0.0058095370925524,0.0013748914329444295,625
338,0.2,168,221,13,1.0,221.0,0.0980187695516162,0.010248231802546916,0.0570262908498661,0.004773196223636342,0.0058095370925524,0.0013220905736552719,625
338,0.3,252,312,13,1.0,312.0,0.0980187695516162,0.009675543434667477,0.0570262908498661,0.004486832389720195,0.0058095370925524,0.001330654349078868,625
338,0.5,420,428,13,1.8,237.77777777777777,0.0980187695516162,0.008571038757272427,0.0570262908498661,0.003845004005434284,0.0058095370925524,0.0012537471251114274,625
339,0.1,83,120,13,1.0,120.0,0.0980187695516162,0.011140076468543581,0.0570262908498661,0.0051032401159304495,0.0052421649220672,0.00136215222749516,617
339,0.2,165,216,13,1.0,216.0,0.0980187695516162,0.009997875873788241,0.0570262908498661,0.0046161289167533015,0.0052421649220672,0.0013358483825180126,617
339,0.3,247,292,13,1.0,292.0,0.0980187695516162,0.009906152241918622,0.0570262908498661,0.00448078322412165,0.0056186378747126,0.0013342590949627943,617
339,0.5,411,435,13,1.5,290.0,0.0980187695516162,0.008382774202054298,0.0570262908498661,0.0038041081680528603,0.0056186378747126,0.0012536970151313734,617
340,0.1,81,117,13,1.0,117.0,0.0980187695516162,0.011808953414792786,0.0570262908498661,0.005175090227082836,0.0039956275909326,0.0012354446709358117,608
340,0.2,162,217,13,1.0,217.0,0.0980187695516162,0.010345838358889541,0.0570262908498661,0.004612355637525454,0.0052421649220672,0.0012806740045594438,608
340,0.3,242,299,13,1.0,299.0,0.0980187695516162,0.009196452547769544,0.0570262908498661,0.004055057191520861,0.0056186378747126,0.0012610415542035458,608
340,0.5,403,438,13,1.5,292.0,0.0980187695516162,0.008534860799634277,0.0570262908498661,0.003719396939831667,0.0058095370925524,0.0012652257484702348,608
341,0.1,87,131,12,1.0,131.0,0.0761209593326381,0.011780719419879127,0.0570262908498661,0.005729631689723398,0.0058095370925524,0.0013742831871452427,632
341,0.2,174,232,12,1.0,232.0,0.0980187695516162,0.010656754521592132,0.0570262908498661,0.005011537190703397,0.0058095370925524,0.0013627592900558598,632
341,0.3,261,316,12,1.0,316.0,0.0980187695516162,0.009579467008091187,0.0570262908498661,0.004427568862110123,0.0058095370925524,0.0013023303835067682,632
341,0.5,435,446,13,1.5,297.3333333333333,0.0980187695516162,0.00860621817382639,0.0570262908498661,0.0038345078309255758,0.0058095370925524,0.0012623173525030827,632
342,0.1,85,125,13,1.0,125.0,0.0980187695516162,0.012846715328467113,0.0570262908498661,0.005769410979895459,0.0052421649220672,0.0014232263814972234,636
342,0.2,170,219,13,1.0,219.0,0.0980187695516162,0.011560748687036014,0.0570262908498661,0.005220339373399539,0.0056186378747126,0.0014525294088703208,636
342,0.3,255,294,13,1.0,294.0,0.0980187695516162,0.009856497343462887,0.0570262908498661,0.00436871449566339,0.0056186378747126,0.0013334404871927041,636
342,0.5,425,431,13,1.5,287.3333333333333,0.0980187695516162,0.008479927612144276,0.0570262908498661,0.0037061781796511677,0.0058095370925524,0.0012760088745171418,636
343,0.1,81,124,13,1.0,124.0,0.0980187695516162,0.012571899492078398,0.0464749058416465,0.005231588185675668,0.0056186378747126,0.0013487147055111046,624
343,0.2,162,214,13,1.0,214.0,0.0980187695516162,0.011377700681200193,0.0464749058416465,0.00491731793029429,0.0056186378747126,0.0013304761259418285,624
343,0.3,243,296,13,1.0,296.0,0.0980187695516162,0.010159794831327633,0.0570262908498661,0.0044755639781538185,0.0056186378747126,0.001297608420041236,624
343,0.5,405,433,13,1.5,288.6666666666667,0.0980187695516162,0.008565986027593172,0.0570262908498661,0.0037805519746144044,0.0058095370925524,0.0012477666430696737,624
344,0.1,87,131,13,1.0,131.0,0.0980187695516162,0.010658367096769006,0.0570262908498661,0.005029449877525597,0.0045513414488271,0.001213291181616332,637
344,0.2,173,236,13,1.0,236.0,0.0980187695516162,0.009455470917799217,0.0570262908498661,0.004244044651539951,0.0052421649220672,0.001289389332051989,637
344,0.3,260,326,13,1.0,326.0,0.0980187695516162,0.009282419698433264,0.0570262908498661,0.004121086463779251,0.0052421649220672,0.0012599565473956807,637
344,0.5,432,445,13,1.666667,266.9999466000107,0.0980187695516162,0.008611498400721678,0.0570262908498661,0.003863953579533805,0.0058095370925524,0.0012765140706514533,637
345,0.1,88,137,12,1.0,137.0,0.0980187695516162,0.010313358653707055,0.0570262908498661,0.004348924366409035,0.0044179097289399,0.0012310570005057031,642
345,0.2,175,236,12,1.0,236.0,0.0980187695516162,0.010140329792686548,0.0570262908498661,0.0043487979166202525,0.0044179097289399,0.001249950367265203,642
345,0.3,263,317,13,1.0,317.0,0.0980187695516162,0.009282803130232222,0.0570262908498661,0.003981962535318568,0.0044179097289399,0.001261156062406526,642
345,0.5,437,437,13,1.75,249.71428571428572,0.0980187695516162,0.008439855589465525,0.0570262908498661,0.0036627874913648514,0.0056186378747126,0.0012386549148690564,642
346,0.1,85,133,13,1.0,133.0,0.0980187695516162,0.010145279779218596,0.0464749058416465,0.004397138997250781,0.0058095370925524,0.0013243148413505715,613
346,0.2,169,234,13,1.0,234.0,0.0980187695516162,0.009496181029027701,0.0492079830055308,0.004265805834695081,0.0058095370925524,0.0013546608691477509,613
346,0.3,253,311,13,1.0,311.0,0.0980187695516162,0.009223836458797806,0.0570262908498661,0.004170939900274509,0.0058095370925524,0.0013136698503611788,613
346,0.5,421,433,13,1.5,288.6666666666667,0.0980187695516162,0.0086189665428046,0.0570262908498661,0.0038948336474721253,0.0058095370925524,0.0012887189157155335,613
347,0.1,84,135,13,1.0,135.0,0.0980187695516162,0.011315799636967478,0.0570262908498661,0.004757374665224558,0.0040871733233292,0.001266576810944646,628
347,0.2,168,236,13,1.0,236.0,0.0980187695516162,0.010021031795125528,0.0570262908498661,0.004472019134849939,0.0058095370925524,0.0012801923416427045,628
347,0.3,252,320,13,1.0,320.0,0.0980187695516162,0.009316345151199121,0.0570262908498661,0.004164575664441905,0.0058095370925524,0.0012587038893263072,628
347,0.5,419,431,13,1.875,229.86666666666667,0.0980187695516162,0.008610574143115972,0.0570262908498661,0.003843043195211854,0.0058095370925524,0.0012561029986427347,628
348,0.1,82,127,13,1.0,127.0,0.0980187695516162,0.012094291133316327,0.0464749058416465,0.005176877645917378,0.0040871733233292,0.001297461129889969,622
348,0.2,163,226,13,1.0,226.0,0.0980187695516162,0.009444757167772431,0.0570262908498661,0.004166037268005243,0.0040871733233292,0.00129691535200187,622
348,0.3,244,295,13,1.0,295.0,0.0980187695516162,0.008957070394655405,0.0570262908498661,0.003992612587190655,0.0058095370925524,0.0012955921227111832,622
348,0.5,406,417,13,1.5,278.0,0.0980187695516162,0.008694608442547271,0.0570262908498661,0.0038905049805232203,0.0058095370925524,0.0012820027477053965,622
349,0.1,86,133,13,1.0,133.0,0.0761209593326381,0.010513771394074292,0.0293591471972982,0.004368342558551944,0.0056186378747126,0.0013029005739768308,628
349,0.2,171,233,13,1.0,233.0,0.0980187695516162,0.010109779947817556,0.0464749058416465,0.004376735401865034,0.0056186378747126,0.001333728741064178,628
349,0.3,256,313,13,1.0,313.0,0.0980187695516162,0.009211538910006712,0.0464749058416465,0.004007370850063101,0.0056186378747126,0.0012808531007881764,628
349,0.5,426,443,13,1.555556,284.7856329183906,0.0980187695516162,0.008351438316342457,0.0570262908498661,0.0037350876938991922,0.0058095370925524,0.0012554615789415562,628
350,0.1,84,122,13,1.0,122.0,0.0980187695516162,0.01267543034923669,0.0464749058416465,0.0056381719280920095,0.0056186378747126,0.0013567650808833712,642
350,0.2,168,224,13,1.0,224.0,0.0980187695516162,0.009868911068076821,0.0464749058416465,0.004045037945174772,0.0056186378747126,0.001215293158668438,642
350,0.3,252,307,13,1.0,307.0,0.0980187695516162,0.008732630692258788,0.0464749058416465,0.0036072062487543305,0.0056186378747126,0.0011981464140498495,642
350,0.5,420,431,13,1.5,287.3333333333333,0.0980187695516162,0.008431540008080685,0.0570262908498661,0.003709008353253253,0.0058095370925524,0.0012498525737565875,642
351,0.1,86,124,12,1.0,124.0,0.0980187695516162,0.011487100137912432,0.0464749058416465,0.004703258311052127,0.0034225241115278,0.001290861451145899,634
351,0.2,171,222,13,1.0,222.0,0.0980187695516162,0.01060132082029888,0.0492079830055308,0.0047123060606189026,0.0058095370925524,0.0013265395510945535,634
351,0.3,257,301,13,1.0,301.0,0.0980187695516162,0.009478311779643065,0.0570262908498661,0.004307598558491905,0.0058095370925524,0.0012866817671187555,634
351,0.5,427,432,13,1.666667,259.19994816001036,0.0980187695516162,0.008525470204302275,0.0570262908498661,0.0038432348378235654,0.0058095370925524,0.0012727574177305628,634
352,0.1,86,128,13,1.0,128.0,0.0980187695516162,0.012333811261730922,0.0492079830055308,0.00565606607993925,0.0058095370925524,0.0013690295338381008,611
352,0.2,171,236,13,1.0,236.0,0.0980187695516162,0.009817783354836386,0.0570262908498661,0.004628429342739618,0.0058095370925524,0.0013231320623070997,611
352,0.3,257,316,13,1.0,316.0,0.0980187695516162,0.008837000567574301,0.0570262908498661,0.004008990091356301,0.0058095370925524,0.0012491090763694702,611
352,0.5,427,426,13,1.666667,255.59994888001023,0.0980187695516162,0.00841300846441173,0.0570262908498661,0.0037825078985574477,0.0058095370925524,0.0012413487521928859,611
353,0.1,86,123,13,1.0,123.0,0.0980187695516162,0.01190264248836436,0.0464749058416465,0.0047299648760477115,0.0040871733233292,0.001248675837554417,641
353,0.2,171,236,13,1.0,236.0,0.0980187695516162,0.010418691786995591,0.0570262908498661,0.004438026931048045,0.0040871733233292,0.0013001497710399964,641
353,0.3,256,321,13,1.0,321.0,0.0980187695516162,0.009095663642358462,0.0570262908498661,0.003918463549629649,0.0058095370925524,0.0012410140639921743,641
353,0.5,427,447,13,1.5,298.0,0.0980187695516162,0.008463327524709931,0.0570262908498661,0.003727119659621359,0.0058095370925524,0.0012337034932422808,641
354,0.1,83,129,13,1.0,129.0,0.0980187695516162,0.01198761629927811,0.0570262908498661,0.005953670726360534,0.0045513414488271,0.0013976518533325628,627
354,0.2,166,225,13,1.0,225.0,0.0980187695516162,0.010649982620785495,0.0570262908498661,0.005056338534516319,0.0052421649220672,0.0013876151702920706,627
354,0.3,249,296,13,1.0,296.0,0.0980187695516162,0.009300228278330424,0.0570262908498661,0.00426128917271941,0.0052421649220672,0.0012762427428515486,627
354,0.5,415,439,13,1.666667,263.39994732001054,0.0980187695516162,0.00834914881437332,0.0570262908498661,0.003770488295252649,0.0058095370925524,0.0012780234796723664,627
355,0.1,82,124,13,1.0,124.0,0.0980187695516162,0.012588718086716631,0.0492079830055308,0.00547918546397435,0.0045513414488271,0.0013419876887686888,621
355,0.2,163,224,13,1.0,224.0,0.0980187695516162,0.010157530165350771,0.0492079830055308,0.004321543992036936,0.0048729601732022,0.0012648568072080016,621
355,0.3,245,305,13,1.0,305.0,0.0980187695516162,0.009087334826236304,0.0570262908498661,0.0039084741423409414,0.0048729601732022,0.0011851626038840298,621
355,0.5,408,441,13,1.5,294.0,0.0980187695516162,0.008680149153856842,0.0570262908498661,0.003816491773607865,0.0056186378747126,0.001249025239063163,621
356,0.1,87,129,13,1.0,129.0,0.0656934306569343,0.01075894625376882,0.0570262908498661,0.0043334048108357665,0.0044179097289399,0.0011716699165921424,621
356,0.2,173,227,13,1.0,227.0,0.0980187695516162,0.010239190052045726,0.0570262908498661,0.00450007928929983,0.0056186378747126,0.0013234254269226477,621
356,0.3,259,304,13,1.0,304.0,0.0980187695516162,0.00920298007793201,0.0570262908498661,0.004031877496109008,0.0056186378747126,0.001282436831715176,621
356,0.5,432,432,13,1.5,288.0,0.0980187695516162,0.008535125323446448,0.0570262908498661,0.003841366254482703,0.0058095370925524,0.0012940905976855461,621
357,0.1,87,131,13,1.0,131.0,0.0980187695516162,0.011342922414410636,0.0492079830055308,0.004615098512921625,0.0045513414488271,0.0012471928052440089,641
357,0.2,174,223,13,1.0,223.0,0.0980187695516162,0.010591189439672258,0.0570262908498661,0.0047949331504821965,0.0056186378747126,0.0013195553166115892,641
357,0.3,261,304,13,1.0,304.0,0.0980187695516162,0.009559711322100827,0.0570262908498661,0.0043236314253202865,0.0056186378747126,0.0012640040371760797,641
357,0.5,435,447,13,1.666667,268.19994636001076,0.0980187695516162,0.008377014647528491,0.0570262908498661,0.00374309953897495,0.0058095370925524,0.0012542439884171326,641
358,0.1,83,129,13,1.0,129.0,0.0980187695516162,0.010686196053705773,0.0464749058416465,0.004393073554131446,0.0058095370925524,0.001286111842718427,632
358,0.2,166,223,13,1.0,223.0,0.0980187695516162,0.010081503060456246,0.0570262908498661,0.004712346955879317,0.0058095370925524,0.0013405949444846234,632
358,0.3,249,300,13,1.0,300.0,0.0980187695516162,0.009214459506430265,0.0570262908498661,0.004091457204993259,0.0058095370925524,0.0012555904897017282,632
358,0.5,415,437,13,1.5,291.3333333333333,0.0980187695516162,0.008308616670206097,0.0570262908498661,0.0037091307627794123,0.0058095370925524,0.001240675439637522,632
359,0.1,80,118,13,1.0,118.0,0.0980187695516162,0.013052084622046224,0.0464749058416465,0.005582589236537597,0.0052421649220672,0.0013917581672898364,599
359,0.2,159,208,13,1.0,208.0,0.0980187695516162,0.010372383091361147,0.0464749058416465,0.0044289925208321175,0.0052421649220672,0.0013084449579643467,599
359,0.3,239,286,13,1.0,286.0,0.0980187695516162,0.009151432509096698,0.0464749058416465,0.003796177922190279,0.0052421649220672,0.001251582170795373,599
359,0.5,398,405,13,1.666667,242.99995140000973,0.0980187695516162,0.00890330720014414,0.0570262908498661,0.0039378399021949085,0.0056186378747126,0.0012676782888892107,599
360,0.1,81,128,13,1.0,128.0,0.0980187695516162,0.010451968196037494,0.0464749058416465,0.004118048451005291,0.0039254903849993,0.0012072233560741438,611
360,0.2,161,226,13,1.0,226.0,0.0980187695516162,0.00955549198556752,0.0464749058416465,0.003955486476550197,0.0058095370925524,0.00126855850294497,611
360,0.3,242,302,13,1.0,302.0,0.0980187695516162,0.009049851873847577,0.0570262908498661,0.004011344053902612,0.0058095370925524,0.0012558295766649798,611
360,0.5,403,426,13,1.666667,255.59994888001023,0.0980187695516162,0.008687159453068733,0.0570262908498661,0.003830052323599224,0.0058095370925524,0.0012474402443542257,611
361,0.1,84,127,12,1.0,127.0,0.0761209593326381,0.011872603515801359,0.0570262908498661,0.005389944916437713,0.0045513414488271,0.0013358043127483146,619
361,0.2,168,225,13,1.0,225.0,0.0980187695516162,0.010297763874406165,0.0570262908498661,0.004664833144282434,0.0056186378747126,0.0013244713727201007,619
361,0.3,251,306,13,1.0,306.0,0.0980187695516162,0.009715321651775022,0.0570262908498661,0.004290946904725555,0.0056186378747126,0.0012727987725614572,619
361,0.5,418,428,13,1.5,285.3333333333333,0.0980187695516162,0.008583220449650585,0.0570262908498661,0.0037748029182873796,0.0056186378747126,0.0012488032670536344,619
362,0.1,80,111,12,1.0,111.0,0.0980187695516162,0.012203026801566902,0.0464749058416465,0.004965950829245036,0.0044179097289399,0.001308785014573967,599
362,0.2,159,211,13,1.0,211.0,0.0980187695516162,0.010995853698313266,0.0464749058416465,0.004766771676001392,0.0056186378747126,0.0013716894349239145,599
362,0.3,238,279,13,1.0,279.0,0.0980187695516162,0.010184593419818238,0.0464749058416465,0.004405836551950444,0.0058095370925524,0.0013147432911240014,599
362,0.5,397,410,13,1.5,273.3333333333333,0.0980187695516162,0.009117729342048327,0.0570262908498661,0.003952474841809814,0.0058095370925524,0.001283495845572816,599
363,0.1,85,123,12,1.0,123.0,0.0980187695516162,0.009774748425273575,0.0492079830055308,0.0038442676707814176,0.0045513414488271,0.001139687271190187,633
363,0.2,169,227,12,1.0,227.0,0.0980187695516162,0.009922229929304069,0.0570262908498661,0.004255691125347642,0.0045513414488271,0.0012219178194263379,633
363,0.3,253,311,12,1.0,311.0,0.0980187695516162,0.00909977904368493,0.0570262908498661,0.003947675152565297,0.0056186378747126,0.0012150247405780077,633
363,0.5,421,431,12,1.5,287.3333333333333,0.0980187695516162,0.008615412903522328,0.0570262908498661,0.0037750273110452597,0.0056186378747126,0.0012513687397011043,633
364,0.1,81,124,13,1.0,124.0,0.0980187695516162,0.011840290625315306,0.0464749058416465,0.004899760201419518,0.0052421649220672,0.0012798096890120484,610
364,0.2,162,227,13,1.0,227.0,0.0980187695516162,0.010161098427602131,0.0464749058416465,0.004248774620670893,0.0056186378747126,0.0013048556772178612,610
364,0.3,243,310,13,1.0,310.0,0.0980187695516162,0.00975478489017453,0.0570262908498661,0.004339754763090445,0.0056186378747126,0.0012690808331962313,610
364,0.5,405,433,13,1.5,288.6666666666667,0.0980187695516162,0.00858043525901447,0.0570262908498661,0.0037786732915945104,0.0058095370925524,0.001245589991467782,610
365,0.1,84,118,12,1.0,118.0,0.0761209593326381,0.012133048196390968,0.031948254360793,0.005233671438054205,0.0056186378747126,0.0013641311209266894,625
365,0.2,168,218,12,1.0,218.0,0.0980187695516162,0.010542327156537253,0.0492079830055308,0.004588571799842901,0.0056186378747126,0.0012695167575013141,625
365,0.3,252,302,13,1.0,302.0,0.0980187695516162,0.009187964836439681,0.0492079830055308,0.003887930665858439,0.0056186378747126,0.0012177513632048152,625
365,0.5,419,438,13,1.5,292.0,0.0980187695516162,0.008444393655872464,0.0570262908498661,0.003758439240259996,0.0058095370925524,0.0012582833254790613,625
366,0.1,84,118,12,1.0,118.0,0.0980187695516162,0.011134479772361705,0.0464749058416465,0.004635103984682756,0.0039956275909326,0.0011858403878124374,644
366,0.2,168,224,13,1.0,224.0,0.0980187695516162,0.009971324296141771,0.0570262908498661,0.00422403705631644,0.0052421649220672,0.0012428977198743539,644
366,0.3,252,306,13,1.0,306.0,0.0980187695516162,0.009231429798196607,0.0570262908498661,0.004059085247854152,0.0058095370925524,0.001251237821443803,644
366,0.5,420,443,13,1.5,295.3333333333333,0.0980187695516162,0.008280822997996835,0.0570262908498661,0.0036439556926134696,0.0058095370925524,0.0012378633285534946,644
367,0.1,86,128,13,1.0,128.0,0.0980187695516162,0.011869460375390987,0.0570262908498661,0.0053384803926557825,0.0052421649220672,0.0013988134817163554,628
367,0.2,171,220,13,1.0,220.0,0.0980187695516162,0.010569722248554321,0.0570262908498661,0.0046989553014516105,0.0052421649220672,0.0012847148430361363,628
367,0.3,257,304,13,1.0,304.0,0.0980187695516162,0.009720926403600194,0.0570262908498661,0.004414991544026506,0.0056186378747126,0.0012618368563173839,628
367,0.5,427,445,13,1.5,296.6666666666667,0.0980187695516162,0.008517767805883893,0.0570262908498661,0.0038603037513447237,0.0058095370925524,0.0012451156137190088,628
368,0.1,86,127,12,1.0,127.0,0.0594369134515119,0.01102690630824427,0.031948254360793,0.00467837633560183,0.0056186378747126,0.001305293785756514,627
368,0.2,171,230,13,1.0,230.0,0.0980187695516162,0.010345921929546129,0.0464749058416465,0.004501686932806967,0.0056186378747126,0.0013150728006147592,627
368,0.3,256,321,13,1.0,321.0,0.0980187695516162,0.009137893509269409,0.0464749058416465,0.0038786630175182725,0.0056186378747126,0.0012394712873234728,627
368,0.5,426,439,13,1.666667,263.39994732001054,0.0980187695516162,0.008351524105643406,0.0570262908498661,0.0036484627111869126,0.0056186378747126,0.0012449592428809319,627
369,0.1,82,126,13,1.0,126.0,0.0980187695516162,0.012761308903123249,0.0570262908498661,0.005723017234170992,0.0056186378747126,0.001350995881987749,608
369,0.2,164,220,13,1.0,220.0,0.0980187695516162,0.010991563181344154,0.0570262908498661,0.004984030507056312,0.0058095370925524,0.001333391139745156,608
369,0.3,246,294,13,1.0,294.0,0.0980187695516162,0.00994516680499098,0.0570262908498661,0.004391970029836551,0.0058095370925524,0.001300848619609888,608
369,0.5,410,423,13,1.5,282.0,0.0980187695516162,0.008692072366555937,0.0570262908498661,0.0038571340817081753,0.0058095370925524,0.0012587085864578169,608
370,0.1,87,133,13,1.0,133.0,0.0980187695516162,0.013210816404933039,0.0570262908498661,0.006035664586582687,0.0058095370925524,0.0014352197381558066,639
370,0.2,173,232,13,1.0,232.0,0.0980187695516162,0.01091744273848473,0.0570262908498661,0.004907787858932488,0.0058095370925524,0.0013551608298152445,639
370,0.3,260,322,13,1.0,322.0,0.0980187695516162,0.009235811112766229,0.0570262908498661,0.004045274306489113,0.0058095370925524,0.0012717141539377826,639
370,0.5,433,455,13,1.5,303.3333333333333,0.0980187695516162,0.008564324101341784,0.0570262908498661,0.003826489838991826,0.0058095370925524,0.0012815802192492015,639
371,0.1,86,137,13,1.0,137.0,0.0761209593326381,0.011089714803285007,0.0570262908498661,0.005055580892837735,0.0052421649220672,0.0013851453733543038,650
371,0.2,172,229,13,1.0,229.0,0.0980187695516162,0.01033190505029343,0.0570262908498661,0.004684564454536874,0.0052421649220672,0.0013098518725240438,650
371,0.3,258,309,13,1.0,309.0,0.0980187695516162,0.009226169384910748,0.0570262908498661,0.004028273627089368,0.0052421649220672,0.0012296602342278392,650
371,0.5,430,462,13,1.5,308.0,0.0980187695516162,0.008409734165729951,0.0570262908498661,0.003697482268547424,0.0058095370925524,0.001240979337762644,650
372,0.1,83,126,12,1.0,126.0,0.0980187695516162,0.012877170332853294,0.0464749058416465,0.005231721938537068,0.0056186378747126,0.0012818868895382635,617
372,0.2,166,215,12,1.0,215.0,0.0980187695516162,0.010238378155539884,0.0464749058416465,0.004033074057976717,0.0056186378747126,0.0012054484205213563,617
372,0.3,249,302,13,1.0,302.0,0.0980187695516162,0.009308813678707771,0.0464749058416465,0.00375414089096521,0.0058095370925524,0.0012294766851311683,617
372,0.5,415,424,13,1.5,282.6666666666667,0.0980187695516162,0.008570739961044281,0.0570262908498661,0.0037233977869924337,0.0058095370925524,0.001271241912386391,617
373,0.1,87,139,12,1.0,139.0,0.0980187695516162,0.01144027426650958,0.0464749058416465,0.004785478068886189,0.0058095370925524,0.0014006257288633884,619
373,0.2,173,240,12,1.0,240.0,0.0980187695516162,0.010171185262426092,0.0570262908498661,0.004450011079895535,0.0058095370925524,0.0013244715090298333,619
373,0.3,259,325,12,1.0,325.0,0.0980187695516162,0.009577284029838729,0.0570262908498661,0.004252136988241998,0.0058095370925524,0.0013096234137417323,619
373,0.5,431,445,13,1.5,296.6666666666667,0.0980187695516162,0.008374828648756268,0.0570262908498661,0.0037036401414844693,0.0058095370925524,0.0012672449149965443,619
374,0.1,85,134,13,1.0,134.0,0.0980187695516162,0.011898277123247118,0.0570262908498661,0.005001337654550734,0.0039956275909326,0.0011879356514724931,644
374,0.2,169,231,13,1.0,231.0,0.0980187695516162,0.010490725819192928,0.0570262908498661,0.0043348692024991016,0.0039956275909326,0.0012358715477463172,644
374,0.3,253,308,13,1.0,308.0,0.0980187695516162,0.009384775808133428,0.0570262908498661,0.003910522815677436,0.0056186378747126,0.001210326403493867,644
374,0.5,421,450,13,1.5,300.0,0.0980187695516162,0.008566794114239325,0.0570262908498661,0.003742733827648847,0.0058095370925524,0.0012613136574353822,644
375,0.1,85,128,13,1.0,128.0,0.0980187695516162,0.011893899895724667,0.0464749058416465,0.005216424049233056,0.0056186378747126,0.0014234962813972196,629
375,0.2,169,222,13,1.0,222.0,0.0980187695516162,0.010427528675703816,0.0464749058416465,0.00445890081131972,0.0056186378747126,0.0013240622670034306,629
375,0.3,254,307,13,1.0,307.0,0.0980187695516162,0.009666692707183401,0.0570262908498661,0.004379037556372319,0.0056186378747126,0.0013677091902076445,629
375,0.5,423,440,13,1.5,293.3333333333333,0.0980187695516162,0.008612190728979006,0.0570262908498661,0.0038513062197696895,0.0058095370925524,0.0012847832240788302,629
376,0.1,84,129,13,1.0,129.0,0.0980187695516162,0.011551115098899807,0.0492079830055308,0.0050076560019176476,0.0052421649220672,0.0012686277416678916,623
376,0.2,167,238,13,1.0,238.0,0.0980187695516162,0.010427528675703814,0.0570262908498661,0.00464519609838024,0.0052421649220672,0.0013121822223743503,623
376,0.3,250,326,13,1.0,326.0,0.0980187695516162,0.009522316830543017,0.0570262908498661,0.004198303573399418,0.0056186378747126,0.0012944734129085853,623
376,0.5,416,442,13,1.571429,281.2726505620044,0.0980187695516162,0.008483573103581646,0.0570262908498661,0.0037357246871493627,0.0056186378747126,0.0012630856401147695,623
377,0.1,83,125,12,1.0,125.0,0.0980187695516162,0.011461939520333635,0.0464749058416465,0.004756090328169019,0.0058095370925524,0.0012580098948360675,627
377,0.2,166,232,13,1.0,232.0,0.0980187695516162,0.010229765200819774,0.0492079830055308,0.004485891163498086,0.0058095370925524,0.0013122534562053038,627
377,0.3,249,315,13,1.0,315.0,0.0980187695516162,0.009424499726898012,0.0492079830055308,0.004209537831736425,0.0058095370925524,0.0013088061064848123,627
377,0.5,414,440,13,1.5,293.3333333333333,0.0980187695516162,0.008799412266565505,0.0570262908498661,0.003929169935284857,0.0058095370925524,0.001283804888516369,627
378,0.1,84,108,12,1.0,108.0,0.0980187695516162,0.012706136793727993,0.0464749058416465,0.005134026171885042,0.0056186378747126,0.0012095068576110331,630
378,0.2,167,210,13,1.0,210.0,0.0980187695516162,0.009588360891801935,0.0464749058416465,0.003790144250701274,0.0058095370925524,0.0011454709021644534,630
378,0.3,251,296,13,1.0,296.0,0.0980187695516162,0.009282614209621468,0.0570262908498661,0.004084665138181554,0.0058095370925524,0.0012363043099408993,630
378,0.5,418,429,13,2.0,214.5,0.0980187695516162,0.008368760193577669,0.0570262908498661,0.003672428316834495,0.0058095370925524,0.001235969606051661,630
379,0.1,85,128,13,1.0,128.0,0.0761209593326381,0.010517140250260647,0.031948254360793,0.004106954358848142,0.0039956275909326,0.001232712128339857,617
379,0.2,169,228,13,1.0,228.0,0.0980187695516162,0.009864990944514524,0.0570262908498661,0.004374330377238941,0.0045513414488271,0.0012895107171686589,617
379,0.3,253,317,13,1.0,317.0,0.0980187695516162,0.009453854073808436,0.0570262908498661,0.00416584008183571,0.0052421649220672,0.0012754089453502373,617
379,0.5,421,422,13,1.6,263.75,0.0980187695516162,0.00890540600645415,0.0570262908498661,0.003950617703126836,0.0058095370925524,0.0012746789612916843,617
380,0.1,83,113,13,1.0,113.0,0.0980187695516162,0.011645611671449752,0.0464749058416465,0.00458553599166867,0.0038790328069506,0.0012138193575748557,629
380,0.2,165,214,13,1.0,214.0,0.0980187695516162,0.009847680118503455,0.0464749058416465,0.0042786906865968435,0.0040871733233292,0.0013287741288390384,629
380,0.3,247,303,13,1.0,303.0,0.0980187695516162,0.008985570089855652,0.0464749058416465,0.0038540120678802483,0.0056186378747126,0.0012513204585816685,629
380,0.5,412,430,13,1.5,286.6666666666667,0.0980187695516162,0.008276547760506294,0.0570262908498661,0.0036435159493280705,0.0056186378747126,0.0012257078763126196,629
381,0.1,83,135,12,1.0,135.0,0.0656934306569343,0.010018151623990995,0.0570262908498661,0.004059297413919656,0.0039254903849993,0.0012702820150612465,621
381,0.2,165,231,12,1.0,231.0,0.0980187695516162,0.010075430304835889,0.0570262908498661,0.0043510446833572745,0.0056186378747126,0.0013146187527461912,621
381,0.3,247,308,12,1.0,308.0,0.0980187695516162,0.009306907899191483,0.0570262908498661,0.004034943314837151,0.0056186378747126,0.0012814483134135865,621
381,0.5,411,439,13,1.5,292.6666666666667,0.0980187695516162,0.008555799154871322,0.0570262908498661,0.003782025559183189,0.0058095370925524,0.0012605839455936934,621
382,0.1,80,125,13,1.0,125.0,0.0980187695516162,0.012037539103232494,0.0464749058416465,0.00514633449158344,0.0056186378747126,0.0012992856979907482,619
382,0.2,159,220,13,1.0,220.0,0.0980187695516162,0.010749834107498302,0.0570262908498661,0.004629150047419112,0.0056186378747126,0.0012595305767890233,619
382,0.3,238,297,13,1.0,297.0,0.0980187695516162,0.009388286760549489,0.0570262908498661,0.004062133443355493,0.0058095370925524,0.001206215092139768,619
382,0.5,396,414,13,1.571429,263.45447360332537,0.0980187695516162,0.00860397052082227,0.0570262908498661,0.003846589819993216,0.0058095370925524,0.0012415898398959863,619
383,0.1,81,133,12,1.0,133.0,0.0980187695516162,0.012513034410844583,0.0570262908498661,0.005633794873181335,0.0052421649220672,0.0013999968681123864,610
383,0.2,162,219,13,1.0,219.0,0.0980187695516162,0.010679884392513083,0.0570262908498661,0.004832448837864787,0.0052421649220672,0.0013631119938538286,610
383,0.3,243,287,13,1.0,287.0,0.0980187695516162,0.00983166989423502,0.0570262908498661,0.0042902626473164535,0.0052421649220672,0.001303477726843438,610
383,0.5,405,416,13,1.6,260.0,0.0980187695516162,0.008785694232774479,0.0570262908498661,0.003911296806875617,0.0056186378747126,0.001287181781468356,610
384,0.1,85,137,13,1.0,137.0,0.0980187695516162,0.011515949552072904,0.0570262908498661,0.005443953816475113,0.0045513414488271,0.0014148068914083165,633
384,0.2,170,242,13,1.0,242.0,0.0980187695516162,0.010293952895147276,0.0570262908498661,0.004814781455163388,0.0056186378747126,0.001369243342321396,633
384,0.3,255,326,13,1.0,326.0,0.0980187695516162,0.009141680047595545,0.0570262908498661,0.00421755794984369,0.0056186378747126,0.001330605668467816,633
384,0.5,425,447,13,1.666667,268.19994636001076,0.0980187695516162,0.008412006354493939,0.0570262908498661,0.0037525718422621525,0.0056186378747126,0.001277333471345711,633
385,0.1,82,125,12,1.0,125.0,0.0980187695516162,0.012588112617309653,0.0570262908498661,0.005844664716687596,0.0039254903849993,0.001325203177155113,614
385,0.2,163,213,12,1.0,213.0,0.0980187695516162,0.010618455257089942,0.0570262908498661,0.004778592725910237,0.0052421649220672,0.0012688180232583448,614
385,0.3,245,295,12,1.0,295.0,0.0980187695516162,0.00942365811844961,0.0570262908498661,0.004220667172069929,0.0052421649220672,0.0012141776290913407,614
385,0.5,407,427,13,1.5,284.6666666666667,0.0980187695516162,0.008610647801061268,0.0570262908498661,0.003842594570708539,0.0058095370925524,0.001250336031132501,614
386,0.1,85,122,12,1.0,122.0,0.0980187695516162,0.012248072616625876,0.0492079830055308,0.00577033649030455,0.0052421649220672,0.001436806305329292,629
386,0.2,170,232,13,1.0,232.0,0.0980187695516162,0.01067473301930886,0.0492079830055308,0.00489460881433958,0.0052421649220672,0.0013762374762351954,629
386,0.3,255,303,13,1.0,303.0,0.0980187695516162,0.009770215811987826,0.0570262908498661,0.0045119060689333065,0.0056186378747126,0.0013271646332844455,629
386,0.5,424,437,13,1.5,291.3333333333333,0.0980187695516162,0.008487578832832592,0.0570262908498661,0.0037602304996672887,0.0056186378747126,0.0012410405528571454,629
387,0.1,85,127,11,1.0,127.0,0.0980187695516162,0.01242271723333849,0.0570262908498661,0.005724120756158325,0.0056186378747126,0.0014273399329662207,623
387,0.2,169,223,13,1.0,223.0,0.0980187695516162,0.010941891076747503,0.0570262908498661,0.00495106676220716,0.0056186378747126,0.0013989904458342518,623
387,0.3,253,313,13,1.0,313.0,0.0980187695516162,0.00947805721481704,0.0570262908498661,0.004192785010297308,0.0056186378747126,0.0012932290470524417,623
387,0.5,422,439,13,1.5,292.6666666666667,0.0980187695516162,0.008631808475514266,0.0570262908498661,0.0037967546180652815,0.0056186378747126,0.0012642011244986158,623
388,0.1,84,124,13,1.0,124.0,0.0980187695516162,0.011495509435231546,0.0570262908498661,0.0056833866800243505,0.0058095370925524,0.001396218060921413,621
388,0.2,168,221,13,1.0,221.0,0.0980187695516162,0.009823581313491103,0.0570262908498661,0.004474199464440991,0.0058095370925524,0.0013405358141021896,621
388,0.3,252,306,13,1.0,306.0,0.0980187695516162,0.009504044926973177,0.0570262908498661,0.004448392291079076,0.0058095370925524,0.0013377812466857993,621
388,0.5,419,434,13,1.666667,260.39994792001045,0.0980187695516162,0.008620731080282315,0.0570262908498661,0.0038961690357911223,0.0058095370925524,0.001286627842017322,621
389,0.1,80,118,13,1.0,118.0,0.0980187695516162,0.011320054435234402,0.0464749058416465,0.004347881774710032,0.0039956275909326,0.0011639240111479322,626
389,0.2,160,227,13,1.0,227.0,0.0980187695516162,0.009664986931136925,0.0492079830055308,0.0042353001813656066,0.0058095370925524,0.0012980854717507474,626
389,0.3,240,309,13,1.0,309.0,0.0980187695516162,0.009280163060901446,0.0570262908498661,0.0041456353647161895,0.0058095370925524,0.0012837739434795037,626
389,0.5,399,437,13,1.5,291.3333333333333,0.0980187695516162,0.008463717211149059,0.0570262908498661,0.003790489923944946,0.0058095370925524,0.0012597463145844208,626
390,0.1,83,125,13,1.0,125.0,0.0980187695516162,0.010986444212721541,0.0464749058416465,0.004603159466118052,0.0039956275909326,0.0012765932934548979,609
390,0.2,165,220,13,1.0,220.0,0.0980187695516162,0.009896672670395254,0.0570262908498661,0.004518269170349176,0.0045513414488271,0.0012557739475641705,609
390,0.3,248,303,13,1.0,303.0,0.0980187695516162,0.009315947236016569,0.0570262908498661,0.004109365552194096,0.0058095370925524,0.001224897174045557,609
390,0.5,413,419,13,1.5,279.3333333333333,0.0980187695516162,0.00878500625900583,0.0570262908498661,0.0039024888743367757,0.0058095370925524,0.00126376008042666,609
391,0.1,80,121,13,1.0,121.0,0.0761209593326381,0.01012590594541486,0.031948254360793,0.004039728913484962,0.0048729601732022,0.0012330342927488356,606
391,0.2,160,218,13,1.0,218.0,0.0980187695516162,0.009700471630425382,0.0464749058416465,0.0038662241140428096,0.0048729601732022,0.0011554921471478438,606
391,0.3,240,292,13,1.0,292.0,0.0980187695516162,0.009052666161955188,0.0570262908498661,0.0038753878852010224,0.0048729601732022,0.001225590062770447,606
391,0.5,400,413,13,1.5,275.3333333333333,0.0980187695516162,0.008443015954371311,0.0570262908498661,0.0036703497746982143,0.0048729601732022,0.0012425019154349434,606
392,0.1,80,123,12,1.0,123.0,0.0980187695516162,0.011470281543274197,0.0492079830055308,0.005058030677920009,0.0045513414488271,0.0013301604909154773,628
392,0.2,160,223,13,1.0,223.0,0.0980187695516162,0.010427528675703812,0.0492079830055308,0.0045652859692712116,0.0045513414488271,0.0013269803782693386,628
392,0.3,240,301,13,1.0,301.0,0.0980187695516162,0.009554526274947212,0.0492079830055308,0.0041975612392367075,0.0056186378747126,0.0013061506054765947,628
392,0.5,399,445,13,1.5,296.6666666666667,0.0980187695516162,0.008559946573560896,0.0570262908498661,0.0038227147222214463,0.0058095370925524,0.0012711399185603189,628
393,0.1,82,122,13,1.0,122.0,0.0980187695516162,0.011530111625839714,0.0464749058416465,0.004671576235325383,0.0048729601732022,0.0012679422516365705,615
393,0.2,163,216,13,1.0,216.0,0.0980187695516162,0.009770980573900238,0.0464749058416465,0.0039695248736826855,0.0048729601732022,0.0012376873059229182,615
393,0.3,245,296,13,1.0,296.0,0.0980187695516162,0.009370684553166262,0.0570262908498661,0.004152218028384233,0.0056186378747126,0.0012708878642039383,615
393,0.5,408,417,13,1.666667,250.19994996001003,0.0980187695516162,0.008712112687326632,0.0570262908498661,0.0039064050742849115,0.0056186378747126,0.001295694912553161,615
394,0.1,84,127,12,1.0,127.0,0.0980187695516162,0.012841460510866754,0.0570262908498661,0.005664566954894302,0.0040871733233292,0.0012796496744320852,622
394,0.2,168,218,13,1.0,218.0,0.0980187695516162,0.010633209287197055,0.0570262908498661,0.004583850703004602,0.0040871733233292,0.0012885969502989915,622
394,0.3,252,295,13,1.0,295.0,0.0980187695516162,0.00955797882681461,0.0570262908498661,0.004124646778511428,0.0056186378747126,0.00129135286725108,622
394,0.5,420,421,13,1.5,280.6666666666667,0.0980187695516162,0.008609522488538343,0.0570262908498661,0.0037799212467619667,0.0058095370925524,0.001274756883991184,622
395,0.1,84,122,12,1.0,122.0,0.0980187695516162,0.01053009453153041,0.0464749058416465,0.004117227919699683,0.0058095370925524,0.0012098431636919278,624
395,0.2,168,224,13,1.0,224.0,0.0980187695516162,0.010404252942052689,0.0570262908498661,0.004634351000488071,0.0058095370925524,0.0013224898467977207,624
395,0.3,251,311,13,1.0,311.0,0.0980187695516162,0.00956918547924716,0.0570262908498661,0.004037228993654017,0.0058095370925524,0.001250768783824388,624
395,0.5,418,431,13,1.666667,258.5999482800104,0.0980187695516162,0.008521057075598326,0.0570262908498661,0.003712119870504969,0.0058095370925524,0.001236463047895404,624
396,0.1,85,133,12,1.0,133.0,0.0980187695516162,0.013477384807169071,0.0570262908498661,0.006185566910079246,0.0052421649220672,0.0014674049257586584,625
396,0.2,169,227,12,1.0,227.0,0.0980187695516162,0.010776644173216365,0.0570262908498661,0.004870264832314606,0.0056186378747126,0.0013736349689112417,625
396,0.3,253,308,13,1.0,308.0,0.0980187695516162,0.009598066167409188,0.0570262908498661,0.0041762099845927304,0.0056186378747126,0.001262995113551488,625
396,0.5,421,429,13,1.5,286.0,0.0980187695516162,0.00865314733927868,0.0570262908498661,0.003923898290607972,0.0056186378747126,0.001275422823004016,625
397,0.1,86,128,12,1.0,128.0,0.0980187695516162,0.010973344629822685,0.0464749058416465,0.004567498159089764,0.0039254903849993,0.0011865705756148367,627
397,0.2,171,231,12,1.0,231.0,0.0980187695516162,0.010138627448325008,0.0570262908498661,0.0045929602054717135,0.0056186378747126,0.0012903780777720126,627
397,0.3,257,318,12,1.0,318.0,0.0980187695516162,0.009365101225726438,0.0570262908498661,0.004288974030781186,0.0058095370925524,0.0013269004299014716,627
397,0.5,428,448,12,1.5,298.6666666666667,0.0980187695516162,0.008772624013108849,0.0570262908498661,0.004028267790145661,0.0058095370925524,0.0013222783418188988,627
398,0.1,82,123,13,1.0,123.0,0.0980187695516162,0.01198741914426439,0.0464749058416465,0.0051418916665516515,0.0052421649220672,0.0012794628895461105,627
398,0.2,164,216,13,1.0,216.0,0.0980187695516162,0.009973738075927815,0.0492079830055308,0.004363248381488585,0.0052421649220672,0.0012767973402810645,627
398,0.3,246,300,13,1.0,300.0,0.0980187695516162,0.009193604449078858,0.0492079830055308,0.003953393798925108,0.0058095370925524,0.0012414598016992635,627
398,0.5,410,429,13,1.5,286.0,0.0980187695516162,0.008701760526578,0.0570262908498661,0.00389372451715672,0.0058095370925524,0.0012808836097688856,627
399,0.1,82,119,12,1.0,119.0,0.0980187695516162,0.012258918165806425,0.0464749058416465,0.005238737910204667,0.0039956275909326,0.0013046588731647026,618
399,0.2,163,219,13,1.0,219.0,0.0980187695516162,0.010489427247751369,0.0464749058416465,0.0044288412423969525,0.0058095370925524,0.001270266862819226,618
399,0.3,244,298,13,1.0,298.0,0.0980187695516162,0.009167827224947642,0.0464749058416465,0.0038739304171980264,0.0058095370925524,0.001213486960277583,618
399,0.5,406,441,13,1.5,294.0,0.0980187695516162,0.008592661951815787,0.0570262908498661,0.003874214165999684,0.0058095370925524,0.0012740758771064092,618
400,0.1,81,127,13,1.0,127.0,0.0980187695516162,0.011995763303309667,0.0464749058416465,0.004828289450410568,0.0040871733233292,0.0013008587163233613,615
400,0.2,162,223,13,1.0,223.0,0.0980187695516162,0.010273219955390708,0.0492079830055308,0.004463760857391041,0.0056186378747126,0.0013328964838814942,615
400,0.3,242,298,13,1.0,298.0,0.0980187695516162,0.009426765856491968,0.0570262908498661,0.004168592882093058,0.0056186378747126,0.0012791511837261218,615
400,0.5,403,414,13,1.666667,248.39995032000996,0.0980187695516162,0.008593895613889225,0.0570262908498661,0.0037745078111647884,0.0056186378747126,0.0012646122697548793,615
401,0.1,89,133,13,1.0,133.0,0.0980187695516162,0.011172352152539805,0.0464749058416465,0.0048508136404265614,0.0058095370925524,0.0013035649055941308,645
401,0.2,177,236,13,1.0,236.0,0.0980187695516162,0.009402449585549878,0.0570262908498661,0.004128759097213417,0.0058095370925524,0.0012541989101738323,645
401,0.3,266,324,13,1.0,324.0,0.0980187695516162,0.008773284929002648,0.0570262908498661,0.003999149509881906,0.0058095370925524,0.0012637704279147863,645
401,0.5,442,452,13,1.5,301.3333333333333,0.0980187695516162,0.008468906585953244,0.0570262908498661,0.0038028116731959405,0.0058095370925524,0.0012661699944726658,645
402,0.1,85,134,13,1.0,134.0,0.0980187695516162,0.011120103341478175,0.0570262908498661,0.0048255747211137625,0.0039956275909326,0.001364537858083438,649
402,0.2,169,234,13,1.0,234.0,0.0980187695516162,0.010030926089320205,0.0570262908498661,0.004560611222495926,0.0056186378747126,0.0013141528401448457,649
402,0.3,253,313,13,1.0,313.0,0.0980187695516162,0.00951137200291833,0.0570262908498661,0.004273917173387032,0.0056186378747126,0.0012832493076235657,649
402,0.5,421,444,13,1.5,296.0,0.0980187695516162,0.008374902535486431,0.0570262908498661,0.003716070364149228,0.0058095370925524,0.0012632022375696835,649
403,0.1,82,118,12,1.0,118.0,0.0980187695516162,0.012848836181757082,0.0570262908498661,0.0059996023952587066,0.0056186378747126,0.0014689858610070332,616
403,0.2,163,211,12,1.0,211.0,0.0980187695516162,0.010595555204127475,0.0570262908498661,0.004701997901373114,0.0056186378747126,0.0013206001720011973,616
403,0.3,245,309,12,1.0,309.0,0.0980187695516162,0.009182299523168302,0.0570262908498661,0.004106641429328932,0.0058095370925524,0.0012969676023316097,616
403,0.5,408,424,12,2.0,212.0,0.0980187695516162,0.008428099238593615,0.0570262908498661,0.003704438437491463,0.0058095370925524,0.0012483227359658606,616
404,0.1,85,125,13,1.0,125.0,0.0980187695516162,0.01205422314911362,0.0464749058416465,0.005140125782812052,0.0039956275909326,0.0012844469701077423,643
404,0.2,169,227,13,1.0,227.0,0.0980187695516162,0.009913042679369526,0.0570262908498661,0.004387778235156127,0.0039956275909326,0.0012483762379408472,643
404,0.3,254,311,13,1.0,311.0,0.0980187695516162,0.009093073237462612,0.0570262908498661,0.004059956669395087,0.0056186378747126,0.0012569569148364807,643
404,0.5,423,446,13,1.5,297.3333333333333,0.0980187695516162,0.008243826482181974,0.0570262908498661,0.0037315753467054556,0.0056186378747126,0.0012688018309577386,643
405,0.1,80,118,12,1.0,118.0,0.0980187695516162,0.01138191265619196,0.0464749058416465,0.004898337976806642,0.0058095370925524,0.0012958157410604583,600
405,0.2,160,211,13,1.0,211.0,0.0980187695516162,0.010096417575574827,0.0570262908498661,0.004808613448564117,0.0058095370925524,0.0013179907439615191,600
405,0.3,240,292,13,1.0,292.0,0.0980187695516162,0.00944191295156194,0.0570262908498661,0.00437066915089032,0.0058095370925524,0.0012937868924265223,600
405,0.5,399,417,13,1.5,278.0,0.0980187695516162,0.008774627847252912,0.0570262908498661,0.00396105959542176,0.0058095370925524,0.0012649095632415895,600
406,0.1,83,128,13,1.0,128.0,0.0980187695516162,0.010549726277372218,0.0464749058416465,0.00443911733294243,0.0058095370925524,0.0012921526665952664,624
406,0.2,165,228,13,1.0,228.0,0.0980187695516162,0.009864990944514526,0.0570262908498661,0.004520425635093982,0.0058095370925524,0.0012825137301056015,624
406,0.3,247,310,13,1.0,310.0,0.0980187695516162,0.00934441118100167,0.0570262908498661,0.004129641176847338,0.0058095370925524,0.0012355702516791555,624
406,0.5,412,420,13,1.4,300.0,0.0980187695516162,0.008391677839018776,0.0570262908498661,0.0036648444832721137,0.0058095370925524,0.0012013291571285238,624
407,0.1,85,127,13,1.0,127.0,0.0980187695516162,0.01211071243831743,0.0464749058416465,0.004929824118934439,0.0056186378747126,0.0012841780268264705,604
407,0.2,170,227,13,1.0,227.0,0.0980187695516162,0.009825763804991389,0.0570262908498661,0.004499028439623941,0.0056186378747126,0.0012980311378687935,604
407,0.3,254,313,13,1.0,313.0,0.0980187695516162,0.009391438765753683,0.0570262908498661,0.004339186267406359,0.0058095370925524,0.001293980416202811,604
407,0.5,423,426,13,1.5,284.0,0.0980187695516162,0.008792413850499545,0.0570262908498661,0.004019061665065722,0.0058095370925524,0.0013198099517107733,604
408,0.1,84,129,12,1.0,129.0,0.0980187695516162,0.012610034677595321,0.0570262908498661,0.006034526486961431,0.0056186378747126,0.0014973249107427503,617
408,0.2,168,219,12,1.0,219.0,0.0980187695516162,0.011008422967227044,0.0570262908498661,0.005088008561425873,0.0056186378747126,0.0013803757075912862,617
408,0.3,252,299,13,1.0,299.0,0.0980187695516162,0.009740497522154097,0.0570262908498661,0.004354571251866856,0.0058095370925524,0.0012824687825455515,617
408,0.5,420,432,13,1.555556,277.7142063673696,0.0980187695516162,0.008701676128683382,0.0570262908498661,0.0038128247320019064,0.0058095370925524,0.0012561660704700861,617
409,0.1,85,134,13,1.0,134.0,0.0980187695516162,0.011548098921451094,0.0464749058416465,0.004493808452093989,0.0039956275909326,0.0012131080628201463,636
409,0.2,169,235,13,1.0,235.0,0.0980187695516162,0.00988174738757123,0.0570262908498661,0.004138737155910417,0.0044179097289399,0.0012743319740900272,636
409,0.3,254,325,13,1.0,325.0,0.0980187695516162,0.009420068982112733,0.0570262908498661,0.004054509503656094,0.0058095370925524,0.0012883292212704915,636
409,0.5,422,433,13,1.666667,259.7999480400104,0.0980187695516162,0.008631007568989017,0.0570262908498661,0.003855239108377276,0.0058095370925524,0.0012953248575222477,636
410,0.1,82,132,12,1.0,132.0,0.0980187695516162,0.011359686542168249,0.0492079830055308,0.004940948518666341,0.0058095370925524,0.0012932173607901735,631
410,0.2,164,233,13,1.0,233.0,0.0980187695516162,0.009630919188890388,0.0570262908498661,0.004310457104068943,0.0058095370925524,0.00123121813702452,631
410,0.3,245,310,13,1.0,310.0,0.0980187695516162,0.009727875138753362,0.0570262908498661,0.004348332152382806,0.0058095370925524,0.0012788810706510414,631
410,0.5,408,432,13,1.5,288.0,0.0980187695516162,0.00878374464140883,0.0570262908498661,0.003899421182709096,0.0058095370925524,0.0012678345163260312,631
411,0.1,83,122,13,1.0,122.0,0.0980187695516162,0.011983110822407168,0.0464749058416465,0.0051254700366134606,0.0048729601732022,0.0012630318926094434,611
411,0.2,166,229,13,1.0,229.0,0.0980187695516162,0.009881107959073045,0.0464749058416465,0.004114629252706949,0.0048729601732022,0.0012153435597145174,611
411,0.3,249,303,13,1.0,303.0,0.0980187695516162,0.008775642944899242,0.0464749058416465,0.003549772759460333,0.0048729601732022,0.0011467033508489265,611
411,0.5,414,445,13,1.5,296.6666666666667,0.0980187695516162,0.008459186184110278,0.0570262908498661,0.0036577576579862356,0.0056186378747126,0.0012437606127599541,611
412,0.1,85,125,13,1.0,125.0,0.0980187695516162,0.011979144942648554,0.0464749058416465,0.004916794702456466,0.0039956275909326,0.0012465931295553617,638
412,0.2,170,222,13,1.0,222.0,0.0980187695516162,0.010056458961568407,0.0464749058416465,0.004275494411168706,0.0056186378747126,0.0012910892078503483,638
412,0.3,255,308,13,1.0,308.0,0.0980187695516162,0.009198569938924431,0.0464749058416465,0.003947012330174109,0.0056186378747126,0.001266341086107219,638
412,0.5,425,450,13,1.5,300.0,0.0980187695516162,0.008404588112617266,0.0570262908498661,0.0037788898138583133,0.0058095370925524,0.0012715360354584608,638
413,0.1,87,124,13,1.0,124.0,0.0980187695516162,0.010444347270342047,0.0464749058416465,0.003612685564301146,0.0034121486335321,0.0009710480630362862,617
413,0.2,174,219,13,1.0,219.0,0.0980187695516162,0.010137081529942202,0.0464749058416465,0.0039999350555394875,0.0056186378747126,0.0011659615832670114,617
413,0.3,260,303,13,1.0,303.0,0.0980187695516162,0.009075047233607572,0.0464749058416465,0.0038719429680131503,0.0058095370925524,0.001242438239432477,617
413,0.5,433,432,13,1.5,288.0,0.0980187695516162,0.00855684934152083,0.0570262908498661,0.003745308906838792,0.0058095370925524,0.001245922323607187,617
414,0.1,87,131,13,1.0,131.0,0.0980187695516162,0.011557840944367896,0.0570262908498661,0.0050946597483352675,0.0045513414488271,0.001337461309279726,643
414,0.2,174,235,13,1.0,235.0,0.0980187695516162,0.01038315621325401,0.0570262908498661,0.0047620708131063845,0.0052421649220672,0.0013710085162187253,643
414,0.3,261,310,13,1.0,310.0,0.0980187695516162,0.009613508695213381,0.0570262908498661,0.004443776298348198,0.0056186378747126,0.001346255969363604,643
414,0.5,435,451,13,1.666667,270.59994588001086,0.0980187695516162,0.00856398363964676,0.0570262908498661,0.003844100629616646,0.0058095370925524,0.001279965911464677,643
415,0.1,82,130,13,1.0,130.0,0.0980187695516162,0.011173498034811857,0.0464749058416465,0.004577342403748724,0.0039956275909326,0.001288894365373453,637
415,0.2,164,221,13,1.0,221.0,0.0980187695516162,0.00992738476637141,0.0464749058416465,0.004015016361215357,0.0040328017800694,0.0012534203989132354,637
415,0.3,246,304,13,1.0,304.0,0.0980187695516162,0.009642033916909013,0.0570262908498661,0.00419639502303106,0.0056186378747126,0.0012487275258335957,637
415,0.5,410,453,13,1.5,302.0,0.0980187695516162,0.008477834020445274,0.0570262908498661,0.003745429861818232,0.0058095370925524,0.0012552058582005474,637
416,0.1,83,130,13,1.0,130.0,0.0980187695516162,0.012753669687976213,0.0570262908498661,0.005278561934852498,0.0044179097289399,0.00124870112402129,603
416,0.2,165,208,13,1.0,208.0,0.0980187695516162,0.011344950669768143,0.0570262908498661,0.0048812012699763225,0.0058095370925524,0.001276452229662735,603
416,0.3,247,292,13,1.0,292.0,0.0980187695516162,0.010091847958061291,0.0570262908498661,0.004475057709217465,0.0058095370925524,0.0013253008207326728,603
416,0.5,411,430,13,1.666667,257.99994840001034,0.0980187695516162,0.008962824647767736,0.0570262908498661,0.004031186540414595,0.0058095370925524,0.0013177997249320574,603
417,0.1,80,126,13,1.0,126.0,0.0980187695516162,0.011263386133041982,0.0464749058416465,0.004713466014490036,0.0052421649220672,0.0012473854874210193,624
417,0.2,159,225,13,1.0,225.0,0.0980187695516162,0.009977986328351247,0.0570262908498661,0.0045273183296081435,0.0052421649220672,0.0012830866692220486,624
417,0.3,238,306,13,1.0,306.0,0.0980187695516162,0.009050822275382127,0.0570262908498661,0.004073042762305064,0.0052421649220672,0.0012573585275130878,624
417,0.5,396,438,13,1.571429,278.72719671076453,0.0980187695516162,0.008544383656872363,0.0570262908498661,0.0038347316858173175,0.0056186378747126,0.0012770580210049352,624
418,0.1,87,130,12,1.0,130.0,0.0980187695516162,0.011743001524023376,0.0464749058416465,0.005045951660323598,0.0058095370925524,0.0012661550889863816,624
418,0.2,174,233,13,1.0,233.0,0.0980187695516162,0.009962093919363387,0.0464749058416465,0.004224953446516131,0.0058095370925524,0.0012373433181194255,624
418,0.3,261,313,13,1.0,313.0,0.0980187695516162,0.00955134974863988,0.0570262908498661,0.0041521965590715125,0.0058095370925524,0.0012447084931794747,624
418,0.5,435,430,13,2.0,215.0,0.0980187695516162,0.008480248320682835,0.0570262908498661,0.0036112457457206934,0.0058095370925524,0.0012029575718708293,624
419,0.1,84,125,12,1.0,125.0,0.0980187695516162,0.010994786235662097,0.0492079830055308,0.004674649838362021,0.0045513414488271,0.0012636586823248426,659
419,0.2,168,226,12,1.0,226.0,0.0980187695516162,0.009998431256747858,0.0570262908498661,0.004642285623465227,0.0058095370925524,0.0013262006994378456,659
419,0.3,252,311,13,1.0,311.0,0.0980187695516162,0.008737665507679779,0.0570262908498661,0.0039979109042211965,0.0058095370925524,0.0012330586765383538,659
419,0.5,420,444,13,1.5,296.0,0.0980187695516162,0.008403085045420767,0.0570262908498661,0.003768799114222004,0.0058095370925524,0.001242849407200352,659
420,0.1,85,129,13,1.0,129.0,0.0980187695516162,0.010387111897891012,0.0464749058416465,0.00422069661866022,0.0044179097289399,0.001272830371351904,634
420,0.2,169,229,13,1.0,229.0,0.0980187695516162,0.010026820150174587,0.0570262908498661,0.004440792726001391,0.0058095370925524,0.001328979054631646,634
420,0.3,254,310,13,1.0,310.0,0.0980187695516162,0.009677419354838667,0.0570262908498661,0.0042876856432755685,0.0058095370925524,0.0013178156453616536,634
420,0.5,423,432,13,1.5,288.0,0.0980187695516162,0.008786158421194875,0.0570262908498661,0.0037564667367460773,0.0058095370925524,0.0012421423790060953,634
421,0.1,84,126,13,1.0,126.0,0.0980187695516162,0.01175165930119002,0.0464749058416465,0.004940006675570941,0.0056186378747126,0.0012590567438136952,618
421,0.2,167,216,13,1.0,216.0,0.0980187695516162,0.010548217665005941,0.0464749058416465,0.004604422752737379,0.0058095370925524,0.001294028870751188,618
421,0.3,251,289,13,1.0,289.0,0.0980187695516162,0.009720332959289295,0.0492079830055308,0.004231406244259105,0.0058095370925524,0.0012718810792997776,618
421,0.5,418,427,13,1.666667,256.1999487600103,0.0980187695516162,0.008725423877819601,0.0570262908498661,0.003869500358834879,0.0058095370925524,0.001276292091919263,618
422,0.1,86,119,13,1.0,119.0,0.0980187695516162,0.011514094688970437,0.0464749058416465,0.004607259677456007,0.0039956275909326,0.001329456104448836,653
422,0.2,171,229,13,1.0,229.0,0.0980187695516162,0.009530487999234963,0.0464749058416465,0.0038749715639651247,0.0039956275909326,0.0012360597017356516,653
422,0.3,256,315,13,1.0,315.0,0.0980187695516162,0.00872602082195404,0.0570262908498661,0.0038613012503238187,0.0056186378747126,0.001239235027336655,653
422,0.5,427,462,13,1.5,308.0,0.0980187695516162,0.00809826252996217,0.0570262908498661,0.0036014159925474173,0.0056186378747126,0.001212489827441698,653
423,0.1,81,123,13,1.0,123.0,0.0980187695516162,0.012241749111964486,0.0464749058416465,0.005554376166641255,0.0058095370925524,0.0014186967330972922,596
423,0.2,161,225,13,1.0,225.0,0.0980187695516162,0.01006604101494608,0.0570262908498661,0.004654320650652996,0.0058095370925524,0.001316564343012515,596
423,0.3,241,302,13,1.0,302.0,0.0980187695516162,0.009505624650401518,0.0570262908498661,0.004341603877824695,0.0058095370925524,0.001277790622095488,596
423,0.5,402,418,13,1.8,232.22222222222223,0.0980187695516162,0.008753635914603984,0.0570262908498661,0.003938675163327307,0.0058095370925524,0.0012909654869569303,596
424,0.1,86,129,13,1.0,129.0,0.0980187695516162,0.01126819765421017,0.0464749058416465,0.00434109351743756,0.0044179097289399,0.0012199011792354837,624
424,0.2,172,228,13,1.0,228.0,0.0980187695516162,0.009864990944514526,0.0464749058416465,0.004132715104262089,0.0044179097289399,0.001300362136690172,624
424,0.3,257,310,13,1.0,310.0,0.0980187695516162,0.009357866056712254,0.0464749058416465,0.0040034332010315385,0.0044179097289399,0.00127354151414537,624
424,0.5,428,437,13,1.666667,262.1999475600105,0.0980187695516162,0.008590183806071783,0.0570262908498661,0.003687502639722177,0.0048729601732022,0.001268395493733079,624
425,0.1,83,120,12,1.0,120.0,0.0594369134515119,0.010540493569690607,0.0492079830055308,0.004688454603586111,0.0056186378747126,0.001289775412568505,610
425,0.2,165,216,12,1.0,216.0,0.0980187695516162,0.009824083729193175,0.0570262908498661,0.004438372120640113,0.0058095370925524,0.0012812866762131352,610
425,0.3,248,304,13,1.0,304.0,0.0980187695516162,0.009312743537676263,0.0570262908498661,0.0041902507922733,0.0058095370925524,0.0012598868417893713,610
425,0.5,413,421,13,1.666667,252.5999494800101,0.0980187695516162,0.008807670301853381,0.0570262908498661,0.003971055565884447,0.0058095370925524,0.0012608412246548689,610
426,0.1,87,138,13,1.0,138.0,0.0980187695516162,0.011523174804672697,0.0570262908498661,0.00559803130018433,0.0058095370925524,0.0013898810845698515,613
426,0.2,173,240,13,1.0,240.0,0.0980187695516162,0.01029283976364264,0.0570262908498661,0.004683726385965638,0.0058095370925524,0.0013339784949332046,613
426,0.3,259,314,13,1.0,314.0,0.0980187695516162,0.009560781865398493,0.0570262908498661,0.004235727601824579,0.0058095370925524,0.0012842844258888994,613
426,0.5,431,429,13,1.5,286.0,0.0980187695516162,0.008655577998643648,0.0570262908498661,0.0037801801450859434,0.0058095370925524,0.0012452200357413938,613
427,0.1,83,124,12,1.0,124.0,0.0980187695516162,0.010906858622893426,0.0570262908498661,0.005222943214250352,0.0058095370925524,0.0013284215312948581,631
427,0.2,165,222,12,1.0,222.0,0.0980187695516162,0.009469323337936432,0.0570262908498661,0.0044088441123795235,0.0058095370925524,0.001323141468698337,631
427,0.3,248,300,12,1.0,300.0,0.0980187695516162,0.009377824122349625,0.0570262908498661,0.004251674466518816,0.0058095370925524,0.0012903077195117127,631
427,0.5,412,426,13,1.5,284.0,0.0980187695516162,0.00851091953178923,0.0570262908498661,0.003764285800685174,0.0058095370925524,0.0012563723969444584,631
428,0.1,83,127,13,1.0,127.0,0.0980187695516162,0.01196292069330745,0.0464749058416465,0.004829453676927326,0.0039956275909326,0.001271162104173079,622
428,0.2,165,218,13,1.0,218.0,0.0980187695516162,0.010020950722752057,0.0570262908498661,0.004266255355844869,0.0039956275909326,0.0012376549777985265,622
428,0.3,248,289,13,1.0,289.0,0.0980187695516162,0.009388383949543706,0.0570262908498661,0.004035367647883898,0.0052421649220672,0.0012655347357968944,622
428,0.5,413,421,13,1.333333,315.75007893751973,0.0980187695516162,0.008604568793205463,0.0570262908498661,0.0037423290931474238,0.0058095370925524,0.0012929532859005085,622
429,0.1,84,108,13,1.0,108.0,0.0980187695516162,0.013246823465801527,0.0464749058416465,0.005482677910644654,0.0039956275909326,0.0012548842896011351,624
429,0.2,167,204,13,1.0,204.0,0.0980187695516162,0.010371301805393647,0.0464749058416465,0.004328442083237693,0.0039956275909326,0.0012387004352678876,624
429,0.3,250,288,13,1.0,288.0,0.0980187695516162,0.009420982504924066,0.0464749058416465,0.0039889816486621855,0.0058095370925524,0.0011978338916342575,624
429,0.5,416,418,13,1.833333,228.00004145455298,0.0980187695516162,0.00885841012617804,0.0570262908498661,0.004012934846395824,0.0058095370925524,0.0012686758450826177,624
430,0.1,84,126,13,1.0,126.0,0.0980187695516162,0.010013737855239376,0.0492079830055308,0.004255212750712815,0.0045513414488271,0.001208180296701873,635
430,0.2,167,219,13,1.0,219.0,0.0980187695516162,0.00948952723775237,0.0570262908498661,0.004313492598973013,0.0045513414488271,0.0012299866709003758,635
430,0.3,251,313,13,1.0,313.0,0.0980187695516162,0.009158235249044652,0.0570262908498661,0.004080292594132819,0.0052421649220672,0.001222856152563876,635
430,0.5,417,445,13,1.5,296.6666666666667,0.0980187695516162,0.00863727431430207,0.0570262908498661,0.0038059116458962275,0.0058095370925524,0.001263120026433728,635
431,0.1,79,123,12,1.0,123.0,0.0980187695516162,0.011580491195944238,0.0492079830055308,0.005013477632286657,0.0045513414488271,0.0013272760288341456,611
431,0.2,157,214,12,1.0,214.0,0.0980187695516162,0.010875814955220057,0.0492079830055308,0.004763003546259815,0.0056186378747126,0.0013605241613206716,611
431,0.3,235,285,13,1.0,285.0,0.0980187695516162,0.00990066406893141,0.0492079830055308,0.004315523684484887,0.0056186378747126,0.001300513051563372,611
431,0.5,391,417,13,1.875,222.4,0.0980187695516162,0.008532069026738939,0.0570262908498661,0.003795270851318697,0.0058095370925524,0.0012685123842338154,611
432,0.1,81,120,13,1.0,120.0,0.0980187695516162,0.012773722627737181,0.0570262908498661,0.005715435180311509,0.0056186378747126,0.001342212866544446,617
432,0.2,161,231,13,1.0,231.0,0.0980187695516162,0.01007543030483589,0.0570262908498661,0.0042738588402440126,0.0056186378747126,0.0012571117740614915,617
432,0.3,242,319,13,1.0,319.0,0.0980187695516162,0.00928017363959972,0.0570262908498661,0.004045385935788563,0.0058095370925524,0.001262322546700174,617
432,0.5,402,435,13,1.666667,260.99994780001043,0.0980187695516162,0.008488248055325784,0.0570262908498661,0.003722795266379959,0.0058095370925524,0.001250723566563737,617
433,0.1,86,132,13,1.0,132.0,0.0980187695516162,0.010617120106171158,0.0570262908498661,0.004577897641857844,0.0034176043514391,0.001237042377398371,642
433,0.2,172,234,13,1.0,234.0,0.0980187695516162,0.010022013671648664,0.0570262908498661,0.004638902825521857,0.0045513414488271,0.0013033567669210402,642
433,0.3,258,320,13,1.0,320.0,0.0980187695516162,0.008847106360792448,0.0570262908498661,0.003991432154752531,0.0045513414488271,0.0012618677985775646,642
433,0.5,429,452,13,1.5,301.3333333333333,0.0980187695516162,0.008231288122767955,0.0570262908498661,0.0036970115848867706,0.0058095370925524,0.001251151098717795,642
434,0.1,86,120,13,1.0,120.0,0.0980187695516162,0.012122002085505687,0.0464749058416465,0.004983149563839701,0.0048729601732022,0.0013394157293774105,630
434,0.2,171,223,13,1.0,223.0,0.0980187695516162,0.010067474994973236,0.0570262908498661,0.004339077119022963,0.0048729601732022,0.0012812143919125126,630
434,0.3,256,302,13,1.0,302.0,0.0980187695516162,0.009229398725217311,0.0570262908498661,0.003925814404334832,0.0056186378747126,0.001233310005702966,630
434,0.5,426,448,13,1.6,280.0,0.0980187695516162,0.008404867421421077,0.0570262908498661,0.0036168100043368423,0.0058095370925524,0.0012521734023483737,630
435,0.1,79,119,13,1.0,119.0,0.0980187695516162,0.01253055966912308,0.0570262908498661,0.006194504084141164,0.0056186378747126,0.0014161885262167489,616
435,0.2,157,200,13,1.0,200.0,0.0980187695516162,0.010844629822731967,0.0570262908498661,0.005128229101600984,0.0056186378747126,0.00135599181170211,616
435,0.3,235,278,13,1.0,278.0,0.0980187695516162,0.009857390417176119,0.0570262908498661,0.004618585835448983,0.0056186378747126,0.0013228644321992427,616
435,0.5,391,418,13,1.5,278.6666666666667,0.0980187695516162,0.00867380794388089,0.0570262908498661,0.003944713305508497,0.0058095370925524,0.0012876336378263543,616
436,0.1,80,126,12,1.0,126.0,0.0761209593326381,0.01113097307049336,0.031948254360793,0.005237579619771626,0.0052421649220672,0.0014140953574665093,636
436,0.2,160,215,13,1.0,215.0,0.0980187695516162,0.010587579115842523,0.0492079830055308,0.004780504876592953,0.0052421649220672,0.0013355460026252676,636
436,0.3,240,298,13,1.0,298.0,0.0980187695516162,0.009353283271864523,0.0492079830055308,0.00410726674410618,0.0052421649220672,0.0012891700647734384,636
436,0.5,399,439,13,1.5,292.6666666666667,0.0980187695516162,0.008370526435804146,0.0570262908498661,0.003695291827772675,0.0052421649220672,0.0012533131829949005,636
437,0.1,82,114,12,1.0,114.0,0.0980187695516162,0.010756819054936572,0.0464749058416465,0.004143979454061079,0.0039254903849993,0.0011812667957991746,624
437,0.2,164,206,13,1.0,206.0,0.0980187695516162,0.010235176204986948,0.0570262908498661,0.004670435753377432,0.0058095370925524,0.0012973899212878563,624
437,0.3,246,294,13,1.0,294.0,0.0980187695516162,0.009796202109623783,0.0570262908498661,0.004393771539611312,0.0058095370925524,0.0012957274490618875,624
437,0.5,410,418,13,1.4,298.5714285714286,0.0980187695516162,0.008945721969156424,0.0570262908498661,0.003979637181479839,0.0058095370925524,0.0012691458151507305,624
438,0.1,86,130,12,1.0,130.0,0.0980187695516162,0.012152081495147142,0.0464749058416465,0.005362248206739816,0.0039254903849993,0.001293773313013451,638
438,0.2,172,224,13,1.0,224.0,0.0980187695516162,0.01067890659913596,0.0464749058416465,0.004709599581649267,0.0056186378747126,0.0013330572883866985,638
438,0.3,258,303,13,1.0,303.0,0.0980187695516162,0.009997350099973455,0.0570262908498661,0.004410701453173953,0.0056186378747126,0.0012918412746804346,638
438,0.5,429,426,13,1.5,284.0,0.0980187695516162,0.008679816123015419,0.0570262908498661,0.0038993496995151614,0.0058095370925524,0.0012723074351052512,638
439,0.1,79,124,13,1.0,124.0,0.0980187695516162,0.01214302532880348,0.0464749058416465,0.005117224096476829,0.0056186378747126,0.0012942012213130864,634
439,0.2,158,221,13,1.0,221.0,0.0980187695516162,0.010389781965565515,0.0464749058416465,0.004493663211882893,0.0056186378747126,0.0013172411194119266,634
439,0.3,236,308,13,1.0,308.0,0.0980187695516162,0.009239196674024576,0.0464749058416465,0.00399678307084332,0.0058095370925524,0.0012767237402448537,634
439,0.5,393,451,13,1.5,300.6666666666667,0.0980187695516162,0.008302717400100301,0.0570262908498661,0.0035825665228998473,0.0058095370925524,0.0012284518461655315,634
440,0.1,80,115,13,1.0,115.0,0.0980187695516162,0.011279865802239603,0.0464749058416465,0.004725556031139699,0.0039956275909326,0.0012127145142741688,616
440,0.2,159,215,13,1.0,215.0,0.0980187695516162,0.009079224967868615,0.0464749058416465,0.0036859938756968907,0.0039956275909326,0.0011301397353782432,616
440,0.3,239,291,13,1.0,291.0,0.0980187695516162,0.009001358087068027,0.0464749058416465,0.0036983283987801242,0.0056186378747126,0.0011867960996224055,616
440,0.5,398,424,13,1.5,282.6666666666667,0.0980187695516162,0.008295295807346444,0.0570262908498661,0.003540052495589906,0.0058095370925524,0.001228083847210242,616
441,0.1,80,116,13,1.0,116.0,0.0980187695516162,0.011614109525008047,0.0464749058416465,0.004523818360291476,0.0038221510689287,0.0011425248464187671,628
441,0.2,160,206,13,1.0,206.0,0.0980187695516162,0.010290857183352358,0.0464749058416465,0.004039449837034414,0.0039956275909326,0.0011461605623685877,628
441,0.3,239,286,13,1.0,286.0,0.0980187695516162,0.009052990804815577,0.0464749058416465,0.003786574914532054,0.0040328017800694,0.0012059580967839962,628
441,0.5,398,423,13,1.6,264.375,0.0980187695516162,0.008526908200770558,0.0570262908498661,0.0037616446373141786,0.0052421649220672,0.001256874415072498,628
442,0.1,84,132,13,1.0,132.0,0.0980187695516162,0.01126489082693458,0.0570262908498661,0.005078374859318219,0.0045513414488271,0.001237991504446322,609
442,0.2,167,231,13,1.0,231.0,0.0980187695516162,0.010007719079668983,0.0570262908498661,0.004529478170016781,0.0045513414488271,0.001281012511108164,609
442,0.3,250,314,13,1.0,314.0,0.0980187695516162,0.009663728804553531,0.0570262908498661,0.004425274615257183,0.0056186378747126,0.0013241605328852607,609
442,0.5,417,430,13,1.555556,276.4284924490022,0.0980187695516162,0.00863302374081524,0.0570262908498661,0.003879064569246229,0.0056186378747126,0.0012961836053707718,609
443,0.1,86,116,13,1.0,116.0,0.0980187695516162,0.011074754593506122,0.0464749058416465,0.004793787817836203,0.0056186378747126,0.0012024094865480802,650
443,0.2,171,230,13,1.0,230.0,0.0980187695516162,0.010214444394069867,0.0464749058416465,0.004324115109842313,0.0056186378747126,0.0012348391878026109,650
443,0.3,256,322,13,1.0,322.0,0.0980187695516162,0.009125706772712214,0.0464749058416465,0.0038845219962921557,0.0058095370925524,0.0012496996916328998,650
443,0.5,427,456,13,1.5,304.0,0.0980187695516162,0.008408338364158528,0.0570262908498661,0.003760624756091352,0.0058095370925524,0.0012483793386546414,650
444,0.1,81,123,13,1.0,123.0,0.0761209593326381,0.011309205897064143,0.031948254360793,0.004353532667728174,0.0056186378747126,0.0012206499638890138,632
444,0.2,161,217,13,1.0,217.0,0.0980187695516162,0.010538050869040768,0.0464749058416465,0.004169987818306756,0.0056186378747126,0.0012336867769546548,632
444,0.3,241,302,13,1.0,302.0,0.0980187695516162,0.009502171826336718,0.0464749058416465,0.003783517192954312,0.0056186378747126,0.0011789265212363532,632
444,0.5,401,431,13,1.5,287.3333333333333,0.0980187695516162,0.008593638481693717,0.0570262908498661,0.003759739515797479,0.0058095370925524,0.0012517442487856073,632
445,0.1,87,132,12,1.0,132.0,0.0980187695516162,0.011754668688975215,0.0570262908498661,0.0050436963023374835,0.0039956275909326,0.001176734774828347,636
445,0.2,174,235,13,1.0,235.0,0.0980187695516162,0.010471901138153617,0.0570262908498661,0.004495413077988806,0.0056186378747126,0.0012331914780116897,636
445,0.3,261,312,13,1.0,312.0,0.0980187695516162,0.009454961097296818,0.0570262908498661,0.00399243861440991,0.0056186378747126,0.0012134289202518956,636
445,0.5,434,441,13,1.5,294.0,0.0980187695516162,0.00861394262258253,0.0570262908498661,0.003693725239360041,0.0058095370925524,0.0012396496381394135,636
446,0.1,78,116,13,1.0,116.0,0.0980187695516162,0.011964690230484295,0.0492079830055308,0.0052806346834787165,0.0045513414488271,0.001258213911627406,597
446,0.2,155,218,13,1.0,218.0,0.0980187695516162,0.010327080004974558,0.0570262908498661,0.004623329270053835,0.0052421649220672,0.0012394540192860878,597
446,0.3,232,294,13,1.0,294.0,0.0980187695516162,0.009328027352755447,0.0570262908498661,0.004259977910636008,0.0056186378747126,0.0012439396810330625,597
446,0.5,387,406,13,1.6,253.75,0.0980187695516162,0.008655362472197493,0.0570262908498661,0.003850297453919957,0.0056186378747126,0.0012296912394976366,597
447,0.1,85,137,13,1.0,137.0,0.0980187695516162,0.01206396565765734,0.0570262908498661,0.005712420885942264,0.0048729601732022,0.0015018723911951236,622
447,0.2,169,239,13,1.0,239.0,0.0980187695516162,0.010588959035955298,0.0570262908498661,0.005011954325696632,0.0052421649220672,0.0014320057531590478,622
447,0.3,253,318,13,1.0,318.0,0.0980187695516162,0.009568405243931984,0.0570262908498661,0.004436098514658012,0.0052421649220672,0.001361202187726467,622
447,0.5,421,438,13,1.8,243.33333333333331,0.0980187695516162,0.008641992943562741,0.0570262908498661,0.003926812068948597,0.0058095370925524,0.001313835082527404,622
448,0.1,81,118,12,1.0,118.0,0.0980187695516162,0.011311217546526179,0.0464749058416465,0.004210101611044592,0.0033192232872945,0.0011834913960487967,610
448,0.2,161,206,13,1.0,206.0,0.0980187695516162,0.01033641434746951,0.0464749058416465,0.004149813612328614,0.0058095370925524,0.001253818952744383,610
448,0.3,241,294,13,1.0,294.0,0.0980187695516162,0.009852950565001765,0.0570262908498661,0.004267465705503747,0.0058095370925524,0.0012736084253251294,610
448,0.5,402,424,13,1.666667,254.3999491200102,0.0980187695516162,0.008435477206996236,0.0570262908498661,0.0037474296645762643,0.0058095370925524,0.0012626105443063254,610
449,0.1,83,125,12,1.0,125.0,0.0980187695516162,0.011395203336809134,0.0464749058416465,0.0048336229297114225,0.0056186378747126,0.0012738992669787095,630
449,0.2,166,231,13,1.0,231.0,0.0980187695516162,0.009809099485846053,0.0464749058416465,0.004226756560251801,0.0056186378747126,0.0012163302232263112,630
449,0.3,249,310,13,1.0,310.0,0.0980187695516162,0.009045040196441142,0.0570262908498661,0.003971552316617009,0.0056186378747126,0.001183026352455771,630
449,0.5,414,447,13,1.5,298.0,0.0980187695516162,0.008115743235519803,0.0570262908498661,0.00363275578971054,0.0056186378747126,0.001252357743049241,630
450,0.1,82,130,12,1.0,130.0,0.0980187695516162,0.012168123846955922,0.0464749058416465,0.005274304234787979,0.0056186378747126,0.0014348366213631926,606
450,0.2,164,215,13,1.0,215.0,0.0980187695516162,0.01065547930256804,0.0464749058416465,0.00456658482507304,0.0056186378747126,0.0013271202077489658,606
450,0.3,245,296,13,1.0,296.0,0.0980187695516162,0.00950102866161256,0.0570262908498661,0.004215887909659269,0.0056186378747126,0.001286558630138336,606
450,0.5,408,419,13,1.5,279.3333333333333,0.0980187695516162,0.0084042396987713,0.0570262908498661,0.0037305253108976615,0.0058095370925524,0.0012445734549965516,606
451,0.1,83,124,12,1.0,124.0,0.0980187695516162,0.011377779272763924,0.0570262908498661,0.004801916514436042,0.0039956275909326,0.0012833146968528138,621
451,0.2,166,235,12,1.0,235.0,0.0980187695516162,0.009513455949237857,0.0570262908498661,0.00417556194986313,0.0056186378747126,0.0012751582025205912,621
451,0.3,249,320,13,1.0,320.0,0.0980187695516162,0.009326120959332593,0.0570262908498661,0.0040472579760335884,0.0056186378747126,0.0012727760143274361,621
451,0.5,415,445,13,1.555556,286.07134683675804,0.0980187695516162,0.00844512659488461,0.0570262908498661,0.003660475390066949,0.0058095370925524,0.0012666501138642776,621
452,0.1,84,138,13,1.0,138.0,0.0980187695516162,0.01295884904263192,0.0464749058416465,0.0056578820536696585,0.0058095370925524,0.0013975685448597724,608
452,0.2,168,232,13,1.0,232.0,0.0980187695516162,0.010566862033008476,0.0570262908498661,0.004490309717106352,0.0058095370925524,0.0012923752083304524,608
452,0.3,252,317,13,1.0,317.0,0.0980187695516162,0.009572273957822739,0.0570262908498661,0.004155209532050057,0.0058095370925524,0.0012495871769395536,608
452,0.5,419,436,13,1.75,249.14285714285714,0.0980187695516162,0.008574011537247277,0.0570262908498661,0.0038131095730548335,0.0058095370925524,0.0012595768153367698,608
453,0.1,86,144,13,1.0,144.0,0.0980187695516162,0.012013381995133774,0.0570262908498661,0.005756514489143004,0.0052421649220672,0.001394351440449193,642
453,0.2,171,239,13,1.0,239.0,0.0980187695516162,0.01046679552008931,0.0570262908498661,0.004796540458932211,0.0052421649220672,0.0013521006506070996,642
453,0.3,256,314,13,1.0,314.0,0.0980187695516162,0.009882906158883611,0.0570262908498661,0.0044349911371943706,0.0052421649220672,0.0013161107649631676,642
453,0.5,426,450,13,1.666667,269.9999460000108,0.0980187695516162,0.008494960027806697,0.0570262908498661,0.003795761762967489,0.0058095370925524,0.0012572860110637942,642
454,0.1,85,124,13,1.0,124.0,0.0980187695516162,0.01040230078374647,0.0492079830055308,0.0047335820696803935,0.0056186378747126,0.0014142045482791574,611
454,0.2,170,213,13,1.0,213.0,0.0980187695516162,0.010324722054957436,0.0492079830055308,0.00476661548149348,0.0056186378747126,0.0013815217278879282,611
454,0.3,255,289,13,1.0,289.0,0.0980187695516162,0.009229625727491466,0.0492079830055308,0.004079563139257598,0.0056186378747126,0.0013103864277503848,611
454,0.5,424,436,13,1.5,290.6666666666667,0.0980187695516162,0.00822483282471224,0.0570262908498661,0.0037037934436763304,0.0058095370925524,0.0012558476983275055,611
455,0.1,86,131,13,1.0,131.0,0.0980187695516162,0.011693160018785424,0.0464749058416465,0.005113691530681784,0.0039956275909326,0.001295935015458483,646
455,0.2,171,223,13,1.0,223.0,0.0980187695516162,0.0101656714533543,0.0464749058416465,0.0042058213776312095,0.0039956275909326,0.001198985068726099,646
455,0.3,257,299,13,1.0,299.0,0.0980187695516162,0.009168552805493413,0.0464749058416465,0.00384410889714461,0.0039956275909326,0.0012004488261506193,646
455,0.5,427,437,13,1.5,291.3333333333333,0.0980187695516162,0.008420766292118699,0.0570262908498661,0.003774755035819975,0.0056186378747126,0.0012336236754033876,646
456,0.1,84,120,13,1.0,120.0,0.0980187695516162,0.013025721237400019,0.0464749058416465,0.005431839530020194,0.0039956275909326,0.0013764169140849784,600
456,0.2,168,229,13,1.0,229.0,0.0980187695516162,0.011101447559548429,0.0570262908498661,0.00499485267331026,0.0052421649220672,0.0013522106922361809,600
456,0.3,252,304,13,1.0,304.0,0.0980187695516162,0.009779238241589331,0.0570262908498661,0.0043398807018533055,0.0052421649220672,0.0012584489779738804,600
456,0.5,419,422,13,1.555556,271.28563677553234,0.0980187695516162,0.008863399374348232,0.0570262908498661,0.0039447342350289235,0.0056186378747126,0.001277874818220464,600
457,0.1,82,120,13,1.0,120.0,0.0980187695516162,0.009080639555092068,0.0464749058416465,0.003345687480220619,0.0039254903849993,0.0009623103825390992,628
457,0.2,164,231,13,1.0,231.0,0.0980187695516162,0.008608353759552883,0.0464749058416465,0.0035308170835034163,0.0039956275909326,0.0011593469430145257,628
457,0.3,246,311,13,1.0,311.0,0.0980187695516162,0.008506315193009822,0.0570262908498661,0.0037206705078818778,0.0056186378747126,0.0012433819932448817,628
457,0.5,410,430,13,1.666667,257.99994840001034,0.0980187695516162,0.008480248320682835,0.0570262908498661,0.003753758704817836,0.0058095370925524,0.0012860277760697438,628
458,0.1,82,128,13,1.0,128.0,0.0980187695516162,0.011160714285714244,0.0570262908498661,0.004813151676955873,0.0039254903849993,0.001329651301261339,620
458,0.2,164,236,13,1.0,236.0,0.0980187695516162,0.011143316661069928,0.0570262908498661,0.004978934299818939,0.0058095370925524,0.001382498530134609,620
458,0.3,245,312,13,1.0,312.0,0.0980187695516162,0.009983021844335669,0.0570262908498661,0.004392184056044105,0.0058095370925524,0.0013327817202653939,620
458,0.5,408,436,13,1.666667,261.5999476800105,0.0980187695516162,0.008686418383063355,0.0570262908498661,0.0038201294176327637,0.0058095370925524,0.0012727415757745374,620
459,0.1,86,127,12,1.0,127.0,0.0980187695516162,0.01183976090579914,0.0464749058416465,0.0052535469840227465,0.0052421649220672,0.0013259651477331843,633
459,0.2,171,231,13,1.0,231.0,0.0980187695516162,0.010152169693358387,0.0570262908498661,0.0044953547193472875,0.0052421649220672,0.0012835098576154012,633
459,0.3,256,309,13,1.0,309.0,0.0980187695516162,0.009229543989660166,0.0570262908498661,0.004145385598009281,0.0052421649220672,0.0012608346670191113,633
459,0.5,426,448,13,1.555556,287.9999177143092,0.0980187695516162,0.008314092060181692,0.0570262908498661,0.0036584230794923455,0.0056186378747126,0.0012345599201686805,633
460,0.1,84,124,13,1.0,124.0,0.0980187695516162,0.011108681758552211,0.0464749058416465,0.004691748364748701,0.0056186378747126,0.0012025965003854943,625
460,0.2,167,216,13,1.0,216.0,0.0980187695516162,0.01002684123122075,0.0570262908498661,0.004341610191142286,0.0056186378747126,0.001237304976846422,625
460,0.3,251,294,13,1.0,294.0,0.0980187695516162,0.009232264334305107,0.0570262908498661,0.004047405413390619,0.0056186378747126,0.0012199339256979674,625
460,0.5,417,428,13,1.5,285.3333333333333,0.0980187695516162,0.008780563866176753,0.0570262908498661,0.003934415302244847,0.0056186378747126,0.0012650576522543044,625
461,0.1,83,125,12,1.0,125.0,0.0980187695516162,0.012471324296141771,0.0570262908498661,0.00582564004334284,0.0058095370925524,0.0014047569600644954,639
461,0.2,166,221,12,1.0,221.0,0.0980187695516162,0.010823869132155904,0.0570262908498661,0.005099164702337505,0.0058095370925524,0.0014095698066355683,639
461,0.3,249,315,12,1.0,315.0,0.0980187695516162,0.009646291606666952,0.0570262908498661,0.004467391971636826,0.0058095370925524,0.0013345565519787327,639
461,0.5,414,436,13,1.857143,234.76921271006057,0.0980187695516162,0.00850226248672638,0.0570262908498661,0.0038265257038473254,0.0058095370925524,0.001280779530497001,639
462,0.1,82,126,12,1.0,126.0,0.0761209593326381,0.01203303705910584,0.031948254360793,0.005314593151109955,0.0056186378747126,0.0013067149317203405,631
462,0.2,164,232,13,1.0,232.0,0.0980187695516162,0.009789292006759874,0.0464749058416465,0.004352047343013848,0.0056186378747126,0.001321750485361196,631
462,0.3,246,317,13,1.0,317.0,0.0980187695516162,0.009598589487603695,0.0570262908498661,0.0042840167960114086,0.0056186378747126,0.0013101399026806417,631
462,0.5,409,445,13,1.5,296.6666666666667,0.0980187695516162,0.00854588698433523,0.0570262908498661,0.0037585731144663004,0.0058095370925524,0.0012689673351645387,631
463,0.1,81,127,13,1.0,127.0,0.0980187695516162,0.010238683668191063,0.0464749058416465,0.004393849710477064,0.0058095370925524,0.0013001105612435225,632
463,0.2,162,218,13,1.0,218.0,0.0980187695516162,0.009537840449244675,0.0570262908498661,0.004195108017923149,0.0058095370925524,0.0012659618792239867,632
463,0.3,243,307,13,1.0,307.0,0.0980187695516162,0.009136824800535256,0.0570262908498661,0.00397399478939144,0.0058095370925524,0.0012229020311348715,632
463,0.5,405,440,13,1.75,251.42857142857142,0.0980187695516162,0.008455777798843447,0.0570262908498661,0.003613696289927123,0.0058095370925524,0.001216517635408572,632
464,0.1,85,129,13,1.0,129.0,0.0980187695516162,0.012335200588468237,0.0570262908498661,0.005618239515809868,0.0058095370925524,0.0013826291039397232,622
464,0.2,169,226,13,1.0,226.0,0.0980187695516162,0.011133463139147478,0.0570262908498661,0.005078919825166719,0.0058095370925524,0.0013911876612312374,622
464,0.3,253,313,13,1.0,313.0,0.0980187695516162,0.0099211438965642,0.0570262908498661,0.0043846407459285485,0.0058095370925524,0.0013052206825867093,622
464,0.5,422,437,13,2.0,218.5,0.0980187695516162,0.008592569968240137,0.0570262908498661,0.003780026109890144,0.0058095370925524,0.001261270227743713,622
465,0.1,85,120,13,1.0,120.0,0.0980187695516162,0.011791797010775073,0.0570262908498661,0.005178759602529698,0.0039956275909326,0.00116839734677671,624
465,0.2,169,230,13,1.0,230.0,0.0980187695516162,0.009969624155596818,0.0570262908498661,0.0044983907983832325,0.0058095370925524,0.0013000095916851724,624
465,0.3,254,315,13,1.0,315.0,0.0980187695516162,0.008994157273615,0.0570262908498661,0.003931069992588678,0.0058095370925524,0.0012268242124459097,624
465,0.5,423,445,13,1.5,296.6666666666667,0.0980187695516162,0.008513081276142006,0.0570262908498661,0.0037724549636945818,0.0058095370925524,0.0012869072523525207,624
466,0.1,82,124,13,1.0,124.0,0.0980187695516162,0.012311211275185805,0.0464749058416465,0.005252806445399575,0.0058095370925524,0.0013309932790508824,637
466,0.2,163,217,13,1.0,217.0,0.0980187695516162,0.01014882053598454,0.0464749058416465,0.004431517299620324,0.0058095370925524,0.0013398155120881799,637
466,0.3,244,301,13,1.0,301.0,0.0980187695516162,0.009239275408007326,0.0464749058416465,0.003944645600515197,0.0058095370925524,0.0012616293866848749,637
466,0.5,406,435,13,1.333333,326.2500815625204,0.0980187695516162,0.007948893123823861,0.0570262908498661,0.003378312116945128,0.0058095370925524,0.0012078046963927037,637
467,0.1,81,124,11,1.0,124.0,0.0980187695516162,0.01171415116552856,0.0464749058416465,0.0046884383372898,0.0058095370925524,0.0012428521736463697,599
467,0.2,161,214,12,1.0,214.0,0.0980187695516162,0.01068578055412078,0.0570262908498661,0.004889312783188235,0.0058095370925524,0.0013075410981399475,599
467,0.3,241,292,12,1.0,292.0,0.0980187695516162,0.010248975102489706,0.0570262908498661,0.004656873545704071,0.0058095370925524,0.001338662422288253,599
467,0.5,401,401,13,1.5,267.3333333333333,0.0980187695516162,0.008976515957239285,0.0570262908498661,0.003980770100537501,0.0058095370925524,0.001273434628051168,599
468,0.1,85,129,13,1.0,129.0,0.0980187695516162,0.011300531076460419,0.0464749058416465,0.0048350510959719855,0.0052421649220672,0.0013988828677990808,614
468,0.2,169,226,13,1.0,226.0,0.0980187695516162,0.010667454114259832,0.0570262908498661,0.004814796045614826,0.0056186378747126,0.0013722481254956436,614
468,0.3,253,304,13,1.0,304.0,0.0980187695516162,0.009820399538993423,0.0570262908498661,0.004359793964761397,0.0056186378747126,0.0013120208820912203,614
468,0.5,421,437,13,1.5,291.3333333333333,0.0980187695516162,0.00837781537308834,0.0570262908498661,0.0037693829439910723,0.0056186378747126,0.001279228840532532,614
469,0.1,88,133,13,1.0,133.0,0.0980187695516162,0.01128995585940864,0.0464749058416465,0.0050467377269640444,0.0058095370925524,0.0013436951257289346,649
469,0.2,175,231,13,1.0,231.0,0.0980187695516162,0.00938477580813343,0.0570262908498661,0.004430012870041332,0.0058095370925524,0.0012874375030476044,649
469,0.3,262,322,13,1.0,322.0,0.0980187695516162,0.009177520579796455,0.0570262908498661,0.00426677922710309,0.0058095370925524,0.001311735260716193,649
469,0.5,436,442,13,1.5,294.6666666666667,0.0980187695516162,0.00850008728926715,0.0570262908498661,0.0037377951733457643,0.0058095370925524,0.0012260568764788362,649
470,0.1,90,141,12,1.0,141.0,0.0980187695516162,0.011758702549197923,0.0464749058416465,0.005016484342639327,0.0056186378747126,0.001346451642777217,640
470,0.2,179,249,13,1.0,249.0,0.0980187695516162,0.010469406300907445,0.0464749058416465,0.004573961891195792,0.0056186378747126,0.001361099823034465,640
470,0.3,269,336,13,1.0,336.0,0.0980187695516162,0.009279259148914995,0.0464749058416465,0.0041037898910952445,0.0058095370925524,0.0013272312896557424,640
470,0.5,448,465,13,1.5,310.0,0.0980187695516162,0.008440692029107334,0.0570262908498661,0.003845522535208737,0.0058095370925524,0.0013060793490533692,640
471,0.1,84,129,13,1.0,129.0,0.0980187695516162,0.012399867432968729,0.0570262908498661,0.005766987972882314,0.0052421649220672,0.0013322005445410479,617
471,0.2,168,223,13,1.0,223.0,0.0980187695516162,0.010394796522910126,0.0570262908498661,0.004727492737423978,0.0052421649220672,0.0013103167007346786,617
471,0.3,252,294,13,1.0,294.0,0.0980187695516162,0.009338667688138817,0.0570262908498661,0.004203371295300577,0.0052421649220672,0.0012611452931427358,617
471,0.5,420,437,13,1.8,242.77777777777777,0.0980187695516162,0.008303844345869388,0.0570262908498661,0.0037004551827636463,0.0058095370925524,0.001255321780150445,617
472,0.1,84,131,12,1.0,131.0,0.0980187695516162,0.01238567528198103,0.0570262908498661,0.005466215881764684,0.0039956275909326,0.0012904849291588303,626
472,0.2,167,224,12,1.0,224.0,0.0980187695516162,0.01051597646357809,0.0570262908498661,0.004602093182949814,0.0039956275909326,0.0012859217971415728,626
472,0.3,250,299,12,1.0,299.0,0.0980187695516162,0.009405700614840525,0.0570262908498661,0.004073015124757241,0.0056186378747126,0.001256850253216076,626
472,0.5,417,413,12,1.666667,247.79995044000992,0.0980187695516162,0.008700548139582398,0.0570262908498661,0.0037554758082349662,0.0058095370925524,0.0012580161568997547,626
473,0.1,84,126,12,1.0,126.0,0.0980187695516162,0.01155303970736709,0.0464749058416465,0.004859441488815044,0.0048729601732022,0.0012761541931504753,630
473,0.2,168,218,12,1.0,218.0,0.0980187695516162,0.010355779625182915,0.0570262908498661,0.0049623026949998,0.0058095370925524,0.0013902089197301184,630
473,0.3,252,300,12,1.0,300.0,0.0980187695516162,0.009217935349322165,0.0570262908498661,0.004323551981058283,0.0058095370925524,0.0013239912866922503,630
473,0.5,419,440,12,1.555556,282.8570620408394,0.0980187695516162,0.008614560621859849,0.0570262908498661,0.0038888491571987416,0.0058095370925524,0.001281405617779037,630
474,0.1,81,126,12,1.0,126.0,0.0980187695516162,0.010783388781303234,0.0570262908498661,0.004740722829358674,0.0058095370925524,0.001332694320228904,594
474,0.2,161,223,12,1.0,223.0,0.0980187695516162,0.01012826327873294,0.0570262908498661,0.0045339143760167785,0.0058095370925524,0.0013276683635002496,594
474,0.3,242,300,13,1.0,300.0,0.0980187695516162,0.00948209940910666,0.0570262908498661,0.00413271694675653,0.0058095370925524,0.001282937163239304,594
474,0.5,402,410,13,1.8,227.77777777777777,0.0980187695516162,0.008565833312139124,0.0570262908498661,0.003784682021943514,0.0058095370925524,0.0012709924839552965,594
475,0.1,85,130,13,1.0,130.0,0.0980187695516162,0.011366006256517158,0.0570262908498661,0.005146413468262143,0.0058095370925524,0.0013983592465632683,611
475,0.2,170,234,13,1.0,234.0,0.0980187695516162,0.010035382298155975,0.0570262908498661,0.0044510249055356695,0.0058095370925524,0.0013348119989985737,611
475,0.3,255,320,13,1.0,320.0,0.0980187695516162,0.009446689259645416,0.0570262908498661,0.004231033136813459,0.0058095370925524,0.0013284489126693957,611
475,0.5,424,433,13,1.571429,275.54537939671474,0.0980187695516162,0.008626191158515248,0.0570262908498661,0.0038136256881943966,0.0058095370925524,0.0012791717252591032,611
476,0.1,87,133,13,1.0,133.0,0.0980187695516162,0.010968505727300477,0.0464749058416465,0.004814792740517388,0.0058095370925524,0.0013302324816782608,632
476,0.2,173,243,13,1.0,243.0,0.0980187695516162,0.009869677347373979,0.0570262908498661,0.0044344477980818005,0.0058095370925524,0.0012481713378475361,632
476,0.3,260,327,13,1.0,327.0,0.0980187695516162,0.009327376567716709,0.0570262908498661,0.0042343183547734545,0.0058095370925524,0.00127291725437373,632
476,0.5,432,447,13,1.75,255.42857142857142,0.0980187695516162,0.008365350745206675,0.0570262908498661,0.0037851141272162983,0.0058095370925524,0.0012746055746746686,632
477,0.1,84,132,13,1.0,132.0,0.0980187695516162,0.012086453692293064,0.0570262908498661,0.00576022349053113,0.0058095370925524,0.0013736839993614039,622
477,0.2,167,230,13,1.0,230.0,0.0980187695516162,0.010228045518429476,0.0570262908498661,0.004719309579871323,0.0058095370925524,0.001258043022078133,622
477,0.3,251,311,13,1.0,311.0,0.0980187695516162,0.009435069354800808,0.0570262908498661,0.004262198654254928,0.0058095370925524,0.0012330097429999987,622
477,0.5,417,432,13,1.5,288.0,0.0980187695516162,0.008428919012860574,0.0570262908498661,0.0037429187508721427,0.0058095370925524,0.0012222863966244205,622
478,0.1,82,125,13,1.0,125.0,0.0980187695516162,0.010152241918665234,0.0464749058416465,0.0040202609876262285,0.0039254903849993,0.0011744828689544194,605
478,0.2,164,229,13,1.0,229.0,0.0980187695516162,0.009380222302161506,0.0464749058416465,0.003983320963718383,0.0039956275909326,0.0012505214600792925,605
478,0.3,246,290,13,1.0,290.0,0.0980187695516162,0.009226565028226198,0.0464749058416465,0.004039707788930366,0.0056186378747126,0.0012547989403211331,605
478,0.5,410,420,13,1.5,280.0,0.0980187695516162,0.00850588410546696,0.0570262908498661,0.0037565667402138982,0.0058095370925524,0.0012520943555210588,605
479,0.1,81,114,12,1.0,114.0,0.0656934306569343,0.010683643415107066,0.0570262908498661,0.004435009735336454,0.0044179097289399,0.00126334726296175,605
479,0.2,162,201,12,1.0,201.0,0.0980187695516162,0.0103652747731623,0.0570262908498661,0.004543596051981243,0.0056186378747126,0.0013017675356396011,605
479,0.3,243,277,12,1.0,277.0,0.0980187695516162,0.009648287363115115,0.0570262908498661,0.00413440169528452,0.0056186378747126,0.0012456194834311804,605
479,0.5,405,421,12,1.333333,315.75007893751973,0.0980187695516162,0.008473295866884254,0.0570262908498661,0.0036985796907173904,0.0056186378747126,0.0012438689759537958,605
480,0.1,83,118,13,1.0,118.0,0.0980187695516162,0.013060921510754447,0.0570262908498661,0.005559532948087537,0.0039956275909326,0.0012762233165432711,624
480,0.2,165,214,13,1.0,214.0,0.0980187695516162,0.011104830771929437,0.0570262908498661,0.00485853991313618,0.0056186378747126,0.0013349023469765061,624
480,0.3,248,291,13,1.0,291.0,0.0980187695516162,0.01002261089551325,0.0570262908498661,0.00431231097958092,0.0056186378747126,0.0012495995137356724,624
480,0.5,412,423,13,1.666667,253.79994924001016,0.0980187695516162,0.008876957626763451,0.0570262908498661,0.003986671303688644,0.0058095370925524,0.001287612805454283,624
481,0.1,82,119,13,1.0,119.0,0.0980187695516162,0.012022327179046752,0.0464749058416465,0.004896970085646299,0.0052421649220672,0.0013720159780407249,628
481,0.2,164,213,13,1.0,213.0,0.0980187695516162,0.010481379762761436,0.0570262908498661,0.004637273917642234,0.0052421649220672,0.0013816167072113906,628
481,0.3,246,291,13,1.0,291.0,0.0980187695516162,0.009682193292698172,0.0570262908498661,0.0042754762024447045,0.0056186378747126,0.0013279450754274185,628
481,0.5,409,440,13,1.5,293.3333333333333,0.0980187695516162,0.008427339084273346,0.0570262908498661,0.0036996997086673304,0.0058095370925524,0.0012654405706073876,628
482,0.1,84,121,12,1.0,121.0,0.0980187695516162,0.012754332595075753,0.0570262908498661,0.005681091899444771,0.0058095370925524,0.0013699794213003116,619
482,0.2,168,226,12,1.0,226.0,0.0980187695516162,0.009956905700074703,0.0570262908498661,0.004510087439941632,0.0058095370925524,0.001258017902146656,619
482,0.3,252,314,12,1.0,314.0,0.0980187695516162,0.009185523667833354,0.0570262908498661,0.004119882378427769,0.0058095370925524,0.0012629427896119515,619
482,0.5,419,433,13,1.666667,259.7999480400104,0.0980187695516162,0.008373329608642522,0.0570262908498661,0.0037451457536481483,0.0058095370925524,0.0012344242005100949,619
483,0.1,88,133,12,1.0,133.0,0.0980187695516162,0.012011258594870865,0.0570262908498661,0.005433751960031978,0.0056186378747126,0.0012965243416312488,639
483,0.2,175,229,12,1.0,229.0,0.0980187695516162,0.010477617241394968,0.0570262908498661,0.004696194097056754,0.0056186378747126,0.0013196107337306153,639
483,0.3,262,320,12,1.0,320.0,0.0980187695516162,0.009479275286756992,0.0570262908498661,0.004128938564813187,0.0058095370925524,0.0012846832923436454,639
483,0.5,436,449,13,1.5,299.3333333333333,0.0980187695516162,0.008437240908425814,0.0570262908498661,0.003773089735968904,0.0058095370925524,0.0012589032835123844,639
484,0.1,82,122,13,1.0,122.0,0.0980187695516162,0.011931827894493879,0.0570262908498661,0.00528759942595254,0.0039956275909326,0.001227811285903562,623
484,0.2,164,230,13,1.0,230.0,0.0980187695516162,0.00952985446796931,0.0570262908498661,0.004189088761425322,0.0045513414488271,0.0012294191968310975,623
484,0.3,246,310,13,1.0,310.0,0.0980187695516162,0.009058495072151729,0.0570262908498661,0.004005823012144272,0.0058095370925524,0.0012513120336159606,623
484,0.5,409,437,13,1.5,291.3333333333333,0.0980187695516162,0.00870949191448945,0.0570262908498661,0.003871204158669981,0.0058095370925524,0.0012788635588952607,623
485,0.1,83,121,12,1.0,121.0,0.0761209593326381,0.01286636389489736,0.031948254360793,0.005361644307046952,0.0052421649220672,0.0013108982300047238,618
485,0.2,165,221,12,1.0,221.0,0.0761209593326381,0.010658727275300867,0.0492079830055308,0.004742198711330923,0.0052421649220672,0.0013971041805260237,618
485,0.3,247,288,12,1.0,288.0,0.0980187695516162,0.009862704205769852,0.0492079830055308,0.004259650795593493,0.0052421649220672,0.0013220478509149414,618
485,0.5,411,416,13,1.333333,312.00007800001947,0.0980187695516162,0.00892355819363114,0.0570262908498661,0.004006070654495439,0.0058095370925524,0.0013070422157384028,618
486,0.1,84,127,13,1.0,127.0,0.0980187695516162,0.011568809373280855,0.0570262908498661,0.00500378223087683,0.0048729601732022,0.0013490188960318195,638
486,0.2,167,236,13,1.0,236.0,0.0980187695516162,0.009618953358901356,0.0570262908498661,0.004243489414401088,0.0052421649220672,0.0012751497765668988,638
486,0.3,250,319,13,1.0,319.0,0.0980187695516162,0.008972904769531961,0.0570262908498661,0.00399966362043383,0.0056186378747126,0.0012713456799445673,638
486,0.5,416,448,13,1.5,298.6666666666667,0.0980187695516162,0.008281506033070119,0.0570262908498661,0.0036512637968566333,0.0058095370925524,0.001244315003639676,638
487,0.1,85,127,13,1.0,127.0,0.0980187695516162,0.011503124153276414,0.0570262908498661,0.004863652676113628,0.0044179097289399,0.001286233436005848,630
487,0.2,170,238,13,1.0,238.0,0.0980187695516162,0.009980634589602222,0.0570262908498661,0.004415109945474619,0.0045513414488271,0.001296939396795696,630
487,0.3,254,332,13,1.0,332.0,0.0980187695516162,0.00903928540020348,0.0570262908498661,0.003934847634501547,0.0058095370925524,0.001239529822739547,630
487,0.5,423,449,13,2.0,224.5,0.0980187695516162,0.008358279666783517,0.0570262908498661,0.003725271375580861,0.0058095370925524,0.0012711354166882864,630
488,0.1,82,122,13,1.0,122.0,0.0980187695516162,0.012547223029453452,0.0570262908498661,0.005841656610028262,0.0052421649220672,0.001402648585350218,619
488,0.2,164,209,13,1.0,209.0,0.0980187695516162,0.010956388981744296,0.0570262908498661,0.0050448382327231344,0.0056186378747126,0.001349712960783691,619
488,0.3,246,287,13,1.0,287.0,0.0980187695516162,0.00952647393299491,0.0570262908498661,0.004249123487845101,0.0056186378747126,0.0012777984118788645,619
488,0.5,409,406,13,1.75,232.0,0.0980187695516162,0.00842934707233002,0.0570262908498661,0.0036641251054533412,0.0056186378747126,0.0012180473383044746,619
489,0.1,86,123,12,1.0,123.0,0.0980187695516162,0.011716133845384289,0.0570262908498661,0.0047093031945225,0.0039254903849993,0.0012900282536570979,634
489,0.2,172,225,12,1.0,225.0,0.0980187695516162,0.010093847758081292,0.0570262908498661,0.0043752109834520195,0.0039956275909326,0.0012974637851244737,634
489,0.3,258,303,12,1.0,303.0,0.0980187695516162,0.009033750090337453,0.0570262908498661,0.0038950831505648047,0.0056186378747126,0.0012495859959062103,634
489,0.5,430,445,13,1.5,296.6666666666667,0.0980187695516162,0.008320933556724539,0.0570262908498661,0.0035778501425677914,0.0058095370925524,0.0012120431034398167,634
490,0.1,86,131,12,1.0,131.0,0.0980187695516162,0.012194636588685689,0.0464749058416465,0.005269202790150548,0.0058095370925524,0.001346435910064451,625
490,0.2,171,228,13,1.0,228.0,0.0980187695516162,0.010368073468342348,0.0570262908498661,0.004579217668310671,0.0058095370925524,0.001269699966352485,625
490,0.3,257,299,13,1.0,299.0,0.0980187695516162,0.0093359512591502,0.0570262908498661,0.0041430216602124734,0.0058095370925524,0.0012671224648571247,625
490,0.5,427,431,13,1.5,287.3333333333333,0.0980187695516162,0.008704929971039974,0.0570262908498661,0.003796752164855996,0.0058095370925524,0.001257848556602562,625
491,0.1,84,128,13,1.0,128.0,0.0594369134515119,0.009637317518248128,0.0309372275954943,0.0037580374245253286,0.0058095370925524,0.0012046050340279266,628
491,0.2,168,232,13,1.0,232.0,0.0980187695516162,0.009910646866347801,0.0492079830055308,0.004120161271464401,0.0058095370925524,0.0012484855072948913,628
491,0.3,252,317,13,1.0,317.0,0.0980187695516162,0.009315697542458418,0.0570262908498661,0.004076044844779141,0.0058095370925524,0.0012599257497599287,628
491,0.5,419,441,13,1.666667,264.5999470800106,0.0980187695516162,0.008611578103608446,0.0570262908498661,0.0038009838258349776,0.0058095370925524,0.0012755051565803022,628
492,0.1,84,115,12,1.0,115.0,0.0980187695516162,0.01210500068005617,0.0464749058416465,0.005002199473093564,0.0040871733233292,0.001244422988877879,624
492,0.2,168,220,13,1.0,220.0,0.0980187695516162,0.009593326381647506,0.0464749058416465,0.0038996829380477114,0.0040871733233292,0.0011759923933004224,624
492,0.3,252,303,13,1.0,303.0,0.0980187695516162,0.009508667237943769,0.0570262908498661,0.0043034110557534705,0.0058095370925524,0.0012749319451375513,624
492,0.5,420,423,13,1.5,282.0,0.0980187695516162,0.0086427696305006,0.0570262908498661,0.003848845599856005,0.0058095370925524,0.001251494622330937,624
493,0.1,86,124,13,1.0,124.0,0.0980187695516162,0.011815062733357957,0.0570262908498661,0.005300002980352795,0.0039956275909326,0.0012542162007849425,617
493,0.2,171,224,13,1.0,224.0,0.0980187695516162,0.010069082377476496,0.0570262908498661,0.004320414612790612,0.0052421649220672,0.0012396971679580807,617
493,0.3,257,318,13,1.0,318.0,0.0980187695516162,0.009053587004282458,0.0570262908498661,0.0038969796189322068,0.0056186378747126,0.0012386396820798725,617
493,0.5,428,444,13,1.5,296.0,0.0980187695516162,0.00866847034730242,0.0570262908498661,0.0038306988344452785,0.0058095370925524,0.001280853683870021,617
494,0.1,76,121,12,1.0,121.0,0.0980187695516162,0.012151087134497836,0.0570262908498661,0.005210844678515336,0.0052421649220672,0.0013051774253022288,606
494,0.2,152,208,12,1.0,208.0,0.0980187695516162,0.010778455121520768,0.0570262908498661,0.004832208262774121,0.0056186378747126,0.0013385117744504726,606
494,0.3,228,290,12,1.0,290.0,0.0980187695516162,0.009686814569774504,0.0570262908498661,0.004295832436113682,0.0056186378747126,0.0012937420067943737,606
494,0.5,379,406,13,1.8,225.55555555555554,0.0980187695516162,0.008706729608531008,0.0570262908498661,0.00393776534360419,0.0058095370925524,0.0012752940533949158,606
495,0.1,84,130,13,1.0,130.0,0.0980187695516162,0.01126173096976012,0.0464749058416465,0.005129247081673556,0.0058095370925524,0.0012989412875678316,619
495,0.2,167,229,13,1.0,229.0,0.0980187695516162,0.010008606126286892,0.0570262908498661,0.004630272545939958,0.0058095370925524,0.0012793629695084018,619
495,0.3,250,309,13,1.0,309.0,0.0980187695516162,0.009894341125295657,0.0570262908498661,0.004476652627033235,0.0058095370925524,0.0012822573652193075,619
495,0.5,417,433,13,1.5,288.6666666666667,0.0980187695516162,0.0086189665428046,0.0570262908498661,0.0038145661614974813,0.0058095370925524,0.0012606303425997123,619
496,0.1,88,118,13,1.0,118.0,0.0980187695516162,0.013290680617168264,0.0464749058416465,0.005743832977672235,0.0056186378747126,0.0014570941677646946,627
496,0.2,176,228,13,1.0,228.0,0.0980187695516162,0.010706510802553786,0.0464749058416465,0.004598314497669869,0.0056186378747126,0.0013048485520818474,627
496,0.3,264,311,13,1.0,311.0,0.0980187695516162,0.0098508293405845,0.0570262908498661,0.004287143651191452,0.0056186378747126,0.001253779560886456,627
496,0.5,440,435,13,1.666667,260.99994780001043,0.0980187695516162,0.008572147711337196,0.0570262908498661,0.0038245084983011273,0.0056186378747126,0.0012879244692455692,627
497,0.1,81,130,13,1.0,130.0,0.0980187695516162,0.009898131066014233,0.0492079830055308,0.004336977308113732,0.0045513414488271,0.0013233073079125183,600
497,0.2,161,218,13,1.0,218.0,0.0980187695516162,0.009279543867369443,0.0570262908498661,0.0042496845562921,0.0045513414488271,0.0012783681337297272,600
497,0.3,242,305,13,1.0,305.0,0.0980187695516162,0.009357424913246336,0.0570262908498661,0.0042411581045377,0.0056186378747126,0.0013053609578660198,600
497,0.5,402,429,13,1.571429,272.99992554547487,0.0980187695516162,0.008560782283409975,0.0570262908498661,0.0038588724974947244,0.0056186378747126,0.0012780766860995487,600
498,0.1,85,122,13,1.0,122.0,0.0980187695516162,0.01123950836766436,0.0570262908498661,0.004734412587390427,0.0039956275909326,0.0012311226453606903,645
498,0.2,170,215,13,1.0,215.0,0.0980187695516162,0.01008317772873871,0.0570262908498661,0.004343423530166926,0.0052421649220672,0.0012825108651835595,645
498,0.3,254,295,13,1.0,295.0,0.0980187695516162,0.00936356727523369,0.0570262908498661,0.004139529134803876,0.0056186378747126,0.0012541085579207611,645
498,0.5,423,421,13,1.333333,315.75007893751973,0.0980187695516162,0.008654105746534226,0.0570262908498661,0.0038857296016949518,0.0058095370925524,0.0012502386716342385,645
499,0.1,86,112,13,1.0,112.0,0.0980187695516162,0.012578206465067734,0.0570262908498661,0.00586699802727639,0.0056186378747126,0.001274818932608349,632
499,0.2,172,217,13,1.0,217.0,0.0980187695516162,0.010321811795120638,0.0570262908498661,0.004570515244049345,0.0056186378747126,0.0012404687666751387,632
499,0.3,258,299,13,1.0,299.0,0.0980187695516162,0.00924876456453729,0.0570262908498661,0.004029927482154629,0.0056186378747126,0.0012078322052738837,632
499,0.5,429,441,13,1.5,294.0,0.0980187695516162,0.008424781104655929,0.0570262908498661,0.0036721651783666303,0.0056186378747126,0.001232567777169972,632
500,0.1,83,125,13,1.0,125.0,0.0980187695516162,0.012246089676746567,0.0570262908498661,0.0055471482164504956,0.0045513414488271,0.0012589557550859575,615
500,0.2,165,224,13,1.0,224.0,0.0980187695516162,0.009850290481155924,0.0570262908498661,0.004406428986126777,0.0045513414488271,0.0012674194043646443,615
500,0.3,247,301,13,1.0,301.0,0.0980187695516162,0.009128417960292203,0.0570262908498661,0.004038298813032899,0.0056186378747126,0.0012509636943625073,615
500,0.5,411,434,13,1.5,289.3333333333333,0.0980187695516162,0.008476571697668897,0.0570262908498661,0.003808295100527846,0.0058095370925524,0.001278193465924273,615
501,0.1,85,128,12,1.0,128.0,0.0980187695516162,0.01163321167883207,0.0464749058416465,0.005074475278994953,0.0048729601732022,0.0014432432249168617,630
501,0.2,170,232,13,1.0,232.0,0.0980187695516162,0.009654453273884388,0.0464749058416465,0.0038794765280302235,0.0048729601732022,0.0012690730564073676,630
501,0.3,255,312,13,1.0,312.0,0.0980187695516162,0.009241063073179817,0.0570262908498661,0.003969398715585026,0.0058095370925524,0.0012826700126521368,630
501,0.5,424,431,13,1.666667,258.5999482800104,0.0980187695516162,0.00840008806543935,0.0570262908498661,0.0037969445461176732,0.0058095370925524,0.001280517304725104,630
502,0.1,89,126,12,1.0,126.0,0.0980187695516162,0.011917175629375795,0.0464749058416465,0.005198516484661294,0.0039956275909326,0.001346681458623915,643
502,0.2,177,227,12,1.0,227.0,0.0980187695516162,0.010505620300147412,0.0464749058416465,0.0044810368919963525,0.0040871733233292,0.0013281848741641025,643
502,0.3,265,310,12,1.0,310.0,0.0980187695516162,0.009546234316660454,0.0570262908498661,0.0043461524757741135,0.0052421649220672,0.0013079387143225577,643
502,0.5,441,461,13,1.5,307.3333333333333,0.0980187695516162,0.008330713256532995,0.0570262908498661,0.0037477707177635752,0.0056186378747126,0.0012554654223574046,643
503,0.1,84,122,12,1.0,122.0,0.0980187695516162,0.012436110018974638,0.0570262908498661,0.005599275930192499,0.0058095370925524,0.0013366682730818664,614
503,0.2,167,231,13,1.0,231.0,0.0980187695516162,0.010052859896446924,0.0570262908498661,0.004515258587113994,0.0058095370925524,0.001287516766638148,614
503,0.3,251,315,13,1.0,315.0,0.0980187695516162,0.009179535561183064,0.0570262908498661,0.0039821232658966855,0.0058095370925524,0.0012386543097420626,614
503,0.5,418,432,13,1.666667,259.19994816001036,0.0980187695516162,0.008552021781948745,0.0570262908498661,0.003725413402932325,0.0058095370925524,0.0012562384589702384,614
504,0.1,82,131,13,1.0,131.0,0.0980187695516162,0.011510081271044062,0.0464749058416465,0.004580354961515432,0.0058095370925524,0.0012490764251833397,626
504,0.2,163,213,13,1.0,213.0,0.0980187695516162,0.010427528675703818,0.0570262908498661,0.004691221076652011,0.0058095370925524,0.0012798825457099425,626
504,0.3,244,289,13,1.0,289.0,0.0980187695516162,0.00971311667646874,0.0570262908498661,0.004415897018748622,0.0058095370925524,0.0012841650541271508,626
504,0.5,407,426,13,1.555556,273.85706461226727,0.0980187695516162,0.008912354908036985,0.0570262908498661,0.004005806427767355,0.0058095370925524,0.001267441099643328,626
505,0.1,84,124,13,1.0,124.0,0.0980187695516162,0.011125500353190442,0.0464749058416465,0.004912289313110332,0.0058095370925524,0.0014271633862903718,610
505,0.2,167,219,13,1.0,219.0,0.0980187695516162,0.009889487241751971,0.0570262908498661,0.0043479159656330795,0.0058095370925524,0.0013167643275857324,610
505,0.3,250,302,13,1.0,302.0,0.0980187695516162,0.009288096734318955,0.0570262908498661,0.004216889176556452,0.0058095370925524,0.001313789890129519,610
505,0.5,417,430,13,1.5,286.6666666666667,0.0980187695516162,0.008720323980890904,0.0570262908498661,0.003874811595850046,0.0058095370925524,0.0012701304167792571,610
506,0.1,85,114,13,1.0,114.0,0.0980187695516162,0.012101421436803643,0.0464749058416465,0.005183103894263057,0.0056186378747126,0.001293924772419336,620
506,0.2,169,221,13,1.0,221.0,0.0980187695516162,0.01007837160692459,0.0570262908498661,0.004413944592717224,0.0058095370925524,0.0012967238655347472,620
506,0.3,254,309,13,1.0,309.0,0.0980187695516162,0.009239667803908424,0.0570262908498661,0.004000817862214117,0.0058095370925524,0.0012509144939089444,620
506,0.5,423,428,13,1.571429,272.3635620826649,0.0980187695516162,0.00859052946507748,0.0570262908498661,0.0037157330634814073,0.0058095370925524,0.001259614792570399,620
507,0.1,87,127,13,1.0,127.0,0.0980187695516162,0.0112732258832609,0.0570262908498661,0.005003077816148585,0.0058095370925524,0.0013742102358041354,634
507,0.2,174,224,13,1.0,224.0,0.0980187695516162,0.010124944138239195,0.0570262908498661,0.004629586391872666,0.0058095370925524,0.001355133354943059,634
507,0.3,260,312,13,1.0,312.0,0.0980187695516162,0.009227694446672504,0.0570262908498661,0.0042402346625220345,0.0058095370925524,0.0013117509705374906,634
507,0.5,433,445,13,1.5,296.6666666666667,0.0980187695516162,0.008470902508464998,0.0570262908498661,0.0037609924241051073,0.0058095370925524,0.0012587454624628952,634
508,0.1,83,119,13,1.0,119.0,0.0980187695516162,0.012600660702237055,0.0492079830055308,0.005895495539574114,0.0052421649220672,0.0014060965033825933,614
508,0.2,165,209,13,1.0,209.0,0.0980187695516162,0.010891528755531784,0.0570262908498661,0.005046763449353151,0.0058095370925524,0.001326516128649868,614
508,0.3,247,295,13,1.0,295.0,0.0980187695516162,0.009989218995775923,0.0570262908498661,0.00445698882404709,0.0058095370925524,0.0012915164093249187,614
508,0.5,411,437,13,1.6,273.125,0.0980187695516162,0.00860927310341861,0.0570262908498661,0.003777779652127319,0.0058095370925524,0.0012623515561694177,614
509,0.1,83,131,12,1.0,131.0,0.0980187695516162,0.012369755390873078,0.0570262908498661,0.005956006727837915,0.0045513414488271,0.0013861129482536053,618
509,0.2,165,229,12,1.0,229.0,0.0980187695516162,0.010759934611654198,0.0570262908498661,0.004920566072143151,0.0056186378747126,0.0013223817016961461,618
509,0.3,248,306,12,1.0,306.0,0.0980187695516162,0.009722137029994436,0.0570262908498661,0.004447590293607952,0.0056186378747126,0.0012801876746918945,618
509,0.5,413,422,12,1.8,234.44444444444443,0.0980187695516162,0.008888109157939951,0.0570262908498661,0.00400405734912837,0.0058095370925524,0.0012807479262672149,618
510,0.1,82,118,12,1.0,118.0,0.0980187695516162,0.012813488626924188,0.0464749058416465,0.005030634439233902,0.0039956275909326,0.0012038588195304966,612
510,0.2,164,210,13,1.0,210.0,0.0980187695516162,0.01037787377724808,0.0464749058416465,0.0041726710936713695,0.0039956275909326,0.0012295577609735839,612
510,0.3,246,293,13,1.0,293.0,0.0980187695516162,0.008993298622356146,0.0464749058416465,0.0037134270783097207,0.0052421649220672,0.0012159681544527449,612
510,0.5,409,429,13,1.5,286.0,0.0980187695516162,0.008458694590081407,0.0570262908498661,0.003724175171220458,0.0056186378747126,0.0012515130350637593,612
511,0.1,84,134,13,1.0,134.0,0.0656934306569343,0.009719390534294076,0.0570262908498661,0.004266863085791929,0.0052421649220672,0.0013065911773708111,625
511,0.2,168,235,13,1.0,235.0,0.0656934306569343,0.00890111596743057,0.0570262908498661,0.004057118026055603,0.0052421649220672,0.0013253634842500944,625
511,0.3,252,325,13,1.0,325.0,0.0980187695516162,0.009201892997513391,0.0570262908498661,0.004221981037122998,0.0056186378747126,0.0013425211219657736,625
511,0.5,419,435,13,1.5,290.0,0.0980187695516162,0.00855057351407712,0.0570262908498661,0.0037902765812821296,0.0056186378747126,0.0012616642684126944,625
512,0.1,84,121,13,1.0,121.0,0.0980187695516162,0.011427192581804343,0.0464749058416465,0.005035099088077183,0.0058095370925524,0.0013360132035244521,620
512,0.2,168,236,13,1.0,236.0,0.0980187695516162,0.010104982237853652,0.0570262908498661,0.004536614375983225,0.0058095370925524,0.0013471561769484047,620
512,0.3,252,315,13,1.0,315.0,0.0980187695516162,0.009321879603422832,0.0570262908498661,0.004191372369811173,0.0058095370925524,0.0013246362979458899,620
512,0.5,420,427,13,1.5,284.6666666666667,0.0980187695516162,0.008679025038278998,0.0570262908498661,0.0038710898873949187,0.0058095370925524,0.0012990106992223382,620
513,0.1,84,136,13,1.0,136.0,0.0980187695516162,0.010841562902533228,0.0464749058416465,0.004674136773096651,0.0052421649220672,0.001408659588308195,634
513,0.2,167,219,13,1.0,219.0,0.0980187695516162,0.01022754867370401,0.0570262908498661,0.0046312977609600774,0.0052421649220672,0.0013613232927391216,634
513,0.3,251,307,13,1.0,307.0,0.0980187695516162,0.009439121234456312,0.0570262908498661,0.004387823665292146,0.0056186378747126,0.0012834599037758754,634
513,0.5,417,437,13,1.555556,280.92849116328824,0.0980187695516162,0.008540074400536364,0.0570262908498661,0.003875084688348698,0.0058095370925524,0.0012556148449847236,634
514,0.1,78,112,12,1.0,112.0,0.0980187695516162,0.011889244748994443,0.0570262908498661,0.0053570174352999935,0.0038790328069506,0.0012569363140084663,616
514,0.2,156,206,13,1.0,206.0,0.0980187695516162,0.010270609554855845,0.0570262908498661,0.004599098140878751,0.0056186378747126,0.0012503826148810863,616
514,0.3,233,285,13,1.0,285.0,0.0980187695516162,0.009406728500082277,0.0570262908498661,0.004123011043883657,0.0058095370925524,0.001226243872360546,616
514,0.5,388,406,13,1.666667,243.59995128000975,0.0980187695516162,0.008842852519814827,0.0570262908498661,0.0037912180162379488,0.0058095370925524,0.0012542699712575981,616
515,0.1,86,128,12,1.0,128.0,0.0980187695516162,0.011372523461939473,0.0464749058416465,0.004698550642301388,0.0039956275909326,0.0012721582598204692,617
515,0.2,171,227,13,1.0,227.0,0.0980187695516162,0.009573114431791515,0.0464749058416465,0.00406332720982472,0.0040328017800694,0.001305375207870312,617
515,0.3,256,299,13,1.0,299.0,0.0980187695516162,0.009133678127648252,0.0464749058416465,0.003938076771230725,0.0058095370925524,0.0012934431515574355,617
515,0.5,426,436,13,1.375,317.09090909090907,0.0980187695516162,0.008585969712334095,0.0570262908498661,0.00377633346668682,0.0058095370925524,0.001284622966009125,617
516,0.1,82,126,12,1.0,126.0,0.0656934306569343,0.012049588691924414,0.0570262908498661,0.005703831358522305,0.0058095370925524,0.0014892256450070671,622
516,0.2,164,223,13,1.0,223.0,0.0980187695516162,0.010432204697531481,0.0570262908498661,0.004887423025099973,0.0058095370925524,0.0013956877658138872,622
516,0.3,245,304,13,1.0,304.0,0.0980187695516162,0.009899292025684603,0.0570262908498661,0.004460650324978471,0.0058095370925524,0.0013354110886833277,622
516,0.5,408,425,13,1.75,242.85714285714286,0.0980187695516162,0.008835183708519857,0.0570262908498661,0.003995318913998875,0.0058095370925524,0.0012949224532214437,622
517,0.1,80,114,12,1.0,114.0,0.0980187695516162,0.012476446590929833,0.0570262908498661,0.006296823225566334,0.0045513414488271,0.0013995732008008131,627
517,0.2,160,206,12,1.0,206.0,0.0980187695516162,0.011034957530599182,0.0570262908498661,0.005334707573022333,0.0056186378747126,0.0013795225487253928,627
517,0.3,239,278,12,1.0,278.0,0.0980187695516162,0.010168715913609003,0.0570262908498661,0.004762266400414141,0.0056186378747126,0.0013234972929207088,627
517,0.5,398,411,12,1.571429,261.5453832148955,0.0980187695516162,0.00869975567615288,0.0570262908498661,0.0039043058266429206,0.0056186378747126,0.0012763575129492676,627
518,0.1,92,140,13,1.0,140.0,0.0980187695516162,0.011455385073737483,0.0570262908498661,0.005209058870536777,0.0048729601732022,0.001348574424102898,643
518,0.2,183,236,13,1.0,236.0,0.0980187695516162,0.009583605804068465,0.0570262908498661,0.004247657066406105,0.0048729601732022,0.0012286734372418144,643
518,0.3,275,326,13,1.0,326.0,0.0980187695516162,0.008716262466654256,0.0570262908498661,0.003904738763962789,0.0056186378747126,0.0012437761027093855,643
518,0.5,457,452,13,1.666667,271.19994576001085,0.0980187695516162,0.008095176575894831,0.0570262908498661,0.00358529409071969,0.0056186378747126,0.0012453029227004345,643
519,0.1,85,127,13,1.0,127.0,0.0980187695516162,0.012718300723358434,0.0464749058416465,0.005572641375321045,0.0048729601732022,0.0014229154480050778,622
519,0.2,169,236,13,1.0,236.0,0.0980187695516162,0.010188932680581776,0.0464749058416465,0.004152498996252389,0.0048729601732022,0.0012536535214031747,622
519,0.3,254,308,13,1.0,308.0,0.0980187695516162,0.009405089175683497,0.0464749058416465,0.003973102667934323,0.0052421649220672,0.001264340835650249,622
519,0.5,423,444,13,1.75,253.71428571428572,0.0980187695516162,0.008703698484720336,0.0570262908498661,0.003943840621751566,0.0056186378747126,0.001319774520260902,622
520,0.1,80,129,13,1.0,129.0,0.0980187695516162,0.01118736409858456,0.0570262908498661,0.005190778497132586,0.0058095370925524,0.0013379340091392612,612
520,0.2,160,222,13,1.0,222.0,0.0980187695516162,0.009830998882093728,0.0570262908498661,0.004298960254323449,0.0058095370925524,0.0012218079921373986,612
520,0.3,240,307,13,1.0,307.0,0.0980187695516162,0.009517242784795463,0.0570262908498661,0.004336882779367243,0.0058095370925524,0.0012883861825852994,612
520,0.5,399,421,13,1.5,280.6666666666667,0.0980187695516162,0.00862686042220341,0.0570262908498661,0.0038406736043609495,0.0058095370925524,0.0012394601078172102,612
521,0.1,83,126,13,1.0,126.0,0.0980187695516162,0.01046063194134097,0.0464749058416465,0.004625217972704901,0.0058095370925524,0.0012675423457408255,616
521,0.2,166,223,13,1.0,223.0,0.0980187695516162,0.010095531125939253,0.0570262908498661,0.0045990719993289604,0.0058095370925524,0.001282609625396372,616
521,0.3,249,309,13,1.0,309.0,0.0980187695516162,0.00916205189467179,0.0570262908498661,0.004090289249472296,0.0058095370925524,0.0012515081128616143,616
521,0.5,415,427,13,1.555556,274.499921571451,0.0980187695516162,0.008356675205681126,0.0570262908498661,0.0037087020272770707,0.0058095370925524,0.0012451150117138623,616
522,0.1,85,132,13,1.0,132.0,0.0980187695516162,0.010293234745789448,0.0464749058416465,0.004219623225226059,0.0039956275909326,0.0011917740172292983,624
522,0.2,170,229,13,1.0,229.0,0.0980187695516162,0.00994941054865189,0.0570262908498661,0.004369873177905223,0.0056186378747126,0.001260060619054632,624
522,0.3,255,317,13,1.0,317.0,0.0980187695516162,0.008858465212514306,0.0570262908498661,0.003897467229795327,0.0056186378747126,0.0012432333818994514,624
522,0.5,425,446,13,1.75,254.85714285714286,0.0980187695516162,0.008304614765941682,0.0570262908498661,0.0036157335291171046,0.0056186378747126,0.0012385860078941982,624
523,0.1,86,117,12,1.0,117.0,0.0980187695516162,0.012611071005231542,0.0464749058416465,0.0054665539700994486,0.0052421649220672,0.0013736087483697812,626
523,0.2,172,222,12,1.0,222.0,0.0980187695516162,0.009901455156929563,0.0464749058416465,0.003998283270022956,0.0052421649220672,0.00115920630230033,626
523,0.3,258,298,13,1.0,298.0,0.0980187695516162,0.00925180732166472,0.0464749058416465,0.003836897605871283,0.0052421649220672,0.0012330448795966,626
523,0.5,430,426,13,1.75,243.42857142857142,0.0980187695516162,0.008760592753601859,0.0570262908498661,0.00373970627439741,0.0056186378747126,0.0012454861433996301,626
524,0.1,86,135,12,1.0,135.0,0.0980187695516162,0.009647395048854856,0.0464749058416465,0.003810254947608271,0.0058095370925524,0.0011689598117118993,619
524,0.2,172,225,13,1.0,225.0,0.0980187695516162,0.008912061174834854,0.0570262908498661,0.0038024340071976435,0.0058095370925524,0.0011857942591966995,619
524,0.3,258,308,13,1.0,308.0,0.0980187695516162,0.008551927738580456,0.0570262908498661,0.003725386690794098,0.0058095370925524,0.0011902850623879864,619
524,0.5,429,437,13,1.5,291.3333333333333,0.0980187695516162,0.008561549860051542,0.0570262908498661,0.003693014358805709,0.0058095370925524,0.00122542225400172,619
525,0.1,84,135,12,1.0,135.0,0.0980187695516162,0.011478005638589537,0.0570262908498661,0.004846607235177326,0.0039956275909326,0.0012355628708973243,627
525,0.2,168,225,13,1.0,225.0,0.0980187695516162,0.010900243309002392,0.0570262908498661,0.004874409854138746,0.0056186378747126,0.001353173222450472,627
525,0.3,252,301,13,1.0,301.0,0.0980187695516162,0.009710419560796607,0.0570262908498661,0.004226474745803691,0.0056186378747126,0.0012653850360351481,627
525,0.5,419,437,13,1.666667,262.1999475600105,0.0980187695516162,0.00847803418415918,0.0570262908498661,0.0036806912373990794,0.0056186378747126,0.0012548048500441145,627
526,0.1,80,126,12,1.0,126.0,0.0980187695516162,0.01147855735968349,0.0464749058416465,0.00491297410178735,0.0039956275909326,0.001375487895996823,612
526,0.2,160,222,12,1.0,222.0,0.0980187695516162,0.010206765681218193,0.0570262908498661,0.004600764097045419,0.0045513414488271,0.001329037375991725,612
526,0.3,239,297,13,1.0,297.0,0.0980187695516162,0.009476060570951036,0.0570262908498661,0.004237216931648624,0.0056186378747126,0.0012842116264256992,612
526,0.5,398,414,13,1.555556,266.14278110206254,0.0980187695516162,0.008611526701022054,0.0570262908498661,0.0037199456913266553,0.0056186378747126,0.001226899554842957,612
527,0.1,85,131,13,1.0,131.0,0.0980187695516162,0.01168520007323145,0.0570262908498661,0.005228666596580301,0.0045513414488271,0.0012424333940861617,630
527,0.2,169,227,13,1.0,227.0,0.0980187695516162,0.010050851428387637,0.0570262908498661,0.00432128446772096,0.0045513414488271,0.0012562448101207794,630
527,0.3,253,309,13,1.0,309.0,0.0980187695516162,0.00979985219231193,0.0570262908498661,0.004268615567458861,0.0056186378747126,0.0012899814765876718,630
527,0.5,422,434,13,1.8,241.11111111111111,0.0980187695516162,0.00849339029230713,0.0570262908498661,0.003697208074829121,0.0056186378747126,0.0012541507855802166,630
528,0.1,84,128,12,1.0,128.0,0.0980187695516162,0.01164950469238786,0.0464749058416465,0.00508938365113005,0.0052421649220672,0.0013346682564297687,627
528,0.2,168,231,12,1.0,231.0,0.0980187695516162,0.010341761123825734,0.0570262908498661,0.004832356863674677,0.0056186378747126,0.0013261065985240798,627
528,0.3,251,307,12,1.0,307.0,0.0980187695516162,0.0093372235601009,0.0570262908498661,0.004195755525704016,0.0056186378747126,0.0012403418480787375,627
528,0.5,418,428,12,1.5,285.3333333333333,0.0980187695516162,0.008500384941479104,0.0570262908498661,0.0038003876943423927,0.0056186378747126,0.001236291595188533,627
529,0.1,87,132,12,1.0,132.0,0.0980187695516162,0.012370840837994074,0.0492079830055308,0.00556129030345892,0.0056186378747126,0.0014024363566176317,635
529,0.2,173,234,13,1.0,234.0,0.0980187695516162,0.010097769221856767,0.0492079830055308,0.0044343223157652925,0.0056186378747126,0.0013186009693711444,635
529,0.3,259,316,13,1.0,316.0,0.0980187695516162,0.009242882221723533,0.0570262908498661,0.004230575814921098,0.0058095370925524,0.0012851756542274556,635
529,0.5,432,446,13,1.5,297.3333333333333,0.0980187695516162,0.008491655639048478,0.0570262908498661,0.0037865719898464117,0.0058095370925524,0.0012676020519501922,635
530,0.1,80,123,13,1.0,123.0,0.0980187695516162,0.012038285137804413,0.0570262908498661,0.00545639420533148,0.0048729601732022,0.0013444212277833503,634
530,0.2,159,224,13,1.0,224.0,0.0980187695516162,0.010432183822434039,0.0570262908498661,0.0048427335679739735,0.0058095370925524,0.0013956502772183902,634
530,0.3,238,298,13,1.0,298.0,0.0980187695516162,0.009598225220622668,0.0570262908498661,0.004480885956985398,0.0058095370925524,0.0013918624391616131,634
530,0.5,396,431,13,1.5,287.3333333333333,0.0980187695516162,0.00850896017458243,0.0570262908498661,0.0037715069312022793,0.0058095370925524,0.00127232775107409,634
531,0.1,79,126,13,1.0,126.0,0.0980187695516162,0.012521310227253874,0.0570262908498661,0.005900751046240376,0.0058095370925524,0.0013957550341435504,600
531,0.2,158,226,13,1.0,226.0,0.0980187695516162,0.010409072872737967,0.0570262908498661,0.004714561582073234,0.0058095370925524,0.0013588237259270749,600
531,0.3,236,299,13,1.0,299.0,0.0980187695516162,0.00972654765101603,0.0570262908498661,0.004244198874595195,0.0058095370925524,0.0012937845768343803,600
531,0.5,393,433,13,1.555556,278.3570633265534,0.0980187695516162,0.008691212699911093,0.0570262908498661,0.0037144751137078275,0.0058095370925524,0.001278945485422255,600
532,0.1,86,133,13,1.0,133.0,0.0594369134515119,0.00998847483672681,0.0492079830055308,0.0040961834207399244,0.0045513414488271,0.0012386985934212797,623
532,0.2,171,244,13,1.0,244.0,0.0980187695516162,0.010145472572180675,0.0570262908498661,0.004386728187404281,0.0045513414488271,0.0012949496876396261,623
532,0.3,257,323,13,1.0,323.0,0.0980187695516162,0.009355720774671712,0.0570262908498661,0.004179381032968763,0.0056186378747126,0.001281792945021362,623
532,0.5,428,449,13,1.5,299.3333333333333,0.0980187695516162,0.008567294718189605,0.0570262908498661,0.0038665440231248,0.0058095370925524,0.0013001449451875112,623
533,0.1,82,119,13,1.0,119.0,0.0980187695516162,0.01251303441084459,0.0464749058416465,0.0054429493535973,0.0056186378747126,0.001351373483152805,621
533,0.2,163,221,13,1.0,221.0,0.0980187695516162,0.010314288545288933,0.0464749058416465,0.00429054788396793,0.0056186378747126,0.0012960446175648097,621
533,0.3,244,303,13,1.0,303.0,0.0980187695516162,0.009040632947549143,0.0464749058416465,0.0037971419390304996,0.0058095370925524,0.0012466423426327295,621
533,0.5,407,427,13,1.5,284.6666666666667,0.0980187695516162,0.008549596696402583,0.0570262908498661,0.00367039519929014,0.0058095370925524,0.0012437976224439452,621
534,0.1,87,131,12,1.0,131.0,0.0980187695516162,0.01046732840347367,0.0492079830055308,0.004823873636608171,0.0045513414488271,0.001282551432060564,649
534,0.2,174,248,13,1.0,248.0,0.0980187695516162,0.00930909213226138,0.0570262908498661,0.004417161631085184,0.0052421649220672,0.00128716678045569,649
534,0.3,261,329,13,1.0,329.0,0.0980187695516162,0.008833289489114438,0.0570262908498661,0.004081350651011783,0.0056186378747126,0.0012646671154750379,649
534,0.5,435,456,13,1.5,304.0,0.0980187695516162,0.008527248778881466,0.0570262908498661,0.003830402905419822,0.0058095370925524,0.001265766689335655,649
535,0.1,86,115,12,1.0,115.0,0.0980187695516162,0.010989708482567848,0.0492079830055308,0.004742836210390125,0.0045513414488271,0.0012812175802165912,630
535,0.2,172,208,13,1.0,208.0,0.0980187695516162,0.009981350766022256,0.0570262908498661,0.004425024442062132,0.0058095370925524,0.0013026555817110233,630
535,0.3,258,292,13,1.0,292.0,0.0980187695516162,0.009491907952061892,0.0570262908498661,0.004143335751577617,0.0058095370925524,0.0012801594430618178,630
535,0.5,430,422,13,1.5,281.3333333333333,0.0980187695516162,0.008379087615950614,0.0570262908498661,0.003646474862781482,0.0058095370925524,0.0012166351398862183,630
536,0.1,85,132,13,1.0,132.0,0.0980187695516162,0.010530224033873627,0.0492079830055308,0.004525109329492552,0.0045513414488271,0.001279507796895693,617
536,0.2,169,223,13,1.0,223.0,0.0980187695516162,0.009300607415235371,0.0570262908498661,0.0040745546606042096,0.0045513414488271,0.0012247879084691287,617
536,0.3,253,301,13,1.0,301.0,0.0980187695516162,0.008885917293415369,0.0570262908498661,0.003988512802145647,0.0052421649220672,0.001279078652822551,617
536,0.5,421,438,13,1.666667,262.79994744001056,0.0980187695516162,0.008713414372848382,0.0570262908498661,0.0038885842291033344,0.0058095370925524,0.0012925885325223293,617
537,0.1,81,121,13,1.0,121.0,0.0980187695516162,0.010892889459578201,0.0464749058416465,0.004739110600347099,0.0040871733233292,0.0013819107315880934,624
537,0.2,162,220,13,1.0,220.0,0.0980187695516162,0.011029481467437624,0.0492079830055308,0.00508329899777602,0.0045513414488271,0.0014206912246385191,624
537,0.3,243,290,13,1.0,290.0,0.0980187695516162,0.009845025349681734,0.0492079830055308,0.0045873000202187875,0.0058095370925524,0.0013778285418316809,624
537,0.5,405,422,13,1.8,234.44444444444443,0.0980187695516162,0.00885598643927072,0.0570262908498661,0.004015221281017723,0.0058095370925524,0.0013013915085789151,624
538,0.1,82,125,12,1.0,125.0,0.0980187695516162,0.010744525547445207,0.0464749058416465,0.004540583433271027,0.0058095370925524,0.0011968831451837968,624
538,0.2,164,224,13,1.0,224.0,0.0980187695516162,0.009333569194100956,0.0570262908498661,0.003915820633122582,0.0058095370925524,0.0011964761491844353,624
538,0.3,246,303,13,1.0,303.0,0.0980187695516162,0.009037191518943298,0.0570262908498661,0.004022538525470829,0.0058095370925524,0.0012398391096199925,624
538,0.5,409,420,13,1.5,280.0,0.0980187695516162,0.00867719350513924,0.0570262908498661,0.003821979078042907,0.0058095370925524,0.0012595298420288426,624
539,0.1,82,121,12,1.0,121.0,0.0980187695516162,0.011358250243452583,0.0464749058416465,0.004853984896576175,0.0039956275909326,0.0013534996926719183,605
539,0.2,163,211,13,1.0,211.0,0.0980187695516162,0.009612105817177209,0.0464749058416465,0.004065324234237153,0.0044179097289399,0.0012976133907727219,605
539,0.3,245,289,13,1.0,289.0,0.0980187695516162,0.009135814050824233,0.0464749058416465,0.0039109041204729925,0.0056186378747126,0.0012561903046179061,605
539,0.5,407,416,13,1.666667,249.59995008001,0.0980187695516162,0.009018809657495743,0.0570262908498661,0.003990810785937488,0.0058095370925524,0.0012924770373919992,605
540,0.1,86,132,12,1.0,132.0,0.0980187695516162,0.01223654690807971,0.0570262908498661,0.005446804346068105,0.0052421649220672,0.0012789577862021137,634
540,0.2,172,239,13,1.0,239.0,0.0980187695516162,0.010497336399055805,0.0570262908498661,0.004675155553841331,0.0056186378747126,0.0013131084736147977,634
540,0.3,258,318,13,1.0,318.0,0.0980187695516162,0.009358543031590776,0.0570262908498661,0.004102852614896338,0.0058095370925524,0.001271613889380254,634
540,0.5,430,444,13,1.666667,266.3999467200107,0.0980187695516162,0.008574528647521302,0.0570262908498661,0.003846833200079922,0.0058095370925524,0.0012903712833250503,634
541,0.1,81,125,13,1.0,125.0,0.0980187695516162,0.010928050052137601,0.0464749058416465,0.00454680926525331,0.0044179097289399,0.0012917088423065346,617
541,0.2,162,223,13,1.0,223.0,0.0980187695516162,0.009889786165521776,0.0570262908498661,0.004725096937848762,0.0056186378747126,0.0013815574107636684,617
541,0.3,243,302,13,1.0,302.0,0.0980187695516162,0.009443473817235072,0.0570262908498661,0.004426698625763531,0.0056186378747126,0.0013517196046160065,617
541,0.5,404,433,13,1.5,288.6666666666667,0.0980187695516162,0.008508189101907974,0.0570262908498661,0.0037980234556908225,0.0056186378747126,0.0012793700315271179,617
542,0.1,85,125,13,1.0,125.0,0.0980187695516162,0.012120959332638123,0.0464749058416465,0.0050120915903165125,0.0056186378747126,0.0012082220157507131,625
542,0.2,169,215,13,1.0,215.0,0.0980187695516162,0.010291728302252787,0.0464749058416465,0.004205664061479853,0.0056186378747126,0.0012211455315465105,625
542,0.3,253,290,13,1.0,290.0,0.0980187695516162,0.009776707058358158,0.0570262908498661,0.004339556994375516,0.0058095370925524,0.001252224561245281,625
542,0.5,422,437,13,1.5,291.3333333333333,0.0980187695516162,0.008938563482651363,0.0570262908498661,0.0040223224079023,0.0058095370925524,0.0013010446488139964,625
543,0.1,83,124,13,1.0,124.0,0.0594369134515119,0.011260049110296301,0.031948254360793,0.004609180185176984,0.0052421649220672,0.001295598030924837,630
543,0.2,166,212,13,1.0,212.0,0.0980187695516162,0.010176677750014709,0.0464749058416465,0.004370634167514318,0.0052421649220672,0.0012656709954174921,630
543,0.3,249,286,13,1.0,286.0,0.0980187695516162,0.009304564049089551,0.0464749058416465,0.004158743689546722,0.0056186378747126,0.0012605266460022505,630
543,0.5,415,427,13,1.5,284.6666666666667,0.0980187695516162,0.008285855924277049,0.0492079830055308,0.00364038172519133,0.0056186378747126,0.001231230817312539,630
544,0.1,81,120,12,1.0,120.0,0.0980187695516162,0.011704900938477538,0.0492079830055308,0.005550361640969684,0.0052421649220672,0.0014392751894482525,616
544,0.2,162,225,12,1.0,225.0,0.0980187695516162,0.009908469470513223,0.0492079830055308,0.004557307164922221,0.0052421649220672,0.0013059846923752178,616
544,0.3,243,290,13,1.0,290.0,0.0980187695516162,0.009614900578907584,0.0570262908498661,0.004382046773370727,0.0052421649220672,0.0012803973881147322,616
544,0.5,405,427,13,1.6,266.875,0.0980187695516162,0.008732750010378643,0.0570262908498661,0.0038949279489848294,0.0058095370925524,0.0012749312453715488,616
545,0.1,77,111,13,1.0,111.0,0.0980187695516162,0.011883625022311115,0.0464749058416465,0.005146646636807214,0.0039956275909326,0.0011987272998583444,593
545,0.2,154,200,13,1.0,200.0,0.0980187695516162,0.010724713242961375,0.0570262908498661,0.004908008678508615,0.0056186378747126,0.0012988603987663118,593
545,0.3,231,281,13,1.0,281.0,0.0980187695516162,0.009373643215241218,0.0570262908498661,0.0039994511271789135,0.0056186378747126,0.0011799722658608124,593
545,0.5,385,407,13,1.5,271.3333333333333,0.0980187695516162,0.008616161900833388,0.0570262908498661,0.003771785547653791,0.0056186378747126,0.0012336864723755383,593
546,0.1,84,132,12,1.0,132.0,0.0980187695516162,0.011486080829146482,0.0464749058416465,0.004624024154034039,0.0056186378747126,0.0013486979445939376,632
546,0.2,168,225,12,1.0,225.0,0.0980187695516162,0.010381184103811801,0.0464749058416465,0.004279080533201147,0.0056186378747126,0.001292262915168157,632
546,0.3,252,312,12,1.0,312.0,0.0980187695516162,0.009431566000909022,0.0570262908498661,0.004077093055756564,0.0056186378747126,0.0012803034628723717,632
546,0.5,420,447,13,1.5,298.0,0.0980187695516162,0.00831402957499068,0.0570262908498661,0.003580221455561829,0.0056186378747126,0.0012437284632777713,632
547,0.1,84,132,12,1.0,132.0,0.0980187695516162,0.011407084399785081,0.0570262908498661,0.005068496074821985,0.0058095370925524,0.0013455560659929554,607
547,0.2,167,225,12,1.0,225.0,0.0980187695516162,0.010408990846947005,0.0570262908498661,0.004595472280196474,0.0058095370925524,0.0013512002956966485,607
547,0.3,251,296,13,1.0,296.0,0.0980187695516162,0.00977580813347232,0.0570262908498661,0.004371085198426422,0.0058095370925524,0.0013244062954263856,607
547,0.5,418,427,13,1.5,284.6666666666667,0.0980187695516162,0.00854959669640258,0.0570262908498661,0.0037637935098343823,0.0058095370925524,0.001261886313354473,607
548,0.1,80,120,12,1.0,120.0,0.0980187695516162,0.013564476885644723,0.0570262908498661,0.006270619452298537,0.0040871733233292,0.0014318512264030535,604
548,0.2,160,218,13,1.0,218.0,0.0980187695516162,0.011542030593795098,0.0570262908498661,0.0052865248807282324,0.0056186378747126,0.0014638781452239954,604
548,0.3,240,291,13,1.0,291.0,0.0980187695516162,0.010165944623014334,0.0570262908498661,0.0046578754725330965,0.0056186378747126,0.0013427652629919348,604
548,0.5,400,422,13,1.5,281.3333333333333,0.0980187695516162,0.009053664708004443,0.0570262908498661,0.004061289522541084,0.0058095370925524,0.001299383352803062,604
549,0.1,86,129,13,1.0,129.0,0.0980187695516162,0.011138863965209193,0.0570262908498661,0.005098014825838477,0.0045513414488271,0.0013730444714876683,641
549,0.2,171,233,13,1.0,233.0,0.0980187695516162,0.009957618585167803,0.0570262908498661,0.004624550955692146,0.0056186378747126,0.0013395579449288107,641
549,0.3,256,317,13,1.0,317.0,0.0980187695516162,0.009095304980542911,0.0570262908498661,0.004118309062361922,0.0056186378747126,0.0012675409155522787,641
549,0.5,426,452,13,1.571429,287.63628519010405,0.0980187695516162,0.008242822999621612,0.0570262908498661,0.003625133442192984,0.0058095370925524,0.0012330400699051153,641
550,0.1,85,129,13,1.0,129.0,0.0980187695516162,0.012634284744283002,0.0570262908498661,0.005853761734555721,0.0045513414488271,0.0014213425937190992,627
550,0.2,169,220,13,1.0,220.0,0.0980187695516162,0.010773533036306716,0.0570262908498661,0.0048652689687551905,0.0052421649220672,0.0013109477418870937,627
550,0.3,253,305,13,1.0,305.0,0.0980187695516162,0.009316398570915698,0.0570262908498661,0.004141390455655826,0.0052421649220672,0.001241945877030749,627
550,0.5,421,419,13,1.5,279.3333333333333,0.0980187695516162,0.008720300830469242,0.0570262908498661,0.0038612390808017644,0.0058095370925524,0.0012387422939814858,627
551,0.1,83,118,13,1.0,118.0,0.0594369134515119,0.010339159788621582,0.031948254360793,0.0038435075649344056,0.0039956275909326,0.0011342145194788167,627
551,0.2,165,219,13,1.0,219.0,0.0656934306569343,0.009070521519276599,0.0570262908498661,0.003569928130290748,0.0039956275909326,0.0011378729862771234,627
551,0.3,247,305,13,1.0,305.0,0.0980187695516162,0.00924460247183708,0.0570262908498661,0.0039051296848278856,0.0058095370925524,0.0011780622539783346,627
551,0.5,412,441,13,1.333333,330.75008268752066,0.0980187695516162,0.00816231949853277,0.0570262908498661,0.003489809437191555,0.0058095370925524,0.0011875259497278262,627
552,0.1,86,133,12,1.0,133.0,0.0980187695516162,0.011815252416756137,0.0570262908498661,0.0055409202317225036,0.0056186378747126,0.0014836208866426323,619
552,0.2,171,227,13,1.0,227.0,0.0980187695516162,0.010964982796874452,0.0570262908498661,0.00515607625691073,0.0058095370925524,0.001389110106299769,619
552,0.3,256,304,13,1.0,304.0,0.0980187695516162,0.009642033916909017,0.0570262908498661,0.004459929479688195,0.0058095370925524,0.0013274563576369438,619
552,0.5,426,433,13,1.5,288.6666666666667,0.0980187695516162,0.008498556280960445,0.0570262908498661,0.0038746364054277993,0.0058095370925524,0.001299755896375291,619
553,0.1,82,134,13,1.0,134.0,0.0980187695516162,0.012357399654490796,0.0464749058416465,0.0052451587766585055,0.0056186378747126,0.0013846553878174366,619
553,0.2,164,215,13,1.0,215.0,0.0980187695516162,0.010252928195552494,0.0464749058416465,0.004257407398533714,0.0056186378747126,0.00129487208709959,619
553,0.3,246,303,13,1.0,303.0,0.0980187695516162,0.009346920093469156,0.0464749058416465,0.0038567949197554695,0.0056186378747126,0.0012453521421559974,619
553,0.5,410,430,13,1.666667,257.99994840001034,0.0980187695516162,0.008737299027572282,0.0570262908498661,0.003820617278771438,0.0058095370925524,0.001299515785704894,619
554,0.1,83,119,13,1.0,119.0,0.0980187695516162,0.012293968682363411,0.0492079830055308,0.005368391305022228,0.0056186378747126,0.0013760272620527924,632
554,0.2,165,218,13,1.0,218.0,0.0980187695516162,0.010102266313342408,0.0492079830055308,0.004282374069572845,0.0056186378747126,0.001249308830731867,632
554,0.3,248,311,13,1.0,311.0,0.0980187695516162,0.008952251306793944,0.0570262908498661,0.0038577444371552475,0.0056186378747126,0.0011929036765148861,632
554,0.5,413,452,13,1.5,301.3333333333333,0.0980187695516162,0.00843430195539228,0.0570262908498661,0.0036987647217106897,0.0056186378747126,0.0012449857904262478,632
555,0.1,84,129,13,1.0,129.0,0.0980187695516162,0.012286700455092872,0.0570262908498661,0.005802231535023248,0.0058095370925524,0.0013495140627966026,608
555,0.2,168,223,13,1.0,223.0,0.0980187695516162,0.010273219955390708,0.0570262908498661,0.004610986136366927,0.0058095370925524,0.0012771154299247107,608
555,0.3,252,303,13,1.0,303.0,0.0980187695516162,0.009353802950680843,0.0570262908498661,0.004168312829132181,0.0058095370925524,0.0012410203344662384,608
555,0.5,420,419,13,1.5,279.3333333333333,0.0980187695516162,0.008730255511782565,0.0570262908498661,0.0038919101768675247,0.0058095370925524,0.0012536041777625269,608
556,0.1,84,131,12,1.0,131.0,0.0980187695516162,0.01114392377556133,0.0570262908498661,0.005341547354768076,0.0056186378747126,0.0013282730809589252,620
556,0.2,168,234,13,1.0,234.0,0.0980187695516162,0.010717182250028918,0.0570262908498661,0.004925775710134091,0.0056186378747126,0.0013991493051920601,620
556,0.3,251,303,13,1.0,303.0,0.0980187695516162,0.009839044384104684,0.0570262908498661,0.004524658793010364,0.0056186378747126,0.0013515281133300652,620
556,0.5,418,439,13,1.5,292.6666666666667,0.0980187695516162,0.00854392269852086,0.0570262908498661,0.00381282491214829,0.0056186378747126,0.0012851444791032746,620
557,0.1,81,128,13,1.0,128.0,0.0980187695516162,0.010337917101146985,0.0464749058416465,0.004552523304974299,0.0058095370925524,0.0014145374329905007,630
557,0.2,161,224,13,1.0,224.0,0.0980187695516162,0.009682705198867828,0.0570262908498661,0.004448084584807393,0.0058095370925524,0.0013605289737345367,630
557,0.3,242,306,13,1.0,306.0,0.0980187695516162,0.009384775808133428,0.0570262908498661,0.004193520724769091,0.0058095370925524,0.001294183617722659,630
557,0.5,403,436,13,1.5,290.6666666666667,0.0980187695516162,0.008251140809903239,0.0570262908498661,0.003652689919951615,0.0058095370925524,0.0012560566978784486,630
558,0.1,87,134,13,1.0,134.0,0.0980187695516162,0.011976094501424013,0.0570262908498661,0.00481669697853158,0.0039956275909326,0.0012929955881265014,627
558,0.2,173,217,13,1.0,217.0,0.0980187695516162,0.010134404597723199,0.0570262908498661,0.004284187218421614,0.0039956275909326,0.0012659400538786727,627
558,0.3,259,298,13,1.0,298.0,0.0980187695516162,0.009493250099726316,0.0570262908498661,0.00406249120198636,0.0056186378747126,0.0012577011470882682,627
558,0.5,431,436,13,1.5,290.6666666666667,0.0980187695516162,0.00875099252853216,0.0570262908498661,0.0039349252301414265,0.0058095370925524,0.001291046337739854,627
559,0.1,82,128,12,1.0,128.0,0.0980187695516162,0.011853167361835202,0.0464749058416465,0.0046868899267115075,0.0044179097289399,0.0011748120208787984,625
559,0.2,163,236,13,1.0,236.0,0.0980187695516162,0.01021986179106056,0.0570262908498661,0.004512311532810128,0.0044179097289399,0.0013393419461369476,625
559,0.3,244,318,13,1.0,318.0,0.0980187695516162,0.009492986011371864,0.0570262908498661,0.004161684333149378,0.0058095370925524,0.0013214453619881737,625
559,0.5,407,439,13,1.666667,263.39994732001054,0.0980187695516162,0.008584302650112426,0.0570262908498661,0.003772058638786121,0.0058095370925524,0.0012716286201024183,625
560,0.1,84,125,12,1.0,125.0,0.0980187695516162,0.011762252346193911,0.0570262908498661,0.005224274292217015,0.0039956275909326,0.0012836945290818145,643
560,0.2,167,230,12,1.0,230.0,0.0980187695516162,0.0093893095162533,0.0570262908498661,0.003893718827085106,0.0044179097289399,0.001152548991995399,643
560,0.3,250,315,13,1.0,315.0,0.0980187695516162,0.008921330089213256,0.0570262908498661,0.003825770101246745,0.0056186378747126,0.0012183135137653377,643
560,0.5,417,438,13,2.0,219.0,0.0980187695516162,0.00832059651177735,0.0570262908498661,0.0036664570597191395,0.0058095370925524,0.0012569835425892697,643
561,0.1,86,137,13,1.0,137.0,0.0980187695516162,0.011424613534475497,0.0464749058416465,0.004609705838417737,0.0058095370925524,0.0013477499655048604,641
561,0.2,171,224,13,1.0,224.0,0.0980187695516162,0.010478735289736288,0.0570262908498661,0.004537334690231055,0.0058095370925524,0.0013615224119174197,641
561,0.3,257,305,13,1.0,305.0,0.0980187695516162,0.00950101711140357,0.0570262908498661,0.004223738303747702,0.0058095370925524,0.0013141200029360895,641
561,0.5,427,441,13,1.666667,264.5999470800106,0.0980187695516162,0.008706158862571749,0.0570262908498661,0.003793900845117946,0.0058095370925524,0.0012725929281965595,641
562,0.1,84,125,12,1.0,125.0,0.0980187695516162,0.011912408759124044,0.0492079830055308,0.005453803093449918,0.0056186378747126,0.0013335200320971864,613
562,0.2,167,221,13,1.0,221.0,0.0980187695516162,0.010488867079678544,0.0492079830055308,0.00471361708022542,0.0056186378747126,0.001320200164784594,613
562,0.3,251,306,13,1.0,306.0,0.0980187695516162,0.009320029715048991,0.0570262908498661,0.004184660752540922,0.0056186378747126,0.0012390197729822917,613
562,0.5,417,427,13,1.666667,256.1999487600103,0.0980187695516162,0.008793801115037329,0.0570262908498661,0.0039361887250147455,0.0058095370925524,0.001262992211752886,613
563,0.1,78,132,13,1.0,132.0,0.0980187695516162,0.011098998325275654,0.0570262908498661,0.004733875574879997,0.0058095370925524,0.0012526970135460296,584
563,0.2,155,223,13,1.0,223.0,0.0980187695516162,0.010408824588393137,0.0570262908498661,0.004971737845239614,0.0058095370925524,0.0013821844028844437,584
563,0.3,233,300,13,1.0,300.0,0.0980187695516162,0.009593326381647505,0.0570262908498661,0.0044701527113844616,0.0058095370925524,0.0013319829728298577,584
563,0.5,387,410,13,1.714286,239.1666268055622,0.0980187695516162,0.009140619039141337,0.0570262908498661,0.00418353296209335,0.0058095370925524,0.001343288902083366,584
564,0.1,81,121,12,1.0,121.0,0.0980187695516162,0.011608166219977721,0.0570262908498661,0.005349290164376191,0.0058095370925524,0.0013524363530961643,629
564,0.2,162,227,13,1.0,227.0,0.0980187695516162,0.009885480929565907,0.0570262908498661,0.004692807566952566,0.0058095370925524,0.0013233158405163107,629
564,0.3,243,314,13,1.0,314.0,0.0980187695516162,0.009398059284153434,0.0570262908498661,0.004332633259385689,0.0058095370925524,0.0012889924151624802,629
564,0.5,405,432,13,1.5,288.0,0.0980187695516162,0.008655814312748577,0.0570262908498661,0.0038457806531864906,0.0058095370925524,0.0012393307108999909,629
565,0.1,84,130,13,1.0,130.0,0.0980187695516162,0.010275126333520448,0.0464749058416465,0.004240932461797348,0.0040871733233292,0.0013610596117616086,611
565,0.2,168,228,13,1.0,228.0,0.0980187695516162,0.009709492709876838,0.0570262908498661,0.004386772854652398,0.0040871733233292,0.0013564315030818298,611
565,0.3,251,303,13,1.0,303.0,0.0980187695516162,0.00946048723746197,0.0570262908498661,0.0041748214905733905,0.0056186378747126,0.0013325758592729548,611
565,0.5,418,427,13,1.5,284.6666666666667,0.0980187695516162,0.008708329568515168,0.0570262908498661,0.003879563334964106,0.0058095370925524,0.001288467439619597,611
566,0.1,83,129,13,1.0,129.0,0.0980187695516162,0.011098447187396387,0.0570262908498661,0.004967082994408647,0.0058095370925524,0.0012799166468413837,630
566,0.2,165,223,13,1.0,223.0,0.0980187695516162,0.01068003385439799,0.0570262908498661,0.004786748037468699,0.0058095370925524,0.0013390716857780863,630
566,0.3,248,302,13,1.0,302.0,0.0980187695516162,0.009422756872846256,0.0570262908498661,0.004157602387047636,0.0058095370925524,0.0012677865603897222,630
566,0.5,412,435,13,1.5,290.0,0.0980187695516162,0.00852180791773035,0.0570262908498661,0.0037380700758222066,0.0058095370925524,0.0012492172905853305,630
567,0.1,80,113,12,1.0,113.0,0.0980187695516162,0.012605313425673823,0.0464749058416465,0.005235520976339139,0.0039956275909326,0.0012157544757829789,599
567,0.2,159,202,13,1.0,202.0,0.0980187695516162,0.010050692243364022,0.0464749058416465,0.004120951161527048,0.0048729601732022,0.0012166788135247564,599
567,0.3,238,289,13,1.0,289.0,0.0980187695516162,0.00950023633326233,0.0570262908498661,0.004263023133525579,0.0058095370925524,0.001323813382800646,599
567,0.5,397,418,13,1.5,278.6666666666667,0.0980187695516162,0.008838453133497268,0.0570262908498661,0.0038716493100806534,0.0058095370925524,0.001294629572225214,599
568,0.1,82,115,13,1.0,115.0,0.0980187695516162,0.012259146756131798,0.0570262908498661,0.005523419607610015,0.0052421649220672,0.0013416792224348305,612
568,0.2,164,205,13,1.0,205.0,0.0980187695516162,0.010803937027899954,0.0570262908498661,0.004858031750158726,0.0056186378747126,0.0013243298978290409,612
568,0.3,246,286,13,1.0,286.0,0.0980187695516162,0.009537907348126281,0.0570262908498661,0.004215197998730518,0.0056186378747126,0.0012897279177208085,612
568,0.5,409,424,13,1.5,282.6666666666667,0.0980187695516162,0.008627304385464373,0.0570262908498661,0.003944016597083394,0.0058095370925524,0.0012924247350388862,612
569,0.1,86,124,12,1.0,124.0,0.0980187695516162,0.011302095596891881,0.0570262908498661,0.005465149318462238,0.0045513414488271,0.0013568257602864149,654
569,0.2,171,222,13,1.0,222.0,0.0980187695516162,0.009577356292684719,0.0570262908498661,0.004474756421179481,0.0052421649220672,0.0012980964827986373,654
569,0.3,256,308,13,1.0,308.0,0.0980187695516162,0.009371233563100047,0.0570262908498661,0.0043284765261320446,0.0056186378747126,0.0012731689788361372,654
569,0.5,427,457,13,1.5,304.6666666666667,0.0980187695516162,0.008111567711625167,0.0570262908498661,0.003621855372712068,0.0058095370925524,0.0012168627388038447,654
570,0.1,80,128,13,1.0,128.0,0.0656934306569343,0.010973344629822685,0.0570262908498661,0.004647772084406252,0.0058095370925524,0.0013701695634688203,613
570,0.2,160,223,13,1.0,223.0,0.0980187695516162,0.010464936850325172,0.0570262908498661,0.0047920779156172206,0.0058095370925524,0.0013912712217105233,613
570,0.3,240,294,13,1.0,294.0,0.0980187695516162,0.009874231235768508,0.0570262908498661,0.004560146991879128,0.0058095370925524,0.0013423610275515693,613
570,0.5,399,426,13,1.666667,255.59994888001023,0.0980187695516162,0.008496232871682606,0.0570262908498661,0.0038105393665245142,0.0058095370925524,0.0012931708159232612,613
571,0.1,86,131,12,1.0,131.0,0.0980187695516162,0.012608553757492253,0.0492079830055308,0.0056006144795966595,0.0045513414488271,0.0014231986046751648,659
571,0.2,171,243,12,1.0,243.0,0.0980187695516162,0.00980101872234877,0.0492079830055308,0.004310204178541766,0.0058095370925524,0.0012551279686188424,659
571,0.3,257,316,13,1.0,316.0,0.0980187695516162,0.008942595794670036,0.0492079830055308,0.004003219352275438,0.0058095370925524,0.001238249292511603,659
571,0.5,428,446,13,1.5,297.3333333333333,0.0980187695516162,0.008484641606306973,0.0570262908498661,0.0037820945126152577,0.0058095370925524,0.001237912943026792,659
572,0.1,84,127,12,1.0,127.0,0.0980187695516162,0.011223961968257572,0.0570262908498661,0.005260716789652194,0.0052421649220672,0.0013073948230496043,634
572,0.2,168,232,12,1.0,232.0,0.0980187695516162,0.00948815217000463,0.0570262908498661,0.004315669189725773,0.0052421649220672,0.0012510305686665299,634
572,0.3,252,309,13,1.0,309.0,0.0980187695516162,0.009445518693622968,0.0570262908498661,0.004127767411672775,0.0056186378747126,0.001228544624369935,634
572,0.5,419,440,13,1.5,293.3333333333333,0.0980187695516162,0.008387050905299035,0.0570262908498661,0.0037139460739560193,0.0058095370925524,0.0012279096422555607,634
573,0.1,82,106,13,1.0,106.0,0.0980187695516162,0.012808153146949415,0.0570262908498661,0.005599740053030788,0.0039956275909326,0.001216446979129531,620
573,0.2,164,206,13,1.0,206.0,0.0980187695516162,0.009982080848780541,0.0570262908498661,0.004372122027225255,0.0058095370925524,0.0012188328689821063,620
573,0.3,246,285,13,1.0,285.0,0.0980187695516162,0.009212813054534098,0.0570262908498661,0.004029759277162418,0.0058095370925524,0.0012074155328216632,620
573,0.5,410,429,13,1.5,286.0,0.0980187695516162,0.008473278546271201,0.0570262908498661,0.003723677144418587,0.0058095370925524,0.0012442396048492992,620
574,0.1,84,129,13,1.0,129.0,0.0980187695516162,0.011454114832149078,0.0464749058416465,0.0048360003785831275,0.0058095370925524,0.0014060509574022528,623
574,0.2,168,227,13,1.0,227.0,0.0980187695516162,0.0098395446798932,0.0570262908498661,0.004145216748778732,0.0058095370925524,0.0013044024216539375,623
574,0.3,252,308,13,1.0,308.0,0.0980187695516162,0.009242582235282923,0.0570262908498661,0.004129254720946919,0.0058095370925524,0.0012974973557115228,623
574,0.5,419,440,13,1.5,293.3333333333333,0.0980187695516162,0.008574272442885538,0.0570262908498661,0.0038190532799056245,0.0058095370925524,0.0012967727111695244,623
575,0.1,81,118,12,1.0,118.0,0.0980187695516162,0.011214011770735716,0.0570262908498661,0.004808011487128406,0.0044179097289399,0.0011903488330116722,630
575,0.2,162,226,13,1.0,226.0,0.0980187695516162,0.009901538291177157,0.0570262908498661,0.004129017540891088,0.0056186378747126,0.0012178972150649952,630
575,0.3,243,311,13,1.0,311.0,0.0980187695516162,0.009039426787684069,0.0570262908498661,0.004037215492386498,0.0056186378747126,0.0012350812163802142,630
575,0.5,405,430,13,1.5,286.6666666666667,0.0980187695516162,0.008407498120619784,0.0570262908498661,0.0037272742515472466,0.0058095370925524,0.0012393504719839536,630
576,0.1,81,119,12,1.0,119.0,0.0980187695516162,0.012180054503553204,0.0570262908498661,0.0054679189473560135,0.0045513414488271,0.001302311810875268,610
576,0.2,161,206,12,1.0,206.0,0.0980187695516162,0.010442714397076199,0.0570262908498661,0.004716637415265473,0.0045513414488271,0.0012581151209267573,610
576,0.3,242,282,13,1.0,282.0,0.0980187695516162,0.009606638120382444,0.0570262908498661,0.004383089952090163,0.0056186378747126,0.0012648814369111436,610
576,0.5,402,411,13,1.5,274.0,0.0980187695516162,0.008570362984556554,0.0570262908498661,0.003819272369024963,0.0056186378747126,0.0012390422283813092,610
577,0.1,84,129,13,1.0,129.0,0.0761209593326381,0.011308614432022976,0.0570262908498661,0.004745608103547366,0.0052421649220672,0.0012567428270295387,644
577,0.2,168,219,13,1.0,219.0,0.0761209593326381,0.010465620104656157,0.0570262908498661,0.004538825563356864,0.0056186378747126,0.0013060745688187195,644
577,0.3,252,308,13,1.0,308.0,0.0980187695516162,0.009716560811451277,0.0570262908498661,0.004264816588506129,0.0056186378747126,0.0012933006566100945,644
577,0.5,419,449,13,1.5,299.3333333333333,0.0980187695516162,0.008551037991969133,0.0570262908498661,0.003674168537270698,0.0058095370925524,0.0012591419495598661,644
578,0.1,81,131,13,1.0,131.0,0.0980187695516162,0.011828479093202955,0.0464749058416465,0.004915028483299771,0.0039956275909326,0.0013564995824701747,606
578,0.2,161,218,13,1.0,218.0,0.0980187695516162,0.01025054768441893,0.0492079830055308,0.004383641969071817,0.0045513414488271,0.0013156905295122908,606
578,0.3,241,298,13,1.0,298.0,0.0980187695516162,0.009601724391319212,0.0570262908498661,0.00424740861558382,0.0056186378747126,0.0012928959856406627,606
578,0.5,401,408,13,1.571429,259.6362928264656,0.0980187695516162,0.008592488090126516,0.0570262908498661,0.003846428808248214,0.0058095370925524,0.0012836092674187122,606
579,0.1,81,120,13,1.0,120.0,0.0980187695516162,0.011600625651720497,0.0464749058416465,0.004618883648194711,0.0037580805554219,0.001155330879367935,594
579,0.2,161,220,13,1.0,220.0,0.0980187695516162,0.010730874964451562,0.0570262908498661,0.004826934828840298,0.0056186378747126,0.0013202957913376698,594
579,0.3,241,297,13,1.0,297.0,0.0980187695516162,0.00998163771886395,0.0570262908498661,0.004441085166773769,0.0058095370925524,0.0012937735909466,594
579,0.5,401,426,13,1.666667,255.59994888001023,0.0980187695516162,0.008953967111672421,0.0570262908498661,0.004045514731608468,0.0058095370925524,0.0013081741213244742,594
580,0.1,83,131,12,1.0,131.0,0.0980187695516162,0.011366802251072554,0.0464749058416465,0.00475849292171964,0.0039956275909326,0.0012571710342968037,616
580,0.2,165,230,13,1.0,230.0,0.0980187695516162,0.0100512309017545,0.0492079830055308,0.004422380160313867,0.0056186378747126,0.0013061989658213987,616
580,0.3,248,305,13,1.0,305.0,0.0980187695516162,0.00954888117745598,0.0570262908498661,0.004299076781351419,0.0056186378747126,0.001307888142903196,616
580,0.5,413,418,13,1.666667,250.79994984001004,0.0980187695516162,0.008738668170093404,0.0570262908498661,0.003933272450423578,0.0058095370925524,0.0013248683733215027,616
581,0.1,83,132,13,1.0,132.0,0.0980187695516162,0.011264890826934576,0.0570262908498661,0.005176871421925566,0.0045513414488271,0.0012985279539027195,632
581,0.2,165,213,13,1.0,213.0,0.0980187695516162,0.010329617608326314,0.0570262908498661,0.004822677537918865,0.0045513414488271,0.001299461647842482,632
581,0.3,247,297,13,1.0,297.0,0.0980187695516162,0.009174118663169714,0.0570262908498661,0.004124115367716803,0.0056186378747126,0.0012397510108297283,632
581,0.5,411,427,13,1.6,266.875,0.0980187695516162,0.008310276366140526,0.0570262908498661,0.003738276707851911,0.0058095370925524,0.0012632693270885522,632
582,0.1,86,137,13,1.0,137.0,0.0980187695516162,0.012566313754443073,0.0464749058416465,0.00547470412935421,0.0056186378747126,0.001387032265297692,640
582,0.2,171,229,13,1.0,229.0,0.0980187695516162,0.010655203974299969,0.0570262908498661,0.004814100138902987,0.0056186378747126,0.0013378269007257987,640
582,0.3,257,316,13,1.0,316.0,0.0980187695516162,0.009421074167447587,0.0570262908498661,0.0042285767735551795,0.0056186378747126,0.0012945407160628636,640
582,0.5,428,439,13,1.5,292.6666666666667,0.0980187695516162,0.00837765230961442,0.0570262908498661,0.0035960649746454142,0.0056186378747126,0.0012366983510115966,640
583,0.1,85,132,13,1.0,132.0,0.0980187695516162,0.012212847979271286,0.0570262908498661,0.005873133272008127,0.0045513414488271,0.0014003407384067486,635
583,0.2,170,225,13,1.0,225.0,0.0980187695516162,0.01052948673386625,0.0570262908498661,0.004951085976375271,0.0058095370925524,0.0013553920022235147,635
583,0.3,254,311,13,1.0,311.0,0.0980187695516162,0.009237248071242439,0.0570262908498661,0.004247257632758636,0.0058095370925524,0.0012921737240414986,635
583,0.5,423,447,13,1.5,298.0,0.0980187695516162,0.008363017964742309,0.0570262908498661,0.0037219002335540682,0.0058095370925524,0.00126213148023422,635
584,0.1,79,130,12,1.0,130.0,0.0980187695516162,0.01155851447822246,0.0492079830055308,0.005240742570310487,0.0045513414488271,0.0013749405057104961,592
584,0.2,158,213,13,1.0,213.0,0.0980187695516162,0.009903704465234184,0.0492079830055308,0.004260202651632474,0.0045513414488271,0.0012807544075508423,592
584,0.3,236,275,13,1.0,275.0,0.0980187695516162,0.009092805005213717,0.0492079830055308,0.003998377008288385,0.0058095370925524,0.0012523580818627517,592
584,0.5,393,405,13,1.5,270.0,0.0980187695516162,0.008447585576539301,0.0570262908498661,0.0037605262819235177,0.0058095370925524,0.0012662028552942247,592
585,0.1,81,121,13,1.0,121.0,0.0980187695516162,0.01206490921155814,0.0570262908498661,0.00530798899841809,0.0058095370925524,0.001398068198338428,612
585,0.2,162,219,13,1.0,219.0,0.0980187695516162,0.010322777246084873,0.0570262908498661,0.004771417563914531,0.0058095370925524,0.0013803163586633082,612
585,0.3,243,304,13,1.0,304.0,0.0980187695516162,0.00925100159157012,0.0570262908498661,0.0042588539794253,0.0058095370925524,0.0013285866361717803,612
585,0.5,404,430,13,1.666667,257.99994840001034,0.0980187695516162,0.008543298494070813,0.0570262908498661,0.0038115210115543694,0.0058095370925524,0.0012776710523031973,612
586,0.1,82,116,12,1.0,116.0,0.0980187695516162,0.01312430333321343,0.0570262908498661,0.005892605568154235,0.0052421649220672,0.0013676777946960222,630
586,0.2,164,217,13,1.0,217.0,0.0980187695516162,0.011105077773986876,0.0570262908498661,0.005082714663572644,0.0056186378747126,0.0013912167469065583,630
586,0.3,245,300,13,1.0,300.0,0.0980187695516162,0.009562043795620392,0.0570262908498661,0.004370982921213909,0.0056186378747126,0.001340579851385027,630
586,0.5,408,440,13,1.75,251.42857142857142,0.0980187695516162,0.008370461655133143,0.0570262908498661,0.0038975819969342337,0.0056186378747126,0.001300552312098193,630
587,0.1,88,131,13,1.0,131.0,0.0980187695516162,0.011931958385404595,0.0492079830055308,0.005140026537781525,0.0056186378747126,0.0012917691160250107,638
587,0.2,176,235,13,1.0,235.0,0.0980187695516162,0.010143544916025071,0.0570262908498661,0.004776311498723264,0.0056186378747126,0.0013178410557338274,638
587,0.3,264,316,13,1.0,316.0,0.0980187695516162,0.008896397882815649,0.0570262908498661,0.0040805850810395426,0.0056186378747126,0.001269168305721817,638
587,0.5,440,454,13,1.75,259.42857142857144,0.0980187695516162,0.008261634503635809,0.0570262908498661,0.003693545629577607,0.0056186378747126,0.0012655197993137665,638
588,0.1,86,125,12,1.0,125.0,0.0980187695516162,0.011503649635036453,0.0570262908498661,0.005268863157484432,0.0045513414488271,0.00138411706389526,626
588,0.2,171,233,13,1.0,233.0,0.0980187695516162,0.01037829999955242,0.0570262908498661,0.004770756496015951,0.0056186378747126,0.001356608092329515,626
588,0.3,256,315,13,1.0,315.0,0.0980187695516162,0.009825049241107588,0.0570262908498661,0.004496255085032029,0.0056186378747126,0.001329816062252859,626
588,0.5,426,437,13,1.666667,262.1999475600105,0.0980187695516162,0.008804938401223579,0.0570262908498661,0.003957914827931871,0.0058095370925524,0.0013075358840130011,626
589,0.1,83,129,13,1.0,129.0,0.0980187695516162,0.012028033077090914,0.0570262908498661,0.005418167710303762,0.0052421649220672,0.00128826083408053,617
589,0.2,166,225,13,1.0,225.0,0.0980187695516162,0.009825049241107593,0.0570262908498661,0.004174970103356648,0.0052421649220672,0.0011444236600647777,617
589,0.3,248,304,13,1.0,304.0,0.0980187695516162,0.00917553921299595,0.0570262908498661,0.0039871669863260455,0.0056186378747126,0.0012065249611075961,617
589,0.5,413,422,13,1.5,281.3333333333333,0.0980187695516162,0.008386500551028131,0.0570262908498661,0.003716530142654686,0.0056186378747126,0.0012339217156270583,617
590,0.1,85,127,12,1.0,127.0,0.0980187695516162,0.011125434138250926,0.0464749058416465,0.0045646861349238595,0.0039956275909326,0.001217595535211353,648
590,0.2,169,229,12,1.0,229.0,0.0980187695516162,0.010040480668090353,0.0492079830055308,0.004220484693682799,0.0045513414488271,0.0012201775446018328,648
590,0.3,253,324,13,1.0,324.0,0.0980187695516162,0.009175581560009739,0.0570262908498661,0.003997231479992106,0.0056186378747126,0.0012164472118968593,648
590,0.5,421,451,13,1.5,300.6666666666667,0.0980187695516162,0.00830734158133121,0.0570262908498661,0.003596636566506984,0.0056186378747126,0.001227340352617544,648
591,0.1,81,127,13,1.0,127.0,0.0980187695516162,0.011486702848275307,0.0464749058416465,0.0049591058483706655,0.0058095370925524,0.0013925904766470588,610
591,0.2,162,222,13,1.0,222.0,0.0980187695516162,0.010587229565331709,0.0464749058416465,0.004514991378635368,0.0058095370925524,0.0013598684426664373,610
591,0.3,243,292,13,1.0,292.0,0.0980187695516162,0.009681174739668846,0.0464749058416465,0.004197652405149323,0.0058095370925524,0.0013227550674364166,610
591,0.5,405,425,13,2.0,212.5,0.0980187695516162,0.008766484696068165,0.0570262908498661,0.003959079125335943,0.0058095370925524,0.0013028349094295771,610
592,0.1,86,135,12,1.0,135.0,0.0980187695516162,0.010945043061831337,0.0464749058416465,0.004422491607857241,0.0044179097289399,0.0012324278964859273,630
592,0.2,172,236,12,1.0,236.0,0.0980187695516162,0.009985684240292633,0.0464749058416465,0.0041186854183634216,0.0044179097289399,0.0012686417037447318,630
592,0.3,258,311,13,1.0,311.0,0.0980187695516162,0.009300953230354457,0.0570262908498661,0.003878916668160158,0.0044179097289399,0.0012077364022829535,630
592,0.5,429,444,13,1.666667,266.3999467200107,0.0980187695516162,0.008229292900825703,0.0570262908498661,0.003438993408727514,0.0058095370925524,0.001207664121036867,630
593,0.1,83,115,12,1.0,115.0,0.0980187695516162,0.012050596182617718,0.0464749058416465,0.005093540013953659,0.0052421649220672,0.0012172364540777403,637
593,0.2,166,218,12,1.0,218.0,0.0980187695516162,0.010231414604280026,0.0464749058416465,0.004499764615118635,0.0056186378747126,0.0013000678052951574,637
593,0.3,249,307,12,1.0,307.0,0.0980187695516162,0.00942213828873041,0.0492079830055308,0.004200163273497324,0.0056186378747126,0.0012420722533947818,637
593,0.5,415,430,12,1.875,229.33333333333334,0.0980187695516162,0.008565123554089726,0.0570262908498661,0.0038412009474748407,0.0058095370925524,0.001218036621731878,637
594,0.1,81,131,12,1.0,131.0,0.0980187695516162,0.00981461286804794,0.0464749058416465,0.00419330123087076,0.0056186378747126,0.0013199720125490505,656
594,0.2,162,229,12,1.0,229.0,0.0980187695516162,0.009548702023122657,0.0570262908498661,0.004419833426529153,0.0056186378747126,0.0013119971102191113,656
594,0.3,243,312,13,1.0,312.0,0.0980187695516162,0.009073955241838407,0.0570262908498661,0.004070227596178598,0.0056186378747126,0.001294098010026382,656
594,0.5,405,436,13,1.5,290.6666666666667,0.0980187695516162,0.008016760578201637,0.0570262908498661,0.0034633934090267174,0.0056186378747126,0.001206283233892256,656
595,0.1,83,124,12,1.0,124.0,0.0761209593326381,0.01182347203067707,0.0570262908498661,0.005055386734506941,0.0056186378747126,0.001232037488386332,615
595,0.2,165,222,13,1.0,222.0,0.0980187695516162,0.010587229565331709,0.0570262908498661,0.004612708415429598,0.0056186378747126,0.0012485087129022463,615
595,0.3,247,304,13,1.0,304.0,0.0980187695516162,0.009196119861697995,0.0570262908498661,0.003993005402686811,0.0056186378747126,0.0012426893001671099,615
595,0.5,411,422,13,1.5,281.3333333333333,0.0980187695516162,0.008327197070408012,0.0570262908498661,0.0035752815210832282,0.0056186378747126,0.0012250388968564315,615
596,0.1,82,124,13,1.0,124.0,0.0980187695516162,0.011806653436038846,0.0464749058416465,0.004821089997804165,0.0040871733233292,0.001258867269251894,632
596,0.2,163,227,13,1.0,227.0,0.0980187695516162,0.00996816617897677,0.0570262908498661,0.004453689430708492,0.0058095370925524,0.001344444056874256,632
596,0.3,245,307,13,1.0,307.0,0.0980187695516162,0.009017944180453942,0.0570262908498661,0.00388147808074971,0.0058095370925524,0.0012512365411748488,632
596,0.5,407,439,13,1.5,292.6666666666667,0.0980187695516162,0.008401405222315342,0.0570262908498661,0.0036671978539727385,0.0058095370925524,0.0012485071567365238,632
597,0.1,85,124,12,1.0,124.0,0.0980187695516162,0.011966430085102047,0.0570262908498661,0.0052272922186291475,0.0039254903849993,0.0012040352537694347,639
597,0.2,170,224,13,1.0,224.0,0.0980187695516162,0.010115633844778744,0.0570262908498661,0.004466935886351765,0.0039956275909326,0.0012830301570845826,639
597,0.3,254,307,13,1.0,307.0,0.0980187695516162,0.009048513482760569,0.0570262908498661,0.003983971109048821,0.0056186378747126,0.0012132628406426261,639
597,0.5,423,441,13,1.5,294.0,0.0980187695516162,0.008285274485185063,0.0570262908498661,0.0037008153025150006,0.0058095370925524,0.0012399423926559793,639
598,0.1,84,130,13,1.0,130.0,0.0656934306569343,0.011486323895082981,0.0570262908498661,0.00528178430122976,0.0056186378747126,0.0013881532264782607,629
598,0.2,168,228,13,1.0,228.0,0.0980187695516162,0.010427528675703814,0.0570262908498661,0.0049347551008363175,0.0056186378747126,0.0014603125622806084,629
598,0.3,252,314,13,1.0,314.0,0.0980187695516162,0.009391417546143432,0.0570262908498661,0.004353377091450482,0.0056186378747126,0.0013540059561737085,629
598,0.5,420,447,13,2.0,223.5,0.0980187695516162,0.008304698453133226,0.0570262908498661,0.0037875414342808454,0.0056186378747126,0.0012777718936658453,629
599,0.1,85,125,13,1.0,125.0,0.0980187695516162,0.01187069864442123,0.0570262908498661,0.005278281601571276,0.0056186378747126,0.0013316445279953504,639
599,0.2,170,234,13,1.0,234.0,0.0980187695516162,0.010084400595349456,0.0570262908498661,0.004311502639306633,0.0056186378747126,0.0012360259841908226,639
599,0.3,255,307,13,1.0,307.0,0.0980187695516162,0.008956805575840696,0.0570262908498661,0.0038391097866785637,0.0056186378747126,0.0011988197334684215,639
599,0.5,424,452,13,1.5,301.3333333333333,0.0980187695516162,0.008224367196655764,0.0570262908498661,0.003561222584696635,0.0056186378747126,0.0012457691944542505,639
600,0.1,91,143,13,1.0,143.0,0.0980187695516162,0.010806711536638496,0.0570262908498661,0.004804012672335131,0.0045513414488271,0.0012471908684755263,636
600,0.2,181,240,13,1.0,240.0,0.0980187695516162,0.01058394160583937,0.0570262908498661,0.0048229779691806775,0.0056186378747126,0.0013451381265022317,636
600,0.3,272,318,13,1.0,318.0,0.0980187695516162,0.009712685514916565,0.0570262908498661,0.004381030472454473,0.0056186378747126,0.0013166234027009065,636
600,0.5,453,439,13,1.5,292.6666666666667,0.0980187695516162,0.008624682601703985,0.0570262908498661,0.0038432496829136796,0.0058095370925524,0.0012776758691523979,636
601,0.1,83,121,13,1.0,121.0,0.0980187695516162,0.012401003111022976,0.0464749058416465,0.005627722682854966,0.0056186378747126,0.0013858493602646844,632
601,0.2,166,209,13,1.0,209.0,0.0980187695516162,0.010726883565915408,0.0570262908498661,0.004961096599721732,0.0058095370925524,0.0013884702390393252,632
601,0.3,248,295,13,1.0,295.0,0.0980187695516162,0.009218642300418824,0.0570262908498661,0.0042774857058961785,0.0058095370925524,0.0013136401829913049,632
601,0.5,413,424,13,1.5,282.6666666666667,0.0980187695516162,0.008391209396580513,0.0570262908498661,0.0037177927588060325,0.0058095370925524,0.001232636504516521,632
602,0.1,84,131,13,1.0,131.0,0.0761209593326381,0.011916038494296653,0.0570262908498661,0.005249510663387408,0.0058095370925524,0.0014187231063714563,619
602,0.2,167,230,13,1.0,230.0,0.0980187695516162,0.010803826449653126,0.0570262908498661,0.004897176878691412,0.0058095370925524,0.001364725184015247,619
602,0.3,250,313,13,1.0,313.0,0.0980187695516162,0.009664620028184264,0.0570262908498661,0.004143859707558899,0.0058095370925524,0.0012519279390795946,619
602,0.5,417,433,13,1.5,288.6666666666667,0.0980187695516162,0.00868157987896356,0.0570262908498661,0.003858252163324661,0.0058095370925524,0.0012372661782466409,619
603,0.1,84,127,13,1.0,127.0,0.0980187695516162,0.011962920693307452,0.0570262908498661,0.005466907821442818,0.0058095370925524,0.001345097850475222,629
603,0.2,167,228,13,1.0,228.0,0.0980187695516162,0.00983297660208912,0.0570262908498661,0.004545205711966463,0.0058095370925524,0.0013128107840442104,629
603,0.3,250,308,13,1.0,308.0,0.0980187695516162,0.009239196674024576,0.0570262908498661,0.004298067918801779,0.0058095370925524,0.001288030874937535,629
603,0.5,417,433,13,1.666667,259.7999480400104,0.0980187695516162,0.008529862949039924,0.0570262908498661,0.0038139472403279054,0.0058095370925524,0.001269398609881227,629
604,0.1,80,122,13,1.0,122.0,0.0980187695516162,0.011666866100275172,0.0464749058416465,0.004685907359692163,0.0052421649220672,0.001183003475462036,624
604,0.2,160,226,13,1.0,226.0,0.0980187695516162,0.010496737936825741,0.0570262908498661,0.004694435361431856,0.0058095370925524,0.0013167212252734892,624
604,0.3,240,307,13,1.0,307.0,0.0980187695516162,0.009323637203520177,0.0570262908498661,0.004079055557071918,0.0058095370925524,0.0012542465971210196,624
604,0.5,400,413,13,1.857143,222.38459827810783,0.0980187695516162,0.008889910040472904,0.0570262908498661,0.003975376355772244,0.0058095370925524,0.001288581346538243,624
605,0.1,84,127,12,1.0,127.0,0.0761209593326381,0.011404596323269765,0.0570262908498661,0.005058623020256595,0.0056186378747126,0.0013683191131906515,624
605,0.2,168,220,12,1.0,220.0,0.0980187695516162,0.010356431889278562,0.0570262908498661,0.004575581856211031,0.0056186378747126,0.0012934620640842778,624
605,0.3,251,305,13,1.0,305.0,0.0980187695516162,0.009172806372758465,0.0570262908498661,0.003985147515079334,0.0056186378747126,0.001211455623047334,624
605,0.5,418,433,13,1.75,247.42857142857142,0.0980187695516162,0.008411860892432652,0.0570262908498661,0.0037744349389489352,0.0056186378747126,0.0012524598980217145,624
606,0.1,84,126,12,1.0,126.0,0.0980187695516162,0.013638545442507859,0.0570262908498661,0.006263352178273683,0.0052421649220672,0.0014402322954287343,627
606,0.2,168,218,13,1.0,218.0,0.0980187695516162,0.010269680764557839,0.0570262908498661,0.004471404452301269,0.0052421649220672,0.0012937704334877508,627
606,0.3,252,301,13,1.0,301.0,0.0980187695516162,0.009578776341634895,0.0570262908498661,0.004211463917096696,0.0056186378747126,0.0012942370832323728,627
606,0.5,419,434,13,1.5,289.3333333333333,0.0980187695516162,0.008608717798397864,0.0570262908498661,0.003877939970335015,0.0058095370925524,0.0012808918872086684,627
607,0.1,88,131,13,1.0,131.0,0.0980187695516162,0.010300169546840255,0.0464749058416465,0.004323603100521904,0.0058095370925524,0.0012211196152233015,637
607,0.2,175,235,13,1.0,235.0,0.0980187695516162,0.00963326159785233,0.0570262908498661,0.004373072470589038,0.0058095370925524,0.0012706086072222095,637
607,0.3,262,324,13,1.0,324.0,0.0980187695516162,0.009407304419469823,0.0570262908498661,0.004120658708007383,0.0058095370925524,0.0012354744682050553,637
607,0.5,437,441,13,1.5,294.0,0.0980187695516162,0.008339658421588958,0.0570262908498661,0.003687464955392421,0.0058095370925524,0.0012052110445529968,637
608,0.1,81,124,12,1.0,124.0,0.0980187695516162,0.012849406303609227,0.0464749058416465,0.005448318157147243,0.0056186378747126,0.0013547780250714693,627
608,0.2,162,218,13,1.0,218.0,0.0980187695516162,0.010628426017162329,0.0464749058416465,0.004443254296116035,0.0056186378747126,0.001291300282375882,627
608,0.3,243,291,13,1.0,291.0,0.0980187695516162,0.009943777345387655,0.0570262908498661,0.004311289510203483,0.0058095370925524,0.001304412147880221,627
608,0.5,405,426,13,1.5,284.0,0.0980187695516162,0.008694502783122044,0.0570262908498661,0.003818636177162865,0.0058095370925524,0.0012499681200271542,627
609,0.1,86,139,13,1.0,139.0,0.0761209593326381,0.011890383417978816,0.0570262908498661,0.0049143755874333514,0.0048729601732022,0.0013140242429973525,652
609,0.2,172,238,13,1.0,238.0,0.0980187695516162,0.01014274322867829,0.0570262908498661,0.004240650119468257,0.0048729601732022,0.0012584726946442504,652
609,0.3,258,334,13,1.0,334.0,0.0980187695516162,0.008975791898996539,0.0570262908498661,0.003902585213657184,0.0058095370925524,0.001228390197042304,652
609,0.5,430,468,13,1.666667,280.7999438400112,0.0980187695516162,0.008350935358234583,0.0570262908498661,0.003808404484671589,0.0058095370925524,0.0012729161234451933,652
610,0.1,81,127,13,1.0,127.0,0.0980187695516162,0.010911957173236512,0.0464749058416465,0.004621566625247327,0.0044179097289399,0.0013164900430444756,608
610,0.2,162,219,13,1.0,219.0,0.0980187695516162,0.010013284385847086,0.0464749058416465,0.004234220319547334,0.0044179097289399,0.0012781321738217113,608
610,0.3,243,296,13,1.0,296.0,0.0980187695516162,0.009307273905814008,0.0464749058416465,0.004034277163063815,0.0056186378747126,0.0012854645055991414,608
610,0.5,405,421,13,1.5,280.6666666666667,0.0980187695516162,0.008530263363212328,0.0570262908498661,0.0038776449495804164,0.0058095370925524,0.001298173076596042,608
611,0.1,84,131,13,1.0,131.0,0.0980187695516162,0.011541921053259947,0.0464749058416465,0.004847184626386752,0.0039956275909326,0.0013017566043157787,620
611,0.2,168,211,13,1.0,211.0,0.0980187695516162,0.010501658026478958,0.0464749058416465,0.0046315067137456065,0.0056186378747126,0.0013744432452254057,620
611,0.3,252,294,13,1.0,294.0,0.0980187695516162,0.009774921438857042,0.0570262908498661,0.004299373636171158,0.0056186378747126,0.0013067001383947657,620
611,0.5,419,441,13,1.5,294.0,0.0980187695516162,0.008554829648230467,0.0570262908498661,0.0038335424719130127,0.0058095370925524,0.0012724205567027464,620
612,0.1,85,130,13,1.0,130.0,0.0980187695516162,0.011646747413170726,0.0570262908498661,0.005051304340827951,0.0039254903849993,0.0012625351550698382,633
612,0.2,170,231,13,1.0,231.0,0.0980187695516162,0.010635176432882332,0.0570262908498661,0.004652712527713304,0.0052421649220672,0.0013210898708368576,633
612,0.3,254,305,13,1.0,305.0,0.0980187695516162,0.009836065573770446,0.0570262908498661,0.004408268926429931,0.0056186378747126,0.0012863387531774106,633
612,0.5,423,435,13,1.666667,260.99994780001043,0.0980187695516162,0.008797478216053556,0.0570262908498661,0.003931370210183019,0.0058095370925524,0.0012790614061501983,633
613,0.1,85,134,13,1.0,134.0,0.0980187695516162,0.010738798188411391,0.0492079830055308,0.0049688399085805034,0.0045513414488271,0.00133729856786185,627
613,0.2,170,236,13,1.0,236.0,0.0980187695516162,0.010370088899100361,0.0570262908498661,0.004640275826840231,0.0045513414488271,0.00130859740675122,627
613,0.3,254,317,13,1.0,317.0,0.0980187695516162,0.0095656950753775,0.0570262908498661,0.004247730335804334,0.0056186378747126,0.0012828912087719693,627
613,0.5,423,441,13,1.5,294.0,0.0980187695516162,0.00867069107796051,0.0570262908498661,0.0038434896354453403,0.0058095370925524,0.0012829735145110286,627
614,0.1,84,126,13,1.0,126.0,0.0980187695516162,0.010071668570104397,0.0570262908498661,0.0045913618428095925,0.0058095370925524,0.0013281848570699621,622
614,0.2,167,222,13,1.0,222.0,0.0980187695516162,0.009412958318067766,0.0570262908498661,0.004113552767845754,0.0058095370925524,0.0012314731702843709,622
614,0.3,250,300,13,1.0,300.0,0.0980187695516162,0.008880778588807743,0.0570262908498661,0.003943086227486955,0.0058095370925524,0.0012439076876181957,622
614,0.5,417,427,13,1.5,284.6666666666667,0.0980187695516162,0.008217478687059321,0.0570262908498661,0.0035802359473088344,0.0058095370925524,0.001233001786712096,622
615,0.1,81,113,12,1.0,113.0,0.0980187695516162,0.010888923749850002,0.0464749058416465,0.004251248086734555,0.0039254903849993,0.001147107752339231,630
615,0.2,161,224,12,1.0,224.0,0.0980187695516162,0.0096966706390585,0.0570262908498661,0.0044521652865908805,0.0058095370925524,0.0013004696415687468,630
615,0.3,242,307,13,1.0,307.0,0.0980187695516162,0.009075686195922012,0.0570262908498661,0.004164996783772412,0.0058095370925524,0.001269932562688089,630
615,0.5,403,435,13,1.5,290.0,0.0980187695516162,0.008543382114990427,0.0570262908498661,0.0039068073414113644,0.0058095370925524,0.0012946629070972081,630
616,0.1,85,136,13,1.0,136.0,0.0980187695516162,0.011362939336318427,0.0464749058416465,0.0048068664792895715,0.0052421649220672,0.0013903712686583294,626
616,0.2,169,233,13,1.0,233.0,0.0980187695516162,0.010073977274252915,0.0570262908498661,0.004562210198237189,0.0052421649220672,0.0013690268466798952,626
616,0.3,253,320,13,1.0,320.0,0.0980187695516162,0.009854014598540104,0.0570262908498661,0.0044531787438335385,0.0056186378747126,0.001368335858607094,626
616,0.5,421,433,13,1.666667,259.7999480400104,0.0980187695516162,0.008611741927093951,0.0570262908498661,0.003821035971828761,0.0056186378747126,0.0013024736717692246,626
617,0.1,87,126,13,1.0,126.0,0.0980187695516162,0.011279937765860558,0.0464749058416465,0.004642095902623217,0.0039956275909326,0.001290789080599058,624
617,0.2,173,218,13,1.0,218.0,0.0980187695516162,0.010001817642613153,0.0570262908498661,0.0045945526451503,0.0052421649220672,0.0013290052277970053,624
617,0.3,260,296,13,1.0,296.0,0.0980187695516162,0.009338979229490134,0.0570262908498661,0.004175468006779775,0.0056186378747126,0.0012659236332138281,624
617,0.5,433,441,13,1.6,275.625,0.0980187695516162,0.008639952331297437,0.0570262908498661,0.0038382307540784986,0.0056186378747126,0.0012711750749551222,624
618,0.1,88,125,13,1.0,125.0,0.0980187695516162,0.011912408759124042,0.0464749058416465,0.00512969499360137,0.0056186378747126,0.0013106813827219968,651
618,0.2,175,236,13,1.0,236.0,0.0980187695516162,0.009910570686272732,0.0464749058416465,0.004268801425846094,0.0056186378747126,0.0013210292006963316,651
618,0.3,263,321,13,1.0,321.0,0.0980187695516162,0.008806551476583492,0.0464749058416465,0.0038499069820448523,0.0056186378747126,0.0012898560788444679,651
618,0.5,437,446,13,1.5,297.3333333333333,0.0980187695516162,0.00818070018750843,0.0570262908498661,0.0036393418441283553,0.0056186378747126,0.00123786326644339,651
619,0.1,82,124,13,1.0,124.0,0.0980187695516162,0.010402300783746469,0.0464749058416465,0.004572451234024692,0.0040871733233292,0.0012929475133967323,625
619,0.2,164,218,13,1.0,218.0,0.0980187695516162,0.009164745386536008,0.0570262908498661,0.0040512343673096834,0.0040871733233292,0.0012210607610642994,625
619,0.3,246,300,13,1.0,300.0,0.0980187695516162,0.008734793187347888,0.0570262908498661,0.0039897312495993965,0.0056186378747126,0.0012241471025639136,625
619,0.5,409,434,13,1.5,289.3333333333333,0.0980187695516162,0.008613523111151645,0.0570262908498661,0.003835398033620823,0.0056186378747126,0.0012380389097115436,625
620,0.1,85,132,13,1.0,132.0,0.0980187695516162,0.010767213321957802,0.0492079830055308,0.004737181064727053,0.0052421649220672,0.0012824160541192416,618
620,0.2,169,219,13,1.0,219.0,0.0980187695516162,0.010070421529275606,0.0570262908498661,0.004488204838064774,0.0052421649220672,0.0012583754304671475,618
620,0.3,253,300,13,1.0,300.0,0.0980187695516162,0.009127563434132735,0.0570262908498661,0.004116990351971552,0.0052421649220672,0.0012532073227019892,618
620,0.5,422,420,13,1.5,280.0,0.0980187695516162,0.008577883708227771,0.0570262908498661,0.003837281216690399,0.0056186378747126,0.0012610502783741403,618
621,0.1,83,134,13,1.0,134.0,0.0980187695516162,0.012178419684683937,0.0464749058416465,0.0049057327723244564,0.0052421649220672,0.0012935833485292663,625
621,0.2,166,227,13,1.0,227.0,0.0980187695516162,0.01037240517609657,0.0464749058416465,0.004274229731055964,0.0052421649220672,0.0012585026496217619,625
621,0.3,249,306,13,1.0,306.0,0.0980187695516162,0.009350698917036356,0.0570262908498661,0.0038970430984214856,0.0052421649220672,0.0012199172661397954,625
621,0.5,415,441,13,1.5,294.0,0.0980187695516162,0.008488623116956157,0.0570262908498661,0.003699513525363123,0.0056186378747126,0.0012639621085080944,625
622,0.1,88,127,13,1.0,127.0,0.0980187695516162,0.012168187005821313,0.0464749058416465,0.005166593367759821,0.0056186378747126,0.0013019747534938474,652
622,0.2,176,233,13,1.0,233.0,0.0980187695516162,0.010051600603275009,0.0464749058416465,0.004228134826486104,0.0056186378747126,0.001265518377416833,652
622,0.3,264,328,13,1.0,328.0,0.0980187695516162,0.009133624965029584,0.0570262908498661,0.003927810299605372,0.0056186378747126,0.0012200286796067727,652
622,0.5,439,464,13,1.375,337.45454545454544,0.0980187695516162,0.008301571320700397,0.0570262908498661,0.003626728356107061,0.0058095370925524,0.0012096916485301015,652
623,0.1,86,126,12,1.0,126.0,0.0980187695516162,0.011867520730920058,0.0464749058416465,0.005470165003943051,0.0056186378747126,0.0013544168938359332,643
623,0.2,172,226,13,1.0,226.0,0.0980187695516162,0.009823101128572306,0.0464749058416465,0.00422738897693779,0.0056186378747126,0.0012904649754484291,643
623,0.3,258,312,13,1.0,312.0,0.0980187695516162,0.00888679447073603,0.0570262908498661,0.003881348152108014,0.0056186378747126,0.0012205761227374367,643
623,0.5,430,449,13,1.5,299.3333333333333,0.0980187695516162,0.008407049845444936,0.0570262908498661,0.0037296308740533994,0.0058095370925524,0.0012486514288924944,643
624,0.1,84,128,13,1.0,128.0,0.0761209593326381,0.010720802919707985,0.0293591471972982,0.004482107731663792,0.0056186378747126,0.0012461745884072158,628
624,0.2,167,219,13,1.0,219.0,0.0980187695516162,0.010498950104989455,0.0464749058416465,0.004447372184110155,0.0056186378747126,0.0013107562292563521,628
624,0.3,250,299,13,1.0,299.0,0.0980187695516162,0.009360363533641813,0.0570262908498661,0.004157320159888227,0.0056186378747126,0.0012369868170842326,628
624,0.5,416,432,13,1.375,314.1818181818182,0.0980187695516162,0.008469953269223297,0.0570262908498661,0.0037418089358380435,0.0058095370925524,0.0012448988167344521,628
625,0.1,85,131,13,1.0,131.0,0.0980187695516162,0.011048404428913663,0.0492079830055308,0.004784831842227786,0.0045513414488271,0.0012752721028396158,628
625,0.2,170,233,13,1.0,233.0,0.0980187695516162,0.009398201810720172,0.0492079830055308,0.003949126257930393,0.0045513414488271,0.001216775041295972,628
625,0.3,255,324,13,1.0,324.0,0.0980187695516162,0.008596274411359524,0.0570262908498661,0.0038454546560193537,0.0045513414488271,0.0012199397157299555,628
625,0.5,425,447,13,1.666667,268.19994636001076,0.0980187695516162,0.008379347427992853,0.0570262908498661,0.003684167780674103,0.0056186378747126,0.0012310902147766398,628
626,0.1,87,138,13,1.0,138.0,0.0980187695516162,0.00956612413292828,0.0464749058416465,0.00375794045704812,0.0044179097289399,0.001202161747229395,621
626,0.2,173,237,13,1.0,237.0,0.0980187695516162,0.009336377995714554,0.0570262908498661,0.00420330476575893,0.0052421649220672,0.0012471750099446548,621
626,0.3,259,321,13,1.0,321.0,0.0980187695516162,0.009228850145692996,0.0570262908498661,0.004126249501207324,0.0052421649220672,0.001263455176883333,621
626,0.5,431,438,13,1.5,292.0,0.0980187695516162,0.00837297222658682,0.0570262908498661,0.003732755960075835,0.0056186378747126,0.0012453407241513293,621
627,0.1,85,125,12,1.0,125.0,0.0980187695516162,0.011712200208550528,0.0464749058416465,0.004754670298507963,0.0056186378747126,0.0013098702161234682,638
627,0.2,170,222,12,1.0,222.0,0.0980187695516162,0.010169189001305746,0.0464749058416465,0.004225691283099885,0.0056186378747126,0.0012837208871808263,638
627,0.3,255,305,12,1.0,305.0,0.0980187695516162,0.008984768970409706,0.0464749058416465,0.003772927802932223,0.0056186378747126,0.0012609197020507907,638
627,0.5,424,447,13,1.333333,335.2500838125209,0.0980187695516162,0.008458661963781205,0.0570262908498661,0.003819099929638237,0.0058095370925524,0.0012734552456586097,638
628,0.1,80,127,13,1.0,127.0,0.0980187695516162,0.011396385670769218,0.0570262908498661,0.00556602778115985,0.0052421649220672,0.0013564576648218644,622
628,0.2,160,222,13,1.0,222.0,0.0980187695516162,0.010995875959379566,0.0570262908498661,0.005187449223016034,0.0056186378747126,0.0014171682992989072,622
628,0.3,240,292,13,1.0,292.0,0.0980187695516162,0.00985615724141867,0.0570262908498661,0.004470408366740356,0.0056186378747126,0.001329557924959067,622
628,0.5,399,414,13,1.5,276.0,0.0980187695516162,0.008717313223819051,0.0570262908498661,0.0039085792040126285,0.0056186378747126,0.0012801798001750152,622
629,0.1,85,128,13,1.0,128.0,0.0980187695516162,0.010818561001042705,0.0492079830055308,0.004445176890211176,0.0045513414488271,0.0012872131212663413,626
629,0.2,170,230,13,1.0,230.0,0.0980187695516162,0.010046697193634631,0.0570262908498661,0.0044184925312923,0.0045513414488271,0.0012865352039725024,626
629,0.3,255,318,13,1.0,318.0,0.0980187695516162,0.009270007410759328,0.0570262908498661,0.004173213624668336,0.0056186378747126,0.0012909085134826357,626
629,0.5,425,428,13,2.0,214.0,0.0980187695516162,0.008432167464161415,0.0570262908498661,0.0037714291853438477,0.0056186378747126,0.001254865834686385,626
630,0.1,87,126,13,1.0,126.0,0.0980187695516162,0.011404075011999895,0.0570262908498661,0.00520710235895708,0.0058095370925524,0.001331492494659388,630
630,0.2,174,225,13,1.0,225.0,0.0980187695516162,0.010395087475379403,0.0570262908498661,0.004687098136952668,0.0058095370925524,0.0013490375891687123,630
630,0.3,260,302,13,1.0,302.0,0.0980187695516162,0.009495266178207111,0.0570262908498661,0.004296501681542993,0.0058095370925524,0.0012814464422776705,630
630,0.5,433,444,13,1.5,296.0,0.0980187695516162,0.008471192777762078,0.0570262908498661,0.0037785234231115074,0.0058095370925524,0.0012545778734046288,630
631,0.1,83,123,12,1.0,123.0,0.0980187695516162,0.012987783683884766,0.0492079830055308,0.0057744605637108995,0.0052421649220672,0.00129038503925667,622
631,0.2,165,225,13,1.0,225.0,0.0980187695516162,0.010260688216892553,0.0492079830055308,0.004452258412986316,0.0058095370925524,0.0012762290069458484,622
631,0.3,247,303,13,1.0,303.0,0.0980187695516162,0.009608468667513213,0.0570262908498661,0.004370761601560691,0.0058095370925524,0.0013073562592731212,622
631,0.5,411,418,13,1.555556,268.71420893879747,0.0980187695516162,0.008778582155454951,0.0570262908498661,0.003968858891561892,0.0058095370925524,0.0013024735500541424,622
632,0.1,82,115,12,1.0,115.0,0.0980187695516162,0.012440495080926643,0.0492079830055308,0.005483327836515528,0.0045513414488271,0.0012519051661516235,627
632,0.2,163,211,12,1.0,211.0,0.0980187695516162,0.009617047773895552,0.0492079830055308,0.0039988924779328725,0.0045513414488271,0.001178419423572345,627
632,0.3,245,288,13,1.0,288.0,0.0980187695516162,0.009015467500868915,0.0570262908498661,0.004050807046774903,0.0058095370925524,0.0012293034704836496,627
632,0.5,407,428,13,1.5,285.3333333333333,0.0980187695516162,0.008505257618430368,0.0570262908498661,0.003822608499865932,0.0058095370925524,0.0012783058220826834,627
633,0.1,81,117,13,1.0,117.0,0.0980187695516162,0.012673457928932338,0.0492079830055308,0.0059369818334785536,0.0056186378747126,0.0013867252597713061,622
633,0.2,162,213,13,1.0,213.0,0.0980187695516162,0.010163168793784563,0.0492079830055308,0.0044560195778114466,0.0056186378747126,0.0012368328928329233,622
633,0.3,243,303,13,1.0,303.0,0.0980187695516162,0.00950866723794377,0.0570262908498661,0.004267485182229079,0.0056186378747126,0.0012372683249020015,622
633,0.5,404,417,13,1.5,278.0,0.0980187695516162,0.008707111474532528,0.0570262908498661,0.003900883450152333,0.0056186378747126,0.0012572418651578103,622
634,0.1,86,134,12,1.0,134.0,0.0980187695516162,0.011882713647611743,0.0570262908498661,0.0054844780860420165,0.0052421649220672,0.0014296340145069067,634
634,0.2,171,232,12,1.0,232.0,0.0980187695516162,0.011092733091222854,0.0570262908498661,0.005059098908913297,0.0052421649220672,0.001374974678893517,634
634,0.3,256,312,13,1.0,312.0,0.0980187695516162,0.009742386567204041,0.0570262908498661,0.004307224425191611,0.0052421649220672,0.001272620817893115,634
634,0.5,426,425,13,1.5,283.3333333333333,0.0980187695516162,0.008589830092620945,0.0570262908498661,0.0037059260819765965,0.0056186378747126,0.001220890480455032,634
635,0.1,83,130,12,1.0,130.0,0.0980187695516162,0.010491698082938917,0.0570262908498661,0.004790807173982438,0.0045513414488271,0.0012919778701438224,621
635,0.2,166,224,12,1.0,224.0,0.0980187695516162,0.009640808878295801,0.0570262908498661,0.004330267282438455,0.0045513414488271,0.0012742925061271296,621
635,0.3,249,307,13,1.0,307.0,0.0980187695516162,0.009238722474890668,0.0570262908498661,0.004063411781325152,0.0052421649220672,0.0012504957180640413,621
635,0.5,414,425,13,1.555556,273.2142076530835,0.0980187695516162,0.008575108875667009,0.0570262908498661,0.00385022883690464,0.0058095370925524,0.0012709099936728903,621
636,0.1,83,126,13,1.0,126.0,0.0980187695516162,0.01132959266431629,0.0464749058416465,0.004468551495762838,0.0058095370925524,0.001296153920233796,606
636,0.2,165,223,13,1.0,223.0,0.0980187695516162,0.01007682703862857,0.0570262908498661,0.0045068699373490145,0.0058095370925524,0.001308644327464026,606
636,0.3,248,299,13,1.0,299.0,0.0980187695516162,0.009273176839028903,0.0570262908498661,0.004235336579199178,0.0058095370925524,0.0012813892066181312,606
636,0.5,412,424,13,1.4,302.8571428571429,0.0980187695516162,0.008533850119031176,0.0570262908498661,0.0038532158331555854,0.0058095370925524,0.0012770860594399152,606
637,0.1,84,129,13,1.0,129.0,0.0980187695516162,0.011211614165272245,0.0464749058416465,0.004487598514783175,0.0038221510689287,0.0011850240555496489,637
637,0.2,168,224,13,1.0,224.0,0.0980187695516162,0.01112114553850733,0.0570262908498661,0.005172112831046468,0.0056186378747126,0.001356019086713844,637
637,0.3,252,299,13,1.0,299.0,0.0980187695516162,0.009890458636888295,0.0570262908498661,0.004429637704971439,0.0056186378747126,0.0012850964912761087,637
637,0.5,420,435,13,1.5,290.0,0.0980187695516162,0.008636870303117427,0.0570262908498661,0.0037785386454868997,0.0058095370925524,0.0012602706380899404,637
638,0.1,79,123,13,1.0,123.0,0.0980187695516162,0.011444848546504188,0.0464749058416465,0.004843039138108809,0.0052421649220672,0.0012916616775601848,616
638,0.2,158,221,13,1.0,221.0,0.0980187695516162,0.009847173007327533,0.0464749058416465,0.004007857890318465,0.0052421649220672,0.001210688335832192,616
638,0.3,236,295,13,1.0,295.0,0.0980187695516162,0.009137342924303167,0.0570262908498661,0.003915826158087184,0.0058095370925524,0.0012208584394281072,616
638,0.5,393,421,13,1.666667,252.5999494800101,0.0980187695516162,0.0086392446605356,0.0570262908498661,0.0038436937166585945,0.0058095370925524,0.001255231044051767,616
639,0.1,83,139,13,1.0,139.0,0.0980187695516162,0.010832626912026123,0.0464749058416465,0.004510059171471539,0.0058095370925524,0.0012289796851028209,631
639,0.2,165,229,13,1.0,229.0,0.0980187695516162,0.009967624572539585,0.0570262908498661,0.004470501736161894,0.0058095370925524,0.0012480479683156147,631
639,0.3,247,310,13,1.0,310.0,0.0980187695516162,0.00940159440277166,0.0570262908498661,0.0041727408049712506,0.0058095370925524,0.001230213455989432,631
639,0.5,411,444,13,1.666667,266.3999467200107,0.0980187695516162,0.008468844235267548,0.0570262908498661,0.0037786636466232517,0.0058095370925524,0.0012559024694121163,631
640,0.1,84,126,13,1.0,126.0,0.0980187695516162,0.010270288163927327,0.0464749058416465,0.004284466963599652,0.0058095370925524,0.001270572296252989,610
640,0.2,167,231,13,1.0,231.0,0.0980187695516162,0.00993549377282428,0.0570262908498661,0.00437651414467231,0.0058095370925524,0.0012891508445341511,610
640,0.3,250,311,13,1.0,311.0,0.0980187695516162,0.009267424199242869,0.0570262908498661,0.004034842408759023,0.0058095370925524,0.0012426672895442259,610
640,0.5,416,428,13,1.666667,256.7999486400103,0.0980187695516162,0.00849307592605221,0.0570262908498661,0.003709583185647329,0.0058095370925524,0.0012579450181876457,610
641,0.1,84,123,13,1.0,123.0,0.0656934306569343,0.01007994438651369,0.0570262908498661,0.004657016165271114,0.0058095370925524,0.0013034072750918002,624
641,0.2,167,225,13,1.0,225.0,0.0980187695516162,0.009917738384891628,0.0570262908498661,0.004510229542904853,0.0058095370925524,0.0013176408760499777,624
641,0.3,250,307,13,1.0,307.0,0.0980187695516162,0.00956819162197317,0.0570262908498661,0.004447169799280867,0.0058095370925524,0.001299491307082863,624
641,0.5,416,445,13,1.5,296.6666666666667,0.0980187695516162,0.008428723740787996,0.0570262908498661,0.003810426872124818,0.0058095370925524,0.0012580719822358796,624
642,0.1,83,122,13,1.0,122.0,0.0980187695516162,0.011701054718884038,0.0464749058416465,0.00462599739509097,0.0040871733233292,0.0011967174254172582,600
642,0.2,166,222,13,1.0,222.0,0.0980187695516162,0.009924940581874844,0.0464749058416465,0.004064647332617704,0.0058095370925524,0.0012786129029645908,600
642,0.3,249,298,13,1.0,298.0,0.0980187695516162,0.00906635127474784,0.0492079830055308,0.003982214003704664,0.0058095370925524,0.0012899793326446628,600
642,0.5,415,424,13,1.666667,254.3999491200102,0.0980187695516162,0.008733055265901936,0.0570262908498661,0.0038891695160915957,0.0058095370925524,0.0012871541016411037,600
643,0.1,85,119,12,1.0,119.0,0.0980187695516162,0.01172439778831236,0.0464749058416465,0.00460062785854926,0.0058095370925524,0.0012162575148735072,622
643,0.2,170,226,12,1.0,226.0,0.0980187695516162,0.01014607768047464,0.0570262908498661,0.004427734982326941,0.0058095370925524,0.0012598190461729742,622
643,0.3,255,304,13,1.0,304.0,0.0980187695516162,0.009720926403600198,0.0570262908498661,0.0042813164850248496,0.0058095370925524,0.0012702332285160582,622
643,0.5,425,438,13,1.666667,262.79994744001056,0.0980187695516162,0.008775312944895941,0.0570262908498661,0.0039048124071168373,0.0058095370925524,0.0012831477601854186,622
644,0.1,89,136,13,1.0,136.0,0.0980187695516162,0.011201926025884762,0.0464749058416465,0.004736219321463473,0.0056186378747126,0.0013205548697716374,616
644,0.2,178,224,13,1.0,224.0,0.0980187695516162,0.010562527930880337,0.0464749058416465,0.004625128846479099,0.0056186378747126,0.0013086003695916824,616
644,0.3,267,309,13,1.0,309.0,0.0980187695516162,0.00924304240865784,0.0464749058416465,0.003944301878785318,0.0056186378747126,0.0012450795243799304,616
644,0.5,445,439,13,1.5,292.6666666666667,0.0980187695516162,0.00854629798979095,0.0570262908498661,0.0038363839543454343,0.0056186378747126,0.0012671948917525454,616
645,0.1,87,133,13,1.0,133.0,0.0980187695516162,0.010733298313562801,0.0492079830055308,0.004730912295342158,0.0052421649220672,0.001333431903511724,624
645,0.2,173,238,13,1.0,238.0,0.0980187695516162,0.009954346702184478,0.0570262908498661,0.00452111994425293,0.0052421649220672,0.0013356808563357498,624
645,0.3,259,323,13,1.0,323.0,0.0980187695516162,0.009426744189800346,0.0570262908498661,0.004233916284093408,0.0052421649220672,0.0013077425811742623,624
645,0.5,432,440,13,1.5,293.3333333333333,0.0980187695516162,0.008263816475495261,0.0570262908498661,0.0036133468725260257,0.0052421649220672,0.0012286126655106295,624
646,0.1,85,125,12,1.0,125.0,0.0980187695516162,0.012754953076120913,0.0570262908498661,0.005806041613711924,0.0052421649220672,0.0013806367045792183,648
646,0.2,169,225,12,1.0,225.0,0.0980187695516162,0.010909512223380793,0.0570262908498661,0.005010817943909975,0.0052421649220672,0.0013525806451289927,648
646,0.3,254,308,12,1.0,308.0,0.0980187695516162,0.009733488617743005,0.0570262908498661,0.004348998642020488,0.0052421649220672,0.0012624292528871368,648
646,0.5,423,446,13,2.0,223.0,0.0980187695516162,0.008405149235236586,0.0570262908498661,0.0037229723024498436,0.0056186378747126,0.001263738916390893,648
647,0.1,84,133,13,1.0,133.0,0.0980187695516162,0.01120371314103816,0.0464749058416465,0.004333193159527496,0.0052421649220672,0.0012525968103174457,632
647,0.2,167,221,13,1.0,221.0,0.0980187695516162,0.010970137633941798,0.0570262908498661,0.004712908879957073,0.0052421649220672,0.0012834029452304906,632
647,0.3,251,306,13,1.0,306.0,0.0980187695516162,0.009599460222044977,0.0570262908498661,0.004185968570104183,0.0056186378747126,0.001285935762497324,632
647,0.5,417,437,13,1.5,291.3333333333333,0.0980187695516162,0.00858779764390343,0.0570262908498661,0.003707090988764585,0.0058095370925524,0.0012669579184073619,632
648,0.1,81,126,13,1.0,126.0,0.0980187695516162,0.012049588691924415,0.0492079830055308,0.005862128437602401,0.0058095370925524,0.0014457973325657856,614
648,0.2,162,222,13,1.0,222.0,0.0980187695516162,0.010549652885419264,0.0492079830055308,0.00485727074168372,0.0058095370925524,0.001378463344298774,614
648,0.3,243,288,13,1.0,288.0,0.0980187695516162,0.009822876839300151,0.0570262908498661,0.0045190179523255745,0.0058095370925524,0.0012929371386790317,614
648,0.5,405,423,13,1.5,282.0,0.0980187695516162,0.008682211819344868,0.0570262908498661,0.0038910179961072077,0.0058095370925524,0.001263927589456094,614
649,0.1,83,125,13,1.0,125.0,0.0980187695516162,0.010903023983315906,0.0464749058416465,0.004341991030031372,0.0039956275909326,0.0011366395050330697,622
649,0.2,165,228,13,1.0,228.0,0.0980187695516162,0.009828403124599774,0.0464749058416465,0.004018952868728093,0.0052421649220672,0.0012328656786107747,622
649,0.3,248,306,13,1.0,306.0,0.0980187695516162,0.009207575974428655,0.0464749058416465,0.003885327842968925,0.0058095370925524,0.001267886957274072,622
649,0.5,413,433,13,1.666667,259.7999480400104,0.0980187695516162,0.00842631012385395,0.0570262908498661,0.003621286852431429,0.0058095370925524,0.0012465566558429934,622
650,0.1,84,125,13,1.0,125.0,0.0980187695516162,0.010202294056308615,0.0464749058416465,0.004230492132165514,0.0048729601732022,0.0012430233200734144,632
650,0.2,168,211,13,1.0,211.0,0.0980187695516162,0.009948158874024535,0.0570262908498661,0.004486278188068276,0.0056186378747126,0.0012497385968584158,632
650,0.3,252,302,13,1.0,302.0,0.0980187695516162,0.009219040253022904,0.0570262908498661,0.004122799672764118,0.0056186378747126,0.0012501510219466688,632
650,0.5,419,433,13,1.5,288.6666666666667,0.0980187695516162,0.008329981914378627,0.0570262908498661,0.003765791985883729,0.0056186378747126,0.0012557852747358581,632
651,0.1,79,116,12,1.0,116.0,0.0980187695516162,0.01253101290856132,0.0570262908498661,0.005836264723768616,0.0052421649220672,0.0013560504585351204,607
651,0.2,158,220,12,1.0,220.0,0.0980187695516162,0.010522324390937482,0.0570262908498661,0.004910113368436339,0.0056186378747126,0.0013582695899704502,607
651,0.3,237,293,13,1.0,293.0,0.0980187695516162,0.009441717944246484,0.0570262908498661,0.00435399223264813,0.0056186378747126,0.0012996250476706352,607
651,0.5,395,410,13,1.666667,245.99995080000986,0.0980187695516162,0.008680281797604167,0.0570262908498661,0.0039148125373334374,0.0058095370925524,0.0012820289878065047,607
652,0.1,81,132,13,1.0,132.0,0.0980187695516162,0.010727715107277106,0.0570262908498661,0.0048401238223519955,0.0058095370925524,0.0013228091969331513,627
652,0.2,162,219,13,1.0,219.0,0.0980187695516162,0.009584755810133228,0.0570262908498661,0.004134174832776838,0.0058095370925524,0.0012253384289052068,627
652,0.3,243,310,13,1.0,310.0,0.0980187695516162,0.009075313666789958,0.0570262908498661,0.004154430196550895,0.0058095370925524,0.0012627021335110647,627
652,0.5,404,441,13,1.5,294.0,0.0980187695516162,0.008420052066707763,0.0570262908498661,0.0037067160027797435,0.0058095370925524,0.0012373122629102736,627
653,0.1,86,127,11,1.0,127.0,0.0980187695516162,0.01134712175576589,0.0464749058416465,0.0042834006684424235,0.0034176043514391,0.001165999556493029,625
653,0.2,171,235,13,1.0,235.0,0.0980187695516162,0.010897876777671733,0.0570262908498661,0.004903845456945591,0.0058095370925524,0.0013562228498089034,625
653,0.3,257,313,13,1.0,313.0,0.0980187695516162,0.009801210659399553,0.0570262908498661,0.004409030132017793,0.0058095370925524,0.00133427810525918,625
653,0.5,428,441,13,1.5,294.0,0.0980187695516162,0.008566652243100879,0.0570262908498661,0.0038339054789682595,0.0058095370925524,0.0012879765834878435,625
654,0.1,83,121,13,1.0,121.0,0.0980187695516162,0.01223726505743754,0.0464749058416465,0.005291445016665247,0.0039254903849993,0.0013079094460440438,623
654,0.2,166,219,13,1.0,219.0,0.0980187695516162,0.010384675818132428,0.0570262908498661,0.004725520326263911,0.0045513414488271,0.0013132791902591928,623
654,0.3,249,301,13,1.0,301.0,0.0980187695516162,0.009391704398615626,0.0570262908498661,0.004297231036996291,0.0058095370925524,0.001289836783263557,623
654,0.5,414,430,13,1.666667,257.99994840001034,0.0980187695516162,0.008596648640783718,0.0570262908498661,0.0038549987661707025,0.0058095370925524,0.001281182590546419,623
655,0.1,85,120,12,1.0,120.0,0.0980187695516162,0.012956204379562,0.0570262908498661,0.005771701301690667,0.0039956275909326,0.0012740907095745283,623
655,0.2,169,217,13,1.0,217.0,0.0980187695516162,0.0104803871159954,0.0570262908498661,0.0046501340452822,0.0040871733233292,0.0013143898353891797,623
655,0.3,253,300,13,1.0,300.0,0.0980187695516162,0.009534237052485184,0.0570262908498661,0.004091716423148066,0.0040871733233292,0.0012571635314523526,623
655,0.5,422,417,13,1.666667,250.19994996001003,0.0980187695516162,0.00870711147453253,0.0570262908498661,0.003804071447224893,0.0056186378747126,0.0012619839842113137,623
656,0.1,82,122,13,1.0,122.0,0.0980187695516162,0.010991640882750087,0.0464749058416465,0.004626804977320491,0.0039956275909326,0.0011619277870863558,610
656,0.2,164,218,13,1.0,218.0,0.0980187695516162,0.00984396973146718,0.0570262908498661,0.004577585472961271,0.0056186378747126,0.001274757811113989,610
656,0.3,246,300,13,1.0,300.0,0.0980187695516162,0.009040667361835201,0.0570262908498661,0.004138473595806142,0.0058095370925524,0.0012349537476024509,610
656,0.5,409,421,13,1.5,280.6666666666667,0.0980187695516162,0.008406420979890429,0.0570262908498661,0.003916083912139905,0.0058095370925524,0.0012949199950088662,610
657,0.1,85,131,13,1.0,131.0,0.0980187695516162,0.010753886443416679,0.0464749058416465,0.004250262665727131,0.0039956275909326,0.001158673383339003,637
657,0.2,170,223,13,1.0,223.0,0.0980187695516162,0.009309959458890713,0.0464749058416465,0.0036948634289064386,0.0039956275909326,0.0012159100165363226,637
657,0.3,255,314,13,1.0,314.0,0.0980187695516162,0.009019480217583292,0.0464749058416465,0.0037684705534290616,0.0056186378747126,0.0012465352369235973,637
657,0.5,424,442,13,1.5,294.6666666666667,0.0980187695516162,0.008325508754877536,0.0570262908498661,0.003663212210616289,0.0058095370925524,0.0012429783357710742,637
658,0.1,83,128,12,1.0,128.0,0.0980187695516162,0.010183133472367004,0.0464749058416465,0.004375065179485188,0.0058095370925524,0.0012769184350194173,620
658,0.2,165,222,13,1.0,222.0,0.0980187695516162,0.010037670621612182,0.0570262908498661,0.004532881380994231,0.0058095370925524,0.0013030723475064953,620
658,0.3,247,307,13,1.0,307.0,0.0980187695516162,0.009364396273262344,0.0570262908498661,0.004219336691549324,0.0058095370925524,0.0012959050421550242,620
658,0.5,412,426,13,1.666667,255.59994888001023,0.0980187695516162,0.008733667210073046,0.0570262908498661,0.0038670726199082845,0.0058095370925524,0.0012745204399437168,620
659,0.1,82,123,13,1.0,123.0,0.0594369134515119,0.009978212399433651,0.031948254360793,0.004018130806717914,0.0040871733233292,0.001168707899800867,610
659,0.2,164,227,13,1.0,227.0,0.0656934306569343,0.008567110563959295,0.0570262908498661,0.0036608457445520717,0.0040871733233292,0.0011935773635402278,610
659,0.3,246,311,13,1.0,311.0,0.0656934306569343,0.008429198421453172,0.0570262908498661,0.003579102795234941,0.0040871733233292,0.0012310525789475803,610
659,0.5,409,429,13,1.666667,257.3999485200103,0.0980187695516162,0.00823021260977461,0.0570262908498661,0.0035417516267111757,0.0056186378747126,0.0012587348494982184,610
660,0.1,87,127,12,1.0,127.0,0.0980187695516162,0.012307768098330726,0.0570262908498661,0.005426010459596698,0.0044179097289399,0.0013261981597677598,635
660,0.2,174,218,13,1.0,218.0,0.0980187695516162,0.011044570510183534,0.0570262908498661,0.004848019219622401,0.0044179097289399,0.0013058335235495114,635
660,0.3,261,303,13,1.0,303.0,0.0980187695516162,0.009852810098528052,0.0570262908498661,0.004320461945641675,0.0052421649220672,0.0012593952559018654,635
660,0.5,434,445,13,1.333333,333.75008343752086,0.0980187695516162,0.008463872713852166,0.0570262908498661,0.003612390686187828,0.0052421649220672,0.0012258895947938598,635
661,0.1,86,124,12,1.0,124.0,0.0980187695516162,0.011453462948635964,0.0464749058416465,0.004935443698301516,0.0056186378747126,0.001308412562175368,651
661,0.2,172,239,13,1.0,239.0,0.0980187695516162,0.009633465822574898,0.0464749058416465,0.00435092705476916,0.0058095370925524,0.0013053818298663414,651
661,0.3,258,316,13,1.0,316.0,0.0980187695516162,0.009378176106439942,0.0570262908498661,0.004273795412411176,0.0058095370925524,0.0012930140423322407,651
661,0.5,430,450,13,1.5,300.0,0.0980187695516162,0.008191403081913986,0.0570262908498661,0.0036473435073199984,0.0058095370925524,0.001258295516823155,651
662,0.1,85,129,13,1.0,129.0,0.0980187695516162,0.01251303441084458,0.0570262908498661,0.005222405228152454,0.0052421649220672,0.0011944345174591448,626
662,0.2,170,231,13,1.0,231.0,0.0980187695516162,0.010183768265102942,0.0570262908498661,0.004453393753797651,0.0052421649220672,0.001259823315902123,626
662,0.3,255,312,13,1.0,312.0,0.0980187695516162,0.009381433651506597,0.0570262908498661,0.0041463926369623445,0.0056186378747126,0.0012628779433890543,626
662,0.5,425,425,13,1.666667,254.99994900001022,0.0980187695516162,0.008381279519106864,0.0570262908498661,0.0036262186080643854,0.0056186378747126,0.0012241590692075777,626
663,0.1,86,123,12,1.0,123.0,0.0980187695516162,0.011317683562654142,0.0464749058416465,0.005071624933904607,0.0056186378747126,0.0013539280427465959,620
663,0.2,171,213,12,1.0,213.0,0.0980187695516162,0.010912188459222443,0.0570262908498661,0.0049248748607542085,0.0056186378747126,0.0013356978779023373,620
663,0.3,256,290,12,1.0,290.0,0.0980187695516162,0.009852216748768426,0.0570262908498661,0.004416407709723562,0.0056186378747126,0.001305785115823922,620
663,0.5,426,436,13,1.333333,327.0000817500204,0.0980187695516162,0.008631410777663998,0.0570262908498661,0.003888639660085241,0.0058095370925524,0.001292916631233067,620
664,0.1,84,127,12,1.0,127.0,0.0980187695516162,0.01111722348575037,0.0570262908498661,0.004858259117988674,0.0052421649220672,0.0012287014325901434,630
664,0.2,167,235,13,1.0,235.0,0.0980187695516162,0.010094735207330284,0.0570262908498661,0.004761160962419483,0.0056186378747126,0.0013414112506521133,630
664,0.3,251,307,13,1.0,307.0,0.0980187695516162,0.009530829141376183,0.0570262908498661,0.004436853589369379,0.0056186378747126,0.0013165114316353787,630
664,0.5,418,456,13,1.571429,290.1817390413439,0.0980187695516162,0.00826884730073354,0.0570262908498661,0.0037052356514016296,0.0056186378747126,0.0012494706080399735,630
665,0.1,78,119,13,1.0,119.0,0.0980187695516162,0.011347604735324743,0.0464749058416465,0.00449803728869518,0.0044179097289399,0.0012228792841116277,605
665,0.2,156,222,13,1.0,222.0,0.0980187695516162,0.00980751345714845,0.0570262908498661,0.004115653431715121,0.0044179097289399,0.0012507612421602244,605
665,0.3,234,303,13,1.0,303.0,0.0980187695516162,0.0090131015187024,0.0570262908498661,0.0038324494521613035,0.0044179097289399,0.0012178013980611762,605
665,0.5,390,428,13,1.5,285.3333333333333,0.0980187695516162,0.00856616608032116,0.0570262908498661,0.0036654828977755083,0.0056186378747126,0.001232345710725211,605
666,0.1,83,111,12,1.0,111.0,0.0980187695516162,0.012766677000253596,0.0570262908498661,0.006310509929940423,0.0052421649220672,0.001379221781955299,619
666,0.2,166,212,13,1.0,212.0,0.0980187695516162,0.010560332106950987,0.0570262908498661,0.004904338614594457,0.0058095370925524,0.0013533533762050383,619
666,0.3,249,297,13,1.0,297.0,0.0980187695516162,0.009247848663907016,0.0570262908498661,0.004159671839079431,0.0058095370925524,0.0012535009963903347,619
666,0.5,414,431,13,1.666667,258.5999482800104,0.0980187695516162,0.008605735382709614,0.0570262908498661,0.0037950594173183296,0.0058095370925524,0.0012572630993686832,619
667,0.1,86,127,13,1.0,127.0,0.0980187695516162,0.011429228280771427,0.0464749058416465,0.004615482414309831,0.0044179097289399,0.0012190200260156394,643
667,0.2,172,228,13,1.0,228.0,0.0980187695516162,0.009897005286939936,0.0570262908498661,0.004291311897767306,0.0044179097289399,0.0012299671963955376,643
667,0.3,258,312,13,1.0,312.0,0.0980187695516162,0.009247747386433473,0.0570262908498661,0.004110699968691409,0.0052421649220672,0.001239254644082828,643
667,0.5,430,439,13,1.5,292.6666666666667,0.0980187695516162,0.008593803815192794,0.0570262908498661,0.0038567835649859997,0.0058095370925524,0.0012457743591696793,643
668,0.1,87,131,13,1.0,131.0,0.0980187695516162,0.010531007967905457,0.0464749058416465,0.004429897905726178,0.0058095370925524,0.0012670506777392259,623
668,0.2,173,240,13,1.0,240.0,0.0980187695516162,0.009389120611748307,0.0464749058416465,0.003828885981836782,0.0058095370925524,0.0012066660834411894,623
668,0.3,259,325,13,1.0,325.0,0.0980187695516162,0.009166599823534086,0.0464749058416465,0.003826628427600022,0.0058095370925524,0.00124053112194271,623
668,0.5,431,449,13,1.666667,269.3999461200108,0.0980187695516162,0.008741473927694681,0.0570262908498661,0.0038694875475015662,0.0058095370925524,0.001267035364352225,623
669,0.1,84,128,13,1.0,128.0,0.0980187695516162,0.01146213503649631,0.0464749058416465,0.0050178485598987525,0.0058095370925524,0.001363696633125811,642
669,0.2,168,224,13,1.0,224.0,0.0980187695516162,0.010031841203634697,0.0570262908498661,0.004464942119039577,0.0058095370925524,0.0013122736405065977,642
669,0.3,252,306,13,1.0,306.0,0.0980187695516162,0.009268914378403385,0.0570262908498661,0.004100796251372497,0.0058095370925524,0.0012998505996988086,642
669,0.5,419,439,13,1.714286,256.0832906527849,0.0980187695516162,0.008560549737411506,0.0570262908498661,0.0037196420791914134,0.0058095370925524,0.0012775671174604908,642
670,0.1,77,122,13,1.0,122.0,0.0980187695516162,0.01253867587480124,0.0464749058416465,0.004869665832836964,0.0039956275909326,0.0012510915783949426,606
670,0.2,154,219,13,1.0,219.0,0.0980187695516162,0.010494188676370418,0.0464749058416465,0.00421197414383929,0.0058095370925524,0.0012328070827157577,606
670,0.3,231,293,13,1.0,293.0,0.0980187695516162,0.009473747895810083,0.0464749058416465,0.003959616801196695,0.0058095370925524,0.0012304139858363586,606
670,0.5,385,413,13,1.5,275.3333333333333,0.0980187695516162,0.0088873852151277,0.0570262908498661,0.003976866225137631,0.0058095370925524,0.001289929416412008,606
671,0.1,89,128,13,1.0,128.0,0.0980187695516162,0.012464155370177223,0.0492079830055308,0.005423065458254963,0.0045513414488271,0.001283296289857236,655
671,0.2,177,231,13,1.0,231.0,0.0980187695516162,0.01031919071543676,0.0492079830055308,0.00429876395248926,0.0045513414488271,0.0012083488173961774,655
671,0.3,266,316,13,1.0,316.0,0.0980187695516162,0.009414474465754101,0.0492079830055308,0.0039762711440619785,0.0056186378747126,0.001225021431139999,655
671,0.5,442,448,13,1.666667,268.79994624001074,0.0980187695516162,0.008749348279457721,0.0570262908498661,0.004017248829000464,0.0058095370925524,0.0013128998669840047,655
672,0.1,82,110,12,1.0,110.0,0.0980187695516162,0.012133851549909902,0.0464749058416465,0.004930522045894684,0.0056186378747126,0.0011663542320262462,621
672,0.2,163,199,13,1.0,199.0,0.0980187695516162,0.010259849822627171,0.0464749058416465,0.0044880377308808075,0.0056186378747126,0.0012726886350316361,621
672,0.3,245,287,13,1.0,287.0,0.0980187695516162,0.009304843532570542,0.0464749058416465,0.0039875601375621164,0.0056186378747126,0.001252394387962905,621
672,0.5,408,412,13,1.666667,247.1999505600099,0.0980187695516162,0.00867104690363137,0.0570262908498661,0.0037818613287424682,0.0056186378747126,0.0012571631385733062,621
673,0.1,80,123,12,1.0,123.0,0.0980187695516162,0.011894164822774356,0.0464749058416465,0.00477477685665275,0.0038790328069506,0.0012888870306310039,610
673,0.2,160,222,12,1.0,222.0,0.0980187695516162,0.009849787222049952,0.0464749058416465,0.004004464405848743,0.0048729601732022,0.0012475819421986056,610
673,0.3,240,299,13,1.0,299.0,0.0980187695516162,0.00903951649746631,0.0492079830055308,0.003763539825336002,0.0048729601732022,0.0012100569571487398,610
673,0.5,399,417,13,1.666667,250.19994996001003,0.0980187695516162,0.008792132092032274,0.0570262908498661,0.00387447479630145,0.0058095370925524,0.0012733703481654897,610
674,0.1,87,126,13,1.0,126.0,0.0980187695516162,0.010998560007944738,0.0570262908498661,0.0049844944835065585,0.0045513414488271,0.001273592889544426,624
674,0.2,173,223,13,1.0,223.0,0.0980187695516162,0.010497669003118862,0.0570262908498661,0.004693213157681991,0.0056186378747126,0.0012867882948824575,624
674,0.3,259,307,13,1.0,307.0,0.0980187695516162,0.009632726815731598,0.0570262908498661,0.004187570496138312,0.0056186378747126,0.0012520010947296063,624
674,0.5,431,431,13,1.5,287.3333333333333,0.0980187695516162,0.008484766372550636,0.0570262908498661,0.003748568675475877,0.0058095370925524,0.0012470087497957075,624
675,0.1,89,138,13,1.0,138.0,0.0980187695516162,0.01218811866225381,0.0570262908498661,0.0055322010780309355,0.0056186378747126,0.0013421274581503948,627
675,0.2,178,240,13,1.0,240.0,0.0980187695516162,0.010592631213069121,0.0570262908498661,0.004811832429706878,0.0056186378747126,0.0013371690120778565,627
675,0.3,266,316,13,1.0,316.0,0.0980187695516162,0.009114188038700606,0.0570262908498661,0.004092469492851616,0.0056186378747126,0.0012612054367827268,627
675,0.5,443,431,13,1.5,287.3333333333333,0.0980187695516162,0.008453314429909303,0.0570262908498661,0.0037529520847042522,0.0058095370925524,0.001241642832305544,627
676,0.1,87,132,13,1.0,132.0,0.0980187695516162,0.011122697254084069,0.0492079830055308,0.004921817768333056,0.0058095370925524,0.0013476785313528735,648
676,0.2,174,226,13,1.0,226.0,0.0980187695516162,0.01024297064604534,0.0570262908498661,0.004871632797789941,0.0058095370925524,0.0013648226877520063,648
676,0.3,261,313,13,1.0,313.0,0.0980187695516162,0.009271505528589042,0.0570262908498661,0.004267009345482512,0.0058095370925524,0.0013090409817731125,648
676,0.5,434,443,13,1.5,295.3333333333333,0.0980187695516162,0.008351438316342458,0.0570262908498661,0.0037591216040080205,0.0058095370925524,0.001255077229108097,648
677,0.1,89,132,13,1.0,132.0,0.0980187695516162,0.010632919392043432,0.0464749058416465,0.0044326532062806115,0.0039956275909326,0.0012623809864479648,636
677,0.2,177,231,13,1.0,231.0,0.0980187695516162,0.009818127649201642,0.0570262908498661,0.004522354115019869,0.0058095370925524,0.0012937798774392585,636
677,0.3,265,332,13,1.0,332.0,0.0980187695516162,0.009064411975325658,0.0570262908498661,0.0041299766844819985,0.0058095370925524,0.0012895185256322672,636
677,0.5,441,457,13,1.666667,274.199945160011,0.0980187695516162,0.008383094169482661,0.0570262908498661,0.0037156108696776145,0.0058095370925524,0.0012525930887499015,636
678,0.1,86,131,13,1.0,131.0,0.0980187695516162,0.010387728947933954,0.0570262908498661,0.004253012825221865,0.0039254903849993,0.0012162743639844847,614
678,0.2,172,241,13,1.0,241.0,0.0980187695516162,0.009934276281915332,0.0570262908498661,0.004512349001781366,0.0058095370925524,0.0013111700190207086,614
678,0.3,258,335,13,1.0,335.0,0.0980187695516162,0.009384775808133428,0.0570262908498661,0.004185931447796943,0.0058095370925524,0.0012638843736691313,614
678,0.5,430,440,13,1.571429,279.9999236363845,0.0980187695516162,0.008635889657787424,0.0570262908498661,0.0038587489131395466,0.0058095370925524,0.0012722327686438585,614
679,0.1,80,126,12,1.0,126.0,0.0980187695516162,0.011321316847907001,0.0464749058416465,0.004865092732970769,0.0056186378747126,0.0014413328475745507,612
679,0.2,159,217,13,1.0,217.0,0.0980187695516162,0.010422723362950031,0.0464749058416465,0.004473845438466859,0.0056186378747126,0.0013741652042328027,612
679,0.3,238,291,13,1.0,291.0,0.0980187695516162,0.009259358796569979,0.0464749058416465,0.0038991977172378833,0.0056186378747126,0.0012765477166466323,612
679,0.5,397,427,13,1.5,284.6666666666667,0.0980187695516162,0.008473893326625806,0.0570262908498661,0.0037372488752406047,0.0056186378747126,0.0012704241625766742,612
680,0.1,82,132,13,1.0,132.0,0.0980187695516162,0.009653363667962165,0.0570262908498661,0.004144389864619166,0.0058095370925524,0.0011930510344516218,632
680,0.2,164,231,13,1.0,231.0,0.0980187695516162,0.009416374379877987,0.0570262908498661,0.003909325842859745,0.0058095370925524,0.0012380779832638497,632
680,0.3,246,318,13,1.0,318.0,0.0980187695516162,0.009522497884982347,0.0570262908498661,0.0041214199170045915,0.0058095370925524,0.001250946854519701,632
680,0.5,409,439,13,1.5,292.6666666666667,0.0980187695516162,0.008370526435804148,0.0570262908498661,0.003564708081722508,0.0058095370925524,0.0012239587373588006,632
681,0.1,84,125,13,1.0,125.0,0.0980187695516162,0.01122002085505731,0.0464749058416465,0.004802539246672854,0.0056186378747126,0.0013212320326188584,641
681,0.2,167,226,13,1.0,226.0,0.0980187695516162,0.009740050015225994,0.0570262908498661,0.004231372255273673,0.0056186378747126,0.0012736995370828035,641
681,0.3,250,312,13,1.0,312.0,0.0980187695516162,0.00887342584422872,0.0570262908498661,0.003843482798690233,0.0058095370925524,0.0012378396085198583,641
681,0.5,417,452,13,1.5,301.3333333333333,0.0980187695516162,0.008438915906133741,0.0570262908498661,0.003774346471374696,0.0058095370925524,0.0012442300922719247,641
682,0.1,84,129,13,1.0,129.0,0.0980187695516162,0.011745115632401278,0.0570262908498661,0.005899037908626664,0.0058095370925524,0.0014227664734914758,638
682,0.2,168,229,13,1.0,229.0,0.0980187695516162,0.010432082181675736,0.0570262908498661,0.005007318764358483,0.0058095370925524,0.0013998578938209756,638
682,0.3,252,310,13,1.0,310.0,0.0980187695516162,0.009593326381647503,0.0570262908498661,0.0044903969543839215,0.0058095370925524,0.0013423586172927357,638
682,0.5,420,437,13,1.5,291.3333333333333,0.0980187695516162,0.008418380129950347,0.0570262908498661,0.0037952122001304574,0.0058095370925524,0.0012781814654056927,638
683,0.1,85,119,12,1.0,119.0,0.0980187695516162,0.012828489059857479,0.0492079830055308,0.006089832505015101,0.0058095370925524,0.0014131489376124377,622
683,0.2,170,203,12,1.0,203.0,0.0980187695516162,0.010838465766371945,0.0570262908498661,0.005146514925072667,0.0058095370925524,0.0013539716346710705,622
683,0.3,255,285,13,1.0,285.0,0.0980187695516162,0.00965552567550258,0.0570262908498661,0.00442718569917923,0.0058095370925524,0.0012924470733319462,622
683,0.5,425,431,13,1.5,287.3333333333333,0.0980187695516162,0.008462991950722022,0.0570262908498661,0.0038064020716744953,0.0058095370925524,0.0012797448668580786,622
684,0.1,83,131,13,1.0,131.0,0.0980187695516162,0.01199563794983638,0.0570262908498661,0.005009204534143419,0.0056186378747126,0.0013071755237392389,620
684,0.2,165,227,13,1.0,227.0,0.0980187695516162,0.009825763804991389,0.0570262908498661,0.004325409976561559,0.0056186378747126,0.00130571371922248,620
684,0.3,248,300,13,1.0,300.0,0.0980187695516162,0.008978102189780977,0.0570262908498661,0.004038327223811236,0.0058095370925524,0.0012845435257487323,620
684,0.5,413,431,13,1.5,287.3333333333333,0.0980187695516162,0.008586380341084178,0.0570262908498661,0.0036959193572975876,0.0058095370925524,0.0012495829932018298,620
685,0.1,87,119,12,1.0,119.0,0.0980187695516162,0.011864599854540315,0.0464749058416465,0.004970824325068133,0.0034176043514391,0.001210251693068716,625
685,0.2,173,225,13,1.0,225.0,0.0980187695516162,0.010339473989108979,0.0492079830055308,0.004651062259994053,0.0052421649220672,0.0012924149173807321,625
685,0.3,260,302,13,1.0,302.0,0.0980187695516162,0.009239757197411717,0.0492079830055308,0.004126585790950192,0.0058095370925524,0.0012667502597217214,625
685,0.5,432,431,13,1.5,287.3333333333333,0.0980187695516162,0.00849928265376971,0.0570262908498661,0.0038174807638176227,0.0058095370925524,0.0012374825054873697,625
686,0.1,81,123,12,1.0,123.0,0.0980187695516162,0.012368914095814528,0.0464749058416465,0.005298844669732009,0.0056186378747126,0.001278428762475688,601
686,0.2,161,225,12,1.0,225.0,0.0980187695516162,0.010070675472135278,0.0464749058416465,0.004055695525165749,0.0056186378747126,0.001194003482432498,601
686,0.3,241,289,12,1.0,289.0,0.0980187695516162,0.009193544313388684,0.0492079830055308,0.0039505064342128925,0.0058095370925524,0.0012135190628181135,601
686,0.5,402,404,12,1.555556,259.7142115102253,0.0980187695516162,0.008819521159623738,0.0570262908498661,0.003956627342822958,0.0058095370925524,0.0012777185269131216,601
687,0.1,85,130,12,1.0,130.0,0.0656934306569343,0.009962300473249327,0.0570262908498661,0.0046501645569341195,0.0045513414488271,0.0013281948124965984,631
687,0.2,170,225,13,1.0,225.0,0.0980187695516162,0.010205074730622129,0.0570262908498661,0.004774062460107026,0.0052421649220672,0.001330155734950273,631
687,0.3,255,308,13,1.0,308.0,0.0980187695516162,0.009303522337933134,0.0570262908498661,0.004208623793467345,0.0052421649220672,0.001301142609390084,631
687,0.5,425,430,13,1.666667,257.99994840001034,0.0980187695516162,0.008470548294007764,0.0570262908498661,0.00379807016256881,0.0058095370925524,0.0012874412482135691,631
688,0.1,83,122,13,1.0,122.0,0.0980187695516162,0.012333544163148046,0.0464749058416465,0.004847848046487913,0.0039956275909326,0.0012281002726010008,616
688,0.2,165,226,13,1.0,226.0,0.0980187695516162,0.010081482370094172,0.0492079830055308,0.004375102966226389,0.0048729601732022,0.0012950668347470455,616
688,0.3,248,307,13,1.0,307.0,0.0980187695516162,0.009374586040697887,0.0570262908498661,0.004255199909373736,0.0056186378747126,0.0012987086892357895,616
688,0.5,412,432,13,1.5,288.0,0.0980187695516162,0.008590642258525426,0.0570262908498661,0.003905170280954259,0.0056186378747126,0.0012964679516832582,616
689,0.1,79,118,12,1.0,118.0,0.0980187695516162,0.011841430869019594,0.0570262908498661,0.00522419668885186,0.0039956275909326,0.0011853736475136514,619
689,0.2,158,211,12,1.0,211.0,0.0980187695516162,0.009888855393404422,0.0570262908498661,0.0045145415135833524,0.0045513414488271,0.0011780332267051468,619
689,0.3,237,293,12,1.0,293.0,0.0980187695516162,0.009331392555527434,0.0570262908498661,0.00422049314413074,0.0052421649220672,0.001221313724631445,619
689,0.5,395,424,13,1.5,282.6666666666667,0.0980187695516162,0.008489582308615455,0.0570262908498661,0.003762637102357614,0.0056186378747126,0.0012469028254061742,619
690,0.1,87,130,13,1.0,130.0,0.0980187695516162,0.011366006256517161,0.0464749058416465,0.004466236685282946,0.0039254903849993,0.0012470433276693623,637
690,0.2,173,218,13,1.0,218.0,0.0980187695516162,0.010130965933550767,0.0464749058416465,0.004201483230585683,0.0056186378747126,0.0012583260516040794,637
690,0.3,259,307,13,1.0,307.0,0.0980187695516162,0.009456104180182218,0.0464749058416465,0.0040484603401098485,0.0058095370925524,0.0012493784000459523,637
690,0.5,431,434,13,1.75,248.0,0.0980187695516162,0.008541443419844938,0.0570262908498661,0.0037445943970919582,0.0058095370925524,0.0012403682995634473,637
691,0.1,81,118,12,1.0,118.0,0.0980187695516162,0.010887046888531444,0.0464749058416465,0.004274248363572072,0.0058095370925524,0.0012522547640603735,608
691,0.2,162,207,12,1.0,207.0,0.0980187695516162,0.010231067990509395,0.0570262908498661,0.004517291941592803,0.0058095370925524,0.001261311924167557,608
691,0.3,243,290,12,1.0,290.0,0.0980187695516162,0.009496242493977158,0.0570262908498661,0.004206649750963979,0.0058095370925524,0.0012643480818126927,608
691,0.5,404,407,12,1.5,271.3333333333333,0.0980187695516162,0.008636658271694722,0.0570262908498661,0.003811966332610634,0.0058095370925524,0.001236144524043579,608
692,0.1,83,129,12,1.0,129.0,0.0980187695516162,0.013264786478162772,0.0570262908498661,0.006079989908906648,0.0045513414488271,0.0013315700225376309,606
692,0.2,165,232,12,1.0,232.0,0.0980187695516162,0.010265722196253236,0.0570262908498661,0.004441908946680041,0.0045513414488271,0.0012760863966893026,606
692,0.3,248,313,12,1.0,313.0,0.0980187695516162,0.008951683562816655,0.0570262908498661,0.003874156346047432,0.0045513414488271,0.001220268758728398,606
692,0.5,413,430,13,1.714286,250.83329152778475,0.0980187695516162,0.008572398574096033,0.0570262908498661,0.0038397723550275013,0.0058095370925524,0.001263740521733255,606
693,0.1,88,119,12,1.0,119.0,0.0980187695516162,0.012223867649249438,0.0464749058416465,0.005180488497295276,0.0056186378747126,0.0012345444472054892,616
693,0.2,175,231,12,1.0,231.0,0.0980187695516162,0.010355303368859115,0.0570262908498661,0.004580197933587022,0.0056186378747126,0.00126489216055553,616
693,0.3,263,312,12,1.0,312.0,0.0980187695516162,0.009448276784043162,0.0570262908498661,0.004173252672720083,0.0058095370925524,0.0012598324877752714,616
693,0.5,438,448,13,1.5,298.6666666666667,0.0980187695516162,0.00862365931774165,0.0570262908498661,0.00386335097765456,0.0058095370925524,0.001306368958468881,616
694,0.1,86,136,12,1.0,136.0,0.0980187695516162,0.010573207385143795,0.0492079830055308,0.004642701757045899,0.0052421649220672,0.001365519489171034,631
694,0.2,171,229,13,1.0,229.0,0.0980187695516162,0.009808251863522277,0.0570262908498661,0.004668962494603812,0.0052421649220672,0.0013480901098910899,631
694,0.3,257,321,13,1.0,321.0,0.0980187695516162,0.00930356452561237,0.0570262908498661,0.004179931628632886,0.0056186378747126,0.0012895612401544214,631
694,0.5,427,440,13,1.666667,263.9999472000106,0.0980187695516162,0.008436818655796713,0.0570262908498661,0.003739083369067824,0.0056186378747126,0.0012764624511920181,631
695,0.1,85,130,13,1.0,130.0,0.0980187695516162,0.011590599181840012,0.0464749058416465,0.004880392554272814,0.0058095370925524,0.001333535907200669,627
695,0.2,169,230,13,1.0,230.0,0.0980187695516162,0.010377657886385231,0.0570262908498661,0.004566449971411888,0.0058095370925524,0.0013469622572113455,627
695,0.3,253,314,13,1.0,314.0,0.0980187695516162,0.009295112344998396,0.0570262908498661,0.004153970139538958,0.0058095370925524,0.0012994784060040853,627
695,0.5,421,445,13,1.666667,266.9999466000107,0.0980187695516162,0.008337336410821152,0.0570262908498661,0.0036425634379670846,0.0058095370925524,0.001262526297749506,627
696,0.1,80,114,12,1.0,114.0,0.0980187695516162,0.012147156211697086,0.0570262908498661,0.005625379045064877,0.0052421649220672,0.0012773449070515518,631
696,0.2,159,219,12,1.0,219.0,0.0980187695516162,0.010070421529275602,0.0570262908498661,0.004553283722601398,0.0052421649220672,0.0013159708565226643,631
696,0.3,238,295,12,1.0,295.0,0.0980187695516162,0.009335289231367377,0.0570262908498661,0.004315874565942415,0.0056186378747126,0.0012786668760458144,631
696,0.5,397,421,12,1.75,240.57142857142858,0.0980187695516162,0.008512925429547263,0.0570262908498661,0.003892413490390715,0.0058095370925524,0.0012679520753988366,631
697,0.1,83,125,13,1.0,125.0,0.0980187695516162,0.011128258602711112,0.0570262908498661,0.004975950489297077,0.0056186378747126,0.0012853512909376907,621
697,0.2,166,222,13,1.0,222.0,0.0980187695516162,0.009802816372159394,0.0570262908498661,0.004245627460497703,0.0056186378747126,0.0012563634855780065,621
697,0.3,248,301,13,1.0,301.0,0.0980187695516162,0.009135346550774399,0.0570262908498661,0.003915134365002801,0.0056186378747126,0.0012375139313558698,621
697,0.5,413,431,13,1.75,246.28571428571428,0.0980187695516162,0.008528315216207867,0.0570262908498661,0.0037864083559993687,0.0056186378747126,0.0012756358097208436,621
698,0.1,82,129,12,1.0,129.0,0.0980187695516162,0.011405614698773709,0.0492079830055308,0.005066783792839856,0.0058095370925524,0.0012679475516500195,629
698,0.2,163,225,13,1.0,225.0,0.0980187695516162,0.009968717413972844,0.0570262908498661,0.0046757243539396615,0.0058095370925524,0.0013172995146288142,629
698,0.3,245,315,13,1.0,315.0,0.0980187695516162,0.009268914378403381,0.0570262908498661,0.004302636348567869,0.0058095370925524,0.00128237399196851,629
698,0.5,408,434,13,1.5,289.3333333333333,0.0980187695516162,0.008781709057533962,0.0570262908498661,0.003982273051757422,0.0058095370925524,0.0012969713107081687,629
699,0.1,84,127,13,1.0,127.0,0.0980187695516162,0.009713201908155594,0.0464749058416465,0.0041653458391797,0.0039956275909326,0.001153392125032388,632
699,0.2,168,228,13,1.0,228.0,0.0980187695516162,0.008945721969156422,0.0492079830055308,0.00383399677379492,0.0045513414488271,0.0012290778175134754,632
699,0.3,252,306,13,1.0,306.0,0.0980187695516162,0.00889066088722589,0.0570262908498661,0.003871408045499742,0.0056186378747126,0.0012277442453776594,632
699,0.5,420,437,13,2.0,218.5,0.0980187695516162,0.00832054748104786,0.0570262908498661,0.0036775437101925646,0.0056186378747126,0.0012491137334464477,632
700,0.1,81,129,13,1.0,129.0,0.0980187695516162,0.012399867432968725,0.0464749058416465,0.005248464187119318,0.0058095370925524,0.001335628987190961,620
700,0.2,162,234,13,1.0,234.0,0.0980187695516162,0.010485459390568835,0.0570262908498661,0.004490178361054716,0.0058095370925524,0.0012702210738964371,620
700,0.3,243,318,13,1.0,318.0,0.0980187695516162,0.009811058426951508,0.0570262908498661,0.004140700243181907,0.0058095370925524,0.0012263833515141732,620
700,0.5,404,430,13,1.666667,257.99994840001034,0.0980187695516162,0.008802774207629024,0.0570262908498661,0.0038061995321590453,0.0058095370925524,0.0012679795194406485,620
701,0.1,82,130,13,1.0,130.0,0.0980187695516162,0.010226999278094125,0.0464749058416465,0.004262012545319547,0.0048729601732022,0.0012558177798271594,609
701,0.2,163,225,13,1.0,225.0,0.0980187695516162,0.00982041478391839,0.0570262908498661,0.004471028912316542,0.0058095370925524,0.0012925019026186386,609
701,0.3,245,305,13,1.0,305.0,0.0980187695516162,0.00907024051693187,0.0570262908498661,0.00413138264460413,0.0058095370925524,0.0012896352591711623,609
701,0.5,408,440,13,1.571429,279.9999236363845,0.0980187695516162,0.008600341264574797,0.0570262908498661,0.0038884441779010823,0.0058095370925524,0.0013121553233852966,609
702,0.1,79,120,13,1.0,120.0,0.0980187695516162,0.012234966979492482,0.0570262908498661,0.00558234316126712,0.0039956275909326,0.0012866792076084575,613
702,0.2,157,217,13,1.0,217.0,0.0980187695516162,0.010033493029893805,0.0570262908498661,0.0044533042220815285,0.0048729601732022,0.0012425853753470426,613
702,0.3,236,311,13,1.0,311.0,0.0980187695516162,0.009032720981461753,0.0570262908498661,0.0038736342086151303,0.0056186378747126,0.0011884623006444635,613
702,0.5,392,434,13,1.666667,260.39994792001045,0.0980187695516162,0.008539040763468045,0.0570262908498661,0.0038036465737074305,0.0058095370925524,0.0012529777333548495,613
703,0.1,84,131,12,1.0,131.0,0.0980187695516162,0.012520994356398559,0.0570262908498661,0.0056544350735161205,0.0039956275909326,0.001296282396273378,649
703,0.2,168,231,13,1.0,231.0,0.0980187695516162,0.009876810711012962,0.0570262908498661,0.004457138045131488,0.0058095370925524,0.0012640607177567835,649
703,0.3,252,306,13,1.0,306.0,0.0980187695516162,0.009262099000183972,0.0570262908498661,0.0040483100582883345,0.0058095370925524,0.0012514598966230487,649
703,0.5,420,450,13,1.4,321.42857142857144,0.0980187695516162,0.008114934538292158,0.0570262908498661,0.0036892530635255277,0.0058095370925524,0.001239844922902907,649
704,0.1,86,124,13,1.0,124.0,0.0980187695516162,0.012117797436846134,0.0464749058416465,0.005025484753269881,0.0056186378747126,0.001267617107549137,629
704,0.2,171,229,13,1.0,229.0,0.0980187695516162,0.00960789760075766,0.0464749058416465,0.003960641874404115,0.0056186378747126,0.001226823159369331,629
704,0.3,256,302,13,1.0,302.0,0.0980187695516162,0.009070568818236391,0.0570262908498661,0.0038997427781675862,0.0056186378747126,0.0012249005077671288,629
704,0.5,426,439,13,1.5,292.6666666666667,0.0980187695516162,0.008477414542958285,0.0570262908498661,0.003786622955402385,0.0056186378747126,0.00127036012697603,629
705,0.1,84,131,13,1.0,131.0,0.0980187695516162,0.011788679365433093,0.0464749058416465,0.00525999078835411,0.0056186378747126,0.0013885104734114946,637
705,0.2,168,230,13,1.0,230.0,0.0980187695516162,0.010327787097066646,0.0464749058416465,0.004741664027469823,0.0058095370925524,0.0013764200479041075,637
705,0.3,251,318,13,1.0,318.0,0.0980187695516162,0.009181471789927877,0.0464749058416465,0.004116429192579179,0.0058095370925524,0.0012974312078443966,637
705,0.5,418,452,13,1.5,301.3333333333333,0.0980187695516162,0.008261278802587459,0.0570262908498661,0.0037136281212865703,0.0058095370925524,0.0012451095566751356,637
706,0.1,85,124,13,1.0,124.0,0.0980187695516162,0.01172256046284768,0.0492079830055308,0.005321233521957215,0.0048729601732022,0.0013467036280300048,625
706,0.2,169,223,13,1.0,223.0,0.0980187695516162,0.010132939300560608,0.0492079830055308,0.004578574757838918,0.0056186378747126,0.0013209570014314507,625
706,0.3,254,314,13,1.0,314.0,0.0980187695516162,0.009046047169623301,0.0492079830055308,0.004057885901635121,0.0056186378747126,0.0012931967666541112,625
706,0.5,423,446,13,1.5,297.3333333333333,0.0980187695516162,0.008524387791842164,0.0570262908498661,0.0038149470225493877,0.0056186378747126,0.0012966076007205414,625
707,0.1,80,121,12,1.0,121.0,0.0980187695516162,0.011521988297038021,0.0570262908498661,0.005542845817275033,0.0045513414488271,0.0013188525181025703,615
707,0.2,159,218,12,1.0,218.0,0.0980187695516162,0.009973118022404793,0.0570262908498661,0.004613607032272566,0.0052421649220672,0.0012953250225476885,615
707,0.3,239,302,13,1.0,302.0,0.0980187695516162,0.008922097383449878,0.0570262908498661,0.004035592894371126,0.0056186378747126,0.0012431909782089725,615
707,0.5,397,431,13,1.5,287.3333333333333,0.0980187695516162,0.008344442320766221,0.0570262908498661,0.003734499336284733,0.0058095370925524,0.0012503588138080466,615
708,0.1,84,126,13,1.0,126.0,0.0594369134515119,0.010353046328020216,0.0267679426794943,0.004084823771969828,0.0039254903849993,0.0011763239738916149,624
708,0.2,168,223,13,1.0,223.0,0.0980187695516162,0.009894462187349445,0.0464749058416465,0.004189051770102933,0.0039956275909326,0.0012303486070339422,624
708,0.3,252,302,13,1.0,302.0,0.0980187695516162,0.00937441733593902,0.0570262908498661,0.004149695009363649,0.0058095370925524,0.0012787245705664714,624
708,0.5,419,422,13,1.5,281.3333333333333,0.0980187695516162,0.008621243495149424,0.0570262908498661,0.003902299011682395,0.0058095370925524,0.0012865381115007375,624
709,0.1,83,120,13,1.0,120.0,0.0980187695516162,0.011279110184219628,0.0464749058416465,0.004574190692407474,0.0039956275909326,0.0011994984470001134,631
709,0.2,166,216,13,1.0,216.0,0.0980187695516162,0.009297879735835894,0.0570262908498661,0.004165736424265106,0.0045513414488271,0.0012034124277238974,631
709,0.3,249,293,13,1.0,293.0,0.0980187695516162,0.008808236679988712,0.0570262908498661,0.003947898056874257,0.0056186378747126,0.001201932202679863,631
709,0.5,415,429,13,1.5,286.0,0.0980187695516162,0.008434387996431746,0.0570262908498661,0.0037792574710049987,0.0056186378747126,0.0012550624603991272,631
710,0.1,85,125,13,1.0,125.0,0.0980187695516162,0.011970802919707984,0.0464749058416465,0.005119808886789785,0.0058095370925524,0.001296320530634185,628
710,0.2,169,219,13,1.0,219.0,0.0980187695516162,0.010432290104322854,0.0464749058416465,0.004257741284417748,0.0058095370925524,0.0012744203107940084,628
710,0.3,254,311,13,1.0,311.0,0.0980187695516162,0.00962953773524802,0.0570262908498661,0.004180344068511861,0.0058095370925524,0.001260394263796907,628
710,0.5,423,447,13,1.571429,284.4544678760542,0.0980187695516162,0.00861029269396482,0.0570262908498661,0.0038180048351615006,0.0058095370925524,0.0012628693970854093,628
711,0.1,84,134,13,1.0,134.0,0.0980187695516162,0.011096758128025104,0.0570262908498661,0.00507450296653545,0.0058095370925524,0.0013267250686787733,605
711,0.2,167,228,13,1.0,228.0,0.0980187695516162,0.01012110568391778,0.0570262908498661,0.004558814068412288,0.0058095370925524,0.0013007925772494065,605
711,0.3,250,308,13,1.0,308.0,0.0980187695516162,0.009591295044892497,0.0570262908498661,0.0043584597471768936,0.0058095370925524,0.0012999623002087836,605
711,0.5,416,426,13,1.5,284.0,0.0980187695516162,0.008755697200232983,0.0570262908498661,0.003950384154160352,0.0058095370925524,0.0012832490601055295,605
712,0.1,87,131,13,1.0,131.0,0.0980187695516162,0.010968804973373936,0.0464749058416465,0.004800151056769394,0.0040871733233292,0.0013518376940553137,641
712,0.2,174,241,13,1.0,241.0,0.0980187695516162,0.010444835777240253,0.0464749058416465,0.004596781900314062,0.0056186378747126,0.0013514577561013284,641
712,0.3,260,319,13,1.0,319.0,0.0980187695516162,0.009593980145200838,0.0570262908498661,0.004304329829082659,0.0058095370925524,0.0013244687324761159,641
712,0.5,433,443,13,1.5,295.3333333333333,0.0980187695516162,0.008577407335048453,0.0570262908498661,0.003773826413986561,0.0058095370925524,0.0012529410868264933,641
713,0.1,81,125,12,1.0,125.0,0.0980187695516162,0.011220020855057302,0.0492079830055308,0.004914914349096884,0.0045513414488271,0.0012183412405163178,622
713,0.2,161,221,13,1.0,221.0,0.0980187695516162,0.009526325971152032,0.0570262908498661,0.004237780127130658,0.0048729601732022,0.0012361618747962725,622
713,0.3,242,304,13,1.0,304.0,0.0980187695516162,0.008897700455518312,0.0570262908498661,0.003991099527045714,0.0056186378747126,0.0012625746963154077,622
713,0.5,403,428,13,1.5,285.3333333333333,0.0980187695516162,0.008585656788126216,0.0570262908498661,0.0038233501844678894,0.0056186378747126,0.0012679560061248515,622
714,0.1,83,119,12,1.0,119.0,0.0980187695516162,0.011715635159173112,0.0570262908498661,0.005311797801308706,0.0056186378747126,0.0013748984690543,631
714,0.2,166,208,13,1.0,208.0,0.0980187695516162,0.01048768749498672,0.0570262908498661,0.0048697927693459615,0.0056186378747126,0.0013575587221034138,631
714,0.3,249,298,13,1.0,298.0,0.0980187695516162,0.009601724391319212,0.0570262908498661,0.004474082028780671,0.0056186378747126,0.0013523381308566825,631
714,0.5,415,426,13,1.666667,255.59994888001023,0.0980187695516162,0.008628412812642232,0.0570262908498661,0.0038508079463603602,0.0056186378747126,0.0012725910030698204,631
715,0.1,83,126,12,1.0,126.0,0.0980187695516162,0.012090967773970859,0.0464749058416465,0.005138210784693591,0.0039956275909326,0.0013030708960051606,617
715,0.2,166,223,13,1.0,223.0,0.0980187695516162,0.010764202247296044,0.0570262908498661,0.004617466820084384,0.0039956275909326,0.001266835294761835,617
715,0.3,249,305,13,1.0,305.0,0.0980187695516162,0.00933349288022013,0.0570262908498661,0.0041105282320836,0.0056186378747126,0.001240639171164471,617
715,0.5,414,436,13,1.666667,261.5999476800105,0.0980187695516162,0.008679243478011262,0.0570262908498661,0.003852446078393199,0.0058095370925524,0.0012802035650756945,617
716,0.1,85,132,13,1.0,132.0,0.0761209593326381,0.011185894397573186,0.0570262908498661,0.0047791000988622245,0.0039956275909326,0.0012741288584395371,624
716,0.2,170,225,13,1.0,225.0,0.0980187695516162,0.010112385586838099,0.0570262908498661,0.004472167061327244,0.0058095370925524,0.001325618070450143,624
716,0.3,255,309,13,1.0,309.0,0.0980187695516162,0.009499512369613668,0.0570262908498661,0.004369270536896722,0.0058095370925524,0.0013414769609178716,624
716,0.5,425,442,13,1.333333,331.50008287502067,0.0980187695516162,0.008462340579128856,0.0570262908498661,0.0038302689049336536,0.0058095370925524,0.0012701514478119429,624
717,0.1,85,123,13,1.0,123.0,0.0980187695516162,0.011733089176564297,0.0570262908498661,0.005852423107052264,0.0052421649220672,0.0014086689025558665,625
717,0.2,169,229,13,1.0,229.0,0.0980187695516162,0.009981285090455351,0.0570262908498661,0.004608451704272669,0.0052421649220672,0.0012961733826079241,625
717,0.3,254,306,13,1.0,306.0,0.0980187695516162,0.009057637653601538,0.0570262908498661,0.004059556320790397,0.0056186378747126,0.0012450810122831147,625
717,0.5,422,441,13,1.75,252.0,0.0980187695516162,0.008514632825671064,0.0570262908498661,0.0037560004900099113,0.0058095370925524,0.0012794754365506773,625
718,0.1,84,128,12,1.0,128.0,0.0980187695516162,0.013107729405630819,0.0570262908498661,0.006184036798351403,0.0052421649220672,0.0014309794851746634,613
718,0.2,167,212,12,1.0,212.0,0.0980187695516162,0.011140732287957143,0.0570262908498661,0.005106699856699821,0.0056186378747126,0.0013643639823721994,613
718,0.3,251,301,12,1.0,301.0,0.0980187695516162,0.009630740770251358,0.0570262908498661,0.0042446352435384395,0.0056186378747126,0.0012781094061186894,613
718,0.5,417,430,12,1.666667,257.99994840001034,0.0980187695516162,0.008681523874190607,0.0570262908498661,0.00388483977401203,0.0058095370925524,0.0012875462525731996,613
719,0.1,79,118,13,1.0,118.0,0.0980187695516162,0.012680935296300832,0.0464749058416465,0.004991883055727289,0.0039254903849993,0.0011987131442661365,607
719,0.2,158,220,13,1.0,220.0,0.0980187695516162,0.010304294245900037,0.0570262908498661,0.004386839722416002,0.0056186378747126,0.0012460630563459329,607
719,0.3,237,285,13,1.0,285.0,0.0980187695516162,0.009703089841391753,0.0570262908498661,0.004215126009773496,0.0058095370925524,0.0012925220929908717,607
719,0.5,394,418,13,1.5,278.6666666666667,0.0980187695516162,0.008571528356391928,0.0570262908498661,0.0036937189900793648,0.0058095370925524,0.0012363830561693168,607
720,0.1,83,124,13,1.0,124.0,0.0980187695516162,0.011638467489656518,0.0464749058416465,0.005082119701199279,0.0052421649220672,0.0013517474340712186,629
720,0.2,166,221,13,1.0,221.0,0.0980187695516162,0.010455838708307538,0.0570262908498661,0.004672827750917573,0.0052421649220672,0.0013225844867200702,629
720,0.3,249,302,13,1.0,302.0,0.0980187695516162,0.009471096409753495,0.0570262908498661,0.004127640842054767,0.0052421649220672,0.0012763310869199226,629
720,0.5,415,435,13,1.5,290.0,0.0980187695516162,0.008555367780134914,0.0570262908498661,0.003729068750573571,0.0058095370925524,0.0012295828268215536,629
721,0.1,83,114,13,1.0,114.0,0.0980187695516162,0.011634926732890578,0.0464749058416465,0.0047672802775525465,0.0039254903849993,0.001132783191468935,610
721,0.2,165,222,13,1.0,222.0,0.0980187695516162,0.009661903822487723,0.0464749058416465,0.004169788142882278,0.0058095370925524,0.0012301130031817128,610
721,0.3,248,303,13,1.0,303.0,0.0980187695516162,0.009116344376877685,0.0570262908498661,0.004020212606306301,0.0058095370925524,0.0012362537667653575,610
721,0.5,413,425,13,2.0,212.5,0.0980187695516162,0.008611911918051846,0.0570262908498661,0.0039028693824253204,0.0058095370925524,0.0012630104971337907,610
722,0.1,82,123,12,1.0,123.0,0.0980187695516162,0.012190883118424463,0.0570262908498661,0.005451143125463478,0.0052421649220672,0.0013189220351050594,614
722,0.2,164,221,13,1.0,221.0,0.0980187695516162,0.011017321021614665,0.0570262908498661,0.004931108791277059,0.0052421649220672,0.0013274602096790562,614
722,0.3,246,303,13,1.0,303.0,0.0980187695516162,0.009494901523520397,0.0570262908498661,0.004198186858789044,0.0058095370925524,0.001287280377011081,614
722,0.5,410,435,13,1.5,290.0,0.0980187695516162,0.008636870303117427,0.0570262908498661,0.00384677695364005,0.0058095370925524,0.0012667267976561893,614
723,0.1,81,120,12,1.0,120.0,0.0980187695516162,0.012330552659019767,0.0464749058416465,0.005478162725517116,0.0056186378747126,0.0013528340661020913,615
723,0.2,161,215,13,1.0,215.0,0.0980187695516162,0.010805829716031674,0.0570262908498661,0.004775991889808273,0.0056186378747126,0.001353255501091264,615
723,0.3,241,293,13,1.0,293.0,0.0980187695516162,0.009580514401022068,0.0570262908498661,0.004242024605764925,0.0058095370925524,0.001296664898992247,615
723,0.5,401,430,13,1.75,245.71428571428572,0.0980187695516162,0.008545723500739583,0.0570262908498661,0.00378462772646896,0.0058095370925524,0.0012628571183341075,615
724,0.1,83,119,13,1.0,119.0,0.0980187695516162,0.012355307086338146,0.0464749058416465,0.004951362962075856,0.0056186378747126,0.00120697565666427,626
724,0.2,166,215,13,1.0,215.0,0.0980187695516162,0.009729126755098535,0.0464749058416465,0.0037810251455438035,0.0056186378747126,0.0011672277159500307,626
724,0.3,249,285,13,1.0,285.0,0.0980187695516162,0.009216471836525578,0.0570262908498661,0.0037715108899670268,0.0056186378747126,0.0011667495678142202,626
724,0.5,415,421,13,1.5,280.6666666666667,0.0980187695516162,0.008594661402539715,0.0570262908498661,0.003616710633032334,0.0056186378747126,0.0012477927739004977,626
725,0.1,83,128,13,1.0,128.0,0.0980187695516162,0.011217739833159497,0.0492079830055308,0.005137222514782947,0.0058095370925524,0.0013865844720779038,613
725,0.2,166,223,13,1.0,223.0,0.0980187695516162,0.009871082078211099,0.0570262908498661,0.0044962677704720915,0.0058095370925524,0.00131903912366624,613
725,0.3,249,309,13,1.0,309.0,0.0980187695516162,0.009523134602859593,0.0570262908498661,0.00414113852040931,0.0058095370925524,0.0012514625358540682,613
725,0.5,414,420,13,1.5,280.0,0.0980187695516162,0.008535677044540398,0.0570262908498661,0.0036264338323405425,0.0058095370925524,0.0012282567047770955,613
726,0.1,85,123,13,1.0,123.0,0.0761209593326381,0.01182634349805433,0.031948254360793,0.004812095771024751,0.0039956275909326,0.0012401770446542823,632
726,0.2,169,223,13,1.0,223.0,0.0980187695516162,0.010399472544737795,0.0464749058416465,0.004369752439259759,0.0058095370925524,0.0012866641445092525,632
726,0.3,253,308,13,1.0,308.0,0.0980187695516162,0.00944910147204199,0.0570262908498661,0.004123491551404183,0.0058095370925524,0.00128379051841184,632
726,0.5,421,444,13,1.5,296.0,0.0980187695516162,0.008306794803145124,0.0570262908498661,0.003544675007870549,0.0058095370925524,0.001247455561001687,632
727,0.1,84,127,13,1.0,127.0,0.0980187695516162,0.01261977289335179,0.0570262908498661,0.005719932511288776,0.0044179097289399,0.0013534211315313204,627
727,0.2,167,221,13,1.0,221.0,0.0980187695516162,0.010696473985439162,0.0570262908498661,0.00493683963073567,0.0052421649220672,0.00134218711311836,627
727,0.3,250,289,13,1.0,289.0,0.0980187695516162,0.00951466889890344,0.0570262908498661,0.004281589334526567,0.0056186378747126,0.0012489097167956477,627
727,0.5,417,427,13,1.5,284.6666666666667,0.0980187695516162,0.008639952331297438,0.0570262908498661,0.0038109023561564226,0.0058095370925524,0.0012611153968860387,627
728,0.1,82,122,13,1.0,122.0,0.0980187695516162,0.012316449853843607,0.0464749058416465,0.005410354042807873,0.0056186378747126,0.0012958403206208525,619
728,0.2,164,216,13,1.0,216.0,0.0980187695516162,0.010244081411964577,0.0464749058416465,0.004442472554062775,0.0058095370925524,0.0012728720249331272,619
728,0.3,246,294,13,1.0,294.0,0.0980187695516162,0.009618863186567595,0.0464749058416465,0.004102135121502694,0.0058095370925524,0.001212859786131355,619
728,0.5,409,410,13,1.714286,239.1666268055622,0.0980187695516162,0.008726061191790183,0.0570262908498661,0.003836075969524975,0.0058095370925524,0.0012380700971865468,619
729,0.1,87,124,13,1.0,124.0,0.0980187695516162,0.012807359817013645,0.0464749058416465,0.005691476668973441,0.0056186378747126,0.001327419851931485,630
729,0.2,173,220,13,1.0,220.0,0.0980187695516162,0.0101147028154327,0.0464749058416465,0.004257148754303776,0.0056186378747126,0.001209286169558073,630
729,0.3,260,302,13,1.0,302.0,0.0980187695516162,0.009174153540180472,0.0464749058416465,0.003868355113231278,0.0058095370925524,0.0012012094123859613,630
729,0.5,433,442,13,1.6,276.25,0.0980187695516162,0.008577939878927384,0.0570262908498661,0.003680658094841472,0.0058095370925524,0.001226868777721585,630
730,0.1,83,125,12,1.0,125.0,0.0980187695516162,0.01182898852971841,0.0570262908498661,0.005630545050800798,0.0045513414488271,0.0013801152839231536,616
730,0.2,165,224,13,1.0,224.0,0.0980187695516162,0.010492700729926963,0.0570262908498661,0.004653768700060049,0.0045513414488271,0.0013144930974192967,616
730,0.3,248,297,13,1.0,297.0,0.0980187695516162,0.009676184858666562,0.0570262908498661,0.0042316803547494996,0.0056186378747126,0.001276461888741073,616
730,0.5,412,420,13,1.8,233.33333333333331,0.0980187695516162,0.00867471076021645,0.0570262908498661,0.003817646481008145,0.0056186378747126,0.0012518697359099856,616
731,0.1,80,129,13,1.0,129.0,0.0980187695516162,0.010508362231329426,0.0464749058416465,0.004565014379351918,0.0048729601732022,0.0013741856139431062,613
731,0.2,159,213,13,1.0,213.0,0.0980187695516162,0.010221915434211063,0.0492079830055308,0.004617902349587307,0.0052421649220672,0.0013709032349998,613
731,0.3,238,294,13,1.0,294.0,0.0980187695516162,0.009501819497350513,0.0492079830055308,0.004189076238634293,0.0058095370925524,0.001325784993265483,613
731,0.5,396,424,13,1.666667,254.3999491200102,0.0980187695516162,0.008538768764632925,0.0570262908498661,0.0038199801949615163,0.0058095370925524,0.0012947928347779429,613
732,0.1,82,124,13,1.0,124.0,0.0980187695516162,0.011411416462040391,0.0464749058416465,0.004677517730228504,0.0056186378747126,0.001281273862597926,622
732,0.2,164,226,13,1.0,226.0,0.0980187695516162,0.009993817306006401,0.0464749058416465,0.004394502804517648,0.0058095370925524,0.0013926161222420164,622
732,0.3,246,301,13,1.0,301.0,0.0980187695516162,0.009523347617777334,0.0570262908498661,0.004272861347003473,0.0058095370925524,0.001371149394713591,622
732,0.5,409,427,13,1.75,244.0,0.0980187695516162,0.008644836419670133,0.0570262908498661,0.003745810197773393,0.0058095370925524,0.0013000418770993103,622
733,0.1,83,128,13,1.0,128.0,0.0980187695516162,0.010745242440041668,0.0492079830055308,0.004819034082034907,0.0056186378747126,0.0013554506373317913,636
733,0.2,165,230,13,1.0,230.0,0.0980187695516162,0.009901618533798751,0.0570262908498661,0.0046063917530369475,0.0056186378747126,0.0013442321782389328,636
733,0.3,247,315,13,1.0,315.0,0.0980187695516162,0.009348362215932559,0.0570262908498661,0.004214680344234733,0.0056186378747126,0.001293092494403805,636
733,0.5,411,441,13,1.666667,264.5999470800106,0.0980187695516162,0.008599755508738037,0.0570262908498661,0.0038111433899813032,0.0058095370925524,0.001266737323535893,636
734,0.1,85,126,13,1.0,126.0,0.0980187695516162,0.012405448797523824,0.0464749058416465,0.005273538565201871,0.0058095370925524,0.001267420770547099,620
734,0.2,170,226,13,1.0,226.0,0.0980187695516162,0.010381389168289193,0.0570262908498661,0.004557940205053345,0.0058095370925524,0.0013283415569904755,620
734,0.3,255,313,13,1.0,313.0,0.0980187695516162,0.009208207431196588,0.0570262908498661,0.004040634313012487,0.0058095370925524,0.0012520988183531158,620
734,0.5,425,460,13,1.5,306.6666666666667,0.0980187695516162,0.008484834746338984,0.0570262908498661,0.0037452265805259237,0.0058095370925524,0.0012687073511969925,620
735,0.1,86,117,13,1.0,117.0,0.0980187695516162,0.011951552097537458,0.0570262908498661,0.005485495843764538,0.0039956275909326,0.0013101962049037095,646
735,0.2,172,225,13,1.0,225.0,0.0980187695516162,0.01051558336229865,0.0570262908498661,0.004779132474506786,0.0052421649220672,0.0012920932746206656,646
735,0.3,258,316,13,1.0,316.0,0.0980187695516162,0.009681762384340181,0.0570262908498661,0.004323924455395509,0.0052421649220672,0.0012768873988455124,646
735,0.5,429,445,13,1.5,296.6666666666667,0.0980187695516162,0.008377171913627213,0.0570262908498661,0.0036865090688795272,0.0056186378747126,0.0012362649621814029,646
736,0.1,79,120,12,1.0,120.0,0.0980187695516162,0.012547792839763596,0.0570262908498661,0.005872813005892646,0.0058095370925524,0.0014268424161771682,615
736,0.2,158,215,13,1.0,215.0,0.0980187695516162,0.011087130489608799,0.0570262908498661,0.005138702138595148,0.0058095370925524,0.0014139184459476442,615
736,0.3,237,291,13,1.0,291.0,0.0980187695516162,0.009983194120450452,0.0570262908498661,0.0045506780059345,0.0058095370925524,0.0013652298691671533,615
736,0.5,395,418,13,1.571429,265.99992745456524,0.0980187695516162,0.008781076779540044,0.0570262908498661,0.003869380824845049,0.0058095370925524,0.0012938099471905072,615
737,0.1,82,137,13,1.0,137.0,0.0980187695516162,0.010107852614112895,0.0492079830055308,0.004453185646297764,0.0048729601732022,0.0013232116796355869,616
737,0.2,163,227,13,1.0,227.0,0.0980187695516162,0.009738484930613252,0.0570262908498661,0.004522420318440924,0.0058095370925524,0.0013012066266393052,616
737,0.3,245,314,13,1.0,314.0,0.0980187695516162,0.009248620178928378,0.0570262908498661,0.004195453173241573,0.0058095370925524,0.0013102174122758808,616
737,0.5,407,434,13,1.5,289.3333333333333,0.0980187695516162,0.00858709389100585,0.0570262908498661,0.003860946326232007,0.0058095370925524,0.0012820121992139482,616
738,0.1,85,119,12,1.0,119.0,0.0980187695516162,0.012145003986996212,0.0570262908498661,0.0050505477241463235,0.0034225241115278,0.0011343775693659808,638
738,0.2,169,211,12,1.0,211.0,0.0980187695516162,0.010921724347538119,0.0570262908498661,0.004612938558487059,0.0039956275909326,0.0012076116187667344,638
738,0.3,253,294,13,1.0,294.0,0.0980187695516162,0.009806842445007154,0.0570262908498661,0.004170297658877645,0.0056186378747126,0.00120466939952886,638
738,0.5,421,432,13,1.5,288.0,0.0980187695516162,0.00857615957980917,0.0570262908498661,0.0038216547999270056,0.0058095370925524,0.001225473665907061,638
739,0.1,82,125,13,1.0,125.0,0.0980187695516162,0.010811261730969714,0.0464749058416465,0.004241956040885819,0.0044179097289399,0.0012256526395051706,622
739,0.2,163,217,13,1.0,217.0,0.0980187695516162,0.010437139301211375,0.0570262908498661,0.004743811776115652,0.0058095370925524,0.0013376611528659725,622
739,0.3,244,302,13,1.0,302.0,0.0980187695516162,0.009429662520975862,0.0570262908498661,0.0042255963901475305,0.0058095370925524,0.0013146676312989533,622
739,0.5,406,424,13,1.333333,318.00007950001987,0.0980187695516162,0.008401046687784007,0.0570262908498661,0.003670149810934488,0.0058095370925524,0.0012519427102886179,622
740,0.1,85,117,13,1.0,117.0,0.0980187695516162,0.012120888033296745,0.0464749058416465,0.004952525837330133,0.0039956275909326,0.001226384932610425,623
740,0.2,169,225,13,1.0,225.0,0.0980187695516162,0.01028386050283856,0.0570262908498661,0.00463699767048202,0.0058095370925524,0.0013206138872187574,623
740,0.3,254,307,13,1.0,307.0,0.0980187695516162,0.009520639373940641,0.0570262908498661,0.004312420076456534,0.0058095370925524,0.0012998093911620549,623
740,0.5,422,436,13,1.666667,261.5999476800105,0.0980187695516162,0.00861945260257718,0.0570262908498661,0.0038129536066763853,0.0058095370925524,0.0012770360478824203,623
741,0.1,79,118,12,1.0,118.0,0.0980187695516162,0.013158127286544911,0.0464749058416465,0.005396192783156214,0.0039956275909326,0.0012277353053146425,604
741,0.2,158,220,12,1.0,220.0,0.0980187695516162,0.010721395392928195,0.0464749058416465,0.004480891297401676,0.0058095370925524,0.0012883320414788704,604
741,0.3,236,290,12,1.0,290.0,0.0980187695516162,0.00963647477616766,0.0570262908498661,0.004097064697126775,0.0058095370925524,0.0012528934103822856,604
741,0.5,393,411,13,1.5,274.0,0.0980187695516162,0.008694681452953027,0.0570262908498661,0.00385652119157752,0.0058095370925524,0.0012749736916983108,604
742,0.1,84,124,12,1.0,124.0,0.0980187695516162,0.013396010629351763,0.0492079830055308,0.006301022593846699,0.0056186378747126,0.0014435083360754282,627
742,0.2,167,219,13,1.0,219.0,0.0980187695516162,0.010598940105989357,0.0492079830055308,0.00475328768662676,0.0056186378747126,0.0012750783324688673,627
742,0.3,251,295,13,1.0,295.0,0.0980187695516162,0.009278733143634744,0.0492079830055308,0.004033764051277267,0.0056186378747126,0.0012028760596443165,627
742,0.5,417,426,13,1.6,266.25,0.0980187695516162,0.008643099472748855,0.0570262908498661,0.0038411483094476797,0.0058095370925524,0.0012557465395293215,627
743,0.1,84,122,12,1.0,122.0,0.0980187695516162,0.011701054718884042,0.0464749058416465,0.004755038531470965,0.0056186378747126,0.001303845619480867,620
743,0.2,167,216,13,1.0,216.0,0.0980187695516162,0.01061097593944305,0.0464749058416465,0.004598177969145845,0.0056186378747126,0.0013176793651208784,620
743,0.3,250,296,13,1.0,296.0,0.0980187695516162,0.00959614463264094,0.0570262908498661,0.004262982775074897,0.0058095370925524,0.0013016774766228256,620
743,0.5,417,436,13,1.5,290.6666666666667,0.0980187695516162,0.008530962106934742,0.0570262908498661,0.0038032655813367983,0.0058095370925524,0.0012616769883479183,620
744,0.1,84,126,12,1.0,126.0,0.0980187695516162,0.01228958736779379,0.0570262908498661,0.005522729302781989,0.0044179097289399,0.0013827452878956905,615
744,0.2,167,229,13,1.0,229.0,0.0980187695516162,0.010509491783198427,0.0570262908498661,0.004696828336594073,0.0052421649220672,0.0013461983497448722,615
744,0.3,250,311,13,1.0,311.0,0.0980187695516162,0.009331129358354886,0.0570262908498661,0.004204858452288371,0.0052421649220672,0.0013053928998801405,615
744,0.5,416,427,13,1.666667,256.1999487600103,0.0980187695516162,0.008644836419670131,0.0570262908498661,0.0038164388634275245,0.0058095370925524,0.0012775300698780365,615
745,0.1,83,127,13,1.0,127.0,0.0980187695516162,0.012135344395819089,0.0570262908498661,0.005209436090073728,0.0040871733233292,0.0013358401787570457,617
745,0.2,165,225,13,1.0,225.0,0.0980187695516162,0.010487776619163438,0.0570262908498661,0.004508977338473965,0.0056186378747126,0.0012801812072417782,617
745,0.3,247,300,13,1.0,300.0,0.0980187695516162,0.009377824122349625,0.0570262908498661,0.004117684988331348,0.0056186378747126,0.0012593437385856646,617
745,0.5,411,437,13,1.5,291.3333333333333,0.0980187695516162,0.008382587697425047,0.0570262908498661,0.0036884030309865005,0.0056186378747126,0.0012530042369699246,617
746,0.1,83,120,13,1.0,120.0,0.0980187695516162,0.011600625651720502,0.0570262908498661,0.0051581531781080955,0.0038790328069506,0.0011928086957364492,622
746,0.2,166,223,13,1.0,223.0,0.0980187695516162,0.0097775616416577,0.0570262908498661,0.004420515171542225,0.0052421649220672,0.0012643577273433642,622
746,0.3,248,302,13,1.0,302.0,0.0980187695516162,0.009446926641299876,0.0570262908498661,0.004086512629553957,0.0052421649220672,0.0012595190782632275,622
746,0.5,413,433,13,1.555556,278.3570633265534,0.0980187695516162,0.008708070136569273,0.0570262908498661,0.003865062714262505,0.0056186378747126,0.001258991450156108,622
747,0.1,84,125,13,1.0,125.0,0.0980187695516162,0.012629822732012469,0.0464749058416465,0.005530361225118657,0.0058095370925524,0.0013979135369493383,621
747,0.2,167,239,13,1.0,239.0,0.0980187695516162,0.010174475678552841,0.0570262908498661,0.004578207013311848,0.0058095370925524,0.0012841307473837056,621
747,0.3,250,328,13,1.0,328.0,0.0980187695516162,0.00942610442788469,0.0570262908498661,0.004277416848202106,0.0058095370925524,0.0012761867761399252,621
747,0.5,416,430,13,2.0,215.0,0.0980187695516162,0.008744574047578585,0.0570262908498661,0.0039418792741339305,0.0058095370925524,0.001267786951366301,621
748,0.1,77,116,12,1.0,116.0,0.0980187695516162,0.012602926899428234,0.0464749058416465,0.005358549780832327,0.0056186378747126,0.0013515869240850072,593
748,0.2,154,208,13,1.0,208.0,0.0980187695516162,0.010151800753990487,0.0464749058416465,0.0042585019226796,0.0058095370925524,0.0013116853465712727,593
748,0.3,231,290,13,1.0,290.0,0.0980187695516162,0.009244543525942924,0.0464749058416465,0.003837976630144254,0.0058095370925524,0.0012293552405420348,593
748,0.5,385,411,13,1.8,228.33333333333331,0.0980187695516162,0.008867205041748125,0.0570262908498661,0.004003947562319499,0.0058095370925524,0.0012862435251870343,593
749,0.1,86,121,12,1.0,121.0,0.0980187695516162,0.012599212333784292,0.0464749058416465,0.005273177032554044,0.0056186378747126,0.0012685545551693088,634
749,0.2,172,221,13,1.0,221.0,0.0980187695516162,0.00988963805623312,0.0464749058416465,0.00403793964232213,0.0056186378747126,0.0011811703848212693,634
749,0.3,258,317,13,1.0,317.0,0.0980187695516162,0.009068989450761957,0.0492079830055308,0.003923201673708423,0.0058095370925524,0.0011849870816229718,634
749,0.5,430,434,13,2.0,217.0,0.0980187695516162,0.008596704516513414,0.0570262908498661,0.00375143516839137,0.0058095370925524,0.0012276518191824519,634
750,0.1,81,120,13,1.0,120.0,0.0980187695516162,0.011635384080639511,0.0464749058416465,0.004709999639591391,0.0039254903849993,0.001226742447363279,612
750,0.2,161,206,13,1.0,206.0,0.0980187695516162,0.01054901444668289,0.0570262908498661,0.004792111926629867,0.0056186378747126,0.0012990071350104616,612
750,0.3,242,280,13,1.0,280.0,0.0980187695516162,0.009485326977506287,0.0570262908498661,0.004303418828498752,0.0056186378747126,0.001278943799216105,612
750,0.5,402,416,13,1.5,277.3333333333333,0.0980187695516162,0.008552578808053216,0.0570262908498661,0.0038284803841476317,0.0058095370925524,0.001290625031892909,612
751,0.1,81,127,12,1.0,127.0,0.0980187695516162,0.012874303120868963,0.0464749058416465,0.005638968234863251,0.0058095370925524,0.0014511072405354705,584
751,0.2,161,216,13,1.0,216.0,0.0980187695516162,0.011364075232688326,0.0570262908498661,0.0051384632654152725,0.0058095370925524,0.0014041343975635893,584
751,0.3,241,288,13,1.0,288.0,0.0980187695516162,0.010340632603406279,0.0570262908498661,0.004607200585672616,0.0058095370925524,0.0013496153737003695,584
751,0.5,402,411,13,2.0,205.5,0.0980187695516162,0.008958541059345532,0.0570262908498661,0.004065953980241276,0.0058095370925524,0.0013052706438424011,584
752,0.1,83,125,12,1.0,125.0,0.0980187695516162,0.011795620437956162,0.0492079830055308,0.005580556748687088,0.0056186378747126,0.00135607300059214,613
752,0.2,166,214,12,1.0,214.0,0.0980187695516162,0.010627308430705616,0.0492079830055308,0.004864822403325444,0.0056186378747126,0.0013272425823751175,613
752,0.3,249,290,12,1.0,290.0,0.0980187695516162,0.009963683434612158,0.0570262908498661,0.004573676840294401,0.0056186378747126,0.0013248872553618361,613
752,0.5,415,419,13,1.666667,251.39994972001008,0.0980187695516162,0.008742698863424216,0.0570262908498661,0.003987347123550138,0.0056186378747126,0.0012954181049547727,613
753,0.1,85,127,12,1.0,127.0,0.0980187695516162,0.013087780085883377,0.0464749058416465,0.005486448900013766,0.0052421649220672,0.0014133008938333825,600
753,0.2,169,219,13,1.0,219.0,0.0980187695516162,0.010703691535608299,0.0464749058416465,0.004519694381693291,0.0052421649220672,0.0012872021542596269,600
753,0.3,253,292,13,1.0,292.0,0.0980187695516162,0.009756167240418768,0.0570262908498661,0.004377344836801781,0.0052421649220672,0.00127451363409422,600
753,0.5,421,424,13,1.666667,254.3999491200102,0.0980187695516162,0.008693706101087958,0.0570262908498661,0.003916061572454884,0.0056186378747126,0.001289617050890334,600
754,0.1,84,130,12,1.0,130.0,0.0980187695516162,0.012128017967433976,0.0464749058416465,0.00524197945252194,0.0058095370925524,0.0014293402734221923,623
754,0.2,167,218,12,1.0,218.0,0.0980187695516162,0.010618859477092877,0.0570262908498661,0.005008244619889781,0.0058095370925524,0.001371244480692833,623
754,0.3,251,301,12,1.0,301.0,0.0980187695516162,0.009769312579895262,0.0570262908498661,0.004560485529528536,0.0058095370925524,0.0013383834331696359,623
754,0.5,418,428,13,1.5,285.3333333333333,0.0980187695516162,0.008907253466909605,0.0570262908498661,0.003989676010373387,0.0058095370925524,0.0012828002233746941,623
755,0.1,85,134,12,1.0,134.0,0.0980187695516162,0.012170637946866247,0.0492079830055308,0.0056913545817888385,0.0056186378747126,0.001375665586197417,636
755,0.2,170,240,12,1.0,240.0,0.0980187695516162,0.010297184567257511,0.0492079830055308,0.004652012324335111,0.0058095370925524,0.0013288088425630203,636
755,0.3,255,319,13,1.0,319.0,0.0980187695516162,0.009482840341133777,0.0570262908498661,0.0042665660187509715,0.0058095370925524,0.0013205549186513822,636
755,0.5,425,439,13,1.75,250.85714285714286,0.0980187695516162,0.008456036921527457,0.0570262908498661,0.003739559926981937,0.0058095370925524,0.0012790296375802593,636
756,0.1,81,124,13,1.0,124.0,0.0980187695516162,0.013850112684584033,0.0570262908498661,0.0060657794800282015,0.0056186378747126,0.0013937151229901652,602
756,0.2,161,210,13,1.0,210.0,0.0980187695516162,0.011296489398679136,0.0570262908498661,0.004807916836780825,0.0056186378747126,0.0013081608494011664,602
756,0.3,242,285,13,1.0,285.0,0.0980187695516162,0.01009823829647106,0.0570262908498661,0.004273651525204826,0.0056186378747126,0.0012804120011924874,602
756,0.5,403,409,13,1.666667,245.39995092000984,0.0980187695516162,0.00899979858807688,0.0570262908498661,0.003988802618168508,0.0058095370925524,0.0012882409760500227,602
757,0.1,83,124,13,1.0,124.0,0.0980187695516162,0.012311211275185805,0.0464749058416465,0.005246328178810889,0.0056186378747126,0.0013028439500003225,644
757,0.2,166,227,13,1.0,227.0,0.0980187695516162,0.010000321553747667,0.0492079830055308,0.004389484373678452,0.0056186378747126,0.001260471294795023,644
757,0.3,249,311,13,1.0,311.0,0.0980187695516162,0.009200366137019694,0.0570262908498661,0.004026815236678806,0.0056186378747126,0.0011867563052013702,644
757,0.5,415,442,13,1.666667,265.1999469600106,0.0980187695516162,0.008500087289267152,0.0570262908498661,0.00380248008400367,0.0056186378747126,0.0012407181415616355,644
758,0.1,84,120,13,1.0,120.0,0.0980187695516162,0.012252346193951987,0.0464749058416465,0.00502824973341732,0.0056186378747126,0.00124734175401348,627
758,0.2,168,222,13,1.0,222.0,0.0980187695516162,0.010352375315878922,0.0464749058416465,0.0043259260752048865,0.0056186378747126,0.001248860016524842,627
758,0.3,252,301,13,1.0,301.0,0.0980187695516162,0.009239275408007326,0.0464749058416465,0.003940828897778384,0.0056186378747126,0.0012320935921626844,627
758,0.5,419,435,13,2.0,217.5,0.0980187695516162,0.00856016204619271,0.0570262908498661,0.0038074905789559324,0.0058095370925524,0.0012564100851005498,627
759,0.1,82,130,13,1.0,130.0,0.0980187695516162,0.010026469880484432,0.0464749058416465,0.004092034896128567,0.0058095370925524,0.0011870641225654645,616
759,0.2,163,226,13,1.0,226.0,0.0980187695516162,0.009597017542240675,0.0570262908498661,0.004225029014908343,0.0058095370925524,0.0012301048834034726,616
759,0.3,244,306,13,1.0,306.0,0.0980187695516162,0.008958814669420036,0.0570262908498661,0.003925004104458537,0.0058095370925524,0.001233115984656947,616
759,0.5,406,444,13,1.5,296.0,0.0980187695516162,0.008539300510103383,0.0570262908498661,0.0037708177817363723,0.0058095370925524,0.0012453730972485672,616
760,0.1,85,127,12,1.0,127.0,0.0980187695516162,0.012939988340873409,0.0570262908498661,0.006016713370012211,0.0056186378747126,0.0014473058559760718,605
760,0.2,169,217,13,1.0,217.0,0.0980187695516162,0.010850396198036506,0.0570262908498661,0.004836968770302907,0.0056186378747126,0.001352638778649386,605
760,0.3,253,305,13,1.0,305.0,0.0980187695516162,0.009535205730012432,0.0570262908498661,0.0040938050903087326,0.0056186378747126,0.0012616797909590612,605
760,0.5,421,429,13,1.5,286.0,0.0980187695516162,0.008760096351337184,0.0570262908498661,0.003957267976700852,0.0056186378747126,0.001291411992569773,605
761,0.1,82,128,13,1.0,128.0,0.0761209593326381,0.011853167361835198,0.0570262908498661,0.0053204494841196355,0.0045513414488271,0.0012698219399358383,613
761,0.2,164,221,13,1.0,221.0,0.0980187695516162,0.010243513463779632,0.0570262908498661,0.004450507301584177,0.0045513414488271,0.0012629985692689913,613
761,0.3,246,297,13,1.0,297.0,0.0980187695516162,0.00938477580813343,0.0570262908498661,0.004211224418389825,0.0056186378747126,0.0012617797368144363,613
761,0.5,409,425,13,1.666667,254.99994900001022,0.0980187695516162,0.00863890081580073,0.0570262908498661,0.00386712908983907,0.0056186378747126,0.0012749150279717592,613
762,0.1,86,127,12,1.0,127.0,0.0980187695516162,0.010936589130738174,0.0464749058416465,0.0042511537586065315,0.0039254903849993,0.0011732700786381022,645
762,0.2,171,227,13,1.0,227.0,0.0980187695516162,0.00943989930774067,0.0570262908498661,0.004015931192793538,0.0045513414488271,0.001191796236357119,645
762,0.3,257,306,13,1.0,306.0,0.0980187695516162,0.009037191518943295,0.0570262908498661,0.0038689908772084297,0.0045513414488271,0.0011927272871997544,645
762,0.5,428,442,13,1.5,294.6666666666667,0.0980187695516162,0.008353818787481258,0.0570262908498661,0.0036764991096554724,0.0058095370925524,0.0012200979672230708,645
763,0.1,81,119,13,1.0,119.0,0.0980187695516162,0.011838311967122572,0.0492079830055308,0.005383239367316084,0.0056186378747126,0.001449299481697148,611
763,0.2,162,209,13,1.0,209.0,0.0980187695516162,0.010597163113490383,0.0492079830055308,0.004873780167850319,0.0056186378747126,0.0013908260203230472,611
763,0.3,243,291,13,1.0,291.0,0.0980187695516162,0.009445692642321386,0.0492079830055308,0.004286172296552284,0.0056186378747126,0.0013320899709183287,611
763,0.5,404,420,13,1.75,240.0,0.0980187695516162,0.008520780575003677,0.0570262908498661,0.003785424500055881,0.0056186378747126,0.0013015326924520644,611
764,0.1,82,125,13,1.0,125.0,0.0980187695516162,0.01247132429614177,0.0464749058416465,0.005159535790885476,0.0056186378747126,0.001349999973702157,614
764,0.2,164,212,13,1.0,212.0,0.0980187695516162,0.011007928856709972,0.0570262908498661,0.004994156006503762,0.0056186378747126,0.0013403789797807933,614
764,0.3,246,293,13,1.0,293.0,0.0980187695516162,0.009694398673248181,0.0570262908498661,0.004344594768745271,0.0056186378747126,0.001306331479131312,614
764,0.5,410,433,13,1.5,288.6666666666667,0.0980187695516162,0.008611741927093948,0.0570262908498661,0.0038438558785437536,0.0058095370925524,0.0012841944783753482,614
765,0.1,83,127,13,1.0,127.0,0.0980187695516162,0.010870903910733743,0.0570262908498661,0.0051084084806536255,0.0045513414488271,0.001388217119250588,613
765,0.2,165,223,13,1.0,223.0,0.0980187695516162,0.00974015346703634,0.0570262908498661,0.004528726010274739,0.0056186378747126,0.0013852508532489513,613
765,0.3,247,304,13,1.0,304.0,0.0980187695516162,0.008907990779869335,0.0570262908498661,0.004003418215757251,0.0056186378747126,0.0012937283180776016,613
765,0.5,412,427,13,2.0,213.5,0.0980187695516162,0.00842261039871251,0.0570262908498661,0.0037484489315629333,0.0058095370925524,0.0012643018854567453,613
766,0.1,86,133,12,1.0,133.0,0.0980187695516162,0.010623534853818551,0.0464749058416465,0.004421499732637035,0.0058095370925524,0.0012612728135296765,614
766,0.2,171,237,13,1.0,237.0,0.0980187695516162,0.009525569444261075,0.0464749058416465,0.004023718019607404,0.0058095370925524,0.0012916516140251307,614
766,0.3,257,310,13,1.0,310.0,0.0980187695516162,0.009872515052642158,0.0570262908498661,0.004426637828212871,0.0058095370925524,0.001331924709787846,614
766,0.5,427,425,13,1.4,303.5714285714286,0.0980187695516162,0.00881064834692997,0.0570262908498661,0.003969180723762071,0.0058095370925524,0.001283098693205727,614
767,0.1,86,134,13,1.0,134.0,0.0980187695516162,0.010069568736090096,0.0570262908498661,0.004189862926283267,0.0044179097289399,0.0012996147621936655,627
767,0.2,172,242,13,1.0,242.0,0.0980187695516162,0.010194848283766619,0.0570262908498661,0.004611540711037772,0.0056186378747126,0.0013799728171196178,627
767,0.3,258,309,13,1.0,309.0,0.0980187695516162,0.009388150412882846,0.0570262908498661,0.00417522560281891,0.0056186378747126,0.0013163181602283433,627
767,0.5,429,438,13,1.666667,262.79994744001056,0.0980187695516162,0.008496769370681934,0.0570262908498661,0.003736897345118076,0.0058095370925524,0.0012459075275672992,627
768,0.1,83,119,13,1.0,119.0,0.0980187695516162,0.012390357602895129,0.0570262908498661,0.005714628322317999,0.0039956275909326,0.0013249949483046537,621
768,0.2,166,219,13,1.0,219.0,0.0980187695516162,0.009565710095657055,0.0570262908498661,0.00433056388598563,0.0048729601732022,0.0012866152850745164,621
768,0.3,249,292,13,1.0,292.0,0.0980187695516162,0.00955618723841897,0.0570262908498661,0.004219397902733849,0.0048729601732022,0.0012338278483991633,621
768,0.5,414,418,13,1.5,278.6666666666667,0.0980187695516162,0.008693764936561665,0.0570262908498661,0.00375774317760061,0.0056186378747126,0.001216685342922746,621
769,0.1,90,137,13,1.0,137.0,0.0980187695516162,0.012634815767641127,0.0570262908498661,0.005868408588028349,0.0056186378747126,0.0014325524022607986,644
769,0.2,180,236,13,1.0,236.0,0.0980187695516162,0.010255209345893454,0.0570262908498661,0.004589635347914323,0.0056186378747126,0.001299697616700976,644
769,0.3,270,318,13,1.0,318.0,0.0980187695516162,0.009417566778811741,0.0570262908498661,0.004112054533528253,0.0056186378747126,0.0012816143410857342,644
769,0.5,449,456,13,1.5,304.0,0.0980187695516162,0.00838547097671181,0.0570262908498661,0.0035860610104036664,0.0058095370925524,0.001250449495091437,644
770,0.1,82,119,12,1.0,119.0,0.0980187695516162,0.01177697356314784,0.0570262908498661,0.005120143893633516,0.0052421649220672,0.0012998561123547083,619
770,0.2,163,209,13,1.0,209.0,0.0980187695516162,0.010058324311109512,0.0570262908498661,0.004579553678730624,0.0056186378747126,0.0012820429810962786,619
770,0.3,244,290,13,1.0,290.0,0.0980187695516162,0.009287691920463081,0.0570262908498661,0.004141155516031976,0.0056186378747126,0.0012369790606645856,619
770,0.5,407,421,13,1.714286,245.5832924027846,0.0980187695516162,0.008307347073232909,0.0570262908498661,0.0037584423114338816,0.0056186378747126,0.0012556774536360796,619
771,0.1,85,124,13,1.0,124.0,0.0980187695516162,0.011613239597699174,0.0464749058416465,0.005028929641097005,0.0058095370925524,0.0013442183231441094,620
771,0.2,169,222,13,1.0,222.0,0.0980187695516162,0.009680692162443947,0.0570262908498661,0.004482786647831727,0.0058095370925524,0.0013125254211042718,620
771,0.3,253,310,13,1.0,310.0,0.0980187695516162,0.009048403915368788,0.0570262908498661,0.0040734729806842845,0.0058095370925524,0.0012578512603190724,620
771,0.5,421,441,13,1.5,294.0,0.0980187695516162,0.008495716673878407,0.0570262908498661,0.003770242137633315,0.0058095370925524,0.0012537202056583804,620
772,0.1,92,137,13,1.0,137.0,0.0980187695516162,0.010998378785687601,0.0464749058416465,0.004780607215723884,0.0052421649220672,0.0013017322109051773,664
772,0.2,183,238,13,1.0,238.0,0.0980187695516162,0.00959946022204498,0.0570262908498661,0.004345514336195397,0.0056186378747126,0.0012488548168145069,664
772,0.3,274,330,13,1.0,330.0,0.0980187695516162,0.009201504092014997,0.0570262908498661,0.004098373225295768,0.0056186378747126,0.0012589977322454715,664
772,0.5,456,468,13,1.5,312.0,0.0980187695516162,0.008243986346176084,0.0570262908498661,0.0036618987995026163,0.0058095370925524,0.0012395697377291135,664
773,0.1,86,125,12,1.0,125.0,0.0980187695516162,0.01091136600625647,0.0492079830055308,0.004717592503036606,0.0045513414488271,0.001223306475900306,626
773,0.2,171,228,13,1.0,228.0,0.0980187695516162,0.010198854801236624,0.0492079830055308,0.004538884786849239,0.0052421649220672,0.0012873354511639518,626
773,0.3,256,302,13,1.0,302.0,0.0980187695516162,0.009505624650401515,0.0570262908498661,0.00436220139193382,0.0056186378747126,0.0012518017710287732,626
773,0.5,426,423,13,2.0,211.5,0.0980187695516162,0.008647699904106132,0.0570262908498661,0.0038869428510214074,0.0058095370925524,0.0012489565229082704,626
774,0.1,84,131,12,1.0,131.0,0.0980187695516162,0.011621520508799674,0.0464749058416465,0.004720498539307304,0.0058095370925524,0.0011853060877670214,643
774,0.2,167,229,13,1.0,229.0,0.0980187695516162,0.009931196524764195,0.0570262908498661,0.004430563652339864,0.0058095370925524,0.0012688576879576656,643
774,0.3,251,314,13,1.0,314.0,0.0980187695516162,0.009065972383653309,0.0570262908498661,0.0040425948267461265,0.0058095370925524,0.0012404309696194295,643
774,0.5,418,446,13,1.5,297.3333333333333,0.0980187695516162,0.00840748724615042,0.0570262908498661,0.003729377266619231,0.0058095370925524,0.0012596292645211163,643
775,0.1,83,123,13,1.0,123.0,0.0980187695516162,0.012648677060284637,0.0464749058416465,0.005541054665260108,0.0039956275909326,0.00130101048977627,605
775,0.2,165,213,13,1.0,213.0,0.0980187695516162,0.010721261877836319,0.0464749058416465,0.004534870662568997,0.0052421649220672,0.0012398242558429545,605
775,0.3,247,293,13,1.0,293.0,0.0980187695516162,0.009758458576375377,0.0570262908498661,0.004306974569353098,0.0052421649220672,0.0012616703996034219,605
775,0.5,411,409,13,1.75,233.71428571428572,0.0980187695516162,0.008920763529654674,0.0570262908498661,0.003960259188394233,0.0058095370925524,0.001274387884353733,605
776,0.1,84,121,12,1.0,121.0,0.0980187695516162,0.012366531941847095,0.0570262908498661,0.005596166748254582,0.0056186378747126,0.0012604385151963274,646
776,0.2,168,220,13,1.0,220.0,0.0980187695516162,0.01059342117736274,0.0570262908498661,0.0046777646891700995,0.0056186378747126,0.0012962197499765,646
776,0.3,252,315,13,1.0,315.0,0.0980187695516162,0.009646291606666954,0.0570262908498661,0.004181741330289599,0.0056186378747126,0.001246807669561109,646
776,0.5,419,456,13,1.5,304.0,0.0980187695516162,0.008346596418052387,0.0570262908498661,0.003587167321790236,0.0058095370925524,0.0012215878458314074,646
777,0.1,85,119,13,1.0,119.0,0.0980187695516162,0.012723337510186509,0.0570262908498661,0.005737371037706254,0.0058095370925524,0.0014946049575426505,614
777,0.2,169,215,13,1.0,215.0,0.0980187695516162,0.010684579382593257,0.0570262908498661,0.004900422383681125,0.0058095370925524,0.001378253039691724,614
777,0.3,253,291,13,1.0,291.0,0.0980187695516162,0.00978969358832399,0.0570262908498661,0.004402023652605289,0.0058095370925524,0.0013552156279640277,614
777,0.5,421,420,13,1.5,280.0,0.0980187695516162,0.008875813098962168,0.0570262908498661,0.0038635247678222738,0.0058095370925524,0.0012852544028708803,614
778,0.1,85,132,13,1.0,132.0,0.0980187695516162,0.01122539261225388,0.0570262908498661,0.004577486812738401,0.0058095370925524,0.0011865003112872439,629
778,0.2,169,233,13,1.0,233.0,0.0980187695516162,0.00926841711904832,0.0570262908498661,0.004205296209435693,0.0058095370925524,0.0013053095307093588,629
778,0.3,253,314,13,1.0,314.0,0.0980187695516162,0.008853436767333231,0.0570262908498661,0.004102404730020512,0.0058095370925524,0.0012869274327991763,629
778,0.5,421,446,13,1.666667,267.5999464800107,0.0980187695516162,0.008526725802756001,0.0570262908498661,0.003832331550263067,0.0058095370925524,0.0012954770137833557,629
779,0.1,84,129,13,1.0,129.0,0.0980187695516162,0.010484112164641743,0.0570262908498661,0.004836574948611364,0.0058095370925524,0.0013409772302712512,618
779,0.2,168,227,13,1.0,227.0,0.0980187695516162,0.009991134303813128,0.0570262908498661,0.004509678826887957,0.0058095370925524,0.001321679056211463,618
779,0.3,252,315,13,1.0,315.0,0.0980187695516162,0.00959001605508379,0.0570262908498661,0.00437589300456736,0.0058095370925524,0.0013265545472592837,618
779,0.5,419,436,13,1.5,290.6666666666667,0.0980187695516162,0.00870555146320226,0.0570262908498661,0.003911712551173653,0.0058095370925524,0.0012938013194110677,618
780,0.1,79,125,13,1.0,125.0,0.0980187695516162,0.011136600625651675,0.0492079830055308,0.005081928384930253,0.0058095370925524,0.001329611541740724,601
780,0.2,157,223,13,1.0,223.0,0.0980187695516162,0.01056313330870624,0.0570262908498661,0.004841192644145191,0.0058095370925524,0.0013135749088294347,601
780,0.3,235,305,13,1.0,305.0,0.0980187695516162,0.00960700182909105,0.0570262908498661,0.004356229320212626,0.0058095370925524,0.0013131719932892056,601
780,0.5,391,428,13,1.5,285.3333333333333,0.0980187695516162,0.00863681989611448,0.0570262908498661,0.003829554268162874,0.0058095370925524,0.0012567103447064692,601
781,0.1,83,131,13,1.0,131.0,0.0980187695516162,0.011788679365433097,0.0570262908498661,0.005552408940096171,0.0056186378747126,0.0012799911338677473,636
781,0.2,165,231,13,1.0,231.0,0.0980187695516162,0.0108789368434832,0.0570262908498661,0.005099302071159437,0.0056186378747126,0.0013596625391166964,636
781,0.3,248,311,13,1.0,311.0,0.0980187695516162,0.009622831929025698,0.0570262908498661,0.004439998490293504,0.0056186378747126,0.0013029401040459583,636
781,0.5,412,439,13,1.666667,263.39994732001054,0.0980187695516162,0.008539172115980676,0.0570262908498661,0.003814019843871631,0.0058095370925524,0.0012664087502632763,636
782,0.1,85,123,13,1.0,123.0,0.0980187695516162,0.012250226777554487,0.0570262908498661,0.005320327414266786,0.0052421649220672,0.001276635981469194,634
782,0.2,169,218,13,1.0,218.0,0.0980187695516162,0.010671475447474868,0.0570262908498661,0.0047913361253035065,0.0056186378747126,0.0013288951964638444,634
782,0.3,254,302,13,1.0,302.0,0.0980187695516162,0.009526341594790334,0.0570262908498661,0.00418476350128773,0.0058095370925524,0.0012500166159149964,634
782,0.5,423,434,13,1.5,289.3333333333333,0.0980187695516162,0.008457350446653777,0.0570262908498661,0.0036782347924250287,0.0058095370925524,0.0012425827812519198,634
783,0.1,86,121,13,1.0,121.0,0.0980187695516162,0.011970113496324469,0.0464749058416465,0.004739881914109158,0.0056186378747126,0.0012051786956181537,622
783,0.2,171,230,13,1.0,230.0,0.0980187695516162,0.009706669084644284,0.0464749058416465,0.0038604197376614544,0.0056186378747126,0.0012130915316443875,622
783,0.3,257,305,13,1.0,305.0,0.0980187695516162,0.00893006718063552,0.0464749058416465,0.0037585224385715235,0.0058095370925524,0.0012604338508189782,622
783,0.5,427,433,13,1.666667,259.7999480400104,0.0980187695516162,0.008450392176222782,0.0570262908498661,0.0036970333913289633,0.0058095370925524,0.001268889812026989,622
784,0.1,83,130,13,1.0,130.0,0.0980187695516162,0.012328547365043671,0.0464749058416465,0.00529844606215442,0.0058095370925524,0.0013821873334293362,628
784,0.2,165,223,13,1.0,223.0,0.0980187695516162,0.010521049112257212,0.0464749058416465,0.004598263827710277,0.0058095370925524,0.001310474574299504,628
784,0.3,247,300,13,1.0,300.0,0.0980187695516162,0.00936392075078202,0.0570262908498661,0.0040283086475628544,0.0058095370925524,0.0012172749182702597,628
784,0.5,412,427,13,1.5,284.6666666666667,0.0980187695516162,0.008654604596415521,0.0570262908498661,0.003952842925202782,0.0058095370925524,0.0012782954017147951,628
785,0.1,82,121,13,1.0,121.0,0.0656934306569343,0.010237937245236467,0.0570262908498661,0.004270890221119707,0.0048729601732022,0.0012064587699227357,621
785,0.2,164,224,13,1.0,224.0,0.0980187695516162,0.009682705198867825,0.0570262908498661,0.004182355669064143,0.0052421649220672,0.001240792789480421,621
785,0.3,246,300,13,1.0,300.0,0.0980187695516162,0.009287452207160192,0.0570262908498661,0.004008549919254789,0.0056186378747126,0.0012531328819286906,621
785,0.5,409,437,13,1.666667,262.1999475600105,0.0980187695516162,0.008599728454745197,0.0570262908498661,0.003874177058546709,0.0058095370925524,0.001278183459218967,621
786,0.1,80,110,12,1.0,110.0,0.0980187695516162,0.013897051853256187,0.0464749058416465,0.005664185592414795,0.0039956275909326,0.0013914150354345754,611
786,0.2,160,209,12,1.0,209.0,0.0980187695516162,0.010337722208640333,0.0464749058416465,0.004376453265222643,0.0058095370925524,0.001355837520900357,611
786,0.3,240,290,12,1.0,290.0,0.0980187695516162,0.00974794146201139,0.0570262908498661,0.004327408419976693,0.0058095370925524,0.0013140898025182138,611
786,0.5,400,415,13,1.75,237.14285714285714,0.0980187695516162,0.008849579758031035,0.0570262908498661,0.003988961479598556,0.0058095370925524,0.0013094918726115747,611
787,0.1,87,124,13,1.0,124.0,0.0594369134515119,0.010705035487234647,0.0267679426794943,0.004096462884352078,0.0048729601732022,0.001203701516343979,645
787,0.2,174,220,13,1.0,220.0,0.0980187695516162,0.009891932884633572,0.0464749058416465,0.004079198675495496,0.0056186378747126,0.0012253392662801674,645
787,0.3,261,307,13,1.0,307.0,0.0980187695516162,0.008610353483032294,0.0464749058416465,0.003666667763549481,0.0056186378747126,0.0011907707301745882,645
787,0.5,434,459,13,1.5,306.0,0.0980187695516162,0.008101212910143736,0.0570262908498661,0.003570293344210339,0.0058095370925524,0.001224247025878998,645
788,0.1,87,136,12,1.0,136.0,0.0980187695516162,0.010212844261792265,0.0570262908498661,0.004221391958862513,0.0039956275909326,0.0011372070604711787,626
788,0.2,174,240,13,1.0,240.0,0.0980187695516162,0.01012339242266245,0.0570262908498661,0.00439293925205871,0.0052421649220672,0.0012630641840607247,626
788,0.3,260,318,13,1.0,318.0,0.0980187695516162,0.009266728313691498,0.0570262908498661,0.004027145562202454,0.0056186378747126,0.0012474707423065859,626
788,0.5,433,437,13,1.5,291.3333333333333,0.0980187695516162,0.00857348067089331,0.0570262908498661,0.003805015453646975,0.0058095370925524,0.0012721655208376467,626
789,0.1,82,128,12,1.0,128.0,0.0980187695516162,0.011568039624608919,0.0464749058416465,0.004927166753139244,0.0058095370925524,0.001244411940560471,618
789,0.2,164,213,12,1.0,213.0,0.0980187695516162,0.010138691026940186,0.0570262908498661,0.004699275853810423,0.0058095370925524,0.0012929002147124217,618
789,0.3,246,294,12,1.0,294.0,0.0980187695516162,0.009845857008079516,0.0570262908498661,0.004465563641245844,0.0058095370925524,0.0013105608316594302,618
789,0.5,410,397,12,1.5,264.6666666666667,0.0980187695516162,0.009014427812346465,0.0570262908498661,0.004072238382724072,0.0058095370925524,0.0012786317814710297,618
790,0.1,82,123,13,1.0,123.0,0.0980187695516162,0.0130979933365548,0.0464749058416465,0.005583362659162419,0.0044179097289399,0.0014449526471199926,617
790,0.2,164,222,13,1.0,222.0,0.0980187695516162,0.010380557825813258,0.0464749058416465,0.004559785263344835,0.0058095370925524,0.0013456760007642613,617
790,0.3,246,300,13,1.0,300.0,0.0980187695516162,0.009513381995133777,0.0492079830055308,0.004297003369066001,0.0058095370925524,0.0013140244499148927,617
790,0.5,410,427,13,1.5,284.6666666666667,0.0980187695516162,0.008820663601087153,0.0570262908498661,0.00400922988566401,0.0058095370925524,0.0013097608206570261,617
791,0.1,86,126,13,1.0,126.0,0.0980187695516162,0.010659251535163897,0.0464749058416465,0.0042496280439094005,0.0039956275909326,0.0011838829750458093,626
791,0.2,172,225,13,1.0,225.0,0.0980187695516162,0.009356969064998217,0.0570262908498661,0.004096831088766009,0.0045513414488271,0.0012149034655596995,626
791,0.3,258,322,13,1.0,322.0,0.0980187695516162,0.009025317521486494,0.0570262908498661,0.0039800938283126855,0.0052421649220672,0.0012464090944387608,626
791,0.5,429,444,13,1.5,296.0,0.0980187695516162,0.008588619902488468,0.0570262908498661,0.0038031242509465133,0.0058095370925524,0.0012594696089787464,626
792,0.1,84,125,12,1.0,125.0,0.0980187695516162,0.011428571428571382,0.0570262908498661,0.005862306049489493,0.0058095370925524,0.0014832456465182719,617
792,0.2,168,223,13,1.0,223.0,0.0980187695516162,0.01049299298129119,0.0570262908498661,0.004970981879211485,0.0058095370925524,0.001387523635110052,617
792,0.3,252,296,13,1.0,296.0,0.0980187695516162,0.00981455908463203,0.0570262908498661,0.0045056651657717234,0.0058095370925524,0.00133247745455402,617
792,0.5,420,417,13,1.5,278.0,0.0980187695516162,0.00858958297387112,0.0570262908498661,0.0038777172104408563,0.0058095370925524,0.0012962480382040834,617
793,0.1,83,120,13,1.0,120.0,0.0980187695516162,0.011765728189085814,0.0464749058416465,0.004773791795145791,0.0039956275909326,0.001167618532772519,613
793,0.2,165,225,13,1.0,225.0,0.0980187695516162,0.00993164175645923,0.0570262908498661,0.004275835463318745,0.0056186378747126,0.0012368520284433443,613
793,0.3,247,318,13,1.0,318.0,0.0980187695516162,0.009338868449183786,0.0570262908498661,0.00413905325230382,0.0058095370925524,0.0012470538785498073,613
793,0.5,411,441,13,1.5,294.0,0.0980187695516162,0.00855719416720455,0.0570262908498661,0.0037566504291508974,0.0058095370925524,0.0012663563063190436,613
794,0.1,81,114,13,1.0,114.0,0.0980187695516162,0.010006768746684186,0.0464749058416465,0.004002035962314387,0.0039254903849993,0.0011808850555650903,625
794,0.2,162,222,13,1.0,222.0,0.0980187695516162,0.009511597102837938,0.0570262908498661,0.004355321552398147,0.0058095370925524,0.0012737339875718847,625
794,0.3,243,306,13,1.0,306.0,0.0980187695516162,0.009592644843825564,0.0570262908498661,0.004328242053421737,0.0058095370925524,0.001296195283937819,625
794,0.5,405,424,13,1.5,282.6666666666667,0.0980187695516162,0.008664194227477476,0.0570262908498661,0.0039255788487426386,0.0058095370925524,0.001312701514585399,625
795,0.1,85,120,12,1.0,120.0,0.0980187695516162,0.012148070907194948,0.0464749058416465,0.004959334653851577,0.0039956275909326,0.0012888428190761774,641
795,0.2,169,227,12,1.0,227.0,0.0980187695516162,0.010055445053354909,0.0464749058416465,0.004284556209051902,0.0056186378747126,0.0012965914444900653,641
795,0.3,254,305,13,1.0,305.0,0.0980187695516162,0.00909759141181896,0.0570262908498661,0.004025659953891603,0.0056186378747126,0.0012500061778855393,641
795,0.5,423,437,13,1.666667,262.1999475600105,0.0980187695516162,0.00827521039984915,0.0570262908498661,0.003684085181163071,0.0056186378747126,0.0012461628981674004,641
796,0.1,83,131,12,1.0,131.0,0.0980187695516162,0.009918092160249577,0.0464749058416465,0.00435608557677279,0.0058095370925524,0.0012657167906896367,632
796,0.2,166,233,13,1.0,233.0,0.0980187695516162,0.009975519921950128,0.0570262908498661,0.004727272636307983,0.0058095370925524,0.0013007012275956084,632
796,0.3,248,313,13,1.0,313.0,0.0980187695516162,0.009358123977652394,0.0570262908498661,0.0042694530873130625,0.0058095370925524,0.0012572843741133625,632
796,0.5,413,433,13,1.666667,259.7999480400104,0.0980187695516162,0.008515413717618624,0.0570262908498661,0.0037859499570186733,0.0058095370925524,0.0012547888494814719,632
797,0.1,81,126,13,1.0,126.0,0.0980187695516162,0.012802687985169689,0.0464749058416465,0.00519149936613583,0.0052421649220672,0.0013558100150277777,626
797,0.2,162,219,13,1.0,219.0,0.0980187695516162,0.010489427247751369,0.0464749058416465,0.004441796444510962,0.0056186378747126,0.0013140540496116122,626
797,0.3,243,303,13,1.0,303.0,0.0980187695516162,0.009687621525447599,0.0570262908498661,0.004308647176676854,0.0058095370925524,0.0012975654968917607,626
797,0.5,405,438,13,1.5,292.0,0.0980187695516162,0.008599140085991355,0.0570262908498661,0.0038287208314813186,0.0058095370925524,0.0012509795366670744,626
798,0.1,86,133,12,1.0,133.0,0.0980187695516162,0.010364806698707096,0.0570262908498661,0.0043046174262462026,0.0032827908000505,0.0011543043472055654,605
798,0.2,172,236,13,1.0,236.0,0.0980187695516162,0.009535002916173228,0.0570262908498661,0.0043273198206542594,0.0056186378747126,0.0012912477846657,605
798,0.3,258,315,13,1.0,315.0,0.0980187695516162,0.009351672542496272,0.0570262908498661,0.004155366457611312,0.0056186378747126,0.0013229514267533453,605
798,0.5,429,429,13,1.5,286.0,0.0980187695516162,0.008597242173884466,0.0570262908498661,0.0038863878156841095,0.0058095370925524,0.0012895094223099612,605
799,0.1,86,122,13,1.0,122.0,0.0980187695516162,0.011290791295577656,0.0464749058416465,0.004651450098925037,0.0056186378747126,0.001204394987644573,630
799,0.2,171,229,13,1.0,229.0,0.0980187695516162,0.01006324819794997,0.0464749058416465,0.004260872821336395,0.0056186378747126,0.001254765952638362,630
799,0.3,256,306,13,1.0,306.0,0.0980187695516162,0.00936092198436548,0.0570262908498661,0.004214421983973564,0.0058095370925524,0.0012846335872291476,630
799,0.5,427,441,13,1.5,294.0,0.0980187695516162,0.008372761687226116,0.0570262908498661,0.003656962178693006,0.0058095370925524,0.001248451043734437,630
800,0.1,83,118,13,1.0,118.0,0.0980187695516162,0.011885615312560712,0.0464749058416465,0.005243672732103608,0.0056186378747126,0.0012431639866572145,619
800,0.2,165,221,13,1.0,221.0,0.0980187695516162,0.009851891346094823,0.0464749058416465,0.00431040984234274,0.0056186378747126,0.001252765775904433,619
800,0.3,248,311,13,1.0,311.0,0.0980187695516162,0.008935486791238149,0.0464749058416465,0.00392464207075984,0.0058095370925524,0.0012586197348561565,619
800,0.5,413,450,13,1.5,300.0,0.0980187695516162,0.008506546170779701,0.0570262908498661,0.003836368169483743,0.0058095370925524,0.0012681793543107983,619
801,0.1,86,142,11,1.0,142.0,0.0761209593326381,0.01091953178927576,0.0570262908498661,0.0051950143546417435,0.0058095370925524,0.0013840997971585056,641
801,0.2,171,243,12,1.0,243.0,0.0980187695516162,0.010268755605333014,0.0570262908498661,0.004906762120625986,0.0058095370925524,0.0013947076272172686,641
801,0.3,256,320,12,1.0,320.0,0.0980187695516162,0.009417361835245,0.0570262908498661,0.00424216507498319,0.0058095370925524,0.0013088913361318532,641
801,0.5,426,442,13,1.5,294.6666666666667,0.0980187695516162,0.00827596619782103,0.0570262908498661,0.003655898206236055,0.0058095370925524,0.0012689725704828603,641
802,0.1,85,129,12,1.0,129.0,0.0980187695516162,0.01170469885458847,0.0570262908498661,0.005191251947626684,0.0039956275909326,0.0013747865953967365,627
802,0.2,169,224,13,1.0,224.0,0.0980187695516162,0.010539252197229213,0.0570262908498661,0.0045685882620492965,0.0039956275909326,0.001312739533619486,627
802,0.3,253,307,13,1.0,307.0,0.0980187695516162,0.009877281234184587,0.0570262908498661,0.004256465879895539,0.0056186378747126,0.0013247075796478489,627
802,0.5,422,421,13,1.5,280.6666666666667,0.0980187695516162,0.008777948129856123,0.0570262908498661,0.003783333112892583,0.0056186378747126,0.0012690883713964438,627
803,0.1,80,125,12,1.0,125.0,0.0980187695516162,0.011762252346193906,0.0570262908498661,0.005232898591880759,0.0044179097289399,0.0012726468844624277,604
803,0.2,160,215,12,1.0,215.0,0.0980187695516162,0.009981327448650438,0.0570262908498661,0.004553110797040065,0.0052421649220672,0.0012540252118663198,604
803,0.3,240,301,12,1.0,301.0,0.0980187695516162,0.009291239836623789,0.0570262908498661,0.004147047090086261,0.0056186378747126,0.0012448413918004753,604
803,0.5,399,434,12,1.333333,325.50008137502033,0.0980187695516162,0.008363646847955052,0.0570262908498661,0.00371454798129186,0.0058095370925524,0.0012536450902582152,604
804,0.1,80,113,13,1.0,113.0,0.0980187695516162,0.013398912953205264,0.0464749058416465,0.0058220946591519525,0.0040871733233292,0.0012886154870963254,619
804,0.2,160,208,13,1.0,208.0,0.0980187695516162,0.010522780139568413,0.0464749058416465,0.004521903833779369,0.0040871733233292,0.0012698391248053072,619
804,0.3,240,298,13,1.0,298.0,0.0980187695516162,0.00940927000300924,0.0570262908498661,0.004238667967579697,0.0052421649220672,0.0012467932218755329,619
804,0.5,399,423,13,1.666667,253.79994924001016,0.0980187695516162,0.00857867607362866,0.0570262908498661,0.003750218161844589,0.0056186378747126,0.0012065975370433538,619
805,0.1,81,118,12,1.0,118.0,0.0980187695516162,0.011708877538396237,0.0464749058416465,0.004897110028659389,0.0056186378747126,0.0012451783234902738,616
805,0.2,162,206,13,1.0,206.0,0.0980187695516162,0.009982080848780541,0.0464749058416465,0.0042962063347364915,0.0058095370925524,0.0012399839032117767,616
805,0.3,243,279,13,1.0,279.0,0.0980187695516162,0.009078303639170088,0.0464749058416465,0.0038814553695522645,0.0058095370925524,0.0012062083174830555,616
805,0.5,405,422,13,1.5,281.3333333333333,0.0980187695516162,0.008764560239981374,0.0570262908498661,0.003911785633138995,0.0058095370925524,0.0012907377703193625,616
806,0.1,86,131,13,1.0,131.0,0.0980187695516162,0.010435488621257783,0.0570262908498661,0.004707665596612422,0.0045513414488271,0.0012638255847896595,628
806,0.2,172,233,13,1.0,233.0,0.0980187695516162,0.00941162781330691,0.0570262908498661,0.0043736440812679675,0.0052421649220672,0.0013244234770267255,628
806,0.3,258,324,13,1.0,324.0,0.0980187695516162,0.008667078618416773,0.0570262908498661,0.003952578600404936,0.0052421649220672,0.00126323373731766,628
806,0.5,429,447,13,1.5,298.0,0.0980187695516162,0.00809941377226926,0.0570262908498661,0.0035924927541133166,0.0056186378747126,0.0012402121362064893,628
807,0.1,84,123,12,1.0,123.0,0.0980187695516162,0.012724976050594663,0.0570262908498661,0.005977827801634256,0.0058095370925524,0.001430845030213834,615
807,0.2,167,211,12,1.0,211.0,0.0980187695516162,0.010333631498055296,0.0570262908498661,0.004901215352680518,0.0058095370925524,0.001361596268422987,615
807,0.3,251,296,13,1.0,296.0,0.0980187695516162,0.009550348053997645,0.0570262908498661,0.0044052860051602095,0.0058095370925524,0.0013150518200426321,615
807,0.5,417,426,13,1.5,284.0,0.0980187695516162,0.008672472792962106,0.0570262908498661,0.00395003251118458,0.0058095370925524,0.0012788019011929354,615
808,0.1,81,119,12,1.0,119.0,0.0980187695516162,0.012565610185680065,0.0570262908498661,0.005549421258735759,0.0039956275909326,0.0012371801435573661,606
808,0.2,162,225,13,1.0,225.0,0.0980187695516162,0.009973351871162047,0.0570262908498661,0.004186042328733486,0.0039956275909326,0.0011851797282758285,606
808,0.3,242,300,13,1.0,300.0,0.0980187695516162,0.009089329162321818,0.0570262908498661,0.0038392804926574366,0.0056186378747126,0.0011904888566872745,606
808,0.5,403,410,13,1.375,298.1818181818182,0.0980187695516162,0.008644675602126154,0.0570262908498661,0.0038506967271673374,0.0056186378747126,0.001227445245243954,606
809,0.1,83,126,13,1.0,126.0,0.0980187695516162,0.013050962477448354,0.0570262908498661,0.006104009165964055,0.0058095370925524,0.0014466871065133135,606
809,0.2,166,224,13,1.0,224.0,0.0980187695516162,0.010655630865484834,0.0570262908498661,0.004859636360845984,0.0058095370925524,0.0013673937213820296,606
809,0.3,249,303,13,1.0,303.0,0.0980187695516162,0.009808071526652097,0.0570262908498661,0.004517821802759273,0.0058095370925524,0.0013463889696684942,606
809,0.5,414,419,13,1.714286,244.41662593056236,0.0980187695516162,0.008896996423780694,0.0570262908498661,0.003948393566545707,0.0058095370925524,0.0012846220200990995,606
810,0.1,81,127,13,1.0,127.0,0.0980187695516162,0.01363789380342051,0.0570262908498661,0.006029558161045259,0.0056186378747126,0.0013808890002481096,624
810,0.2,162,220,13,1.0,220.0,0.0980187695516162,0.01058394160583937,0.0570262908498661,0.004548904137482175,0.0056186378747126,0.0012383495060572622,624
810,0.3,243,299,13,1.0,299.0,0.0980187695516162,0.009580074004066342,0.0570262908498661,0.004153598370888681,0.0058095370925524,0.0012465336608296408,624
810,0.5,404,419,13,1.5,279.3333333333333,0.0980187695516162,0.0087825175886775,0.0570262908498661,0.003959222303777292,0.0058095370925524,0.0012643023686433011,624
811,0.1,82,128,13,1.0,128.0,0.0980187695516162,0.011372523461939475,0.0464749058416465,0.004759521858097337,0.0052421649220672,0.0013797050315787632,622
811,0.2,163,219,13,1.0,219.0,0.0980187695516162,0.010479904390513285,0.0464749058416465,0.004585536794245693,0.0056186378747126,0.0013718491307988,622
811,0.3,245,301,13,1.0,301.0,0.0980187695516162,0.009301632722347082,0.0464749058416465,0.00399759610121559,0.0056186378747126,0.0012725468791532392,622
811,0.5,407,432,13,1.333333,324.0000810000202,0.0980187695516162,0.00843374657243266,0.0570262908498661,0.0037456194033709815,0.0056186378747126,0.0012311271282284177,622
812,0.1,79,112,13,1.0,112.0,0.0980187695516162,0.01277372262773718,0.0464749058416465,0.005344854683523034,0.0039956275909326,0.001243067524561325,615
812,0.2,157,210,13,1.0,210.0,0.0980187695516162,0.011043249416554896,0.0464749058416465,0.0047306508334598275,0.0056186378747126,0.0013024558967239116,615
812,0.3,236,293,13,1.0,293.0,0.0980187695516162,0.009697957556755248,0.0464749058416465,0.004062538542652716,0.0056186378747126,0.0012647068819939425,615
812,0.5,393,428,13,1.5,285.3333333333333,0.0980187695516162,0.008651437926968273,0.0570262908498661,0.0037849915070243866,0.0056186378747126,0.0012466722295996454,615
813,0.1,84,134,13,1.0,134.0,0.0980187695516162,0.010559818218604534,0.0492079830055308,0.004636368146506272,0.0058095370925524,0.0012523253420022515,635
813,0.2,168,231,13,1.0,231.0,0.0980187695516162,0.009750416424034734,0.0570262908498661,0.004412343342816343,0.0058095370925524,0.001302332971576784,635
813,0.3,251,307,13,1.0,307.0,0.0980187695516162,0.009157204335406342,0.0570262908498661,0.004178224240578868,0.0058095370925524,0.0012967841570734762,635
813,0.5,418,441,13,1.5,294.0,0.0980187695516162,0.00847207148413758,0.0570262908498661,0.0037583441965198545,0.0058095370925524,0.0012670180646978605,635
814,0.1,86,124,12,1.0,124.0,0.0980187695516162,0.011688923273571213,0.0464749058416465,0.0050916540892879765,0.0039956275909326,0.0013070621358105725,635
814,0.2,171,228,13,1.0,228.0,0.0980187695516162,0.009947313539322716,0.0464749058416465,0.0040848917241514985,0.0039956275909326,0.0012626713827158613,635
814,0.3,256,309,13,1.0,309.0,0.0980187695516162,0.008942702585959575,0.0570262908498661,0.003970130597725075,0.0056186378747126,0.001264526351940725,635
814,0.5,426,444,13,1.666667,266.3999467200107,0.0980187695516162,0.00834437148305757,0.0570262908498661,0.0037145173076720958,0.0056186378747126,0.0012500729140592917,635
815,0.1,80,123,12,1.0,123.0,0.0594369134515119,0.010588604321913874,0.0267679426794943,0.00429788116439711,0.0040871733233292,0.0012801870494462172,620
815,0.2,159,220,12,1.0,220.0,0.0980187695516162,0.010645558820741257,0.0464749058416465,0.004750330936141709,0.0056186378747126,0.0013740036550299113,620
815,0.3,239,293,12,1.0,293.0,0.0980187695516162,0.009591191051543263,0.0464749058416465,0.004158383140625536,0.0056186378747126,0.0013099808160410705,620
815,0.5,397,423,13,1.555556,271.9284937347161,0.0980187695516162,0.008872027353157917,0.0570262908498661,0.003823944187359388,0.0058095370925524,0.0012750813640176927,620
816,0.1,83,136,12,1.0,136.0,0.0980187695516162,0.011684965957185751,0.0570262908498661,0.005626276036659567,0.0058095370925524,0.0015012905658845427,628
816,0.2,165,225,13,1.0,225.0,0.0980187695516162,0.010571196848569065,0.0570262908498661,0.00469848289342717,0.0058095370925524,0.001335567076834709,628
816,0.3,247,310,13,1.0,310.0,0.0980187695516162,0.009347774899929316,0.0570262908498661,0.004121908629412501,0.0058095370925524,0.0012756337622381643,628
816,0.5,411,420,13,1.666667,251.9999496000101,0.0980187695516162,0.008550573514077118,0.0570262908498661,0.0037456607081281464,0.0058095370925524,0.0012436069133888936,628
817,0.1,84,130,13,1.0,130.0,0.0980187695516162,0.012007700328868165,0.0570262908498661,0.0056071849017229,0.0045513414488271,0.0013298110709632962,623
817,0.2,168,224,13,1.0,224.0,0.0980187695516162,0.010557872784150112,0.0570262908498661,0.004787576063724511,0.0056186378747126,0.0013048651611786953,623
817,0.3,252,299,13,1.0,299.0,0.0980187695516162,0.009757934861076676,0.0570262908498661,0.004302440242161549,0.0056186378747126,0.0012583766056933816,623
817,0.5,419,429,13,1.333333,321.75008043752007,0.0980187695516162,0.008529183711665417,0.0570262908498661,0.0037704477966305013,0.0058095370925524,0.001234021870023065,623
818,0.1,83,132,13,1.0,132.0,0.0980187695516162,0.011430783328593506,0.0464749058416465,0.004706714006783874,0.0039956275909326,0.0013207299995287968,633
818,0.2,166,236,13,1.0,236.0,0.0980187695516162,0.009680811579858919,0.0464749058416465,0.004078142359866644,0.0039956275909326,0.0012326044504993262,633
818,0.3,249,303,13,1.0,303.0,0.0980187695516162,0.009167965805965328,0.0464749058416465,0.0038910337750203135,0.0040328017800694,0.0012335324059702434,633
818,0.5,414,450,13,1.5,300.0,0.0980187695516162,0.008548256285482518,0.0570262908498661,0.003830852258391196,0.0058095370925524,0.0012673492359295407,633
819,0.1,90,145,12,1.0,145.0,0.0980187695516162,0.010902161015425503,0.0464749058416465,0.004678229397184233,0.0058095370925524,0.001356730266820171,633
819,0.2,179,242,12,1.0,242.0,0.0980187695516162,0.010087125880091993,0.0570262908498661,0.004462199798989965,0.0058095370925524,0.0013465284914437317,633
819,0.3,268,314,12,1.0,314.0,0.0980187695516162,0.00939473841514843,0.0570262908498661,0.004202653081082101,0.0058095370925524,0.0013294206662964952,633
819,0.5,447,437,12,1.666667,262.1999475600105,0.0980187695516162,0.008382587697425047,0.0570262908498661,0.0036242923240052136,0.0058095370925524,0.0012660787096114652,633
820,0.1,82,119,13,1.0,119.0,0.0980187695516162,0.010234750834640377,0.0464749058416465,0.004091169550463465,0.0039254903849993,0.0011556767337503816,630
820,0.2,163,228,13,1.0,228.0,0.0980187695516162,0.010006768746684184,0.0570262908498661,0.004448111052662151,0.0056186378747126,0.0013737499784134254,630
820,0.3,244,309,13,1.0,309.0,0.0980187695516162,0.008777346953238056,0.0570262908498661,0.003911861858059873,0.0056186378747126,0.0013085351021721932,630
820,0.5,406,443,13,1.5,295.3333333333333,0.0980187695516162,0.00833025372083877,0.0570262908498661,0.0037429893971340357,0.0056186378747126,0.001300289823501172,630
821,0.1,84,125,13,1.0,125.0,0.0980187695516162,0.01187069864442123,0.0570262908498661,0.00511747498975565,0.0052421649220672,0.001254064316585581,635
821,0.2,168,227,13,1.0,227.0,0.0980187695516162,0.009683361431006008,0.0570262908498661,0.004197531151503746,0.0052421649220672,0.0012077493755309257,635
821,0.3,252,312,13,1.0,312.0,0.0980187695516162,0.009358038555118802,0.0570262908498661,0.0041401892510906976,0.0056186378747126,0.0012391796296182121,635
821,0.5,419,433,13,1.5,288.6666666666667,0.0980187695516162,0.008520230128092391,0.0570262908498661,0.003763741166259384,0.0058095370925524,0.001235818083054715,635
822,0.1,83,125,13,1.0,125.0,0.0980187695516162,0.01182898852971841,0.0570262908498661,0.005246950838104184,0.0040871733233292,0.0012985537554907431,617
822,0.2,165,223,13,1.0,223.0,0.0980187695516162,0.009843025947245076,0.0570262908498661,0.004256091445594891,0.0040871733233292,0.0012346049560461076,617
822,0.3,248,303,13,1.0,303.0,0.0980187695516162,0.008982128661249814,0.0570262908498661,0.0038500098434812702,0.0056186378747126,0.0011987341520551494,617
822,0.5,413,430,13,1.333333,322.50008062502013,0.0980187695516162,0.008429323180638703,0.0570262908498661,0.003695128122945152,0.0058095370925524,0.0012498322250704271,617
823,0.1,86,135,13,1.0,135.0,0.0980187695516162,0.011068628586876714,0.0570262908498661,0.004709019193190966,0.0058095370925524,0.001208326619758248,629
823,0.2,172,234,13,1.0,234.0,0.0980187695516162,0.00908620981613678,0.0570262908498661,0.004085281341603358,0.0058095370925524,0.0012152677625299837,629
823,0.3,258,327,13,1.0,327.0,0.0980187695516162,0.00878846147713752,0.0570262908498661,0.003911981048448132,0.0058095370925524,0.0012309052373899445,629
823,0.5,430,438,13,1.75,250.28571428571428,0.0980187695516162,0.0086039015146104,0.0570262908498661,0.0038634182559685063,0.0058095370925524,0.0012792385686699378,629
824,0.1,81,129,13,1.0,129.0,0.0980187695516162,0.011163114031896876,0.0492079830055308,0.004809806480136819,0.0058095370925524,0.0012888959344557326,603
824,0.2,162,222,13,1.0,222.0,0.0980187695516162,0.010375860740824203,0.0570262908498661,0.004791209940017792,0.0058095370925524,0.001315432972550519,603
824,0.3,243,305,13,1.0,305.0,0.0980187695516162,0.009723243132361191,0.0570262908498661,0.004402646645978356,0.0058095370925524,0.0013169341877348818,603
824,0.5,404,421,13,1.5,280.6666666666667,0.0980187695516162,0.008740795414859554,0.0570262908498661,0.003933721414036541,0.0058095370925524,0.0012741945569497276,603
825,0.1,88,121,13,1.0,121.0,0.0980187695516162,0.012220029472849604,0.0464749058416465,0.005148827067473029,0.0056186378747126,0.001258203536052823,634
825,0.2,176,222,13,1.0,222.0,0.0980187695516162,0.009943728921831069,0.0570262908498661,0.004331646834291016,0.0058095370925524,0.0012701609335578456,634
825,0.3,264,306,13,1.0,306.0,0.0980187695516162,0.009098529922918028,0.0570262908498661,0.004141396695356791,0.0058095370925524,0.00128486980362747,634
825,0.5,439,457,13,1.5,304.6666666666667,0.0980187695516162,0.008565632964680981,0.0570262908498661,0.003854544399311472,0.0058095370925524,0.0012854940022561405,634
826,0.1,84,125,12,1.0,125.0,0.0594369134515119,0.01087799791449422,0.031948254360793,0.004673620076618679,0.0058095370925524,0.0012977524768773016,612
826,0.2,168,233,13,1.0,233.0,0.0980187695516162,0.009939717248385478,0.0570262908498661,0.004672705188055199,0.0058095370925524,0.00132504899288097,612
826,0.3,252,320,13,1.0,320.0,0.0980187695516162,0.009401068821689215,0.0570262908498661,0.004321112247295122,0.0058095370925524,0.0013009666229107863,612
826,0.5,419,438,13,1.5,292.0,0.0980187695516162,0.0084039215126106,0.0570262908498661,0.0037931116670324545,0.0058095370925524,0.0012629621630241487,612
827,0.1,87,133,12,1.0,133.0,0.0594369134515119,0.011164511905415212,0.031948254360793,0.0047066784698209276,0.0056186378747126,0.001289691811906103,644
827,0.2,174,237,13,1.0,237.0,0.0980187695516162,0.009701561489420639,0.0464749058416465,0.00415779780597146,0.0056186378747126,0.0012883290860416167,644
827,0.3,261,317,13,1.0,317.0,0.0980187695516162,0.009045963362203617,0.0570262908498661,0.003944913391862975,0.0056186378747126,0.0012569583197072822,644
827,0.5,434,435,13,1.5,290.0,0.0980187695516162,0.008349214339649734,0.0570262908498661,0.0036073657941931366,0.0058095370925524,0.0012372523112351764,644
828,0.1,87,131,13,1.0,131.0,0.0980187695516162,0.011653360291015566,0.0492079830055308,0.004909075501130404,0.0045513414488271,0.0011991748084920198,661
828,0.2,173,233,13,1.0,233.0,0.0980187695516162,0.010132156618795463,0.0570262908498661,0.004528191065387843,0.0058095370925524,0.0013121464796074297,661
828,0.3,259,318,13,1.0,318.0,0.0980187695516162,0.008889632150890885,0.0570262908498661,0.0040285537868864,0.0058095370925524,0.0012633803231702396,661
828,0.5,432,449,13,1.555556,288.64277467349297,0.0980187695516162,0.00820035718349891,0.0570262908498661,0.003668407636123601,0.0058095370925524,0.0012584304394877282,661
829,0.1,78,121,12,1.0,121.0,0.0980187695516162,0.012504416618550618,0.0570262908498661,0.005674980973345326,0.0058095370925524,0.0013840225643387601,613
829,0.2,156,224,12,1.0,224.0,0.0980187695516162,0.010055116937285821,0.0570262908498661,0.004386364355604554,0.0058095370925524,0.0012984380581897413,613
829,0.3,234,301,12,1.0,301.0,0.0980187695516162,0.00947138318916087,0.0570262908498661,0.004233112779351536,0.0058095370925524,0.0012897361827845307,613
829,0.5,390,419,13,1.5,279.3333333333333,0.0980187695516162,0.008439081083367923,0.0570262908498661,0.0036710339505336303,0.0058095370925524,0.0012554050426775783,613
830,0.1,84,121,12,1.0,121.0,0.0980187695516162,0.010625737898465128,0.0464749058416465,0.004354815487991705,0.0052421649220672,0.0012483108594444471,640
830,0.2,168,227,13,1.0,227.0,0.0980187695516162,0.010321875301456594,0.0570262908498661,0.0046982013422566275,0.0058095370925524,0.0013197018204093446,640
830,0.3,252,319,13,1.0,319.0,0.0980187695516162,0.009558023149767378,0.0570262908498661,0.004304340179133722,0.0058095370925524,0.0013297199794995711,640
830,0.5,420,445,13,1.5,296.6666666666667,0.0980187695516162,0.008283441318789423,0.0570262908498661,0.0036305324205900096,0.0058095370925524,0.001239130540030596,640
831,0.1,81,123,13,1.0,123.0,0.0980187695516162,0.012919962359164738,0.0570262908498661,0.005679699416685294,0.0045513414488271,0.0012220919934329154,615
831,0.2,162,216,13,1.0,216.0,0.0980187695516162,0.011117869694511987,0.0570262908498661,0.004988570638271441,0.0056186378747126,0.0012939116524477222,615
831,0.3,242,280,13,1.0,280.0,0.0980187695516162,0.010196633397884658,0.0570262908498661,0.004591244956213644,0.0056186378747126,0.001267082286651049,615
831,0.5,403,413,13,1.5,275.3333333333333,0.0980187695516162,0.008942931372722247,0.0570262908498661,0.003957375269927804,0.0058095370925524,0.001252240157623932,615
832,0.1,87,128,13,1.0,128.0,0.0980187695516162,0.011787995307612051,0.0464749058416465,0.005046307904018335,0.0040871733233292,0.0012818795118811836,630
832,0.2,174,225,13,1.0,225.0,0.0980187695516162,0.010909512223380793,0.0570262908498661,0.0048812753765217955,0.0048729601732022,0.0013226528890811053,630
832,0.3,261,299,13,1.0,299.0,0.0980187695516162,0.009806759410059904,0.0570262908498661,0.004464348116479277,0.0058095370925524,0.0013107682536705996,630
832,0.5,434,436,13,1.6,272.5,0.0980187695516162,0.008767733973653703,0.0570262908498661,0.0040292639178153315,0.0058095370925524,0.001279866561908503,630
833,0.1,82,128,13,1.0,128.0,0.0980187695516162,0.011975364963503606,0.0464749058416465,0.004989541017153541,0.0058095370925524,0.0013467069582897367,606
833,0.2,163,219,13,1.0,219.0,0.0980187695516162,0.010418005818465728,0.0570262908498661,0.004893876343799865,0.0058095370925524,0.001399168851328923,606
833,0.3,244,294,13,1.0,294.0,0.0980187695516162,0.00956566150965074,0.0570262908498661,0.0044641276300073,0.0058095370925524,0.001335516092363057,606
833,0.5,407,413,13,1.5,275.3333333333333,0.0980187695516162,0.00869297366354678,0.0570262908498661,0.00394908365083683,0.0058095370925524,0.001321825469921286,606
834,0.1,82,116,12,1.0,116.0,0.0980187695516162,0.0119377224839092,0.0570262908498661,0.005501944105900416,0.0039956275909326,0.0012534911333102361,617
834,0.2,164,223,13,1.0,223.0,0.0980187695516162,0.01006279897314556,0.0570262908498661,0.0045282777892785555,0.0058095370925524,0.0013096670895810759,617
834,0.3,245,310,13,1.0,310.0,0.0980187695516162,0.009105587137138774,0.0570262908498661,0.003933775360254538,0.0058095370925524,0.0012193122736201079,617
834,0.5,408,436,13,1.5,290.6666666666667,0.0980187695516162,0.00868641838306335,0.0570262908498661,0.0038861417254520206,0.0058095370925524,0.0012738747825869357,617
835,0.1,85,126,13,1.0,126.0,0.0980187695516162,0.010634424085936034,0.0492079830055308,0.004856245582883463,0.0045513414488271,0.0013664661008722062,642
835,0.2,170,213,13,1.0,213.0,0.0980187695516162,0.009702986777110307,0.0570262908498661,0.004674287262215506,0.0056186378747126,0.001369025747303292,642
835,0.3,255,299,13,1.0,299.0,0.0980187695516162,0.009147627998786316,0.0570262908498661,0.004281814924529679,0.0056186378747126,0.001307367145053822,642
835,0.5,425,432,13,1.5,288.0,0.0980187695516162,0.008527883984088316,0.0570262908498661,0.003835161157789952,0.0058095370925524,0.0012551487170436482,642
836,0.1,89,133,13,1.0,133.0,0.0980187695516162,0.011838773158129898,0.0492079830055308,0.005434798763993753,0.0058095370925524,0.0013540167555258359,641
836,0.2,178,237,13,1.0,237.0,0.0980187695516162,0.010717915550217085,0.0570262908498661,0.00491126580550145,0.0058095370925524,0.0013705501600371204,641
836,0.3,267,321,13,1.0,321.0,0.0980187695516162,0.009680384876510077,0.0570262908498661,0.004478375367153853,0.0058095370925524,0.0013305201503895417,641
836,0.5,445,450,13,1.5,300.0,0.0980187695516162,0.008420808712779471,0.0570262908498661,0.0037660534209190237,0.0058095370925524,0.0012475773761500214,641
837,0.1,81,129,13,1.0,129.0,0.0980187695516162,0.012100783277153967,0.0570262908498661,0.0056430180042363574,0.0058095370925524,0.0014327420433385132,611
837,0.2,162,229,13,1.0,229.0,0.0980187695516162,0.011597779710488044,0.0570262908498661,0.00541423019319751,0.0058095370925524,0.0014074364310934777,611
837,0.3,243,313,13,1.0,313.0,0.0980187695516162,0.009737912562007104,0.0570262908498661,0.0044298113990303215,0.0058095370925524,0.0012557979702758726,611
837,0.5,404,420,13,1.666667,251.9999496000101,0.0980187695516162,0.008828640945429221,0.0570262908498661,0.003958873448304881,0.0058095370925524,0.001267411119870092,611
838,0.1,79,118,11,1.0,118.0,0.0980187695516162,0.012901857514006423,0.0464749058416465,0.005382035234506272,0.0039956275909326,0.0012767360858974256,596
838,0.2,157,208,13,1.0,208.0,0.0980187695516162,0.01048267426004648,0.0464749058416465,0.004222380862485304,0.0039956275909326,0.0011818419441092518,596
838,0.3,236,290,13,1.0,290.0,0.0980187695516162,0.009661644672971082,0.0570262908498661,0.004199189128708397,0.0056186378747126,0.0012099294911582154,596
838,0.5,393,410,13,2.0,205.0,0.0980187695516162,0.008759124087591195,0.0570262908498661,0.003958011452358152,0.0056186378747126,0.0012595589400381472,596
839,0.1,83,133,12,1.0,133.0,0.0980187695516162,0.011964217112123327,0.0570262908498661,0.005645709161691779,0.0052421649220672,0.0013872172660236487,612
839,0.2,166,223,12,1.0,223.0,0.0980187695516162,0.010806286443745075,0.0570262908498661,0.005043999218096912,0.0056186378747126,0.0014117114983955965,612
839,0.3,249,298,12,1.0,298.0,0.0980187695516162,0.009965638143759883,0.0570262908498661,0.0045964211430728225,0.0056186378747126,0.0013435341604330453,612
839,0.5,414,426,12,1.5,284.0,0.0980187695516162,0.00860148726911342,0.0570262908498661,0.0038286104613972465,0.0056186378747126,0.0012733218114504698,612
840,0.1,84,127,12,1.0,127.0,0.0980187695516162,0.012233872225825745,0.0570262908498661,0.005602009903630441,0.0044179097289399,0.001433710088024557,616
840,0.2,167,232,13,1.0,232.0,0.0980187695516162,0.011155657833231409,0.0570262908498661,0.004910262566822749,0.0056186378747126,0.00140220136754407,616
840,0.3,250,318,13,1.0,318.0,0.0980187695516162,0.009774988359205363,0.0570262908498661,0.004227516870271926,0.0056186378747126,0.0012997738297798015,616
840,0.5,416,427,13,1.666667,256.1999487600103,0.0980187695516162,0.00871565570107421,0.0570262908498661,0.0037354254870656553,0.0056186378747126,0.0012776606383388966,616
841,0.1,86,132,13,1.0,132.0,0.0980187695516162,0.011762568331911348,0.0464749058416465,0.0051642537903207105,0.0056186378747126,0.00142407019599408,641
841,0.2,171,232,13,1.0,232.0,0.0980187695516162,0.010737657761317422,0.0570262908498661,0.004831496718490218,0.0056186378747126,0.0013679202530630444,641
841,0.3,257,309,13,1.0,309.0,0.0980187695516162,0.009506261579112501,0.0570262908498661,0.004173770921280322,0.0056186378747126,0.0013004936819396655,641
841,0.5,427,439,13,1.666667,263.39994732001054,0.0980187695516162,0.00839902993104525,0.0570262908498661,0.003729875451065733,0.0056186378747126,0.0012726845115750157,641
842,0.1,83,126,13,1.0,126.0,0.0980187695516162,0.01319165135640627,0.0464749058416465,0.005600823575136254,0.0039956275909326,0.0013960265259111819,618
842,0.2,165,218,13,1.0,218.0,0.0980187695516162,0.010599726396953972,0.0464749058416465,0.004433738312774617,0.0056186378747126,0.0013108623028209047,618
842,0.3,247,303,13,1.0,303.0,0.0980187695516162,0.009488018666308714,0.0570262908498661,0.004022284790486809,0.0058095370925524,0.0012444431109434014,618
842,0.5,412,437,13,1.5,291.3333333333333,0.0980187695516162,0.008518598941021185,0.0570262908498661,0.0037380072168328076,0.0058095370925524,0.0012724218051310067,618
843,0.1,82,113,13,1.0,113.0,0.0980187695516162,0.011248811907684023,0.0464749058416465,0.004241094603067246,0.0056186378747126,0.0010748304899994875,626
843,0.2,164,216,13,1.0,216.0,0.0980187695516162,0.009664774263314361,0.0464749058416465,0.004050061109703929,0.0056186378747126,0.0012868892399373814,626
843,0.3,246,303,13,1.0,303.0,0.0980187695516162,0.008854795802833625,0.0492079830055308,0.003866674758769982,0.0056186378747126,0.00125254716545525,626
843,0.5,410,432,13,1.5,288.0,0.0980187695516162,0.008684779670181084,0.0570262908498661,0.003916534148068773,0.0058095370925524,0.0012739859551602407,626
844,0.1,80,124,12,1.0,124.0,0.0980187695516162,0.011428235056678619,0.0570262908498661,0.0053085008607372105,0.0056186378747126,0.0013960250384708627,619
844,0.2,160,215,12,1.0,215.0,0.0980187695516162,0.01104348036957097,0.0570262908498661,0.005113884682093095,0.0056186378747126,0.001407196446044161,619
844,0.3,240,285,12,1.0,285.0,0.0980187695516162,0.009904322850922881,0.0570262908498661,0.0044441902836583665,0.0056186378747126,0.0013216281312492567,619
844,0.5,399,423,13,1.5,282.0,0.0980187695516162,0.008662490724922735,0.0570262908498661,0.0039000272298288915,0.0056186378747126,0.0012821539422036964,619
845,0.1,84,125,12,1.0,125.0,0.0980187695516162,0.011245046923879,0.0464749058416465,0.00485603047589028,0.0039956275909326,0.0012619901887589418,617
845,0.2,167,229,12,1.0,229.0,0.0980187695516162,0.009999499114343047,0.0570262908498661,0.004567386527957637,0.0052421649220672,0.001303598424527757,617
845,0.3,251,308,13,1.0,308.0,0.0980187695516162,0.009472800400850408,0.0570262908498661,0.004357871605132875,0.0056186378747126,0.0012986766396824146,617
845,0.5,418,432,13,1.5,288.0,0.0980187695516162,0.008747537944618192,0.0570262908498661,0.003970262683425422,0.0058095370925524,0.001285287630010685,617
846,0.1,88,133,13,1.0,133.0,0.0980187695516162,0.011893654888002023,0.0570262908498661,0.005410473206050972,0.0056186378747126,0.0013563412918743403,644
846,0.2,175,230,13,1.0,230.0,0.0980187695516162,0.010658747789817246,0.0570262908498661,0.004510347563602833,0.0056186378747126,0.001269572821064317,644
846,0.3,262,322,13,1.0,322.0,0.0980187695516162,0.009164567128025396,0.0570262908498661,0.003863706131510034,0.0056186378747126,0.001212352215195541,644
846,0.5,436,464,13,1.5,309.3333333333333,0.0980187695516162,0.008499334795584434,0.0570262908498661,0.0038123710772173507,0.0058095370925524,0.0012781220131517104,644
847,0.1,86,133,12,1.0,133.0,0.0980187695516162,0.011007706962923431,0.0570262908498661,0.00464907746821713,0.0039254903849993,0.0011381070461667527,632
847,0.2,171,234,13,1.0,234.0,0.0980187695516162,0.01044980971988267,0.0570262908498661,0.00454671953100061,0.0052421649220672,0.0012653243915178112,632
847,0.3,256,327,13,1.0,327.0,0.0980187695516162,0.009333754261096346,0.0570262908498661,0.0040921501469747,0.0052421649220672,0.0012205052586263484,632
847,0.5,427,455,13,1.5,303.3333333333333,0.0980187695516162,0.008390149995989367,0.0570262908498661,0.0037395126481636065,0.0058095370925524,0.0012315170248768602,632
848,0.1,86,138,12,1.0,138.0,0.0980187695516162,0.010865787127291365,0.0464749058416465,0.004877961944309917,0.0039956275909326,0.0013628495098438817,638
848,0.2,171,238,12,1.0,238.0,0.0980187695516162,0.009901770927349,0.0464749058416465,0.004399704386385717,0.0058095370925524,0.001373857002155084,638
848,0.3,257,324,12,1.0,324.0,0.0980187695516162,0.009140179456481115,0.0570262908498661,0.00415311463395692,0.0058095370925524,0.0013334315110895235,638
848,0.5,427,448,13,1.5,298.6666666666667,0.0980187695516162,0.008204696112021407,0.0570262908498661,0.0036993802809080468,0.0058095370925524,0.0012714975664628422,638
849,0.1,81,117,13,1.0,117.0,0.0980187695516162,0.011666354732048117,0.0464749058416465,0.004829911326400993,0.0039956275909326,0.0011523278801559905,618
849,0.2,162,236,13,1.0,236.0,0.0980187695516162,0.009689648468567142,0.0464749058416465,0.0040408914430957125,0.0058095370925524,0.0012512354914861112,618
849,0.3,243,316,13,1.0,316.0,0.0980187695516162,0.009077889679386445,0.0570262908498661,0.003922266551833158,0.0058095370925524,0.0012330389916842572,618
849,0.5,404,431,13,1.5,287.3333333333333,0.0980187695516162,0.008530734596411044,0.0570262908498661,0.003670648782396861,0.0058095370925524,0.001237119212679928,618
850,0.1,85,131,12,1.0,131.0,0.0980187695516162,0.012170756752023771,0.0570262908498661,0.0052332573398346975,0.0039956275909326,0.001302538123163761,624
850,0.2,169,226,13,1.0,226.0,0.0980187695516162,0.009929221995625931,0.0570262908498661,0.004259526950645518,0.0056186378747126,0.0012392273863938404,624
850,0.3,253,317,13,1.0,317.0,0.0980187695516162,0.009003200626309563,0.0570262908498661,0.0038871458464473986,0.0056186378747126,0.0012279704555630804,624
850,0.5,422,442,13,1.5,294.6666666666667,0.0980187695516162,0.00823586031829909,0.0570262908498661,0.0035669638510632162,0.0058095370925524,0.0012318220088290471,624
851,0.1,86,127,13,1.0,127.0,0.0980187695516162,0.012233872225825743,0.0570262908498661,0.0053274911491180245,0.0058095370925524,0.0013338701640791355,611
851,0.2,171,234,13,1.0,234.0,0.0980187695516162,0.010160156145557563,0.0570262908498661,0.0045418881060913146,0.0058095370925524,0.0013102463501731775,611
851,0.3,257,311,13,1.0,311.0,0.0980187695516162,0.009441775161023127,0.0570262908498661,0.004224756995829019,0.0058095370925524,0.0012852483744147586,611
851,0.5,428,422,13,1.5,281.3333333333333,0.0980187695516162,0.008574294906325164,0.0570262908498661,0.003840867094096882,0.0058095370925524,0.0012866520321884313,611
852,0.1,84,130,13,1.0,130.0,0.0980187695516162,0.010571909841982788,0.0464749058416465,0.004307527006598998,0.0052421649220672,0.0013175868206909893,640
852,0.2,168,228,13,1.0,228.0,0.0980187695516162,0.00983297660208912,0.0570262908498661,0.004322434240525704,0.0052421649220672,0.0013155242552472114,640
852,0.3,252,315,13,1.0,315.0,0.0980187695516162,0.009080225764271598,0.0570262908498661,0.003960937975070933,0.0052421649220672,0.001265687954390298,640
852,0.5,419,438,13,2.0,219.0,0.0980187695516162,0.00842534794139629,0.0570262908498661,0.0036503192583950067,0.0056186378747126,0.001232741803321652,640
853,0.1,87,139,12,1.0,139.0,0.0980187695516162,0.01183036886444958,0.0492079830055308,0.005485907967409466,0.0052421649220672,0.001448079459923321,625
853,0.2,173,231,13,1.0,231.0,0.0980187695516162,0.010450099084092784,0.0492079830055308,0.00472739730416273,0.0056186378747126,0.0013659154810539273,625
853,0.3,259,313,13,1.0,313.0,0.0980187695516162,0.009581333057931038,0.0492079830055308,0.004260298000333973,0.0056186378747126,0.0013524716171372582,625
853,0.5,432,447,13,1.666667,268.19994636001076,0.0980187695516162,0.008558971523748826,0.0570262908498661,0.00378534801483557,0.0056186378747126,0.0012780682339509374,625
854,0.1,82,126,12,1.0,126.0,0.0594369134515119,0.011826141648873618,0.0293591471972982,0.005133862688635681,0.0056186378747126,0.0014304779555753264,612
854,0.2,163,217,13,1.0,217.0,0.0980187695516162,0.010754289942960895,0.0464749058416465,0.004733558341987384,0.0056186378747126,0.0013472475205769416,612
854,0.3,244,306,13,1.0,306.0,0.0980187695516162,0.009487006481424642,0.0464749058416465,0.004038388096988342,0.0056186378747126,0.0012625926181656047,612
854,0.5,406,428,13,1.666667,256.7999486400103,0.0980187695516162,0.008561293403369898,0.0570262908498661,0.003776941731350427,0.0058095370925524,0.001243257489968088,612
855,0.1,84,124,12,1.0,124.0,0.0980187695516162,0.011100272461233096,0.0464749058416465,0.0045836152182783686,0.0056186378747126,0.0012658491204320264,626
855,0.2,167,226,12,1.0,226.0,0.0980187695516162,0.009952291749333236,0.0464749058416465,0.004150132052272679,0.0058095370925524,0.0013083822960321672,626
855,0.3,250,310,13,1.0,310.0,0.0980187695516162,0.009283864240304035,0.0464749058416465,0.004019224390203196,0.0058095370925524,0.0012841615362769255,626
855,0.5,416,438,13,1.666667,262.79994744001056,0.0980187695516162,0.008518195799467625,0.0570262908498661,0.0037580293429602036,0.0058095370925524,0.001260618935268484,626
856,0.1,83,128,12,1.0,128.0,0.0656934306569343,0.008822666840458768,0.0570262908498661,0.003654792016668088,0.0044179097289399,0.001222655182036307,617
856,0.2,165,226,12,1.0,226.0,0.0980187695516162,0.009841556931538155,0.0570262908498661,0.004144729201024597,0.0044179097289399,0.0012815821797344828,617
856,0.3,248,292,12,1.0,292.0,0.0980187695516162,0.009749025097490205,0.0570262908498661,0.004275000770333581,0.0056186378747126,0.0013278181980728686,617
856,0.5,412,430,13,1.5,286.6666666666667,0.0980187695516162,0.008674248854184304,0.0570262908498661,0.0038104988217355145,0.0058095370925524,0.0012913241897679723,617
857,0.1,82,125,13,1.0,125.0,0.0980187695516162,0.011194994786235618,0.0464749058416465,0.0046313872807018045,0.0056186378747126,0.001289708267463571,615
857,0.2,163,218,13,1.0,218.0,0.0980187695516162,0.010245764414384203,0.0464749058416465,0.004360397652522959,0.0058095370925524,0.001335781112622367,615
857,0.3,245,305,13,1.0,305.0,0.0980187695516162,0.009282209952306834,0.0464749058416465,0.003982826492778017,0.0058095370925524,0.0013279702453930934,615
857,0.5,407,435,13,1.5,290.0,0.0980187695516162,0.008488248055325786,0.0570262908498661,0.003772193605278758,0.0058095370925524,0.0012707436082160452,615
858,0.1,82,128,12,1.0,128.0,0.0980187695516162,0.011168860792492132,0.0464749058416465,0.004808633038089061,0.0058095370925524,0.0013311186388736428,631
858,0.2,164,228,12,1.0,228.0,0.0980187695516162,0.01037264694583169,0.0570262908498661,0.004893410244827746,0.0058095370925524,0.0013918459407069996,631
858,0.3,246,314,13,1.0,314.0,0.0980187695516162,0.009756713136693566,0.0570262908498661,0.004546397745290284,0.0058095370925524,0.001326494769687503,631
858,0.5,410,439,13,1.666667,263.39994732001054,0.0980187695516162,0.008945346923166408,0.0570262908498661,0.004072023483904123,0.0058095370925524,0.001292409360629047,631
859,0.1,79,111,12,1.0,111.0,0.0980187695516162,0.01288880120996905,0.0464749058416465,0.005003465776409577,0.0039956275909326,0.00115427969047,611
859,0.2,158,199,13,1.0,199.0,0.0980187695516162,0.011203043371183295,0.0570262908498661,0.004856500352652299,0.0056186378747126,0.0013046203114285173,611
859,0.3,236,275,13,1.0,275.0,0.0980187695516162,0.00971845672575595,0.0570262908498661,0.00405972758893667,0.0056186378747126,0.0011963119240134383,611
859,0.5,393,418,13,1.5,278.6666666666667,0.0980187695516162,0.008656345575285215,0.0570262908498661,0.0037386794375167164,0.0058095370925524,0.0012228651103090256,611
860,0.1,85,127,12,1.0,127.0,0.0980187695516162,0.011552388068279741,0.0570262908498661,0.00557471085614284,0.0045513414488271,0.0014007131261628762,629
860,0.2,169,228,12,1.0,228.0,0.0980187695516162,0.010203428278725968,0.0570262908498661,0.004710143712176728,0.0052421649220672,0.001356244738774972,629
860,0.3,254,312,12,1.0,312.0,0.0980187695516162,0.009301221892462722,0.0570262908498661,0.004284691012288441,0.0056186378747126,0.001299744170747878,629
860,0.5,422,440,13,1.5,293.3333333333333,0.0980187695516162,0.008299364868707887,0.0570262908498661,0.0036834419509891446,0.0056186378747126,0.0012469483730485756,629
861,0.1,85,128,13,1.0,128.0,0.0980187695516162,0.010313477580813302,0.0464749058416465,0.004141718542931501,0.0039254903849993,0.0011927324052927453,649
861,0.2,170,232,13,1.0,232.0,0.0980187695516162,0.009852216748768428,0.0464749058416465,0.004100428157861233,0.0056186378747126,0.001238906146781922,649
861,0.3,255,315,13,1.0,315.0,0.0980187695516162,0.008759124087591193,0.0464749058416465,0.0036969277163155594,0.0056186378747126,0.0012284058535989315,649
861,0.5,424,444,13,1.5,296.0,0.0980187695516162,0.008292703548177955,0.0570262908498661,0.0036647945275513124,0.0056186378747126,0.0012418256711290059,649
862,0.1,87,130,12,1.0,130.0,0.0980187695516162,0.011454239191465425,0.0570262908498661,0.005017341338513172,0.0039956275909326,0.0012270471810631185,620
862,0.2,173,235,13,1.0,235.0,0.0980187695516162,0.01038759345949899,0.0570262908498661,0.004706196086929524,0.0052421649220672,0.0012837222172056187,620
862,0.3,260,314,13,1.0,314.0,0.0980187695516162,0.009779959219728573,0.0570262908498661,0.004398084685642234,0.0056186378747126,0.001256365694333996,620
862,0.5,433,443,13,1.5,295.3333333333333,0.0980187695516162,0.008791607134030183,0.0570262908498661,0.003879505545768791,0.0056186378747126,0.001264833986420085,620
863,0.1,82,120,13,1.0,120.0,0.0980187695516162,0.012347931873479271,0.0570262908498661,0.005636250003623091,0.0040328017800694,0.0013484626218993124,618
863,0.2,164,224,13,1.0,224.0,0.0980187695516162,0.009761842693281647,0.0570262908498661,0.004302012885051209,0.0040328017800694,0.0013115215090968777,618
863,0.3,246,306,13,1.0,306.0,0.0980187695516162,0.00939499887546255,0.0570262908498661,0.004281658434623392,0.0045513414488271,0.00130759473070699,618
863,0.5,410,428,13,1.5,285.3333333333333,0.0980187695516162,0.008756200481420439,0.0570262908498661,0.003956272062573549,0.0056186378747126,0.0013054410774422044,618
864,0.1,81,127,13,1.0,127.0,0.0761209593326381,0.012398085275836822,0.0570262908498661,0.00551632241701389,0.0056186378747126,0.0014702056781868847,617
864,0.2,162,215,13,1.0,215.0,0.0980187695516162,0.01095133011615777,0.0570262908498661,0.004891423593125724,0.0056186378747126,0.0013571330017678508,617
864,0.3,243,293,13,1.0,293.0,0.0980187695516162,0.009662368721684586,0.0570262908498661,0.004176011594724872,0.0056186378747126,0.001236061914994905,617
864,0.5,404,418,13,1.5,278.6666666666667,0.0980187695516162,0.008855915502092943,0.0570262908498661,0.0038907360912315042,0.0058095370925524,0.0012638036285997417,617
865,0.1,81,112,13,1.0,112.0,0.0980187695516162,0.012848204975420777,0.0570262908498661,0.005890894367724164,0.0045513414488271,0.0013152861827964088,597
865,0.2,161,207,13,1.0,207.0,0.0980187695516162,0.01118818414914888,0.0570262908498661,0.005222431900234989,0.0058095370925524,0.001386609544156362,597
865,0.3,241,288,13,1.0,288.0,0.0980187695516162,0.00990615224191862,0.0570262908498661,0.004613230834429656,0.0058095370925524,0.0013655097252718192,597
865,0.5,401,409,13,1.5,272.6666666666667,0.0980187695516162,0.008956456781845347,0.0570262908498661,0.004038592366726851,0.0058095370925524,0.0013046262768220372,597
866,0.1,82,116,12,1.0,116.0,0.0761209593326381,0.01148826004099093,0.0293591471972982,0.004826925137504171,0.0056186378747126,0.0011820222693954684,602
866,0.2,163,209,13,1.0,209.0,0.0980187695516162,0.010642066347022121,0.0464749058416465,0.004428840049749407,0.0056186378747126,0.0012637009999895274,602
866,0.3,244,280,13,1.0,280.0,0.0980187695516162,0.00983911812900338,0.0570262908498661,0.004271921739692033,0.0056186378747126,0.0012514834218207344,602
866,0.5,406,421,13,1.5,280.6666666666667,0.0980187695516162,0.008921605294509525,0.0570262908498661,0.003925305900036719,0.0058095370925524,0.0012707038686162718,602
867,0.1,87,129,13,1.0,129.0,0.0980187695516162,0.01261811803315788,0.0570262908498661,0.0058357004620514545,0.0058095370925524,0.0014227078636554456,631
867,0.2,173,243,13,1.0,243.0,0.0980187695516162,0.010217261636564107,0.0570262908498661,0.004684707864832772,0.0058095370925524,0.001336382622504702,631
867,0.3,259,332,13,1.0,332.0,0.0980187695516162,0.009215171426058724,0.0570262908498661,0.00421313245212851,0.0058095370925524,0.0013106929050858414,631
867,0.5,431,438,13,1.75,250.28571428571428,0.0980187695516162,0.008627708657705612,0.0570262908498661,0.003903434500386662,0.0058095370925524,0.0012965859666892693,631
868,0.1,86,136,13,1.0,136.0,0.0980187695516162,0.012421026804882492,0.0464749058416465,0.005481527722214521,0.0058095370925524,0.0014768558695805963,622
868,0.2,172,230,13,1.0,230.0,0.0980187695516162,0.010645146665457633,0.0464749058416465,0.004675106144890316,0.0058095370925524,0.0013759574739158444,622
868,0.3,258,303,13,1.0,303.0,0.0980187695516162,0.009660090096600855,0.0570262908498661,0.004318540170567183,0.0058095370925524,0.0013032792224490376,622
868,0.5,430,438,13,1.571429,278.72719671076453,0.0980187695516162,0.00847296222758672,0.0570262908498661,0.00372799650568736,0.0058095370925524,0.0012498220944634987,622
869,0.1,85,131,13,1.0,131.0,0.0980187695516162,0.011422521869950361,0.0464749058416465,0.004975302334921265,0.0056186378747126,0.0013330638950491967,613
869,0.2,170,234,13,1.0,234.0,0.0980187695516162,0.00995962674794787,0.0570262908498661,0.004405708252673248,0.0056186378747126,0.0013230344498705337,613
869,0.3,255,311,13,1.0,311.0,0.0980187695516162,0.009166837105908104,0.0570262908498661,0.003944535395856047,0.0056186378747126,0.0012774627349540488,613
869,0.5,424,425,13,1.5,283.3333333333333,0.0980187695516162,0.008670796785867588,0.0570262908498661,0.0038399866635008095,0.0056186378747126,0.0012985561454146486,613
870,0.1,82,122,13,1.0,122.0,0.0980187695516162,0.011555753089796363,0.0464749058416465,0.005018891279594803,0.0039956275909326,0.00125264108100144,617
870,0.2,163,230,13,1.0,230.0,0.0980187695516162,0.009656798295325706,0.0492079830055308,0.004291684016408025,0.0056186378747126,0.00130461640118371,617
870,0.3,245,301,13,1.0,301.0,0.0980187695516162,0.00897252467444281,0.0570262908498661,0.004046225657162985,0.0056186378747126,0.0012584294662687622,617
870,0.5,408,446,13,1.4,318.5714285714286,0.0980187695516162,0.008243826482181974,0.0570262908498661,0.003563228340584777,0.0056186378747126,0.0012205282458067485,617
871,0.1,84,114,13,1.0,114.0,0.0980187695516162,0.012586210050674083,0.0570262908498661,0.005213638752371307,0.0033571960265037,0.0012113102579194034,620
871,0.2,167,220,13,1.0,220.0,0.0980187695516162,0.010929945966442273,0.0570262908498661,0.004633763049662445,0.0052421649220672,0.001266483420854463,620
871,0.3,250,311,13,1.0,311.0,0.0980187695516162,0.009532303545024417,0.0570262908498661,0.004025985907265686,0.0056186378747126,0.0012317504118035726,620
871,0.5,416,442,13,1.571429,281.2726505620044,0.0980187695516162,0.008589735725845598,0.0570262908498661,0.0037911341273737164,0.0056186378747126,0.0012542614318925027,620
872,0.1,81,123,13,1.0,123.0,0.0980187695516162,0.011750044507744294,0.0464749058416465,0.004781268102956575,0.0037580805554219,0.0012425332880285024,615
872,0.2,162,214,13,1.0,214.0,0.0980187695516162,0.010325202459727277,0.0464749058416465,0.004303751807554279,0.0056186378747126,0.0012690687476948125,615
872,0.3,243,283,13,1.0,283.0,0.0980187695516162,0.009480576424942011,0.0464749058416465,0.003953387694881633,0.0056186378747126,0.001222605169052712,615
872,0.5,404,420,13,1.666667,251.9999496000101,0.0980187695516162,0.00864491782114301,0.0570262908498661,0.0038115952126115235,0.0056186378747126,0.0012376683037166774,615
873,0.1,87,130,13,1.0,130.0,0.0980187695516162,0.01023502045399851,0.0464749058416465,0.004401047337434309,0.0039956275909326,0.0012878448348542853,656
873,0.2,174,232,13,1.0,232.0,0.0980187695516162,0.009587033907446647,0.0464749058416465,0.004042798342275325,0.0056186378747126,0.0012795000034459586,656
873,0.3,261,316,13,1.0,316.0,0.0980187695516162,0.00891289713704936,0.0570262908498661,0.0038985880805687476,0.0058095370925524,0.0012675827614587807,656
873,0.5,435,462,13,1.666667,277.1999445600111,0.0980187695516162,0.008138889265062316,0.0570262908498661,0.0035856672731652307,0.0058095370925524,0.0012381312429014444,656
874,0.1,83,130,13,1.0,130.0,0.0980187695516162,0.01229646266142612,0.0570262908498661,0.005449938556423275,0.0056186378747126,0.0012974209830893208,609
874,0.2,165,230,13,1.0,230.0,0.0980187695516162,0.010817427574012741,0.0570262908498661,0.004797332806190937,0.0056186378747126,0.001338959290289121,609
874,0.3,247,315,13,1.0,315.0,0.0980187695516162,0.009891255772381901,0.0570262908498661,0.00433053634906385,0.0058095370925524,0.001307287850127803,609
874,0.5,411,441,13,1.666667,264.5999470800106,0.0980187695516162,0.008743991166157067,0.0570262908498661,0.0038689343044238595,0.0058095370925524,0.001275199756112156,609
875,0.1,80,123,13,1.0,123.0,0.0980187695516162,0.011326161228244144,0.0570262908498661,0.004677936061023541,0.0044179097289399,0.0011916911597935572,623
875,0.2,160,214,13,1.0,214.0,0.0980187695516162,0.009950006334479988,0.0570262908498661,0.004276844138316229,0.0044179097289399,0.0012117297909500968,623
875,0.3,240,302,13,1.0,302.0,0.0980187695516162,0.009460737937559083,0.0570262908498661,0.0041160998330974806,0.0052421649220672,0.0012641533486688664,623
875,0.5,400,433,13,1.5,288.6666666666667,0.0980187695516162,0.0086045173113833,0.0570262908498661,0.00373100652322839,0.0056186378747126,0.0012419409540928138,623
876,0.1,83,122,12,1.0,122.0,0.0980187695516162,0.01287201490623767,0.0464749058416465,0.0054934444650711475,0.0056186378747126,0.001344657852777546,625
876,0.2,165,229,13,1.0,229.0,0.0980187695516162,0.011046805487885353,0.0492079830055308,0.004907197737784733,0.0058095370925524,0.00137361935765049,625
876,0.3,247,315,13,1.0,315.0,0.0980187695516162,0.00982504924110759,0.0570262908498661,0.004426032105253253,0.0058095370925524,0.001312236978937798,625
876,0.5,412,430,13,1.6,268.75,0.0980187695516162,0.008710623954215829,0.0570262908498661,0.0038881921541928897,0.0058095370925524,0.0012721181525246039,625
877,0.1,79,128,12,1.0,128.0,0.0980187695516162,0.010785974973931134,0.0570262908498661,0.004718861987912781,0.0052421649220672,0.0012647083311387555,611
877,0.2,158,219,13,1.0,219.0,0.0980187695516162,0.010598940105989357,0.0570262908498661,0.0046619890356272555,0.0052421649220672,0.0012959783634187096,611
877,0.3,237,300,13,1.0,300.0,0.0980187695516162,0.009704553354188343,0.0570262908498661,0.0043160801503904665,0.0052421649220672,0.0012853030915323423,611
877,0.5,395,425,13,1.5,283.3333333333333,0.0980187695516162,0.008759124087591195,0.0570262908498661,0.003875906372112213,0.0052421649220672,0.0012669527245342206,611
878,0.1,83,121,13,1.0,121.0,0.0980187695516162,0.011444428166392281,0.0464749058416465,0.004718976867239864,0.0039956275909326,0.001186477827764986,624
878,0.2,165,218,13,1.0,218.0,0.0980187695516162,0.009724387980599011,0.0464749058416465,0.004120782886115029,0.0040871733233292,0.0012298393444863953,624
878,0.3,247,306,13,1.0,306.0,0.0980187695516162,0.00950063723786347,0.0570262908498661,0.004193188605339646,0.0058095370925524,0.001228722769534717,624
878,0.5,411,423,13,1.857143,227.76921324852205,0.0980187695516162,0.00838393026621008,0.0570262908498661,0.003659306767050273,0.0058095370925524,0.001225107951668134,624
879,0.1,82,122,13,1.0,122.0,0.0980187695516162,0.012632694575975614,0.0464749058416465,0.005263621606965656,0.0039254903849993,0.0013127240838442565,612
879,0.2,163,229,13,1.0,229.0,0.0980187695516162,0.010687078516103432,0.0492079830055308,0.004787576645010793,0.0058095370925524,0.0013766817189820458,612
879,0.3,244,314,13,1.0,314.0,0.0980187695516162,0.009660407935548532,0.0570262908498661,0.0042745169679559245,0.0058095370925524,0.0013204880368699982,612
879,0.5,406,432,13,1.666667,259.19994816001036,0.0980187695516162,0.008624435175530023,0.0570262908498661,0.003764964692724641,0.0058095370925524,0.0012680301582342916,612
880,0.1,85,127,13,1.0,127.0,0.0761209593326381,0.011314279145763668,0.0293591471972982,0.0045675662075966425,0.0056186378747126,0.0013286454119698031,626
880,0.2,170,218,13,1.0,218.0,0.0980187695516162,0.010767140848169396,0.0464749058416465,0.004528881613597839,0.0056186378747126,0.0013298073013035953,626
880,0.3,255,299,13,1.0,299.0,0.0980187695516162,0.009813734345628934,0.0570262908498661,0.0043560834790088345,0.0056186378747126,0.0012860372566919555,626
880,0.5,425,434,13,1.5,289.3333333333333,0.0980187695516162,0.008510208886945361,0.0570262908498661,0.0037139746724508763,0.0056186378747126,0.0012442014003805862,626
881,0.1,86,133,13,1.0,133.0,0.0980187695516162,0.01230134773848067,0.0464749058416465,0.005263106090238715,0.0056186378747126,0.0013758761781309315,615
881,0.2,172,225,13,1.0,225.0,0.0980187695516162,0.010645348163596293,0.0464749058416465,0.004553175843783508,0.0056186378747126,0.0012839855874369672,615
881,0.3,258,305,13,1.0,305.0,0.0980187695516162,0.009343749465802789,0.0464749058416465,0.00384658385300879,0.0056186378747126,0.0012151676841847525,615
881,0.5,429,430,13,1.5,286.6666666666667,0.0980187695516162,0.008511773407376824,0.0570262908498661,0.0036548019767205795,0.0058095370925524,0.0012440419437396073,615
882,0.1,83,121,13,1.0,121.0,0.0980187695516162,0.011435810374098316,0.0464749058416465,0.004857571409635066,0.0039956275909326,0.0013066540434758282,617
882,0.2,166,212,13,1.0,212.0,0.0980187695516162,0.01031931847246538,0.0492079830055308,0.004513023634444546,0.0056186378747126,0.0012866934381879846,617
882,0.3,249,291,13,1.0,291.0,0.0980187695516162,0.009775360215573884,0.0570262908498661,0.004356748253128545,0.0058095370925524,0.0012636853460366254,617
882,0.5,414,414,13,1.5,276.0,0.0980187695516162,0.00860397052082227,0.0570262908498661,0.003863047887236852,0.0058095370925524,0.001252027773537725,617
883,0.1,83,121,13,1.0,121.0,0.0980187695516162,0.011659872973741539,0.0464749058416465,0.004815118649328148,0.0048729601732022,0.0012281812054370346,618
883,0.2,166,215,13,1.0,215.0,0.0980187695516162,0.010252928195552494,0.0464749058416465,0.004383718521239623,0.0056186378747126,0.00130602438091726,618
883,0.3,249,300,13,1.0,300.0,0.0980187695516162,0.009068474104970406,0.0464749058416465,0.003931015607805748,0.0056186378747126,0.0012879571552059696,618
883,0.5,414,429,13,1.75,245.14285714285714,0.0980187695516162,0.008568074261504873,0.0570262908498661,0.0038196016121055556,0.0056186378747126,0.0013139252095151455,618
884,0.1,82,124,12,1.0,124.0,0.0980187695516162,0.011318914191530114,0.0464749058416465,0.004584239685234754,0.0052421649220672,0.001128337071222034,619
884,0.2,164,217,12,1.0,217.0,0.0980187695516162,0.009798032704958558,0.0464749058416465,0.004083626175621828,0.0058095370925524,0.0012580640473677724,619
884,0.3,246,292,13,1.0,292.0,0.0980187695516162,0.009149085091490806,0.0464749058416465,0.003917112293072025,0.0058095370925524,0.001230416171780345,619
884,0.5,409,422,13,1.666667,253.19994936001015,0.0980187695516162,0.008586649798121024,0.0570262908498661,0.003887575164129439,0.0058095370925524,0.0012880333664853467,619
885,0.1,83,129,12,1.0,129.0,0.0980187695516162,0.01155919845446237,0.0570262908498661,0.005522612571560996,0.0058095370925524,0.0013414332607820578,613
885,0.2,165,228,12,1.0,228.0,0.0980187695516162,0.010285750873534154,0.0570262908498661,0.004745107135840963,0.0058095370925524,0.0013349753720205398,613
885,0.3,247,313,12,1.0,313.0,0.0980187695516162,0.00988116615084265,0.0570262908498661,0.004664719417186362,0.0058095370925524,0.001348665871830359,613
885,0.5,412,430,13,1.666667,257.99994840001034,0.0980187695516162,0.00885612435434193,0.0570262908498661,0.00405404806185431,0.0058095370925524,0.0013171936558856103,613
886,0.1,82,120,13,1.0,120.0,0.0980187695516162,0.01358185610010423,0.0492079830055308,0.006088673637208982,0.0056186378747126,0.00135658296370467,612
886,0.2,164,209,13,1.0,209.0,0.0980187695516162,0.010602152361660575,0.0492079830055308,0.004789131369282623,0.0056186378747126,0.001295788332009106,612
886,0.3,246,286,13,1.0,286.0,0.0980187695516162,0.009184246410523738,0.0492079830055308,0.004078127834928576,0.0056186378747126,0.0012384177073906438,612
886,0.5,409,433,13,1.5,288.6666666666667,0.0980187695516162,0.008385370634826939,0.0570262908498661,0.003739962597028412,0.0058095370925524,0.001259777157343662,612
887,0.1,83,116,12,1.0,116.0,0.0980187695516162,0.012018625723634487,0.0492079830055308,0.005400199071237453,0.0045513414488271,0.0012234613424361922,631
887,0.2,166,213,13,1.0,213.0,0.0980187695516162,0.010647828577303191,0.0570262908498661,0.004610091676950784,0.0045513414488271,0.0012339402197854745,631
887,0.3,249,293,13,1.0,293.0,0.0980187695516162,0.009754899692868307,0.0570262908498661,0.004246433476617822,0.0056186378747126,0.0012168944056566843,631
887,0.5,415,427,13,1.5,284.6666666666667,0.0980187695516162,0.00863751028711109,0.0570262908498661,0.0038485306385857582,0.0058095370925524,0.0012380007848859322,631
888,0.1,87,135,12,1.0,135.0,0.0980187695516162,0.012543930792105931,0.0492079830055308,0.005439004433996921,0.0045513414488271,0.0013148514200921903,618
888,0.2,174,241,12,1.0,241.0,0.0980187695516162,0.010401568023399158,0.0570262908498661,0.00442718948262118,0.0045513414488271,0.001268235366122828,618
888,0.3,261,320,12,1.0,320.0,0.0980187695516162,0.009381517205422272,0.0570262908498661,0.004060253721137519,0.0052421649220672,0.0012783188121675629,618
888,0.5,434,433,13,1.666667,259.7999480400104,0.0980187695516162,0.008708070136569273,0.0570262908498661,0.0038690530531880585,0.0056186378747126,0.0012967614611762467,618
889,0.1,81,129,13,1.0,129.0,0.0980187695516162,0.011163114031896876,0.0464749058416465,0.004356455210330692,0.0032604583829249,0.0011165293153294628,633
889,0.2,162,224,13,1.0,224.0,0.0980187695516162,0.009594257410993552,0.0492079830055308,0.004055529902108121,0.0056186378747126,0.0012082182991089816,633
889,0.3,243,299,13,1.0,299.0,0.0980187695516162,0.008927917528361787,0.0570262908498661,0.004004118283315509,0.0058095370925524,0.0012364934513560044,633
889,0.5,405,447,13,1.5,298.0,0.0980187695516162,0.00830469845313323,0.0570262908498661,0.0037169894964030857,0.0058095370925524,0.001250970540586493,633
890,0.1,83,128,13,1.0,128.0,0.0980187695516162,0.010761535453597454,0.0464749058416465,0.004327421167809419,0.0039956275909326,0.001151746179697675,622
890,0.2,166,233,13,1.0,233.0,0.0980187695516162,0.009724901206997589,0.0570262908498661,0.00422295201119795,0.0052421649220672,0.0012585500048637112,622
890,0.3,248,314,13,1.0,314.0,0.0980187695516162,0.009275187130968388,0.0570262908498661,0.004054765428379503,0.0058095370925524,0.0012817659062641493,622
890,0.5,413,427,13,1.5,284.6666666666667,0.0980187695516162,0.008696119347583431,0.0570262908498661,0.0038008185115918323,0.0058095370925524,0.0012820910847621382,622
891,0.1,84,123,12,1.0,123.0,0.0980187695516162,0.012801275040904694,0.0492079830055308,0.006049056306019021,0.0056186378747126,0.0014461686060068804,617
891,0.2,168,213,13,1.0,213.0,0.0980187695516162,0.01079959073173832,0.0492079830055308,0.004803124018403039,0.0058095370925524,0.001331739700137719,617
891,0.3,252,305,13,1.0,305.0,0.0980187695516162,0.00977452606027449,0.0570262908498661,0.0043157847613076155,0.0058095370925524,0.0012660512760416678,617
891,0.5,420,425,13,1.666667,254.99994900001022,0.0980187695516162,0.00868797153898051,0.0570262908498661,0.003838450741959259,0.0058095370925524,0.0012824046275976323,617
892,0.1,81,127,13,1.0,127.0,0.0980187695516162,0.010813429343229864,0.0464749058416465,0.004261766836799588,0.0052421649220672,0.0012595423603740425,607
892,0.2,162,229,13,1.0,229.0,0.0980187695516162,0.0099903921023992,0.0570262908498661,0.004328124344764438,0.0052421649220672,0.0012622226602628061,607
892,0.3,242,312,13,1.0,312.0,0.0980187695516162,0.0096187267720114,0.0570262908498661,0.004334918326982423,0.0058095370925524,0.0012954369869822245,607
892,0.5,403,423,13,1.5,282.0,0.0980187695516162,0.008763561333836177,0.0570262908498661,0.003975891853545107,0.0058095370925524,0.0012988463359381117,607
893,0.1,84,130,12,1.0,130.0,0.0980187695516162,0.011341942728804,0.0464749058416465,0.004647772045843127,0.0058095370925524,0.0012480693330639008,640
893,0.2,167,230,12,1.0,230.0,0.0980187695516162,0.009788275830801968,0.0464749058416465,0.003990406096638405,0.0058095370925524,0.0012095353999802274,640
893,0.3,251,317,12,1.0,317.0,0.0980187695516162,0.009141357157659583,0.0464749058416465,0.0038659351164647263,0.0058095370925524,0.001178038930430075,640
893,0.5,418,438,13,1.666667,262.79994744001056,0.0980187695516162,0.0085372415139438,0.0570262908498661,0.003820277034961128,0.0058095370925524,0.0012599072688135632,640
894,0.1,84,122,13,1.0,122.0,0.0980187695516162,0.01312842954580416,0.0570262908498661,0.005799675066581671,0.0056186378747126,0.0013236453347718002,611
894,0.2,167,215,13,1.0,215.0,0.0980187695516162,0.010553629022479766,0.0570262908498661,0.004556584458252792,0.0056186378747126,0.0012489432977347576,611
894,0.3,251,286,13,1.0,286.0,0.0980187695516162,0.009636349052407402,0.0570262908498661,0.004319478668644187,0.0058095370925524,0.0012992325076234378,611
894,0.5,417,421,13,1.666667,252.5999494800101,0.0980187695516162,0.008864637798181453,0.0570262908498661,0.003967560396389899,0.0058095370925524,0.0012931399059583394,611
895,0.1,84,133,12,1.0,133.0,0.0980187695516162,0.010748978807811978,0.0570262908498661,0.005170159779388268,0.0048729601732022,0.0014093939423453518,624
895,0.2,168,233,13,1.0,233.0,0.0980187695516162,0.0101232059504043,0.0570262908498661,0.0047647339619832614,0.0052421649220672,0.001379238683722039,624
895,0.3,252,310,13,1.0,310.0,0.0980187695516162,0.009721147700898068,0.0570262908498661,0.004398483286708977,0.0056186378747126,0.0013302033813645442,624
895,0.5,419,446,13,1.5,297.3333333333333,0.0980187695516162,0.008486979617220808,0.0570262908498661,0.0037573652337062396,0.0058095370925524,0.0012635195388341729,624
896,0.1,87,132,13,1.0,132.0,0.0980187695516162,0.012410339052674774,0.0492079830055308,0.005784935749123838,0.0056186378747126,0.00143772283353936,660
896,0.2,174,239,13,1.0,239.0,0.0980187695516162,0.010580233070536293,0.0570262908498661,0.004978687724092054,0.0056186378747126,0.0013995712785615792,660
896,0.3,261,328,13,1.0,328.0,0.0980187695516162,0.009168595335588347,0.0570262908498661,0.004113448913785229,0.0056186378747126,0.0012977676999096303,660
896,0.5,435,455,13,1.5,303.3333333333333,0.0980187695516162,0.008387858231445255,0.0570262908498661,0.0037653987702706885,0.0056186378747126,0.0012680779580164447,660
897,0.1,82,120,13,1.0,120.0,0.0980187695516162,0.010444907890163316,0.0464749058416465,0.0042635102179721775,0.0040871733233292,0.0012981480669394042,618
897,0.2,164,220,13,1.0,220.0,0.0980187695516162,0.009929851170727038,0.0570262908498661,0.004346744110472468,0.0058095370925524,0.001300514671480859,618
897,0.3,246,308,13,1.0,308.0,0.0980187695516162,0.009103774223690757,0.0570262908498661,0.004043357009998337,0.0058095370925524,0.001283886610648825,618
897,0.5,410,418,13,1.8,232.22222222222223,0.0980187695516162,0.00857901222864722,0.0570262908498661,0.003733223746872918,0.0058095370925524,0.0012762358887159165,618
898,0.1,85,133,12,1.0,133.0,0.0980187695516162,0.011391879072028304,0.0570262908498661,0.005247559949809143,0.0058095370925524,0.0012662961355686007,624
898,0.2,170,229,12,1.0,229.0,0.0980187695516162,0.010350119074181121,0.0570262908498661,0.004989997146706644,0.0058095370925524,0.0013575228062472423,624
898,0.3,255,300,13,1.0,300.0,0.0980187695516162,0.009596802224539406,0.0570262908498661,0.004443318414521445,0.0058095370925524,0.0012991900324075068,624
898,0.5,424,437,13,1.666667,262.1999475600105,0.0980187695516162,0.008647451698112263,0.0570262908498661,0.0038906020428537327,0.0058095370925524,0.0012866301960928347,624
899,0.1,85,125,13,1.0,125.0,0.0980187695516162,0.011428571428571389,0.0570262908498661,0.004837422794933952,0.0052421649220672,0.0012539000917504719,618
899,0.2,170,225,13,1.0,225.0,0.0980187695516162,0.010251419302514149,0.0570262908498661,0.004496394309988575,0.0056186378747126,0.001258498307619148,618
899,0.3,254,305,13,1.0,305.0,0.0980187695516162,0.009805295817022467,0.0570262908498661,0.004226710657224663,0.0056186378747126,0.0012589753270000874,618
899,0.5,423,447,13,1.75,255.42857142857142,0.0980187695516162,0.008500652012139745,0.0570262908498661,0.003669885325767853,0.0056186378747126,0.001269636816272564,618
900,0.1,89,137,13,1.0,137.0,0.0980187695516162,0.010602589376098842,0.0570262908498661,0.005148059636526486,0.0058095370925524,0.0013913025164206739,641
900,0.2,177,240,13,1.0,240.0,0.0980187695516162,0.009780152937087198,0.0570262908498661,0.00451940220127296,0.0058095370925524,0.0012808178537498545,641
900,0.3,266,334,13,1.0,334.0,0.0980187695516162,0.009122526583954049,0.0570262908498661,0.004162722774943347,0.0058095370925524,0.00130429810780176,641
900,0.5,443,445,13,1.714286,259.58329006945166,0.0980187695516162,0.008588065752012234,0.0570262908498661,0.0038248247034753514,0.0058095370925524,0.00127816328425844,641
901,0.1,82,125,13,1.0,125.0,0.0980187695516162,0.011862356621480667,0.0570262908498661,0.005507402184815863,0.0052421649220672,0.0012512482481689098,630
901,0.2,164,222,13,1.0,222.0,0.0980187695516162,0.01084556923972978,0.0570262908498661,0.004755591164886037,0.0056186378747126,0.0012249637345347173,630
901,0.3,246,316,13,1.0,316.0,0.0980187695516162,0.009411174614907359,0.0570262908498661,0.004161588923759886,0.0056186378747126,0.0012213476959568746,630
901,0.5,409,434,13,1.571429,276.18174285952466,0.0980187695516162,0.00858228857825207,0.0570262908498661,0.0038464712880093748,0.0056186378747126,0.0012333672476272889,630
902,0.1,82,136,12,1.0,136.0,0.0980187695516162,0.01254370361283195,0.0464749058416465,0.005425352431575394,0.0056186378747126,0.0014290688421868037,619
902,0.2,163,228,13,1.0,228.0,0.0980187695516162,0.01038636737829972,0.0492079830055308,0.004604455484288206,0.0056186378747126,0.0013463002188419972,619
902,0.3,245,303,13,1.0,303.0,0.0980187695516162,0.009663531525206697,0.0492079830055308,0.004190662078313754,0.0056186378747126,0.0013210519409050114,619
902,0.5,408,423,13,1.5,282.0,0.0980187695516162,0.008608257715261863,0.0570262908498661,0.003838111238928008,0.0056186378747126,0.0012702400147766911,619
903,0.1,86,136,13,1.0,136.0,0.0980187695516162,0.012313684597926717,0.0570262908498661,0.005892212711328241,0.0058095370925524,0.0014860000049503766,642
903,0.2,172,233,13,1.0,233.0,0.0980187695516162,0.010785555411350298,0.0570262908498661,0.005236922188891957,0.0058095370925524,0.0014023401119143632,642
903,0.3,258,317,13,1.0,317.0,0.0980187695516162,0.009700562165504899,0.0570262908498661,0.004510798683034574,0.0058095370925524,0.0013014364900133905,642
903,0.5,429,449,13,1.5,299.3333333333333,0.0980187695516162,0.008488333476547304,0.0570262908498661,0.0038205530372421226,0.0058095370925524,0.0012433583913223209,642
904,0.1,83,137,13,1.0,137.0,0.0761209593326381,0.011972629640059932,0.0570262908498661,0.005383386524696822,0.0056186378747126,0.0014407346112305832,615
904,0.2,166,229,13,1.0,229.0,0.0980187695516162,0.010855558237064583,0.0570262908498661,0.004840913375192643,0.0056186378747126,0.0013579221893794018,615
904,0.3,249,314,13,1.0,314.0,0.0980187695516162,0.009344925380073412,0.0570262908498661,0.004002177187939069,0.0056186378747126,0.0012594258430128399,615
904,0.5,415,435,13,1.666667,260.99994780001043,0.0980187695516162,0.008600913307683965,0.0570262908498661,0.00382213429299837,0.0056186378747126,0.001298002142699613,615
905,0.1,81,120,12,1.0,120.0,0.0980187695516162,0.013121306916927315,0.0570262908498661,0.005707332668208952,0.0039254903849993,0.0013438190324994185,614
905,0.2,162,213,13,1.0,213.0,0.0980187695516162,0.010241497647686563,0.0570262908498661,0.004361886087753709,0.0039254903849993,0.0012171198324410558,614
905,0.3,243,295,13,1.0,295.0,0.0980187695516162,0.009494353228115402,0.0570262908498661,0.0042614205173847775,0.0058095370925524,0.001302016150876573,614
905,0.5,404,420,13,1.5,280.0,0.0980187695516162,0.008533194299617613,0.0570262908498661,0.003782422020439207,0.0058095370925524,0.001260961795914011,614
906,0.1,85,123,12,1.0,123.0,0.0980187695516162,0.011182040913214094,0.0570262908498661,0.005236382109091421,0.0045513414488271,0.0012298947409745378,639
906,0.2,170,236,12,1.0,236.0,0.0980187695516162,0.010034287128187862,0.0570262908498661,0.0045574156928063405,0.0056186378747126,0.001303830073223921,639
906,0.3,255,317,12,1.0,317.0,0.0980187695516162,0.008871622977404783,0.0570262908498661,0.003978038123603532,0.0056186378747126,0.0012290660316041711,639
906,0.5,424,438,12,1.5,292.0,0.0980187695516162,0.008399160083991556,0.0570262908498661,0.0037753526646484947,0.0058095370925524,0.0012574051491432185,639
907,0.1,82,132,13,1.0,132.0,0.0980187695516162,0.012750023698928765,0.0570262908498661,0.005944178631140489,0.0052421649220672,0.0014817126558534892,616
907,0.2,164,227,13,1.0,227.0,0.0980187695516162,0.010836361297790881,0.0570262908498661,0.005080194051042229,0.0056186378747126,0.0014028296793909861,616
907,0.3,246,308,13,1.0,308.0,0.0980187695516162,0.00975041642403473,0.0570262908498661,0.004524041934998167,0.0056186378747126,0.0013416996380763136,616
907,0.5,409,430,13,1.5,286.6666666666667,0.0980187695516162,0.008700923927540755,0.0570262908498661,0.0038618867759441424,0.0058095370925524,0.0012523063067964577,616
908,0.1,86,127,13,1.0,127.0,0.0980187695516162,0.012110712438317428,0.0464749058416465,0.005227711984770024,0.0056186378747126,0.001334463667747012,628
908,0.2,172,231,13,1.0,231.0,0.0980187695516162,0.010413986430670435,0.0464749058416465,0.00440554484940775,0.0056186378747126,0.0013299146112112272,628
908,0.3,257,314,13,1.0,314.0,0.0980187695516162,0.009471118402263461,0.0464749058416465,0.003994188191164902,0.0056186378747126,0.0012616623771545836,628
908,0.5,428,438,13,1.666667,262.79994744001056,0.0980187695516162,0.008611043657538965,0.0492079830055308,0.003722429725045291,0.0056186378747126,0.0012665635538629204,628
909,0.1,87,128,13,1.0,128.0,0.0980187695516162,0.012195320646506731,0.0464749058416465,0.005330343975641423,0.0058095370925524,0.0013961241357621156,642
909,0.2,173,230,13,1.0,230.0,0.0980187695516162,0.010218978102189736,0.0570262908498661,0.0045971925029974535,0.0058095370925524,0.0013554791306158434,642
909,0.3,260,318,13,1.0,318.0,0.0980187695516162,0.00917491359579222,0.0570262908498661,0.0042023526956368245,0.0058095370925524,0.0013340595791833203,642
909,0.5,432,462,13,1.5,308.0,0.0980187695516162,0.008366850389790908,0.0570262908498661,0.003711266239099339,0.0058095370925524,0.0012813146423644082,642
910,0.1,81,124,12,1.0,124.0,0.0980187695516162,0.011604830300380054,0.0464749058416465,0.005295375213618766,0.0052421649220672,0.001390168005472433,627
910,0.2,161,231,13,1.0,231.0,0.0980187695516162,0.010450099084092784,0.0570262908498661,0.004966475535488075,0.0052421649220672,0.001400237565401321,627
910,0.3,241,307,13,1.0,307.0,0.0980187695516162,0.00958177797855389,0.0570262908498661,0.004374751658611711,0.0052421649220672,0.0013298840236543696,627
910,0.5,401,430,13,1.5,286.6666666666667,0.0980187695516162,0.008482673327351604,0.0570262908498661,0.0037915611408668747,0.0056186378747126,0.001271502411866297,627
911,0.1,86,131,12,1.0,131.0,0.0980187695516162,0.010753886443416683,0.0570262908498661,0.005009445981242071,0.0040871733233292,0.0013391041560032648,624
911,0.2,171,241,12,1.0,241.0,0.0980187695516162,0.009454004214279181,0.0570262908498661,0.0041743923216761665,0.0040871733233292,0.0012890087593913418,624
911,0.3,257,322,12,1.0,322.0,0.0980187695516162,0.009083608054456268,0.0570262908498661,0.004052310338947194,0.0056186378747126,0.001286822768430617,624
911,0.5,427,437,13,1.5,291.3333333333333,0.0980187695516162,0.008377815373088342,0.0570262908498661,0.0036637264236081793,0.0056186378747126,0.0012878259627226915,624
912,0.1,87,130,13,1.0,130.0,0.0980187695516162,0.012553140290366527,0.0570262908498661,0.005675529995840643,0.0044179097289399,0.0014018469669254338,648
912,0.2,174,216,13,1.0,216.0,0.0980187695516162,0.010538562545861772,0.0570262908498661,0.004719071082959903,0.0056186378747126,0.0013184497692537434,648
912,0.3,261,300,13,1.0,300.0,0.0980187695516162,0.009701077511296445,0.0570262908498661,0.004254243219362941,0.0056186378747126,0.0012788602461649436,648
912,0.5,434,432,13,1.75,246.85714285714286,0.0980187695516162,0.008479608388367468,0.0570262908498661,0.00375478962424805,0.0056186378747126,0.001252748756891439,648
913,0.1,86,136,13,1.0,136.0,0.0980187695516162,0.011937986873581503,0.0464749058416465,0.004999069736026089,0.0052421649220672,0.0013236856305222523,621
913,0.2,171,222,13,1.0,222.0,0.0980187695516162,0.010446317015660036,0.0464749058416465,0.004387310919400833,0.0058095370925524,0.0013206843400606688,621
913,0.3,256,305,13,1.0,305.0,0.0980187695516162,0.009388194669994314,0.0570262908498661,0.004041542053037622,0.0058095370925524,0.0012606063289834382,621
913,0.5,426,434,13,1.666667,260.39994792001045,0.0980187695516162,0.008685602802458354,0.0570262908498661,0.003757209653076795,0.0058095370925524,0.0012646037512278974,621
914,0.1,84,127,13,1.0,127.0,0.0980187695516162,0.012028605913311887,0.0464749058416465,0.005104933841619468,0.0056186378747126,0.0013287745399539002,645
914,0.2,167,213,13,1.0,213.0,0.0980187695516162,0.009766628970905683,0.0492079830055308,0.004471496001797135,0.0056186378747126,0.0013611123127963733,645
914,0.3,250,298,13,1.0,298.0,0.0980187695516162,0.00920981727330618,0.0492079830055308,0.004193636675990953,0.0056186378747126,0.0013190568877616507,645
914,0.5,417,434,13,1.5,289.3333333333333,0.0980187695516162,0.008366049504331945,0.0570262908498661,0.0037855746922152073,0.0056186378747126,0.0012911197312180653,645
915,0.1,85,124,12,1.0,124.0,0.0980187695516162,0.011638467489656521,0.0570262908498661,0.005092511343928456,0.0039956275909326,0.001261645765993813,634
915,0.2,169,217,12,1.0,217.0,0.0980187695516162,0.010879228074559188,0.0570262908498661,0.004500306363008761,0.0039956275909326,0.0012658556302679873,634
915,0.3,254,293,13,1.0,293.0,0.0980187695516162,0.009826077363009632,0.0570262908498661,0.004229578414830059,0.0056186378747126,0.0012853658169490845,634
915,0.5,422,424,13,1.5,282.6666666666667,0.0980187695516162,0.008504338245420694,0.0570262908498661,0.0035930145436634435,0.0056186378747126,0.0012284607785434146,634
916,0.1,85,125,13,1.0,125.0,0.0980187695516162,0.011912408759124044,0.0570262908498661,0.005228990520323608,0.0056186378747126,0.0012616550679679555,628
916,0.2,170,223,13,1.0,223.0,0.0980187695516162,0.010764202247296047,0.0570262908498661,0.00483763064134687,0.0058095370925524,0.0013297707348050275,628
916,0.3,254,311,13,1.0,311.0,0.0980187695516162,0.009374717098799952,0.0570262908498661,0.004096923535591904,0.0058095370925524,0.001243942984672468,628
916,0.5,423,451,13,1.5,300.6666666666667,0.0980187695516162,0.008515429736722197,0.0570262908498661,0.0037561680047766208,0.0058095370925524,0.0012713868599182802,628
917,0.1,82,125,13,1.0,125.0,0.0980187695516162,0.01143691345151194,0.0464749058416465,0.004538191628137945,0.0044179097289399,0.0012556269568777712,610
917,0.2,163,215,13,1.0,215.0,0.0980187695516162,0.010679729369255719,0.0464749058416465,0.004668706082599908,0.0056186378747126,0.001364006538775135,610
917,0.3,245,290,13,1.0,290.0,0.0980187695516162,0.009798281255618232,0.0464749058416465,0.004243054299856066,0.0056186378747126,0.0013016017105960673,610
917,0.5,408,414,13,1.714286,241.49995975000672,0.0980187695516162,0.00873746303768514,0.0570262908498661,0.00391183888529259,0.0056186378747126,0.001289188771844656,610
918,0.1,84,130,13,1.0,130.0,0.0761209593326381,0.010692227480548605,0.0570262908498661,0.0047117642127401105,0.0045513414488271,0.00132944415076316,628
918,0.2,168,228,13,1.0,228.0,0.0761209593326381,0.009672904889962086,0.0570262908498661,0.004317202541083856,0.0052421649220672,0.0013092229874493747,628
918,0.3,251,307,13,1.0,307.0,0.0980187695516162,0.009228532707455129,0.0570262908498661,0.0041603429817086285,0.0056186378747126,0.0012822947037954926,628
918,0.5,418,438,13,1.5,292.0,0.0980187695516162,0.008361068655039211,0.0570262908498661,0.00372651619461229,0.0058095370925524,0.0012617264683623514,628
919,0.1,88,135,13,1.0,135.0,0.0980187695516162,0.012080485073185755,0.0570262908498661,0.005710971450457252,0.0056186378747126,0.0013953140048132823,643
919,0.2,175,233,13,1.0,233.0,0.0980187695516162,0.010803456748132621,0.0570262908498661,0.004936194049172766,0.0056186378747126,0.0013210286125975052,643
919,0.3,263,314,13,1.0,314.0,0.0980187695516162,0.00948108100927846,0.0570262908498661,0.004194451459443903,0.0056186378747126,0.0012516194916450325,643
919,0.5,438,431,13,1.666667,258.5999482800104,0.0980187695516162,0.008521057075598328,0.0570262908498661,0.0037747349002268467,0.0056186378747126,0.0012511074048995015,643
920,0.1,83,123,12,1.0,123.0,0.0980187695516162,0.011894164822774358,0.0492079830055308,0.005156684396028939,0.0045513414488271,0.0013391698991419047,624
920,0.2,165,217,12,1.0,217.0,0.0980187695516162,0.010465971177734061,0.0492079830055308,0.004673051941923462,0.0056186378747126,0.0013352138057818642,624
920,0.3,247,299,12,1.0,299.0,0.0980187695516162,0.009287126710166972,0.0570262908498661,0.0040937309724925,0.0056186378747126,0.0012409838130522238,624
920,0.5,411,434,13,1.5,289.3333333333333,0.0980187695516162,0.008565469983613839,0.0570262908498661,0.0037949430073815045,0.0058095370925524,0.0012588267065764365,624
921,0.1,83,121,12,1.0,121.0,0.0980187695516162,0.012288971811201366,0.0570262908498661,0.005492063920690057,0.0045513414488271,0.001260546247073097,615
921,0.2,166,220,13,1.0,220.0,0.0980187695516162,0.010124182386956065,0.0570262908498661,0.004483775022791141,0.0045513414488271,0.0012293073440655812,615
921,0.3,249,297,13,1.0,297.0,0.0980187695516162,0.009226782949410643,0.0570262908498661,0.004136047300667738,0.0058095370925524,0.001224740030475764,615
921,0.5,415,427,13,2.0,213.5,0.0980187695516162,0.008520292166166411,0.0570262908498661,0.0038294113667809186,0.0058095370925524,0.001246624884681196,615
922,0.1,83,119,13,1.0,119.0,0.0980187695516162,0.011855837225401069,0.0464749058416465,0.004909493638452708,0.0039956275909326,0.001289672215266092,619
922,0.2,165,216,13,1.0,216.0,0.0980187695516162,0.009978565635499901,0.0464749058416465,0.004231863132612882,0.0056186378747126,0.0012924116107045922,619
922,0.3,248,297,13,1.0,297.0,0.0980187695516162,0.00938828676054949,0.0464749058416465,0.004002480526120612,0.0058095370925524,0.0012740262090345387,619
922,0.5,412,429,13,1.75,245.14285714285714,0.0980187695516162,0.00844897195262154,0.0570262908498661,0.0037710081552452023,0.0058095370925524,0.001272010705152723,619
923,0.1,80,115,13,1.0,115.0,0.0980187695516162,0.012649045654440723,0.0464749058416465,0.005477411232381375,0.0040871733233292,0.0013642576864901356,604
923,0.2,160,204,13,1.0,204.0,0.0980187695516162,0.010453086344026617,0.0464749058416465,0.004479715657793157,0.0056186378747126,0.0013364097384325887,604
923,0.3,240,285,13,1.0,285.0,0.0980187695516162,0.009593326381647506,0.0464749058416465,0.004171072930697443,0.0058095370925524,0.0013080665912164095,604
923,0.5,400,422,13,1.5,281.3333333333333,0.0980187695516162,0.008690430889206227,0.0570262908498661,0.003872248300832858,0.0058095370925524,0.0012863884965075144,604
924,0.1,84,129,13,1.0,129.0,0.0980187695516162,0.01232711723290568,0.0570262908498661,0.005299673834919766,0.0039956275909326,0.0013153856486782533,616
924,0.2,167,214,13,1.0,214.0,0.0980187695516162,0.010812470154853631,0.0570262908498661,0.004701943847587517,0.0056186378747126,0.0013205294339363734,616
924,0.3,250,292,13,1.0,292.0,0.0980187695516162,0.009691887954061692,0.0570262908498661,0.00424099923218993,0.0056186378747126,0.0012675669044142318,616
924,0.5,416,424,13,1.5,282.6666666666667,0.0980187695516162,0.008642060322269614,0.0570262908498661,0.0037900079026327335,0.0056186378747126,0.0012386226696583151,616
925,0.1,80,123,13,1.0,123.0,0.0980187695516162,0.011020965267004032,0.0464749058416465,0.004447881604549363,0.0039956275909326,0.0011849291909227413,621
925,0.2,160,216,13,1.0,216.0,0.0980187695516162,0.009920634920634877,0.0570262908498661,0.004268114901762847,0.0039956275909326,0.0012369759323939064,621
925,0.3,240,291,13,1.0,291.0,0.0980187695516162,0.009753860156448718,0.0570262908498661,0.004179541114366838,0.0056186378747126,0.0012265350153113975,621
925,0.5,400,419,13,1.333333,314.2500785625196,0.0980187695516162,0.008660572742589315,0.0570262908498661,0.0038585600494580683,0.0056186378747126,0.0012616723099244831,621
926,0.1,78,114,13,1.0,114.0,0.0980187695516162,0.011845306697400393,0.0464749058416465,0.005061717912990633,0.0052421649220672,0.0013404373884225466,612
926,0.2,156,207,13,1.0,207.0,0.0980187695516162,0.009792809538921842,0.0464749058416465,0.003956404335083714,0.0052421649220672,0.0012268259297839423,612
926,0.3,234,289,13,1.0,289.0,0.0980187695516162,0.009348694394030646,0.0570262908498661,0.004238191817531133,0.0056186378747126,0.0012981947043326691,612
926,0.5,390,417,13,1.5,278.0,0.0980187695516162,0.00859208358026817,0.0570262908498661,0.0037803724538732885,0.0056186378747126,0.001252781471411055,612
927,0.1,86,138,13,1.0,138.0,0.0980187695516162,0.01253570295144394,0.0492079830055308,0.0055396297700396994,0.0052421649220672,0.0015314401123244369,604
927,0.2,171,226,13,1.0,226.0,0.0980187695516162,0.010648998311293982,0.0492079830055308,0.004685476881059572,0.0052421649220672,0.0014040341356631517,604
927,0.3,256,293,13,1.0,293.0,0.0980187695516162,0.009637456537135125,0.0492079830055308,0.00419765881828745,0.0056186378747126,0.0013392464407772935,604
927,0.5,426,431,13,1.5,287.3333333333333,0.0980187695516162,0.008547670257833304,0.0570262908498661,0.003829911510336573,0.0058095370925524,0.001276899067742689,604
928,0.1,84,127,13,1.0,127.0,0.0980187695516162,0.011782286338295258,0.0464749058416465,0.0045204305049695095,0.0044179097289399,0.0012268147350096457,627
928,0.2,168,229,13,1.0,229.0,0.0980187695516162,0.01037744011001266,0.0570262908498661,0.004630190439142482,0.0045513414488271,0.0012820576825660602,627
928,0.3,252,303,13,1.0,303.0,0.0980187695516162,0.010042088671849412,0.0570262908498661,0.00437343317788756,0.0056186378747126,0.0012594389492097614,627
928,0.5,419,430,13,1.666667,257.99994840001034,0.0980187695516162,0.008700923927540754,0.0570262908498661,0.0038439896356543633,0.0056186378747126,0.001281443136446689,627
929,0.1,85,116,12,1.0,116.0,0.0980187695516162,0.013196217324080354,0.0464749058416465,0.005762480678745481,0.0056186378747126,0.0013539998126370517,630
929,0.2,170,218,13,1.0,218.0,0.0980187695516162,0.009781787221015734,0.0464749058416465,0.004102554566479114,0.0056186378747126,0.001240472617032067,630
929,0.3,254,295,13,1.0,295.0,0.0980187695516162,0.00892879235078909,0.0464749058416465,0.0038432070687351356,0.0056186378747126,0.001254213637923346,630
929,0.5,423,435,13,1.5,290.0,0.0980187695516162,0.008315654477245171,0.0570262908498661,0.0035638728586589274,0.0056186378747126,0.0012357702504200046,630
930,0.1,85,133,13,1.0,133.0,0.0980187695516162,0.011838773158129902,0.0570262908498661,0.005599489740165697,0.0045513414488271,0.0013875744270788535,627
930,0.2,169,229,13,1.0,229.0,0.0980187695516162,0.010691632022075355,0.0570262908498661,0.0046966762135866895,0.0045513414488271,0.0013033102352845642,627
930,0.3,253,315,13,1.0,315.0,0.0980187695516162,0.009295396990913108,0.0570262908498661,0.004041113239967521,0.0045513414488271,0.0012022199954517402,627
930,0.5,421,436,13,1.75,249.14285714285714,0.0980187695516162,0.008574011537247277,0.0570262908498661,0.003724088965080954,0.0058095370925524,0.0012214314180841192,627
931,0.1,85,130,13,1.0,130.0,0.0980187695516162,0.012408759124087544,0.0570262908498661,0.005456529958148873,0.0056186378747126,0.0013818073639996985,623
931,0.2,169,227,13,1.0,227.0,0.0980187695516162,0.010344843426292945,0.0570262908498661,0.0045478489931292275,0.0056186378747126,0.001341755017643341,623
931,0.3,253,302,13,1.0,302.0,0.0980187695516162,0.009319172150902177,0.0570262908498661,0.0040870451244867274,0.0056186378747126,0.0013080876703179803,623
931,0.5,422,436,13,1.666667,261.5999476800105,0.0980187695516162,0.008566836632195186,0.0570262908498661,0.0038036595808719513,0.0058095370925524,0.0012942154748207437,623
932,0.1,83,126,13,1.0,126.0,0.0980187695516162,0.012347518082658812,0.0570262908498661,0.005632113118649572,0.0052421649220672,0.0012953605744123072,612
932,0.2,166,219,13,1.0,219.0,0.0980187695516162,0.010113274386846987,0.0570262908498661,0.00434553458293139,0.0052421649220672,0.0012172722937448378,612
932,0.3,248,299,13,1.0,299.0,0.0980187695516162,0.009192965079985028,0.0570262908498661,0.004031627291044654,0.0052421649220672,0.001241906177035585,612
932,0.5,413,415,13,1.75,237.14285714285714,0.0980187695516162,0.008620927924419217,0.0570262908498661,0.0038002443549313317,0.0056186378747126,0.001267097913789557,612
933,0.1,83,128,13,1.0,128.0,0.0980187695516162,0.010606751824817472,0.0464749058416465,0.004760679993843774,0.0058095370925524,0.0013705125673535718,634
933,0.2,166,235,13,1.0,235.0,0.0980187695516162,0.00931377986821374,0.0464749058416465,0.004051112920969179,0.0058095370925524,0.001282858721860532,634
933,0.3,249,320,13,1.0,320.0,0.0980187695516162,0.0089578988529718,0.0570262908498661,0.004072915919162286,0.0058095370925524,0.0012655861584036602,634
933,0.5,415,448,13,1.5,298.6666666666667,0.0980187695516162,0.008749348279457723,0.0570262908498661,0.004009009555630623,0.0058095370925524,0.0012877675868654393,634
934,0.1,85,137,13,1.0,137.0,0.0980187695516162,0.01181279160926447,0.0570262908498661,0.005281927179250298,0.0058095370925524,0.001320596935364651,648
934,0.2,169,232,13,1.0,232.0,0.0980187695516162,0.010171335083240399,0.0570262908498661,0.004666304235998506,0.0058095370925524,0.0013089057846759967,648
934,0.3,254,313,13,1.0,313.0,0.0980187695516162,0.009408096159804329,0.0570262908498661,0.004256123223362806,0.0058095370925524,0.0012957575322052855,648
934,0.5,423,437,13,1.666667,262.1999475600105,0.0980187695516162,0.00858063915739837,0.0570262908498661,0.003910088119676992,0.0058095370925524,0.0012932220985062788,648
935,0.1,88,124,12,1.0,124.0,0.0980187695516162,0.013757610414073758,0.0464749058416465,0.0058670779752438345,0.0056186378747126,0.0013770942372601587,639
935,0.2,176,227,13,1.0,227.0,0.0980187695516162,0.01028053267675116,0.0464749058416465,0.004272030649055551,0.0056186378747126,0.0012285086334936739,639
935,0.3,263,303,13,1.0,303.0,0.0980187695516162,0.009322830093228257,0.0464749058416465,0.003967845669703795,0.0056186378747126,0.0012431771630426437,639
935,0.5,438,425,13,1.666667,254.99994900001022,0.0980187695516162,0.008567748267190041,0.0570262908498661,0.003757548555608763,0.0056186378747126,0.0012643467237339976,639
936,0.1,81,120,13,1.0,120.0,0.0980187695516162,0.012452207160236308,0.0464749058416465,0.005547525212408882,0.0058095370925524,0.0014437618408189366,620
936,0.2,162,221,13,1.0,221.0,0.0980187695516162,0.01010196330076102,0.0570262908498661,0.004410038104967501,0.0058095370925524,0.0013324447746571677,620
936,0.3,243,304,13,1.0,304.0,0.0980187695516162,0.009432797321771536,0.0570262908498661,0.0040201578782677145,0.0058095370925524,0.0012924528488238377,620
936,0.5,404,427,13,1.666667,256.1999487600103,0.0980187695516162,0.008688793215024386,0.0570262908498661,0.003883667845930784,0.0058095370925524,0.0013034552692190722,620
937,0.1,82,127,13,1.0,127.0,0.0980187695516162,0.011281436535761457,0.0570262908498661,0.005054360201427293,0.0040871733233292,0.0013150475270544229,614
937,0.2,164,217,13,1.0,217.0,0.0980187695516162,0.009908554898295514,0.0570262908498661,0.004586111969862876,0.0045513414488271,0.001312002899908875,614
937,0.3,246,306,13,1.0,306.0,0.0980187695516162,0.009517675683412006,0.0570262908498661,0.0043175938099697785,0.0045513414488271,0.0013025044325888151,614
937,0.5,409,432,13,1.5,288.0,0.0980187695516162,0.008327540261846787,0.0570262908498661,0.0037021319482112495,0.0056186378747126,0.001242553668485058,614
938,0.1,85,123,12,1.0,123.0,0.0980187695516162,0.011580491195944238,0.0464749058416465,0.004411903362148778,0.0026430161346822,0.001065271112266379,645
938,0.2,170,215,13,1.0,215.0,0.0980187695516162,0.009772776875136363,0.0464749058416465,0.003842618211930806,0.0039956275909326,0.0011161596598381492,645
938,0.3,255,295,13,1.0,295.0,0.0980187695516162,0.008851027730156722,0.0464749058416465,0.0036090795950424097,0.0058095370925524,0.0011331081355834519,645
938,0.5,425,434,13,1.666667,260.39994792001045,0.0980187695516162,0.00841890794462353,0.0570262908498661,0.003774552093259299,0.0058095370925524,0.0012286479304554096,645
939,0.1,86,127,13,1.0,127.0,0.0761209593326381,0.011962920693307452,0.0293591471972982,0.005184132274044717,0.0056186378747126,0.0013807425730230094,636
939,0.2,171,221,13,1.0,221.0,0.0980187695516162,0.01070119232420645,0.0464749058416465,0.004635040506892561,0.0056186378747126,0.0013532845300626153,636
939,0.3,257,307,13,1.0,307.0,0.0980187695516162,0.00963951999402196,0.0464749058416465,0.004009708002024016,0.0056186378747126,0.0012620868802941236,636
939,0.5,427,445,13,1.5,296.6666666666667,0.0980187695516162,0.008515424541012949,0.0570262908498661,0.0036577645181913496,0.0058095370925524,0.001241045320270141,636
940,0.1,85,123,13,1.0,123.0,0.0980187695516162,0.011894164822774356,0.0464749058416465,0.004992163648280629,0.0039956275909326,0.0013379813345877258,617
940,0.2,169,218,13,1.0,218.0,0.0980187695516162,0.010700175067683228,0.0570262908498661,0.004634030421609503,0.0045513414488271,0.0012477223514529559,617
940,0.3,253,302,13,1.0,302.0,0.0980187695516162,0.009343341919355798,0.0570262908498661,0.004068995472200551,0.0045513414488271,0.0012328061629559891,617
940,0.5,422,437,13,2.0,218.5,0.0980187695516162,0.008664154833290735,0.0570262908498661,0.003910213041374763,0.0058095370925524,0.0012818323846268023,617
941,0.1,84,127,12,1.0,127.0,0.0980187695516162,0.011535966763278633,0.0570262908498661,0.005385767942537081,0.0039956275909326,0.0013830585666656642,633
941,0.2,167,220,13,1.0,220.0,0.0980187695516162,0.010323253388946775,0.0570262908498661,0.004627248099924345,0.0056186378747126,0.0013458076558967719,633
941,0.3,251,297,13,1.0,297.0,0.0980187695516162,0.009416374379877987,0.0570262908498661,0.0041008200021190305,0.0056186378747126,0.0012648832834622828,633
941,0.5,417,427,13,1.5,284.6666666666667,0.0980187695516162,0.00841284222196712,0.0570262908498661,0.0036635804733749283,0.0058095370925524,0.0012432389511191839,633
942,0.1,81,109,13,1.0,109.0,0.0980187695516162,0.012474768250566775,0.0464749058416465,0.005364155546266751,0.0048729601732022,0.001299108519817012,612
942,0.2,161,212,13,1.0,212.0,0.0980187695516162,0.010422610030102067,0.0492079830055308,0.004470493641994884,0.0048729601732022,0.0013089930060539892,612
942,0.3,242,291,13,1.0,291.0,0.0980187695516162,0.009470776044634078,0.0570262908498661,0.004253660453215736,0.0048729601732022,0.0013080093212927196,612
942,0.5,402,418,13,1.5,278.6666666666667,0.0980187695516162,0.008721205801497727,0.0570262908498661,0.003858137480772848,0.0056186378747126,0.0012671684947212559,612
943,0.1,83,128,13,1.0,128.0,0.0980187695516162,0.011128128258602663,0.0570262908498661,0.0048926745698311715,0.0048729601732022,0.0012386439677935079,606
943,0.2,166,230,13,1.0,230.0,0.0980187695516162,0.009529854467969305,0.0570262908498661,0.004331317432458009,0.0048729601732022,0.0012772471220416895,606
943,0.3,249,315,13,1.0,315.0,0.0980187695516162,0.00902726053925215,0.0570262908498661,0.004004307713607823,0.0056186378747126,0.0012440994898643646,606
943,0.5,415,425,13,1.5,283.3333333333333,0.0980187695516162,0.008737042262160292,0.0570262908498661,0.00389446432848609,0.0056186378747126,0.0012818449071383027,606
944,0.1,84,125,12,1.0,125.0,0.0656934306569343,0.010836287799791407,0.0570262908498661,0.004940099897436615,0.0045513414488271,0.0012833102874623792,618
944,0.2,167,218,13,1.0,218.0,0.0980187695516162,0.010810190278481938,0.0570262908498661,0.004925837397363687,0.0056186378747126,0.0013097333820292895,618
944,0.3,251,303,13,1.0,303.0,0.0980187695516162,0.009642882953571644,0.0570262908498661,0.004393199469605967,0.0056186378747126,0.001279361372436201,618
944,0.5,418,411,13,1.666667,246.59995068000987,0.0980187695516162,0.008915410162146758,0.0570262908498661,0.004052782361392125,0.0056186378747126,0.001291550674626341,618
945,0.1,81,119,13,1.0,119.0,0.0980187695516162,0.011733160417451613,0.0464749058416465,0.0052065513581478805,0.0039956275909326,0.001290281993126124,620
945,0.2,162,222,13,1.0,222.0,0.0980187695516162,0.009713571757367334,0.0464749058416465,0.004095832374782135,0.0056186378747126,0.0012392965932623743,620
945,0.3,243,301,13,1.0,301.0,0.0980187695516162,0.008962131788719515,0.0464749058416465,0.0037326902384160433,0.0056186378747126,0.0012079140795606738,620
945,0.5,404,429,13,1.5,286.0,0.0980187695516162,0.008563212942774942,0.0570262908498661,0.0038021266550958433,0.0056186378747126,0.0012821520725698314,620
946,0.1,83,119,12,1.0,119.0,0.0761209593326381,0.011207402669096794,0.031948254360793,0.004717724094595601,0.0052421649220672,0.001305408702538565,632
946,0.2,166,215,13,1.0,215.0,0.0980187695516162,0.01047602880907918,0.0464749058416465,0.0043288688167586725,0.0056186378747126,0.0013146155441124097,632
946,0.3,249,290,13,1.0,290.0,0.0980187695516162,0.009575347883930772,0.0464749058416465,0.004120020902007577,0.0058095370925524,0.001297720792369779,632
946,0.5,415,429,13,1.333333,321.75008043752007,0.0980187695516162,0.008619118108169158,0.0570262908498661,0.0038783429488409185,0.0058095370925524,0.0012891303041299418,632
947,0.1,86,131,12,1.0,131.0,0.0980187695516162,0.011788679365433095,0.0464749058416465,0.004865515493811062,0.0039956275909326,0.0012812686757182564,627
947,0.2,172,235,13,1.0,235.0,0.0980187695516162,0.009327091606948681,0.0492079830055308,0.003966054746783223,0.0045513414488271,0.0012637887538068681,627
947,0.3,258,324,13,1.0,324.0,0.0980187695516162,0.008914893343117142,0.0570262908498661,0.003868486713995138,0.0056186378747126,0.0012256282327287806,627
947,0.5,429,449,13,1.5,299.3333333333333,0.0980187695516162,0.008423306571665411,0.0570262908498661,0.0036844038409014354,0.0056186378747126,0.001236977076375497,627
948,0.1,89,138,13,1.0,138.0,0.0980187695516162,0.010820450046092655,0.0492079830055308,0.004857809385272114,0.0058095370925524,0.001311314804675425,641
948,0.2,177,246,13,1.0,246.0,0.0980187695516162,0.009838330917198594,0.0570262908498661,0.0043767842077548575,0.0058095370925524,0.0012742060534300657,641
948,0.3,265,330,13,1.0,330.0,0.0980187695516162,0.009106708376781325,0.0570262908498661,0.0040029761245636165,0.0058095370925524,0.0012148655733859924,641
948,0.5,441,441,13,1.8,245.0,0.0980187695516162,0.008538278015411889,0.0570262908498661,0.00384682641641283,0.0058095370925524,0.001258998530746011,641
949,0.1,82,119,13,1.0,119.0,0.0980187695516162,0.012653236477072536,0.0464749058416465,0.005157599157332553,0.0056186378747126,0.001324847359806462,611
949,0.2,164,212,13,1.0,212.0,0.0980187695516162,0.01038326086528809,0.0464749058416465,0.004235569434809883,0.0056186378747126,0.001250388648292454,611
949,0.3,246,295,13,1.0,295.0,0.0980187695516162,0.009455470917799216,0.0570262908498661,0.003966989514617021,0.0056186378747126,0.0012213577701082172,611
949,0.5,409,428,13,1.666667,256.7999486400103,0.0980187695516162,0.008600274818980009,0.0570262908498661,0.0036920141306939582,0.0056186378747126,0.0012385565692088277,611
950,0.1,85,121,13,1.0,121.0,0.0980187695516162,0.011668490766035511,0.0570262908498661,0.005022175619536116,0.0045513414488271,0.001143163184167147,615
950,0.2,170,221,13,1.0,221.0,0.0980187695516162,0.009908511411302265,0.0570262908498661,0.004276082555509639,0.0045513414488271,0.0012137483552315444,615
950,0.3,254,304,13,1.0,304.0,0.0980187695516162,0.009576861862685864,0.0570262908498661,0.004167105351430863,0.0045513414488271,0.0012627281826230851,615
950,0.5,423,430,13,1.5,286.6666666666667,0.0980187695516162,0.008652423794165389,0.0570262908498661,0.0038079516521882634,0.0058095370925524,0.0012715124075839902,615
951,0.1,84,127,13,1.0,127.0,0.0980187695516162,0.012176397658321863,0.0464749058416465,0.00521154519337476,0.0056186378747126,0.0013662215660097698,625
951,0.2,168,230,13,1.0,230.0,0.0980187695516162,0.010128303939792315,0.0464749058416465,0.004277619610829128,0.0056186378747126,0.0013000352522108541,625
951,0.3,251,310,13,1.0,310.0,0.0980187695516162,0.008957583504322335,0.0570262908498661,0.003888812131710603,0.0056186378747126,0.0012268244866266331,625
951,0.5,418,441,13,2.0,220.5,0.0980187695516162,0.008460248889267167,0.0570262908498661,0.0038058107321950734,0.0056186378747126,0.0012962983303145088,625
952,0.1,86,119,13,1.0,119.0,0.0980187695516162,0.013783615636035394,0.0464749058416465,0.005796239692859476,0.0058095370925524,0.0013202518822504256,623
952,0.2,172,219,13,1.0,219.0,0.0980187695516162,0.011046514396179388,0.0570262908498661,0.00505027803196585,0.0058095370925524,0.001317978512862601,623
952,0.3,258,296,13,1.0,296.0,0.0980187695516162,0.010135135135135089,0.0570262908498661,0.004570172704831629,0.0058095370925524,0.0012984159025677385,623
952,0.5,429,428,13,2.0,214.0,0.0980187695516162,0.008783000204652386,0.0570262908498661,0.003940815135597363,0.0058095370925524,0.0012803403671740176,623
953,0.1,86,127,13,1.0,127.0,0.0980187695516162,0.011675547855788053,0.0464749058416465,0.004583471223622535,0.0034121486335321,0.0012705518067073465,630
953,0.2,172,222,13,1.0,222.0,0.0980187695516162,0.009962517261787289,0.0570262908498661,0.004465529640474943,0.0045513414488271,0.0012948396604307256,630
953,0.3,258,306,13,1.0,306.0,0.0980187695516162,0.009493821859644055,0.0570262908498661,0.004337829632240442,0.0056186378747126,0.0013017201081210747,630
953,0.5,430,423,13,1.5,282.0,0.0980187695516162,0.008645234767303367,0.0570262908498661,0.003868933253278299,0.0056186378747126,0.0012845273196999993,630
954,0.1,82,125,12,1.0,125.0,0.0980187695516162,0.012846715328467104,0.0570262908498661,0.005818039676908368,0.0044179097289399,0.0013767470584831036,620
954,0.2,164,224,13,1.0,224.0,0.0980187695516162,0.010855802174884506,0.0570262908498661,0.004800942909587346,0.0044179097289399,0.0013138967799987554,620
954,0.3,246,297,13,1.0,297.0,0.0980187695516162,0.009521702952359839,0.0570262908498661,0.0042917989582266225,0.0044179097289399,0.001282425163889469,620
954,0.5,410,429,13,1.571429,272.99992554547487,0.0980187695516162,0.008662869976738543,0.0570262908498661,0.003912781679409831,0.0058095370925524,0.00126047250472063,620
955,0.1,83,133,13,1.0,133.0,0.0980187695516162,0.011289955859408642,0.0570262908498661,0.005051646537983173,0.0058095370925524,0.0013677063742726931,632
955,0.2,165,229,13,1.0,229.0,0.0980187695516162,0.010086015727809584,0.0570262908498661,0.00456001838045164,0.0058095370925524,0.0013200254296554825,632
955,0.3,247,317,13,1.0,317.0,0.0980187695516162,0.009440696308917959,0.0570262908498661,0.004243056091052193,0.0058095370925524,0.0013070642212639873,632
955,0.5,411,439,13,2.0,219.5,0.0980187695516162,0.008624682601703989,0.0570262908498661,0.0038047084315616765,0.0058095370925524,0.0012832519174685432,632
956,0.1,85,131,13,1.0,131.0,0.0980187695516162,0.010737966552308739,0.0464749058416465,0.0040890779012761275,0.0034121486335321,0.0012139134055629342,618
956,0.2,169,236,13,1.0,236.0,0.0980187695516162,0.009994521129000858,0.0570262908498661,0.004343433754276837,0.0048729601732022,0.0012717064334976673,618
956,0.3,254,329,13,1.0,329.0,0.0980187695516162,0.00945450396341169,0.0570262908498661,0.004147610895765307,0.0052421649220672,0.0012876478983279386,618
956,0.5,423,434,13,1.5,289.3333333333333,0.0980187695516162,0.008728850617242379,0.0570262908498661,0.003940237669792087,0.0056186378747126,0.0012892674151175345,618
957,0.1,83,129,13,1.0,129.0,0.0980187695516162,0.012254367032842632,0.0464749058416465,0.005211370298455414,0.0056186378747126,0.0013257880757782752,627
957,0.2,165,227,13,1.0,227.0,0.0980187695516162,0.0103678115511293,0.0464749058416465,0.004410295005812453,0.0056186378747126,0.001311925850669392,627
957,0.3,247,307,13,1.0,307.0,0.0980187695516162,0.009296464490358737,0.0570262908498661,0.003917792669784762,0.0056186378747126,0.0012138989352490272,627
957,0.5,411,441,13,1.5,294.0,0.0980187695516162,0.008408229471837354,0.0570262908498661,0.003729332228297048,0.0058095370925524,0.0012509897142942196,627
958,0.1,86,133,12,1.0,133.0,0.0980187695516162,0.01161140599151681,0.0570262908498661,0.005265549105623337,0.0039956275909326,0.0013609173569852481,626
958,0.2,171,228,12,1.0,228.0,0.0980187695516162,0.010294897828512844,0.0570262908498661,0.004668763889090824,0.0056186378747126,0.0013473676721214632,626
958,0.3,256,310,12,1.0,310.0,0.0980187695516162,0.009478959938107526,0.0570262908498661,0.0041953849467504314,0.0058095370925524,0.0012896467892049759,626
958,0.5,427,445,12,1.666667,266.9999466000107,0.0980187695516162,0.00871694531991419,0.0570262908498661,0.0038984348702694872,0.0058095370925524,0.0012770643831584445,626
959,0.1,87,136,12,1.0,136.0,0.0980187695516162,0.012160338587989894,0.0464749058416465,0.005100878821002618,0.0052421649220672,0.0013358148567715574,630
959,0.2,174,226,13,1.0,226.0,0.0980187695516162,0.01051519373979159,0.0464749058416465,0.00450206562983547,0.0052421649220672,0.0013205232446471915,630
959,0.3,260,312,13,1.0,312.0,0.0980187695516162,0.009468329723804129,0.0570262908498661,0.0041035713762674385,0.0052421649220672,0.0012812065266819411,630
959,0.5,433,440,13,1.6,275.0,0.0980187695516162,0.008441558441558396,0.0570262908498661,0.003653155886036761,0.0052421649220672,0.001259976614051446,630
960,0.1,86,126,12,1.0,126.0,0.0980187695516162,0.01112269725408407,0.0570262908498661,0.004683978415644081,0.0039956275909326,0.001147502776727069,648
960,0.2,171,222,12,1.0,222.0,0.0980187695516162,0.009610235887608105,0.0570262908498661,0.004084417067762477,0.0039956275909326,0.0012021661535287437,648
960,0.3,257,309,13,1.0,309.0,0.0980187695516162,0.00879421997698515,0.0570262908498661,0.003749837305098988,0.0052421649220672,0.0011986960892175125,648
960,0.5,427,434,13,1.666667,260.39994792001045,0.0980187695516162,0.00843092122650798,0.0570262908498661,0.0036594339080795913,0.0058095370925524,0.001237794817858021,648
961,0.1,85,124,13,1.0,124.0,0.0980187695516162,0.0110498166773184,0.0464749058416465,0.0043175207555682825,0.0039956275909326,0.0011280543926490772,635
961,0.2,170,225,13,1.0,225.0,0.0980187695516162,0.009625767581971919,0.0464749058416465,0.003868460557853888,0.0039956275909326,0.0011886442811509968,635
961,0.3,255,298,13,1.0,298.0,0.0980187695516162,0.009024361226389301,0.0570262908498661,0.0039040891903997788,0.0056186378747126,0.001190020762593373,635
961,0.5,424,424,13,1.5,282.6666666666667,0.0980187695516162,0.008489582308615455,0.0570262908498661,0.003724532449233412,0.0058095370925524,0.0012177656879882122,635
962,0.1,83,114,13,1.0,114.0,0.0980187695516162,0.011836159742421705,0.0464749058416465,0.005196461242046398,0.0056186378747126,0.0013094476046022314,618
962,0.2,165,213,13,1.0,213.0,0.0980187695516162,0.010035884406193808,0.0464749058416465,0.004366318642225494,0.0056186378747126,0.0012726705696476464,618
962,0.3,248,294,13,1.0,294.0,0.0980187695516162,0.009005270512793186,0.0464749058416465,0.0038035002185776365,0.0056186378747126,0.001191582843112406,618
962,0.5,413,428,13,1.5,285.3333333333333,0.0980187695516162,0.008656310603919535,0.0570262908498661,0.00378417366793975,0.0056186378747126,0.001276109292265352,618
963,0.1,85,118,13,1.0,118.0,0.0761209593326381,0.011010763330446573,0.031948254360793,0.004769379265810723,0.0056186378747126,0.001232789217192533,635
963,0.2,169,225,13,1.0,225.0,0.0980187695516162,0.009908469470513223,0.0492079830055308,0.004438143503109816,0.0056186378747126,0.0012497019204224715,635
963,0.3,253,308,13,1.0,308.0,0.0980187695516162,0.008992050702165359,0.0492079830055308,0.004168870269864073,0.0058095370925524,0.0012652644802966227,635
963,0.5,421,449,13,1.333333,336.750084187521,0.0980187695516162,0.008564972328729539,0.0570262908498661,0.0038491458586654656,0.0058095370925524,0.001286630298713813,635
964,0.1,81,126,12,1.0,126.0,0.0980187695516162,0.01281096380157898,0.0464749058416465,0.005796034324650267,0.0058095370925524,0.0014039446961466482,617
964,0.2,162,230,12,1.0,230.0,0.0980187695516162,0.010409393843224328,0.0570262908498661,0.0046349707475918525,0.0058095370925524,0.0013233138712308622,617
964,0.3,243,308,12,1.0,308.0,0.0980187695516162,0.009570981677342424,0.0570262908498661,0.00426929782832948,0.0058095370925524,0.0013041740519899345,617
964,0.5,404,423,13,1.5,282.0,0.0980187695516162,0.008581141210431428,0.0570262908498661,0.003755366392179917,0.0058095370925524,0.0012546144307570583,617
965,0.1,84,127,13,1.0,127.0,0.0980187695516162,0.011765865033294153,0.0570262908498661,0.005003586127828866,0.0038790328069506,0.001185683732972688,611
965,0.2,168,226,13,1.0,226.0,0.0980187695516162,0.010473668183118432,0.0570262908498661,0.004699459641804309,0.0058095370925524,0.0012919812731380905,611
965,0.3,252,309,13,1.0,309.0,0.0980187695516162,0.009577128278850296,0.0570262908498661,0.004301041965820629,0.0058095370925524,0.001298351586414286,611
965,0.5,420,433,13,1.5,288.6666666666667,0.0980187695516162,0.008768275267491353,0.0570262908498661,0.003929418699912493,0.0058095370925524,0.0012881680968013034,611
966,0.1,80,120,12,1.0,120.0,0.0980187695516162,0.013616614529023241,0.0464749058416465,0.0061252474095173865,0.0056186378747126,0.0015010535314440416,595
966,0.2,160,220,12,1.0,220.0,0.0980187695516162,0.010759313679021661,0.0570262908498661,0.004911776301955711,0.0056186378747126,0.0013938472711338779,595
966,0.3,240,297,12,1.0,297.0,0.0980187695516162,0.009623520572425636,0.0570262908498661,0.004320221945795965,0.0056186378747126,0.0013170496722971804,595
966,0.5,399,410,13,1.666667,245.99995080000986,0.0980187695516162,0.008817619980162218,0.0570262908498661,0.003873132645198069,0.0056186378747126,0.0012759552312384052,595
967,0.1,86,127,13,1.0,127.0,0.0980187695516162,0.011322489798264224,0.0570262908498661,0.00488019308614216,0.0056186378747126,0.0012740753179452168,625
967,0.2,171,223,13,1.0,223.0,0.0980187695516162,0.01068003385439799,0.0570262908498661,0.00459686832569233,0.0056186378747126,0.0013190088747653374,625
967,0.3,256,299,13,1.0,299.0,0.0980187695516162,0.009663773230894734,0.0570262908498661,0.004144243929277171,0.0056186378747126,0.001262874260479953,625
967,0.5,426,431,13,1.5,287.3333333333333,0.0980187695516162,0.008554928398442841,0.0570262908498661,0.0037505523728474117,0.0058095370925524,0.0012887678748684103,625
968,0.1,87,124,13,1.0,124.0,0.0980187695516162,0.011360960678125693,0.0464749058416465,0.0046433273970946,0.0034225241115278,0.001226690128905018,642
968,0.2,173,216,13,1.0,216.0,0.0980187695516162,0.010495114509713008,0.0570262908498661,0.004506060492021577,0.0052421649220672,0.001301957732833488,642
968,0.3,260,309,13,1.0,309.0,0.0980187695516162,0.009283537665650866,0.0570262908498661,0.004083863238490764,0.0058095370925524,0.001256808384162097,642
968,0.5,433,442,13,1.666667,265.1999469600106,0.0980187695516162,0.00845998140974521,0.0570262908498661,0.0037476418289877442,0.0058095370925524,0.0012553116583720963,642
969,0.1,85,124,12,1.0,124.0,0.0980187695516162,0.013488512899862038,0.0464749058416465,0.0058640826205568555,0.0056186378747126,0.0014402399504545227,628
969,0.2,169,214,13,1.0,214.0,0.0980187695516162,0.010758870708389733,0.0464749058416465,0.004571486679436313,0.0056186378747126,0.001332844551430339,628
969,0.3,254,297,13,1.0,297.0,0.0980187695516162,0.009507659142695597,0.0570262908498661,0.004119408429037429,0.0056186378747126,0.001229668227282236,628
969,0.5,422,425,13,1.75,242.85714285714286,0.0980187695516162,0.00858001594798499,0.0570262908498661,0.003822085000232249,0.0058095370925524,0.0012712743854951514,628
970,0.1,84,130,12,1.0,130.0,0.0980187695516162,0.010980989813106556,0.0464749058416465,0.005063079739116948,0.0052421649220672,0.0013655398852952115,635
970,0.2,167,213,13,1.0,213.0,0.0980187695516162,0.009903704465234184,0.0464749058416465,0.004303949529474141,0.0056186378747126,0.001291342618334112,635
970,0.3,251,293,13,1.0,293.0,0.0980187695516162,0.009242420467850782,0.0570262908498661,0.0040824800124768775,0.0056186378747126,0.0012336274761094938,635
970,0.5,418,433,13,1.5,288.6666666666667,0.0980187695516162,0.008320349093431096,0.0570262908498661,0.0037250512052388034,0.0058095370925524,0.0012175588863959654,635
971,0.1,86,137,12,1.0,137.0,0.0761209593326381,0.012307528371250423,0.0570262908498661,0.005926647485341513,0.0056186378747126,0.0015315574541356334,636
971,0.2,171,238,12,1.0,238.0,0.0761209593326381,0.01085251618895729,0.0570262908498661,0.005166148146552102,0.0058095370925524,0.0014582333470860782,636
971,0.3,257,314,12,1.0,314.0,0.0980187695516162,0.010118687858238698,0.0570262908498661,0.004718663703282532,0.0058095370925524,0.0013910037295057002,636
971,0.5,427,449,13,1.5,299.3333333333333,0.0980187695516162,0.008571939497109741,0.0570262908498661,0.00391108969058609,0.0058095370925524,0.001280407215651517,636
972,0.1,83,122,13,1.0,122.0,0.0980187695516162,0.011504470161883064,0.0464749058416465,0.004778998684804166,0.0039956275909326,0.0012502685631146984,625
972,0.2,166,221,13,1.0,221.0,0.0980187695516162,0.010149146688433893,0.0464749058416465,0.004167269878702885,0.0039956275909326,0.001239127259221775,625
972,0.3,249,298,13,1.0,298.0,0.0980187695516162,0.008936881958975677,0.0464749058416465,0.0037404111463740985,0.0040328017800694,0.0012048847541003078,625
972,0.5,415,432,13,1.5,288.0,0.0980187695516162,0.008735469045687979,0.0570262908498661,0.0039211650431935354,0.0056186378747126,0.0012924236760497281,625
973,0.1,82,127,13,1.0,127.0,0.0980187695516162,0.011765865033294153,0.0464749058416465,0.005042129905986774,0.0056186378747126,0.0013706294788266961,619
973,0.2,163,218,13,1.0,218.0,0.0980187695516162,0.010307946924835653,0.0570262908498661,0.004470975158032905,0.0056186378747126,0.0012966457636218495,619
973,0.3,245,296,13,1.0,296.0,0.0980187695516162,0.009606713073866312,0.0570262908498661,0.004153597589122581,0.0056186378747126,0.001265191015440343,619
973,0.5,407,418,13,1.5,278.6666666666667,0.0980187695516162,0.008875872494773717,0.0570262908498661,0.003865337705483063,0.0058095370925524,0.0012593553471834079,619
974,0.1,86,123,12,1.0,123.0,0.0980187695516162,0.011453326212094193,0.0464749058416465,0.0048576242039306645,0.0040871733233292,0.0012009543518573414,665
974,0.2,172,219,12,1.0,219.0,0.0980187695516162,0.010079944386513686,0.0570262908498661,0.004299850489321323,0.0040871733233292,0.001200859849160125,665
974,0.3,258,298,12,1.0,298.0,0.0980187695516162,0.00905235459196166,0.0570262908498661,0.0038386231426445127,0.0045513414488271,0.0011439715157485482,665
974,0.5,429,448,13,1.5,298.6666666666667,0.0980187695516162,0.008214006405481856,0.0570262908498661,0.003625727859596311,0.0058095370925524,0.0012160521055866423,665
975,0.1,87,124,12,1.0,124.0,0.0980187695516162,0.012412122843015197,0.0570262908498661,0.00579082813500415,0.0045513414488271,0.0013047428865338734,637
975,0.2,173,234,13,1.0,234.0,0.0980187695516162,0.010262648948780293,0.0570262908498661,0.004718822466141226,0.0052421649220672,0.0013595274237499701,637
975,0.3,260,326,13,1.0,326.0,0.0980187695516162,0.009202453987730017,0.0570262908498661,0.004141740565962017,0.0056186378747126,0.0012839685703470464,637
975,0.5,432,450,13,1.5,300.0,0.0980187695516162,0.008478739427644492,0.0570262908498661,0.003808569215101807,0.0058095370925524,0.001284039192096141,637
976,0.1,83,135,12,1.0,135.0,0.0980187695516162,0.011331247827598149,0.0570262908498661,0.005232494123592205,0.0045513414488271,0.0013468213530231253,613
976,0.2,166,219,13,1.0,219.0,0.0980187695516162,0.010170411530275501,0.0570262908498661,0.004672492380971964,0.0045513414488271,0.0013318555936901772,613
976,0.3,248,306,13,1.0,306.0,0.0980187695516162,0.009616498667593516,0.0570262908498661,0.004369251092545817,0.0052421649220672,0.0013075664705853923,613
976,0.5,413,435,13,1.5,290.0,0.0980187695516162,0.00861529610585735,0.0570262908498661,0.003802173715789776,0.0056186378747126,0.001265168132820036,613
977,0.1,84,122,12,1.0,122.0,0.0980187695516162,0.012598505957366744,0.0570262908498661,0.0053628160180974405,0.0039956275909326,0.001288743333005259,634
977,0.2,168,222,13,1.0,222.0,0.0980187695516162,0.010399346165769478,0.0570262908498661,0.004411548397135912,0.0056186378747126,0.0012188775627124803,634
977,0.3,252,314,13,1.0,314.0,0.0980187695516162,0.009178881929823352,0.0570262908498661,0.003933688684019812,0.0058095370925524,0.001250602717363014,634
977,0.5,419,438,13,1.5,292.0,0.0980187695516162,0.008392017941062991,0.0570262908498661,0.0037299937284888136,0.0058095370925524,0.0012603554611457456,634
978,0.1,83,124,13,1.0,124.0,0.0980187695516162,0.011941202193144696,0.0464749058416465,0.004694249951931509,0.0058095370925524,0.001232074744910459,605
978,0.2,166,211,13,1.0,211.0,0.0980187695516162,0.00998769452777128,0.0464749058416465,0.004310951028511317,0.0058095370925524,0.0013381878101556281,605
978,0.3,249,292,13,1.0,292.0,0.0980187695516162,0.009452626165954789,0.0570262908498661,0.004218323212680491,0.0058095370925524,0.0012992219680990065,605
978,0.5,415,419,13,1.666667,251.39994972001008,0.0980187695516162,0.008715323489812583,0.0570262908498661,0.003793009364458313,0.0058095370925524,0.0012679777798682678,605
979,0.1,81,126,12,1.0,126.0,0.0980187695516162,0.012877170332853294,0.0570262908498661,0.005802326995708712,0.0058095370925524,0.0014174846633217325,619
979,0.2,162,216,13,1.0,216.0,0.0980187695516162,0.010480631830996753,0.0570262908498661,0.004571120326177373,0.0058095370925524,0.001356056866724807,619
979,0.3,243,298,13,1.0,298.0,0.0980187695516162,0.009545737660174494,0.0570262908498661,0.004196706920202686,0.0058095370925524,0.0013371152533533117,619
979,0.5,404,424,13,1.666667,254.3999491200102,0.0980187695516162,0.008715840006295822,0.0570262908498661,0.0037789955611041226,0.0058095370925524,0.0012729934065251291,619
980,0.1,84,120,12,1.0,120.0,0.0980187695516162,0.011887382690302357,0.0464749058416465,0.005087357044116498,0.0056186378747126,0.0012923892418540666,639
980,0.2,167,226,12,1.0,226.0,0.0980187695516162,0.009509352478152901,0.0464749058416465,0.003999543637439648,0.0056186378747126,0.001258991467824971,639
980,0.3,251,307,13,1.0,307.0,0.0980187695516162,0.008766596583710594,0.0464749058416465,0.003713983574745785,0.0056186378747126,0.0012353603142341394,639
980,0.5,417,433,13,1.5,288.6666666666667,0.0980187695516162,0.008274593193930315,0.0570262908498661,0.003613956320887291,0.0056186378747126,0.0012162827927090535,639
981,0.1,82,126,12,1.0,126.0,0.0761209593326381,0.011097869804856204,0.0570262908498661,0.005253272844516705,0.0058095370925524,0.0014058713986374446,606
981,0.2,163,217,12,1.0,217.0,0.0980187695516162,0.01014882053598454,0.0570262908498661,0.004724086175897525,0.0058095370925524,0.0013571612782198501,606
981,0.3,244,293,13,1.0,293.0,0.0980187695516162,0.009922167217700416,0.0570262908498661,0.004497582662843716,0.0058095370925524,0.0013104620327171153,606
981,0.5,406,419,13,1.666667,251.39994972001008,0.0980187695516162,0.00869043678652928,0.0570262908498661,0.003951581987405881,0.0058095370925524,0.001283308851894296,606
982,0.1,80,122,13,1.0,122.0,0.0980187695516162,0.011034376656011168,0.0464749058416465,0.004501387317697326,0.0039956275909326,0.001252226900644704,598
982,0.2,159,230,13,1.0,230.0,0.0980187695516162,0.009761073582082743,0.0570262908498661,0.004329076488525849,0.0056186378747126,0.0012746156610160485,598
982,0.3,238,305,13,1.0,305.0,0.0980187695516162,0.009111266859262506,0.0570262908498661,0.0040266143078485995,0.0056186378747126,0.0012556449803688956,598
982,0.5,397,416,13,1.666667,249.59995008001,0.0980187695516162,0.008499939841180672,0.0570262908498661,0.003759215638027372,0.0056186378747126,0.0012651386534945287,598
983,0.1,84,128,12,1.0,128.0,0.0980187695516162,0.01191833941605835,0.0570262908498661,0.0052163487209888,0.0044179097289399,0.0012968108415264649,630
983,0.2,168,221,12,1.0,221.0,0.0980187695516162,0.01067288229160273,0.0570262908498661,0.004615084047945114,0.0052421649220672,0.001316655415308544,630
983,0.3,251,303,13,1.0,303.0,0.0980187695516162,0.009481135809097029,0.0570262908498661,0.004102736362535457,0.0056186378747126,0.0012649678050466007,630
983,0.5,418,425,13,1.5,283.3333333333333,0.0980187695516162,0.008530945224805207,0.0570262908498661,0.0037553230212601504,0.0058095370925524,0.0012903970985135966,630
984,0.1,82,117,12,1.0,117.0,0.0980187695516162,0.012824969029348543,0.0464749058416465,0.005305290047629778,0.0056186378747126,0.001287307391871931,617
984,0.2,164,225,13,1.0,225.0,0.0980187695516162,0.00990383501332402,0.0464749058416465,0.003975995736865747,0.0056186378747126,0.0011803955288062324,617
984,0.3,246,313,13,1.0,313.0,0.0980187695516162,0.009491383130057558,0.0570262908498661,0.004170773045863081,0.0058095370925524,0.0012704497185337192,617
984,0.5,409,429,13,1.8,238.33333333333331,0.0980187695516162,0.008658008658008615,0.0570262908498661,0.0038756526349264867,0.0058095370925524,0.00127546562637254,617
985,0.1,82,127,12,1.0,127.0,0.0980187695516162,0.01192186743080468,0.0464749058416465,0.005086381830965386,0.0058095370925524,0.0013238850628175041,626
985,0.2,163,231,13,1.0,231.0,0.0980187695516162,0.009899381119401932,0.0570262908498661,0.004425816597222417,0.0058095370925524,0.0012622349206528325,626
985,0.3,244,309,13,1.0,309.0,0.0980187695516162,0.00897982323820318,0.0570262908498661,0.004023266122882575,0.0058095370925524,0.0012560920192947237,626
985,0.5,406,432,13,1.5,288.0,0.0980187695516162,0.00845547059050704,0.0570262908498661,0.003781123173997503,0.0058095370925524,0.0012520569519919214,626
986,0.1,80,130,12,1.0,130.0,0.0980187695516162,0.011349963904708386,0.0570262908498661,0.005083625833964016,0.0052421649220672,0.0013866408660652713,606
986,0.2,159,227,13,1.0,227.0,0.0980187695516162,0.010542369299885574,0.0570262908498661,0.004648913575661921,0.0052421649220672,0.0013677771897786409,606
986,0.3,238,303,13,1.0,303.0,0.0980187695516162,0.009777098669199513,0.0570262908498661,0.00433945987277856,0.0056186378747126,0.0013435608075790262,606
986,0.5,396,415,13,1.5,276.6666666666667,0.0980187695516162,0.008957624031056401,0.0570262908498661,0.004038242542155561,0.0058095370925524,0.0013150137579862936,606
987,0.1,85,126,12,1.0,126.0,0.0980187695516162,0.011668901137097133,0.0570262908498661,0.0053159015143082805,0.0058095370925524,0.0013698186168488633,629
987,0.2,169,227,12,1.0,227.0,0.0980187695516162,0.009811982930089582,0.0570262908498661,0.004411476623108224,0.0058095370925524,0.001257710413360174,629
987,0.3,253,302,13,1.0,302.0,0.0980187695516162,0.0089462671519035,0.0570262908498661,0.004016788944740661,0.0058095370925524,0.0012371367186249308,629
987,0.5,421,444,13,1.5,296.0,0.0980187695516162,0.008595665529972056,0.0570262908498661,0.0038852027780016734,0.0058095370925524,0.001292971412037913,629
988,0.1,86,123,13,1.0,123.0,0.0980187695516162,0.011877209491594348,0.0464749058416465,0.005067174437299341,0.0039956275909326,0.0012669613074030872,631
988,0.2,171,227,13,1.0,227.0,0.0980187695516162,0.009632831556366031,0.0464749058416465,0.004165371744100995,0.0039956275909326,0.0012335168464693697,631
988,0.3,256,312,13,1.0,312.0,0.0980187695516162,0.009080639555092066,0.0570262908498661,0.0040086070040728315,0.0058095370925524,0.0012280343713753372,631
988,0.5,426,439,13,1.5,292.6666666666667,0.0980187695516162,0.008565300319951688,0.0570262908498661,0.00380215006447314,0.0058095370925524,0.001261883785989606,631
989,0.1,85,121,13,1.0,121.0,0.0980187695516162,0.011487517127862142,0.0570262908498661,0.005182138414754382,0.0045513414488271,0.0012889934686015443,626
989,0.2,169,223,13,1.0,223.0,0.0980187695516162,0.010820314509228084,0.0570262908498661,0.004981218367973242,0.0058095370925524,0.0013957567054519193,626
989,0.3,254,309,13,1.0,309.0,0.0980187695516162,0.00967161721183402,0.0570262908498661,0.004453831383156675,0.0058095370925524,0.0013533529066700708,626
989,0.5,423,432,13,1.75,246.85714285714286,0.0980187695516162,0.008460298150079128,0.0570262908498661,0.0037924654035260785,0.0058095370925524,0.0012663908798764413,626
990,0.1,87,132,13,1.0,132.0,0.0980187695516162,0.011430783328593503,0.0492079830055308,0.004946102451958735,0.0058095370925524,0.001287027787856262,638
990,0.2,173,232,13,1.0,232.0,0.0980187695516162,0.010405055553557903,0.0570262908498661,0.004821740461201141,0.0058095370925524,0.0013461093973298243,638
990,0.3,259,311,13,1.0,311.0,0.0980187695516162,0.009545715157469051,0.0570262908498661,0.004408973817477607,0.0058095370925524,0.0013283348091582094,638
990,0.5,431,430,13,2.0,215.0,0.0980187695516162,0.00851904842738313,0.0570262908498661,0.003835715370802312,0.0058095370925524,0.0012609399211142536,638
991,0.1,82,116,13,1.0,116.0,0.0980187695516162,0.011721980511308431,0.0492079830055308,0.005103049573406174,0.0058095370925524,0.0013210525928497084,619
991,0.2,164,219,13,1.0,219.0,0.0980187695516162,0.010246594388180187,0.0570262908498661,0.004614870453554347,0.0058095370925524,0.0012972670895637227,619
991,0.3,245,298,13,1.0,298.0,0.0980187695516162,0.009465256734153963,0.0570262908498661,0.004247989392094996,0.0058095370925524,0.0012739702262901157,619
991,0.5,408,434,13,1.666667,260.39994792001045,0.0980187695516162,0.008724045304488597,0.0570262908498661,0.003876898441396097,0.0058095370925524,0.0012730261837351257,619
992,0.1,87,125,13,1.0,125.0,0.0761209593326381,0.010285714285714245,0.0492079830055308,0.004456191760966884,0.0045513414488271,0.0012655909735479387,641
992,0.2,173,231,13,1.0,231.0,0.0980187695516162,0.01037335969557029,0.0570262908498661,0.004749591515816556,0.0056186378747126,0.0013511439960799659,641
992,0.3,259,311,13,1.0,311.0,0.0980187695516162,0.009384775808133428,0.0570262908498661,0.0042244955027284595,0.0058095370925524,0.0012922735292543667,641
992,0.5,431,456,13,1.666667,273.59994528001096,0.0980187695516162,0.008184237967180678,0.0570262908498661,0.0036363620659718033,0.0058095370925524,0.0012622405788523176,641
993,0.1,88,127,13,1.0,127.0,0.0980187695516162,0.010476792590707142,0.0464749058416465,0.004200534570642448,0.0039956275909326,0.001212342534747184,626
993,0.2,176,232,13,1.0,232.0,0.0980187695516162,0.009456689799000353,0.0492079830055308,0.004153236407532641,0.0058095370925524,0.0013143883335159172,626
993,0.3,264,316,13,1.0,316.0,0.0980187695516162,0.009130687292934318,0.0570262908498661,0.0041157395489692696,0.0058095370925524,0.0012904683017416526,626
993,0.5,439,450,13,1.666667,269.9999460000108,0.0980187695516162,0.00844629822732008,0.0570262908498661,0.003824369638348019,0.0058095370925524,0.0012903282942591005,626
994,0.1,82,118,13,1.0,118.0,0.0980187695516162,0.010860536222406767,0.0464749058416465,0.004282102308159501,0.0039254903849993,0.0011808176215539212,626
994,0.2,163,210,13,1.0,210.0,0.0980187695516162,0.010581458860916586,0.0570262908498661,0.004648528971933538,0.0058095370925524,0.001289014578438042,626
994,0.3,245,290,13,1.0,290.0,0.0980187695516162,0.009643666175254351,0.0570262908498661,0.004382636876996743,0.0058095370925524,0.0012566465231163126,626
994,0.5,408,425,13,1.5,283.3333333333333,0.0980187695516162,0.008884254431699642,0.0570262908498661,0.003941929283753528,0.0058095370925524,0.0012587402042376042,626
995,0.1,85,123,12,1.0,123.0,0.0656934306569343,0.010851411955203968,0.0570262908498661,0.005386683986506096,0.0045513414488271,0.001292380708797662,633
995,0.2,170,233,13,1.0,233.0,0.0980187695516162,0.010212712634315921,0.0570262908498661,0.004702123261692462,0.0052421649220672,0.0013295909355133886,633
995,0.3,255,310,13,1.0,310.0,0.0980187695516162,0.009065222510007017,0.0570262908498661,0.004070228945399539,0.0052421649220672,0.001236645693267643,633
995,0.5,424,436,13,1.666667,261.5999476800105,0.0980187695516162,0.008325281495441499,0.0570262908498661,0.003734370020538571,0.0056186378747126,0.0012501987823303922,633
996,0.1,83,125,12,1.0,125.0,0.0980187695516162,0.010936392075078164,0.0464749058416465,0.004649583028962616,0.0040871733233292,0.0012480585593616185,620
996,0.2,166,223,13,1.0,223.0,0.0980187695516162,0.010394796522910128,0.0570262908498661,0.00448315873746183,0.0056186378747126,0.0012834376116325377,620
996,0.3,249,305,13,1.0,305.0,0.0980187695516162,0.009689054513752328,0.0570262908498661,0.004248657562898276,0.0056186378747126,0.0012848722883391608,620
996,0.5,414,433,13,1.571429,275.54537939671474,0.0980187695516162,0.008715294752279923,0.0570262908498661,0.0038632281435789007,0.0058095370925524,0.0012496710278829012,620
997,0.1,86,135,13,1.0,135.0,0.0980187695516162,0.01231993202796118,0.0570262908498661,0.00573870916867623,0.0058095370925524,0.001418491472418008,614
997,0.2,171,227,13,1.0,227.0,0.0980187695516162,0.010634241799230983,0.0570262908498661,0.004895005602896386,0.0058095370925524,0.0013689854711809379,614
997,0.3,257,300,13,1.0,300.0,0.0980187695516162,0.009916579770594323,0.0570262908498661,0.004553838825265857,0.0058095370925524,0.0013234240074632274,614
997,0.5,428,428,13,1.857143,230.46152073372917,0.0980187695516162,0.008363949986843727,0.0570262908498661,0.0037456616353264325,0.0058095370925524,0.001232880704983904,614
998,0.1,84,129,12,1.0,129.0,0.0980187695516162,0.01171278221015103,0.0464749058416465,0.004574744483318966,0.0044179097289399,0.0011732147808842552,609
998,0.2,167,211,13,1.0,211.0,0.0980187695516162,0.01067956846833931,0.0464749058416465,0.0044633702143225765,0.0056186378747126,0.001256893376927796,609
998,0.3,250,296,13,1.0,296.0,0.0980187695516162,0.00933545641574834,0.0464749058416465,0.003952967758696062,0.0058095370925524,0.00123699942299442,609
998,0.5,416,425,13,1.666667,254.99994900001022,0.0980187695516162,0.008700239219775455,0.0570262908498661,0.003851884270035984,0.0058095370925524,0.0012552289270154591,609
999,0.1,88,138,13,1.0,138.0,0.0980187695516162,0.011092472533284931,0.0464749058416465,0.004608573589932667,0.0058095370925524,0.0012826386883990986,640
999,0.2,175,238,13,1.0,238.0,0.0980187695516162,0.01049762970881779,0.0570262908498661,0.004885802417142956,0.0058095370925524,0.001369323847060002,640
999,0.3,262,319,13,1.0,319.0,0.0980187695516162,0.009437076892400281,0.0570262908498661,0.004329788172379726,0.0058095370925524,0.001295442729369087,640
999,0.5,436,448,13,1.75,256.0,0.0980187695516162,0.008309436913451469,0.0570262908498661,0.0037037072008543545,0.0058095370925524,0.001215679695794384,640
1000,0.1,84,135,12,1.0,135.0,0.0980187695516162,0.012319932027961186,0.0570262908498661,0.005393948084844506,0.0052421649220672,0.0012990806772954922,623
1000,0.2,168,235,13,1.0,235.0,0.0980187695516162,0.010534022585583343,0.0570262908498661,0.0047961140855466945,0.0052421649220672,0.0013066301713024575,623
1000,0.3,251,313,13,1.0,313.0,0.0980187695516162,0.009431416511475235,0.0570262908498661,0.004146501976532565,0.0052421649220672,0.0012326380855859221,623
1000,0.5,418,439,13,1.555556,282.2142050816557,0.0980187695516162,0.008437034591366722,0.0570262908498661,0.0037115193261977753,0.0056186378747126,0.001211089714570433,623
