cascade_id,observation_level,early_event_count,early_size,early_comm_count,early_duration,early_growth_rate,early_max_out_degree,early_mean_out_degree,early_max_betweenness,early_mean_betweenness,early_max_pagerank,early_mean_pagerank,target_final_size,early_mean_link_score,early_max_link_score,early_preferential_attachment_max,predicted_final_size,absolute_error,relative_error,residual
2,0.1,87,128,13,1.0,128.0,0.0980187695516162,0.0131321689259644,0.0464749058416465,0.0058055451133012,0.0056186378747126,0.001338585878655,611,0.0168406475610136,0.108695652173913,1760.0,633.182630474744,22.182630474743974,0.03630545085882811,22.182630474743974
2,0.2,173,218,13,1.0,218.0,0.0980187695516162,0.0107767073882388,0.0464749058416465,0.0046562850197304,0.0056186378747126,0.0013328706062616,611,0.0743052407007832,1.0,828.0,630.0385246782527,19.038524678252656,0.031159614858023987,19.038524678252656
2,0.3,259,299,13,1.0,299.0,0.0980187695516162,0.0096812105698173,0.0464749058416465,0.0041609575881859,0.0056186378747126,0.0012862473466424,611,0.0128787878787878,0.1666666666666666,200.0,623.6547725819204,12.654772581920383,0.020711575420491627,12.654772581920383
2,0.5,431,430,13,1.5,286.6666666666667,0.0980187695516162,0.0086936489075344,0.0570262908498661,0.003854156264935,0.0056186378747126,0.001278302578875,611,0.0180546722780765,0.1538461538461538,432.0,623.5980683047449,12.598068304744857,0.020618769729533318,12.598068304744857
5,0.1,83,117,13,1.0,117.0,0.0980187695516162,0.0118446030854789,0.0492079830055308,0.0050848892427916,0.0056186378747126,0.0012816527270124,620,0.0038757469881818,0.0392156862745098,5900.0,621.9058183896303,1.9058183896303262,0.00307390062843601,1.9058183896303262
5,0.2,166,217,13,1.0,217.0,0.0980187695516162,0.0103602542971508,0.0492079830055308,0.0045729095651646,0.0056186378747126,0.001324501757247,620,0.008856572159393,0.0666666666666666,700.0,621.0501945781806,1.0501945781805944,0.0016938622228719264,1.0501945781805944
5,0.3,249,290,13,1.0,290.0,0.0980187695516162,0.009172629535076,0.0492079830055308,0.0039254844849329,0.0056186378747126,0.0012436725382195,620,0.0107258064516129,0.15,608.0,618.5178713559826,1.4821286440173935,0.002390530070995796,-1.4821286440173935
5,0.5,414,432,13,1.5,288.0,0.0980187695516162,0.0085568493415208,0.0570262908498661,0.0038191008751712,0.0058095370925524,0.0012816287704614,620,0.009284188034188,0.125,520.0,620.4074640919386,0.40746409193855015,0.0006572001482879841,0.40746409193855015
14,0.1,82,121,13,1.0,121.0,0.0980187695516162,0.0115909306353897,0.0492079830055308,0.0050987197318738,0.0045513414488271,0.0013590397443475,622,0.0108282034527821,0.0833333333333333,3500.0,620.470124428502,1.5298755714979961,0.0024596070281318267,-1.5298755714979961
14,0.2,164,218,13,1.0,218.0,0.0980187695516162,0.0105901598568845,0.0570262908498661,0.0047343814836282,0.0045513414488271,0.0012938859506531,622,0.0141196444702542,0.074074074074074,341.0,619.8940581184484,2.1059418815516437,0.0033857586520122888,-2.1059418815516437
14,0.3,246,295,13,1.0,295.0,0.0980187695516162,0.0098301549990278,0.0570262908498661,0.0044284232197497,0.0052421649220672,0.0012991287063764,622,0.0054632867132867,0.0769230769230769,500.0,618.0232929972038,3.976707002796161,0.006393419618643346,-3.976707002796161
14,0.5,410,416,13,1.75,237.7142857142857,0.0980187695516162,0.0088057471725354,0.0570262908498661,0.0039045162713723,0.0056186378747126,0.0012471384330693,622,0.0167857142857142,0.2857142857142857,221.0,616.3549884778369,5.645011522163145,0.009075581225342676,-5.645011522163145
15,0.1,82,132,13,1.0,132.0,0.0761209593326381,0.0111463961828924,0.0570262908498661,0.0046212340446679,0.0037580805554219,0.0012856525221792,624,0.0354441776710684,0.5555555555555556,5226.0,625.421434063131,1.4214340631309597,0.002277939203735512,1.4214340631309597
15,0.2,164,224,13,1.0,224.0,0.0980187695516162,0.0098782213615372,0.0570262908498661,0.0042971636589792,0.0052421649220672,0.0012897689543613,624,0.0127762923351158,0.0833333333333333,1280.0,621.7589727918229,2.2410272081771154,0.0035913897566940954,-2.2410272081771154
15,0.3,246,304,13,1.0,304.0,0.0980187695516162,0.0095219801328137,0.0570262908498661,0.0040895664015029,0.0056186378747126,0.0012615298381664,624,0.0094526070150921,0.1052631578947368,1003.0,620.272298545466,3.7277014545339853,0.0059738805361121555,-3.7277014545339853
15,0.5,409,428,13,1.5,285.3333333333333,0.0980187695516162,0.0081982789705007,0.0570262908498661,0.0035048302200932,0.0056186378747126,0.0011978719570315,624,0.0119444444444444,0.2222222222222222,910.0,626.9012844497871,2.901284449787113,0.0046494943105562705,2.901284449787113
21,0.1,84,130,13,1.0,130.0,0.0980187695516162,0.0117430015240233,0.0570262908498661,0.0051368063786259,0.0052421649220672,0.0012805785925466,619,0.0193042196689427,0.1282051282051282,1072.0,626.9731779421039,7.973177942103916,0.01288073980953783,7.973177942103916
21,0.2,168,228,13,1.0,228.0,0.0980187695516162,0.0105830269103415,0.0570262908498661,0.0047685859594081,0.0056186378747126,0.0013468934240525,619,0.0101157463226428,0.0909090909090909,800.0,624.8518217386596,5.851821738659623,0.009453670013989699,5.851821738659623
21,0.3,252,305,13,1.0,305.0,0.0980187695516162,0.0097027299611958,0.0570262908498661,0.0043698282670857,0.0056186378747126,0.0013236406307835,619,0.0050144145977479,0.0285714285714285,988.0,621.6333805623292,2.6333805623291937,0.004254249696816145,2.6333805623291937
21,0.5,419,418,13,1.75,238.8571428571429,0.0980187695516162,0.0087910552758804,0.0570262908498661,0.0037980646643461,0.0056186378747126,0.0012462115478108,619,0.018914161392405,0.1666666666666666,456.0,621.799693819915,2.799693819914978,0.0045229302421889795,2.799693819914978
22,0.1,82,121,13,1.0,121.0,0.0980187695516162,0.0123320607726712,0.0464749058416465,0.0050714439641036,0.0058095370925524,0.0012609166969111,615,0.0040472027972027,0.0303030303030303,531.0,620.7212411223426,5.721241122342576,0.009302831093239962,5.721241122342576
22,0.2,164,221,13,1.0,221.0,0.0980187695516162,0.0109323909238035,0.0570262908498661,0.0047528076687645,0.0058095370925524,0.0013095292363115,615,0.0181096265963929,0.1111111111111111,2200.0,620.3353971513552,5.33539715135521,0.008675442522528796,5.33539715135521
22,0.3,246,293,13,1.0,293.0,0.0980187695516162,0.0096552509546704,0.0570262908498661,0.0041868064629058,0.0058095370925524,0.0012409914578878,615,0.0139721389721389,0.1428571428571428,644.0,618.4636266696408,3.463626669640803,0.005631913283968785,3.463626669640803
22,0.5,409,417,13,1.5,278.0,0.0980187695516162,0.0087996339112234,0.0570262908498661,0.0039875841506336,0.0058095370925524,0.0012715497147499,615,0.0041666666666666,0.0833333333333333,494.0,615.3423780063498,0.3423780063498043,0.0005567122054468363,0.3423780063498043
28,0.1,89,131,13,1.0,131.0,0.0980187695516162,0.0108892055178342,0.0464749058416465,0.0047645852096213,0.0056186378747126,0.0013678288995637,616,0.0138347127700674,0.1,756.0,637.2466923595751,21.24669235957515,0.03449138370060901,21.24669235957515
28,0.2,177,231,13,1.0,231.0,0.0980187695516162,0.0098542403026239,0.0570262908498661,0.0044139611123543,0.0056186378747126,0.0013416450509212,616,0.0031754032258064,0.032258064516129,960.0,634.7350854263269,18.73508542632692,0.03041409971806318,18.73508542632692
28,0.3,265,313,13,1.0,313.0,0.0980187695516162,0.0092515166557282,0.0570262908498661,0.0040260807688692,0.0056186378747126,0.0012901363885515,616,0.0029411764705882,0.0588235294117647,550.0,634.638662436381,18.63866243638097,0.030257568890228844,18.63866243638097
28,0.5,441,433,13,1.666667,259.7999480400104,0.0980187695516162,0.0086839880842004,0.0570262908498661,0.00376323016706,0.0058095370925524,0.0012636203125199,616,0.0090155006284038,0.0909090909090909,1560.0,626.7150584047041,10.71505840470411,0.017394575332311864,10.71505840470411
33,0.1,84,123,13,1.0,123.0,0.0980187695516162,0.0114533262120941,0.0464749058416465,0.0046534768823778,0.0038790328069506,0.0012939128733694,640,0.0119466317995729,0.1136363636363636,700.0,627.6969451955265,12.303054804473504,0.01922352313198985,-12.303054804473504
33,0.2,168,232,13,1.0,232.0,0.0980187695516162,0.0097578296357555,0.0570262908498661,0.0043139771207951,0.0058095370925524,0.0013425085110505,640,0.0260797890703014,0.2222222222222222,440.0,625.9811692776531,14.018830722346934,0.021904423003667083,-14.018830722346934
33,0.3,252,306,13,1.0,306.0,0.0980187695516162,0.0091973529070995,0.0570262908498661,0.0040714370594957,0.0058095370925524,0.0013142469240359,640,0.0189942002442002,0.1538461538461538,340.0,624.7305488253825,15.26945117461753,0.02385851746033989,-15.26945117461753
33,0.5,419,448,13,1.5,298.6666666666667,0.0980187695516162,0.0084816773424697,0.0570262908498661,0.0037833365903878,0.0058095370925524,0.0012805546247311,640,0.0047241379310344,0.04,378.0,629.4043931396357,10.595606860364342,0.016555635719319284,-10.595606860364342
35,0.1,82,116,12,1.0,116.0,0.0980187695516162,0.0126658516414368,0.0464749058416465,0.0052462514165958,0.0056186378747126,0.0012887154564538,614,0.0077211004390716,0.0434782608695652,1440.0,622.08525257571,8.085252575710001,0.013168163804087949,8.085252575710001
35,0.2,163,214,13,1.0,214.0,0.0980187695516162,0.0103593111983861,0.0570262908498661,0.0043688587641958,0.0056186378747126,0.0012826114618504,614,0.0246189155486756,0.1,532.0,621.5693771125117,7.569377112511688,0.012327975753276365,7.569377112511688
35,0.3,245,292,13,1.0,292.0,0.0980187695516162,0.0093383518790977,0.0570262908498661,0.0039798101871535,0.0056186378747126,0.0012295512413056,614,0.0209393939393939,0.2,650.0,618.8675479284391,4.86754792843908,0.007927602489314463,4.86754792843908
35,0.5,408,426,13,1.666667,255.59994888001023,0.0980187695516162,0.0087434583168107,0.0570262908498661,0.0037737647236545,0.0056186378747126,0.0012659195529618,614,0.0,0.0,324.0,618.6245331090845,4.624533109084496,0.007531812881245107,4.624533109084496
36,0.1,83,132,12,1.0,132.0,0.0980187695516162,0.0106013208202988,0.0464749058416465,0.0041676110628621,0.0038790328069506,0.0011789244597375,625,0.0407246732026143,0.5777777777777777,1750.0,625.4947036765863,0.4947036765862549,0.0007915258825380079,0.4947036765862549
36,0.2,166,232,12,1.0,232.0,0.0980187695516162,0.0094611844234295,0.0492079830055308,0.0038834875689672,0.0048729601732022,0.0012346369455784,625,0.0154418498168498,0.1153846153846153,480.0,625.2967494939852,0.2967494939852031,0.000474799190376325,0.2967494939852031
36,0.3,249,311,12,1.0,311.0,0.0980187695516162,0.0089254280819046,0.0570262908498661,0.0038173783197225,0.0048729601732022,0.0011875886764905,625,0.0181039432896727,0.2,1240.0,629.0887914937352,4.088791493735243,0.00654206638997639,4.088791493735243
36,0.5,414,415,12,1.666667,248.99995020001,0.0980187695516162,0.0085555988291015,0.0570262908498661,0.003811184398904,0.0056186378747126,0.0012662748466668,625,0.0172268907563025,0.2857142857142857,440.0,618.1981057271252,6.801894272874847,0.010883030836599755,-6.801894272874847
41,0.1,85,116,13,1.0,116.0,0.0980187695516162,0.0128276581208873,0.0570262908498661,0.0057674535717596,0.0056186378747126,0.001345944231633,658,0.0113284402756444,0.0655737704918032,1000.0,625.1521353711374,32.84786462886257,0.04992076691316499,-32.84786462886257
41,0.2,170,215,13,1.0,215.0,0.0980187695516162,0.010519678929117,0.0570262908498661,0.0046297959223609,0.0056186378747126,0.0012893798346397,658,0.0223741944330179,0.0909090909090909,520.0,628.7275162162222,29.27248378377783,0.04448705742215476,-29.27248378377783
41,0.3,255,303,13,1.0,303.0,0.0980187695516162,0.0091507586629361,0.0570262908498661,0.0039552597827216,0.0056186378747126,0.0012257390262543,658,0.0076143059838712,0.0476190476190476,500.0,629.3810187265092,28.618981273490817,0.043493892512903976,-28.618981273490817
41,0.5,425,439,13,1.5,292.6666666666667,0.0980187695516162,0.0086199320191638,0.0570262908498661,0.0038735888734451,0.0058095370925524,0.0012905724972611,658,0.0049127906976744,0.0416666666666666,750.0,625.8824645595615,32.11753544043847,0.04881084413440497,-32.11753544043847
48,0.1,83,126,13,1.0,126.0,0.0980187695516162,0.0112468345002233,0.0492079830055308,0.0051290739940607,0.0052421649220672,0.0013368129038559,614,0.0154138093916812,0.09375,800.0,620.5966098879346,6.596609887934619,0.0107436643125971,6.596609887934619
48,0.2,165,219,13,1.0,219.0,0.0980187695516162,0.0104465743901799,0.0570262908498661,0.0049407246340519,0.0052421649220672,0.001307156599358,614,0.0017177589852008,0.0227272727272727,1710.0,620.9731106878561,6.973110687856092,0.011356857797811225,6.973110687856092
48,0.3,247,293,13,1.0,293.0,0.0980187695516162,0.0099186083341933,0.0570262908498661,0.0045441299793778,0.0052421649220672,0.0012759449269041,614,0.0136024844720496,0.1,432.0,617.9558720249636,3.9558720249635826,0.0064427883142729354,3.9558720249635826
48,0.5,412,420,13,1.5,280.0,0.0980187695516162,0.0088559511395798,0.0570262908498661,0.0039053812809621,0.0056186378747126,0.0012333372066541,614,0.0083970293978497,0.0714285714285714,736.0,616.5131162129858,2.5131162129857785,0.004093023148185307,2.5131162129857785
53,0.1,82,123,12,1.0,123.0,0.0980187695516162,0.0125045567452545,0.0464749058416465,0.0056065656524739,0.0058095370925524,0.0014338846366657,602,0.0121083432749355,0.0416666666666666,720.0,618.3920685229391,16.3920685229391,0.0272293497058789,16.3920685229391
53,0.2,164,228,12,1.0,228.0,0.0980187695516162,0.0113056363536578,0.0570262908498661,0.0052067761951145,0.0058095370925524,0.0014240464855036,602,0.0181100394703335,0.125,1608.0,620.029073842576,18.029073842576054,0.029948627645475172,18.029073842576054
53,0.3,246,314,13,1.0,314.0,0.0980187695516162,0.0099592861459986,0.0570262908498661,0.004518895053015,0.0058095370925524,0.001350364358397,602,0.0100777590439641,0.0625,850.0,617.476509344932,15.47650934493197,0.025708487283940148,15.47650934493197
53,0.5,410,430,13,1.666667,257.99994840001034,0.0980187695516162,0.0089967747411304,0.0570262908498661,0.004045306524779,0.0058095370925524,0.0013181941005858,602,0.0249230267449445,0.3333333333333333,1200.0,616.7016180757059,14.701618075705937,0.024421292484561357,14.701618075705937
59,0.1,83,129,12,1.0,129.0,0.0980187695516162,0.0122301169661549,0.0464749058416465,0.0050630872434347,0.0058095370925524,0.0014090960195396,613,0.0186036412259238,0.125,700.0,618.5123848709354,5.512384870935421,0.008992471241330213,5.512384870935421
59,0.2,165,232,13,1.0,232.0,0.0980187695516162,0.010261227571824,0.0570262908498661,0.004622697819123,0.0058095370925524,0.0013577660660205,613,0.026917684648057,0.2222222222222222,1638.0,622.7876350159848,9.787635015984847,0.01596677816637006,9.787635015984847
59,0.3,247,318,13,1.0,318.0,0.0980187695516162,0.0093585430315907,0.0570262908498661,0.004170042292957,0.0058095370925524,0.0012868773583046,613,0.014908001711596,0.1333333333333333,620.0,625.9527416508405,12.952741650840494,0.021130084259119893,12.952741650840494
59,0.5,412,436,13,1.5,290.6666666666667,0.0980187695516162,0.0084568214213964,0.0570262908498661,0.0036923018365565,0.0058095370925524,0.0012419164177674,613,0.0174926900584795,0.0833333333333333,400.0,624.0237350000616,11.023735000061606,0.01798325448623427,11.023735000061606
63,0.1,83,122,12,1.0,122.0,0.0980187695516162,0.0127010718131933,0.0570262908498661,0.0059007608110526,0.0045513414488271,0.0012949512995064,603,0.0241266431555808,0.1666666666666666,864.0,621.6421791780044,18.642179178004426,0.030915720029858085,18.642179178004426
63,0.2,166,221,13,1.0,221.0,0.0980187695516162,0.0103284435615907,0.0570262908498661,0.0046322675954449,0.0045513414488271,0.0012076003674473,603,0.0058067546561706,0.0625,1248.0,623.5001391940892,20.50013919408923,0.033996914086383466,20.50013919408923
63,0.3,249,310,13,1.0,310.0,0.0980187695516162,0.0094991422516734,0.0570262908498661,0.0043449411444301,0.0056186378747126,0.0012533369363957,603,0.0115965633565254,0.1,268.0,623.3348439116376,20.334843911637563,0.033722792556612875,20.334843911637563
63,0.5,414,425,13,1.5,283.3333333333333,0.0980187695516162,0.0086045513095748,0.0570262908498661,0.0039218532525866,0.0058095370925524,0.0012739713669534,603,0.0125697261663285,0.0625,589.0,617.0619089590493,14.061908959049333,0.02331991535497402,14.061908959049333
65,0.1,85,125,13,1.0,125.0,0.0980187695516162,0.0112784150156412,0.0464749058416465,0.0043635493258681,0.0039254903849993,0.001213046667165,641,0.0169857488738275,0.1666666666666666,1534.0,629.3659418934695,11.63405810653046,0.018149856640453137,-11.63405810653046
65,0.2,170,228,13,1.0,228.0,0.0980187695516162,0.0095357005652817,0.0464749058416465,0.0038201365056959,0.0058095370925524,0.0012414970455826,641,0.0039464938517779,0.059322033898305,2500.0,629.4291048860867,11.570895113913252,0.01805131843044189,-11.570895113913252
65,0.3,254,312,13,1.0,312.0,0.0980187695516162,0.0090071121093018,0.0570262908498661,0.0039534128767443,0.0058095370925524,0.0012628535688507,641,0.0191409511382093,0.1034482758620689,2394.0,630.70953271984,10.290467280159987,0.016053771107893897,-10.290467280159987
65,0.5,423,444,13,1.5,296.0,0.0980187695516162,0.0083561141955302,0.0570262908498661,0.0037607975028198,0.0058095370925524,0.0012693654414904,641,0.0043154761904761,0.0625,472.0,636.6922412841994,4.30775871580056,0.006720372411545336,-4.30775871580056
72,0.1,79,130,13,1.0,130.0,0.0980187695516162,0.0120237426806769,0.0464749058416465,0.0054354371863094,0.0058095370925524,0.0014152778303935,612,0.0,0.0,360.0,613.3670024697253,1.3670024697253211,0.002233664166217845,1.3670024697253211
72,0.2,158,228,13,1.0,228.0,0.0980187695516162,0.0106241882077455,0.0464749058416465,0.0047363519641423,0.0058095370925524,0.001386285872486,612,0.0028571428571428,0.0285714285714285,374.0,611.0304940980441,0.9695059019559267,0.00158415997051622,-0.9695059019559267
72,0.3,237,290,13,1.0,290.0,0.0980187695516162,0.0097910898565315,0.0464749058416465,0.0042425392341394,0.0058095370925524,0.0013004132803519,612,0.0107108157849683,0.0625,2300.0,611.5161909549248,0.4838090450751906,0.0007905376553516187,-0.4838090450751906
72,0.5,394,427,13,1.5,284.6666666666667,0.0980187695516162,0.0086790250382789,0.0570262908498661,0.0039556571082426,0.0058095370925524,0.0012861950158462,612,0.0206072351421188,0.3333333333333333,160.0,614.7728496772306,2.7728496772306244,0.00453080012619383,2.7728496772306244
81,0.1,84,122,13,1.0,122.0,0.0980187695516162,0.0126668831945844,0.0464749058416465,0.0053248490066464,0.0039956275909326,0.0012474688328803,623,0.007449595269395,0.0357142857142857,1470.0,625.0829868501128,2.082986850112775,0.0033434780900686596,2.082986850112775
81,0.2,167,226,13,1.0,226.0,0.0980187695516162,0.0095185803796358,0.0464749058416465,0.0039936557199297,0.0048729601732022,0.0011650310099366,623,0.0141275391275391,0.1818181818181818,472.0,624.6234405084807,1.6234405084807122,0.002605843512810132,1.6234405084807122
81,0.3,250,299,13,1.0,299.0,0.0980187695516162,0.0087988812203346,0.0570262908498661,0.0037528441649728,0.0048729601732022,0.0011583562531639,623,0.0144999999999999,0.25,176.0,623.4010417650154,0.4010417650154068,0.0006437267496234458,0.4010417650154068
81,0.5,417,440,13,1.5,293.3333333333333,0.0980187695516162,0.0082211584036401,0.0570262908498661,0.0036257329484635,0.0056186378747126,0.0012294575097543,623,0.0047003284072249,0.0357142857142857,360.0,634.3255303498171,11.325530349817086,0.018179021428277826,11.325530349817086
86,0.1,86,145,13,1.0,145.0,0.0980187695516162,0.0111107115889395,0.0464749058416465,0.0047796845368399,0.0040871733233292,0.0014383552466533,635,0.0152679082826141,0.0925925925925925,968.0,631.173159924598,3.8268400754019467,0.006026519803782594,-3.8268400754019467
86,0.2,172,232,13,1.0,232.0,0.0980187695516162,0.0106657437704504,0.0570262908498661,0.0047494266897428,0.0056186378747126,0.0014005038462833,635,0.0049906588116633,0.03125,680.0,632.1579736649542,2.84202633504583,0.00447563202369422,-2.84202633504583
86,0.3,258,319,13,1.0,319.0,0.0980187695516162,0.0096724317716011,0.0570262908498661,0.0042558744713564,0.0056186378747126,0.0013079943367872,635,0.044710764085764,0.5,540.0,634.1430886066867,0.8569113933133394,0.001349466761123369,-0.8569113933133394
86,0.5,430,428,13,1.75,244.57142857142856,0.0980187695516162,0.008692855681054,0.0570262908498661,0.0038117821143354,0.0058095370925524,0.0012791211759473,635,0.0132478632478632,0.1111111111111111,500.0,623.114324475069,11.885675524931003,0.018717599251859847,-11.885675524931003
88,0.1,83,120,12,1.0,120.0,0.0980187695516162,0.0122262773722627,0.0464749058416465,0.0053152102279149,0.0056186378747126,0.0013096511280414,608,0.0112343289806343,0.0833333333333333,780.0,620.8733977718098,12.873397771809778,0.021173351598371346,12.873397771809778
88,0.2,165,220,12,1.0,220.0,0.0980187695516162,0.0105460233197459,0.0464749058416465,0.0045579698371506,0.0058095370925524,0.0012968791826119,608,0.0054220779220779,0.0727272727272727,660.0,621.1328364565554,13.132836456555424,0.021600059961439842,13.132836456555424
88,0.3,247,305,13,1.0,305.0,0.0980187695516162,0.0094052889792987,0.0464749058416465,0.0040015431445713,0.0058095370925524,0.0012323199180301,608,0.0006756756756756,0.0135135135135135,1404.0,624.1715676771628,16.171567677162784,0.026597973153228264,16.171567677162784
88,0.5,412,426,13,1.5,284.0,0.0980187695516162,0.0088805338111392,0.0570262908498661,0.003964367296045,0.0058095370925524,0.0012851406231831,608,0.0164513340161935,0.0666666666666666,531.0,618.0647195282768,10.064719528276783,0.016553815013613127,10.064719528276783
92,0.1,84,130,13,1.0,130.0,0.0761209593326381,0.01001844870458,0.031948254360793,0.00390937488874,0.0058095370925524,0.0011463501890982,640,0.0088935574229691,0.0833333333333333,550.0,625.3497014229839,14.650298577016088,0.022891091526587637,-14.650298577016088
92,0.2,167,226,13,1.0,226.0,0.0980187695516162,0.0088772412265726,0.0570262908498661,0.0038238281522,0.0058095370925524,0.0011765162872225,640,0.0084471288515406,0.0625,720.0,623.8961298624884,16.10387013751165,0.02516229708986195,-16.10387013751165
92,0.3,251,315,13,1.0,315.0,0.0980187695516162,0.0088253306188655,0.0570262908498661,0.0038160832452628,0.0058095370925524,0.0011909140110037,640,0.0215060865060865,0.1333333333333333,2652.0,630.4576027839029,9.542397216097129,0.014909995650151765,-9.542397216097129
92,0.5,417,451,13,1.5,300.6666666666667,0.0980187695516162,0.0083998252059494,0.0570262908498661,0.0036340289602963,0.0058095370925524,0.0012274391567585,640,0.0037426900584795,0.0526315789473684,651.0,640.5636153842264,0.5636153842264093,0.0008806490378537646,0.5636153842264093
96,0.1,82,124,13,1.0,124.0,0.0980187695516162,0.012622355275993,0.0570262908498661,0.0055460595148412,0.0038221510689287,0.0013633132991948,618,0.0160803063900181,0.125,418.0,619.9678990228007,1.9678990228006796,0.0031843026258910672,1.9678990228006796
96,0.2,164,224,13,1.0,224.0,0.0980187695516162,0.0109582154029494,0.0570262908498661,0.004982004434484,0.0056186378747126,0.0014241086968556,618,0.00125,0.025,300.0,618.2908777718884,0.2908777718884039,0.0004706760062919157,0.2908777718884039
96,0.3,245,296,13,1.0,296.0,0.0980187695516162,0.0095714849364483,0.0570262908498661,0.0042437433968269,0.0056186378747126,0.0013189797509763,618,0.0129629629629629,0.2,900.0,618.0160181019253,0.01601810192528319,2.591925877877539e-05,0.01601810192528319
96,0.5,408,433,13,1.6,270.625,0.0980187695516162,0.0085828434642513,0.0570262908498661,0.0037542112717786,0.0058095370925524,0.0012560561759211,618,0.011736103006963,0.0975609756097561,714.0,620.118895510507,2.1188955105069454,0.0034286335121471606,2.1188955105069454
99,0.1,79,123,13,1.0,123.0,0.0980187695516162,0.0107072916401739,0.0464749058416465,0.0043085830425446,0.0048729601732022,0.0013284847806911,610,0.0050559978549624,0.0416666666666666,1700.0,603.0599589162168,6.940041083783171,0.011377116530792084,-6.940041083783171
99,0.2,158,216,13,1.0,216.0,0.0980187695516162,0.009587533310161,0.0570262908498661,0.0042926508793405,0.0048729601732022,0.0012924570209105,610,0.013014249177932,0.1,520.0,612.3170540813238,2.3170540813238176,0.0037984493136456027,2.3170540813238176
99,0.3,236,303,13,1.0,303.0,0.0980187695516162,0.0089786872326439,0.0570262908498661,0.0040272486052256,0.0052421649220672,0.0013025089600736,610,0.0103896103896103,0.1363636363636363,480.0,610.917481034778,0.9174810347780067,0.00150406727012788,0.9174810347780067
99,0.5,393,420,13,1.5,280.0,0.0980187695516162,0.008493470380853,0.0570262908498661,0.003854444351043,0.0056186378747126,0.0012632799192471,610,0.0056315789473684,0.0526315789473684,494.0,611.9047691251017,1.9047691251016658,0.003122572336232239,1.9047691251016658
100,0.1,87,140,13,1.0,140.0,0.0980187695516162,0.0115894532995679,0.0464749058416465,0.0053452803559711,0.0056186378747126,0.0013600162309709,630,0.0052627008935619,0.0588235294117647,1482.0,633.2933787738181,3.2933787738180627,0.005227585355266766,3.2933787738180627
100,0.2,173,237,13,1.0,237.0,0.0980187695516162,0.0102251378237703,0.0570262908498661,0.0047496929754333,0.0056186378747126,0.0013965148709822,630,0.0088857847578777,0.0813953488372093,1170.0,629.8710575832167,0.1289424167832749,0.00020467050283059506,-0.1289424167832749
100,0.3,260,317,13,1.0,317.0,0.0980187695516162,0.009223593188225,0.0570262908498661,0.0044244104496752,0.0058095370925524,0.0013833274776429,630,0.0340447154471544,0.5,1053.0,635.0041428932254,5.004142893225435,0.00794308395750069,5.004142893225435
100,0.5,432,443,13,1.666667,265.79994684001065,0.0980187695516162,0.0086786226246771,0.0570262908498661,0.0039062713596272,0.0058095370925524,0.0013018930332609,630,0.0035714285714285,0.0714285714285714,649.0,625.7725386640575,4.2274613359425075,0.006710256088797631,-4.2274613359425075
103,0.1,84,123,13,1.0,123.0,0.0980187695516162,0.0121145841281144,0.0492079830055308,0.0058017533055248,0.0058095370925524,0.0014081365266751,627,0.021170428156877,0.064516129032258,1120.0,623.7335359471788,3.2664640528212203,0.005209671535600032,-3.2664640528212203
103,0.2,168,216,13,1.0,216.0,0.0980187695516162,0.0106206310585872,0.0570262908498661,0.0051379893555516,0.0058095370925524,0.0013900720078856,627,0.012420843045843,0.1538461538461538,624.0,622.3042157718468,4.695784228153229,0.007489289040116793,-4.695784228153229
103,0.3,252,300,13,1.0,300.0,0.0980187695516162,0.0095064303093499,0.0570262908498661,0.0043438495501443,0.0058095370925524,0.0013035439507509,627,0.0297449651797477,0.4,256.0,622.450316448978,4.549683551021985,0.00725627360609567,-4.549683551021985
103,0.5,419,435,13,1.666667,260.99994780001043,0.0980187695516162,0.0088142581472558,0.0570262908498661,0.003917827853542,0.0058095370925524,0.0012893290349035,627,0.0176778455284552,0.1111111111111111,572.0,623.7832239784632,3.216776021536816,0.005130424276773232,-3.216776021536816
106,0.1,86,126,13,1.0,126.0,0.0980187695516162,0.0127861363523511,0.0570262908498661,0.0057451784550304,0.0058095370925524,0.0013519074498887,626,0.0145444418040341,0.1428571428571428,2000.0,630.0165827834504,4.016582783450417,0.006416266427237088,4.016582783450417
106,0.2,172,219,13,1.0,219.0,0.0980187695516162,0.0108084429652272,0.0570262908498661,0.0050573978101972,0.0058095370925524,0.0013442291356106,626,0.0038815789473684,0.0526315789473684,875.0,629.1155049723919,3.115504972391932,0.004976845003820977,3.115504972391932
106,0.3,258,300,13,1.0,300.0,0.0980187695516162,0.0092839763642682,0.0570262908498661,0.0042863048182639,0.0058095370925524,0.0012819073161828,626,0.0048517975055025,0.0425531914893617,598.0,629.7382505958913,3.738250595891259,0.00597164631931511,3.738250595891259
106,0.5,429,430,13,1.5,286.6666666666667,0.0980187695516162,0.0085529985207458,0.0570262908498661,0.0039160633953496,0.0058095370925524,0.0012904776888399,626,0.0102572926773309,0.0869565217391304,800.0,619.1011413122427,6.898858687757297,0.011020541034756066,-6.898858687757297
107,0.1,83,129,13,1.0,129.0,0.0980187695516162,0.0121412000549667,0.0570262908498661,0.0049974642435184,0.0052421649220672,0.0012673215389954,644,0.0218139104387857,0.0975609756097561,1300.0,620.332162925593,23.667837074406975,0.03675129980497978,-23.667837074406975
107,0.2,166,233,13,1.0,233.0,0.0980187695516162,0.0105394120305933,0.0570262908498661,0.0046733582140852,0.0052421649220672,0.0013396974583769,644,0.0196088023507378,0.1621621621621621,1326.0,622.9405007789319,21.05949922106811,0.03270108574700017,-21.05949922106811
107,0.3,249,310,13,1.0,310.0,0.0980187695516162,0.0094083218406269,0.0570262908498661,0.0041861986043084,0.0056186378747126,0.0012887190704995,644,0.0201073040944208,0.1612903225806451,390.0,624.4506053719384,19.549394628061577,0.030356202838604934,-19.549394628061577
107,0.5,414,451,13,1.5,300.6666666666667,0.0980187695516162,0.0084321944745658,0.0570262908498661,0.0037708044215686,0.0058095370925524,0.0012553256960977,644,0.0269095086200349,0.2,864.0,631.3348195413259,12.665180458674058,0.01966642928365537,-12.665180458674058
113,0.1,83,126,12,1.0,126.0,0.0980187695516162,0.0124799311452074,0.0464749058416465,0.0054245339555675,0.0056186378747126,0.00143889446866,625,0.0128243162679782,0.12,1092.0,617.208248553933,7.791751446066996,0.012466802313707195,-7.791751446066996
113,0.2,165,223,12,1.0,223.0,0.0980187695516162,0.011287916691995,0.0570262908498661,0.0052892584468709,0.0056186378747126,0.0013935073424386,625,0.0254458415906361,0.3333333333333333,1100.0,620.90593957996,4.094060420040023,0.006550496672064037,-4.094060420040023
113,0.3,247,313,13,1.0,313.0,0.0980187695516162,0.0100277512184883,0.0570262908498661,0.0046005822776901,0.0056186378747126,0.0013594620594712,625,0.0070719602977667,0.0769230769230769,336.0,618.0059075502646,6.994092449735376,0.011190547919576603,-6.994092449735376
113,0.5,411,444,13,1.5,296.0,0.0980187695516162,0.0086896072297531,0.0570262908498661,0.0039523642244697,0.0058095370925524,0.0013003239660549,625,0.0153471915081822,0.1428571428571428,377.0,624.1661152151739,0.8338847848260684,0.0013342156557217095,-0.8338847848260684
122,0.1,82,125,13,1.0,125.0,0.0980187695516162,0.0109363920750781,0.0570262908498661,0.0050890156456494,0.0058095370925524,0.0013253279200772,612,0.0148637289365277,0.0769230769230769,1000.0,620.523494819101,8.52349481910096,0.01392727911617804,8.52349481910096
122,0.2,164,221,13,1.0,221.0,0.0980187695516162,0.0091630138860709,0.0570262908498661,0.0043925881194126,0.0058095370925524,0.0013349607609435,612,0.0021111111111111,0.0222222222222222,504.0,623.3073739959319,11.307373995931925,0.018476101300542364,11.307373995931925
122,0.3,246,302,13,1.0,302.0,0.0980187695516162,0.0091085498829492,0.0570262908498661,0.0040865026084497,0.0058095370925524,0.0012825999222488,612,0.0148435963013968,0.1666666666666666,420.0,620.6484528151399,8.648452815139876,0.014131458848267772,8.648452815139876
122,0.5,410,421,13,1.5,280.6666666666667,0.0980187695516162,0.0082033194712425,0.0570262908498661,0.0036480290873276,0.0058095370925524,0.0012509197378146,612,0.0319347547876959,0.4,5900.0,615.6628729132201,3.662872913220099,0.005985086459509965,3.662872913220099
123,0.1,86,136,12,1.0,136.0,0.0980187695516162,0.0115086180457584,0.0570262908498661,0.0048678448803277,0.0039254903849993,0.0012533631307701,618,0.0104237052977187,0.0512820512820512,1340.0,631.7462812764795,13.746281276479522,0.022243173586536442,13.746281276479522
123,0.2,172,236,13,1.0,236.0,0.0980187695516162,0.010555663561973,0.0570262908498661,0.0048124390923709,0.0056186378747126,0.0013363182398118,618,0.0092396686386456,0.0588235294117647,540.0,630.2761495378477,12.276149537847687,0.01986431964053024,12.276149537847687
123,0.3,257,314,13,1.0,314.0,0.0980187695516162,0.0099493235389836,0.0570262908498661,0.004529685159325,0.0058095370925524,0.0013490877113417,618,0.0135392015392015,0.109090909090909,928.0,627.5607811439155,9.560781143915506,0.015470519650348714,9.560781143915506
123,0.5,428,441,13,1.666667,264.5999470800106,0.0980187695516162,0.0087865525076905,0.0570262908498661,0.0039081343967297,0.0058095370925524,0.0013025428629246,618,0.005718954248366,0.0588235294117647,400.0,624.1467415610585,6.146741561058548,0.009946183755758167,6.146741561058548
124,0.1,83,130,13,1.0,130.0,0.0980187695516162,0.0120638485601988,0.0464749058416465,0.0050058290482062,0.0039956275909326,0.0012571465816204,628,0.0042581469207401,0.0416666666666666,1003.0,621.2699423674375,6.730057632562534,0.010716652281150532,-6.730057632562534
124,0.2,165,224,13,1.0,224.0,0.0980187695516162,0.0100225309101742,0.0464749058416465,0.0044556511122943,0.0058095370925524,0.001349042110144,628,0.0108028455284552,0.1666666666666666,420.0,621.0563224546703,6.943677545329706,0.011056811377913544,-6.943677545329706
124,0.3,247,292,13,1.0,292.0,0.0980187695516162,0.0090740925907408,0.0464749058416465,0.0040509437961459,0.0058095370925524,0.0012989986825844,628,0.0043109668109668,0.0357142857142857,767.0,617.004133834231,10.99586616576903,0.017509341028294635,-10.99586616576903
124,0.5,411,430,13,1.5,286.6666666666667,0.0980187695516162,0.0086790988675218,0.0570262908498661,0.0038229491471842,0.0058095370925524,0.0012640097004384,628,0.0082092464946388,0.0625,603.0,619.0598376058242,8.940162394175786,0.014235927379260806,-8.940162394175786
129,0.1,85,129,13,1.0,129.0,0.0980187695516162,0.0119471995214653,0.0464749058416465,0.0053571645648112,0.0052421649220672,0.0014051420047395,606,0.0025897435897435,0.0384615384615384,1003.0,627.1926212563181,21.192621256318148,0.034971322205145455,21.192621256318148
129,0.2,169,235,13,1.0,235.0,0.0980187695516162,0.0100059902824306,0.0570262908498661,0.0044268435496807,0.0052421649220672,0.001324496122877,606,0.009009009009009,0.0833333333333333,1014.0,626.242568908956,20.242568908955946,0.033403579057683076,20.242568908955946
129,0.3,253,312,13,1.0,312.0,0.0980187695516162,0.0088567150610945,0.0570262908498661,0.0038014444578924,0.0052421649220672,0.0012143436829602,606,0.0171739130434782,0.2,469.0,632.6020012617655,26.60200126176551,0.0438976918510982,26.60200126176551
129,0.5,422,436,13,1.5,290.6666666666667,0.0980187695516162,0.0086361940476987,0.0570262908498661,0.0038035565052544,0.0058095370925524,0.0012761993401508,606,0.0127169358895508,0.0769230769230769,598.0,623.8685575188437,17.86855751884366,0.02948606851294333,17.86855751884366
130,0.1,86,118,12,1.0,118.0,0.0761209593326381,0.010436365564412,0.031948254360793,0.0041759505701105,0.0039956275909326,0.0011667850831721,631,0.0277884716189669,0.1428571428571428,1000.0,627.9509119325415,3.049088067458456,0.004832152246368393,-3.049088067458456
130,0.2,171,226,13,1.0,226.0,0.0980187695516162,0.0104828960846013,0.0464749058416465,0.0044410300311067,0.0056186378747126,0.0012448366397107,631,0.0174856733491486,0.0769230769230769,253.0,631.2277659995889,0.22776599958888255,0.00036096037969711973,0.22776599958888255
130,0.3,256,306,13,1.0,306.0,0.0980187695516162,0.0095244910616314,0.0570262908498661,0.004090919831243,0.0056186378747126,0.0011931768967346,631,0.0130582357903617,0.125,2948.0,635.1736152710416,4.173615271041626,0.006614287275818742,4.173615271041626
130,0.5,426,442,13,1.4,315.7142857142857,0.0980187695516162,0.0086298416053675,0.0570262908498661,0.0038507097037381,0.0058095370925524,0.0012598420914398,631,0.0125851213399352,0.0609756097560975,1340.0,632.8352012110629,1.8352012110628948,0.0029084012853611645,1.8352012110628948
131,0.1,83,120,12,1.0,120.0,0.0980187695516162,0.0116353840806395,0.0570262908498661,0.0049927553819663,0.0034121486335321,0.0011519796546831,619,0.0380398767898767,0.5,798.0,619.6300026352716,0.6300026352715804,0.001017774855042941,0.6300026352715804
131,0.2,166,216,13,1.0,216.0,0.0980187695516162,0.0102295987332483,0.0570262908498661,0.0043222122086854,0.0039956275909326,0.0012242104109798,619,0.0539690461565461,0.7142857142857143,1400.0,626.8124526037386,7.81245260373862,0.012621086597316027,7.81245260373862
131,0.3,249,296,13,1.0,296.0,0.0980187695516162,0.0096771693487021,0.0570262908498661,0.0042245854887233,0.0056186378747126,0.0012734420496308,619,0.0182754581206593,0.2,1512.0,618.0920171840662,0.9079828159337922,0.0014668543068397288,-0.9079828159337922
131,0.5,414,423,13,1.5,282.0,0.0980187695516162,0.0086624907249227,0.0570262908498661,0.0038310388202999,0.0056186378747126,0.0012480644090926,619,0.0241157454361054,0.375,714.0,617.338207350462,1.6617926495380289,0.0026846407908530353,-1.6617926495380289
135,0.1,84,130,13,1.0,130.0,0.0980187695516162,0.0122563567819041,0.0492079830055308,0.0057903649947527,0.0045513414488271,0.0014939814968846,621,0.0143256785472809,0.0714285714285714,625.0,622.5893354481362,1.5893354481362394,0.0025593163416042504,1.5893354481362394
135,0.2,167,220,13,1.0,220.0,0.0980187695516162,0.0104938856763673,0.0570262908498661,0.0047558704466791,0.0045513414488271,0.0013430569053996,621,0.0128028180969357,0.0757575757575757,1218.0,623.3043251478742,2.3043251478742377,0.0037106685150953907,2.3043251478742377
135,0.3,251,294,13,1.0,294.0,0.0980187695516162,0.0095621147311896,0.0570262908498661,0.0042126344120601,0.0056186378747126,0.0012815143924093,621,0.0148377750031148,0.1,1302.0,621.0430686622145,0.0430686622145231,6.935372337282302e-05,0.0430686622145231
135,0.5,418,438,13,1.5,292.0,0.0980187695516162,0.0083801143695153,0.0570262908498661,0.0036969747973781,0.0056186378747126,0.0012399747166044,621,0.0038513513513513,0.05,342.0,630.0152265843915,9.015226584391485,0.014517273082756015,9.015226584391485
139,0.1,78,127,13,1.0,127.0,0.0980187695516162,0.0110761702232475,0.0570262908498661,0.0052661255922017,0.0048729601732022,0.0013546832083914,603,0.0126623376623376,0.1818181818181818,4446.0,605.5388034043749,2.538803404374903,0.0042102875694442835,2.538803404374903
139,0.2,156,216,13,1.0,216.0,0.0980187695516162,0.0102971845672575,0.0570262908498661,0.0046899178638815,0.0048729601732022,0.0012756149979035,603,0.0103234861211719,0.1428571428571428,510.0,610.8879127198405,7.8879127198405286,0.013081115621626083,7.8879127198405286
139,0.3,234,292,13,1.0,292.0,0.0980187695516162,0.0095811847386689,0.0570262908498661,0.0044378701470945,0.0056186378747126,0.0012933928328225,603,0.0113805233191674,0.1052631578947368,182.0,609.3693872881329,6.369387288132884,0.010562831323603456,6.369387288132884
139,0.5,390,428,13,1.5,285.3333333333333,0.0980187695516162,0.0083225322327579,0.0570262908498661,0.0037149384735831,0.0056186378747126,0.0012178663911887,603,0.014127435064935,0.2,315.0,620.3429733179504,17.342973317950396,0.028761149781012265,17.342973317950396
144,0.1,86,129,13,1.0,129.0,0.0980187695516162,0.0108316964538318,0.0492079830055308,0.0047451484667039,0.0045513414488271,0.0012983771968667,640,0.0153526334776334,0.0666666666666666,2028.0,631.6034241803711,8.396575819628879,0.013119649718170123,-8.396575819628879
144,0.2,172,227,13,1.0,227.0,0.0980187695516162,0.0097890148052532,0.0570262908498661,0.0045163232917797,0.0056186378747126,0.0012922605842592,640,0.0068630837247858,0.0909090909090909,1326.0,630.9465183532126,9.053481646787418,0.01414606507310534,-9.053481646787418
144,0.3,258,311,13,1.0,311.0,0.0980187695516162,0.0090293680783505,0.0570262908498661,0.0039784166309035,0.0056186378747126,0.0012259893742163,640,0.0037777777777777,0.0555555555555555,378.0,636.497647326773,3.502352673227051,0.005472426051917267,-3.502352673227051
144,0.5,429,441,13,1.571429,280.6362870991944,0.0980187695516162,0.0083538455354334,0.0570262908498661,0.0036568506984001,0.0056186378747126,0.0012352991453151,640,0.0323897980244729,0.5714285714285714,295.0,634.6069975639331,5.393002436066922,0.008426566306354567,-5.393002436066922
147,0.1,84,128,12,1.0,128.0,0.0980187695516162,0.0121138555787277,0.0464749058416465,0.0050494825032876,0.0058095370925524,0.0013256914174411,635,0.0190058834202814,0.1111111111111111,672.0,623.5240731903423,11.475926809657722,0.01807232568450035,-11.475926809657722
147,0.2,167,236,13,1.0,236.0,0.0980187695516162,0.0100254502394796,0.0570262908498661,0.0044106179559507,0.0058095370925524,0.0013037975616558,635,0.0177151611574986,0.0909090909090909,2394.0,624.7368923227493,10.263107677250673,0.016162374294882948,-10.263107677250673
147,0.3,250,318,13,1.0,318.0,0.0980187695516162,0.0094601950406935,0.0570262908498661,0.0041420396633853,0.0058095370925524,0.0012562366335304,635,0.0127838827838827,0.1428571428571428,280.0,625.4690042740301,9.530995725969888,0.015009442088141556,-9.530995725969888
147,0.5,416,432,13,1.5,288.0,0.0980187695516162,0.0085037461862278,0.0570262908498661,0.003663624945146,0.0058095370925524,0.0012359112543283,635,0.0145802972970155,0.1176470588235294,341.0,625.6919420305015,9.308057969498464,0.014658359007084195,-9.308057969498464
148,0.1,82,117,13,1.0,117.0,0.0980187695516162,0.0120139390212382,0.0570262908498661,0.0047820004140532,0.0044179097289399,0.0012090832159354,613,0.0183791683616368,0.1212121212121212,924.0,621.3986004312635,8.398600431263503,0.013700816364214524,8.398600431263503
148,0.2,163,218,13,1.0,218.0,0.0980187695516162,0.0102888138446967,0.0570262908498661,0.0043969015141783,0.0052421649220672,0.001294866507537,613,0.0072799422799422,0.0476190476190476,1152.0,621.5384731166143,8.538473116614341,0.013928993664949985,8.538473116614341
148,0.3,244,309,13,1.0,309.0,0.0980187695516162,0.0096446203738386,0.0570262908498661,0.0042447812361046,0.0058095370925524,0.0012861614107169,613,0.0099130036630036,0.125,420.0,621.2284228957703,8.228422895770336,0.013423202113817841,8.228422895770336
148,0.5,406,427,13,1.333333,320.25008006252,0.0980187695516162,0.0086399523312974,0.0570262908498661,0.0036916115016974,0.0058095370925524,0.0012565849462108,613,0.0073326432022084,0.0555555555555555,435.0,621.756794584635,8.756794584635031,0.014285146141329579,8.756794584635031
157,0.1,83,127,13,1.0,127.0,0.0980187695516162,0.0136707364134227,0.0570262908498661,0.0060944549975933,0.0056186378747126,0.0013887961684498,621,0.0063600628930817,0.0444444444444444,608.0,616.2717320858294,4.728267914170601,0.007613957993833497,-4.728267914170601
157,0.2,166,221,13,1.0,221.0,0.0980187695516162,0.0106964739854391,0.0570262908498661,0.0044830868802953,0.0056186378747126,0.0012705847488356,621,0.0081323909830007,0.0625,520.0,620.0406223460953,0.959377653904653,0.001544891552181406,-0.959377653904653
157,0.3,249,306,13,1.0,306.0,0.0980187695516162,0.0093745527408043,0.0570262908498661,0.0040064705944403,0.0056186378747126,0.001239036483317,621,0.0206980727073438,0.1,300.0,625.6159409036258,4.615940903625756,0.007433077139493971,4.615940903625756
157,0.5,415,431,13,1.5,287.3333333333333,0.0980187695516162,0.0087629950959162,0.0570262908498661,0.0039424463349709,0.0058095370925524,0.001261861988892,621,0.0101709401709401,0.1111111111111111,871.0,620.123409304787,0.8765906952130536,0.0014115792193446918,-0.8765906952130536
160,0.1,83,121,12,1.0,121.0,0.0980187695516162,0.0124613276570807,0.0464749058416465,0.0054519421263446,0.0058095370925524,0.0012655232781581,607,0.0114291668578595,0.0833333333333333,544.0,621.0893747945341,14.089374794534137,0.023211490600550475,14.089374794534137
160,0.2,166,229,12,1.0,229.0,0.0980187695516162,0.0103319050502934,0.0492079830055308,0.0046520755501325,0.0058095370925524,0.001359031368518,607,0.0051668247944339,0.0416666666666666,240.0,623.6332050495467,16.633205049546746,0.027402314743899085,16.633205049546746
160,0.3,248,314,13,1.0,314.0,0.0980187695516162,0.0092652245239533,0.0492079830055308,0.0040203711235559,0.0058095370925524,0.0012697167024846,607,0.0028296019900497,0.0416666666666666,1092.0,624.0647273164619,17.064727316461926,0.028113224574072365,17.064727316461926
160,0.5,413,410,13,1.555556,263.5713532653277,0.0980187695516162,0.0090566901498003,0.0570262908498661,0.0040121414332142,0.0058095370925524,0.0012757096181283,607,0.0195769927536231,0.2,612.0,607.9644461506263,0.9644461506262587,0.0015888733947714312,0.9644461506262587
161,0.1,83,121,13,1.0,121.0,0.0761209593326381,0.0103068795835882,0.0309372275954943,0.0040274694805163,0.0058095370925524,0.0012777247826282,616,0.0113904299516411,0.0714285714285714,684.0,621.2109090535979,5.210909053597902,0.008459267944152438,5.210909053597902
161,0.2,166,226,13,1.0,226.0,0.0980187695516162,0.0098184871778308,0.0570262908498661,0.0043142213882572,0.0058095370925524,0.0012817458445803,616,0.0215348295495354,0.1538461538461538,782.0,621.1553029478771,5.1553029478770895,0.008368998292008262,5.1553029478770895
161,0.3,249,298,13,1.0,298.0,0.0980187695516162,0.0089788720073342,0.0570262908498661,0.0039457032875433,0.0058095370925524,0.0012404638965311,616,0.0011627906976744,0.0232558139534883,288.0,622.2304497665084,6.2304497665084,0.010114366504072077,6.2304497665084
161,0.5,414,415,13,1.6,259.375,0.0980187695516162,0.0086636431021269,0.0570262908498661,0.0037354827239317,0.0058095370925524,0.0012642757774325,616,0.019176106252568,0.1428571428571428,680.0,616.1692316138813,0.16923161388126573,0.0002747266459111457,0.16923161388126573
162,0.1,78,122,11,1.0,122.0,0.0980187695516162,0.0123591856271046,0.0464749058416465,0.0050916789529691,0.0056186378747126,0.0012367133097564,596,0.0164068314726209,0.1111111111111111,2065.0,611.0563850619915,15.056385061991477,0.02526239104360986,15.056385061991477
162,0.2,155,205,12,1.0,205.0,0.0980187695516162,0.0102037183041277,0.0464749058416465,0.0041499608805231,0.0056186378747126,0.0011929673364341,596,0.0049295033670033,0.037037037037037,1040.0,612.9754794742264,16.975479474226404,0.028482348111118126,16.975479474226404
162,0.3,233,283,13,1.0,283.0,0.0980187695516162,0.0099043099223646,0.0464749058416465,0.0041520209032073,0.0056186378747126,0.0012591850200361,596,0.0100789813023855,0.1,572.0,608.8629356347712,12.862935634771247,0.021582106769750416,12.862935634771247
162,0.5,388,416,13,2.0,208.0,0.0980187695516162,0.0089586508382128,0.0570262908498661,0.0040466329753565,0.0058095370925524,0.0013051807032908,596,0.019230104566412,0.1,612.0,607.7305147872771,11.730514787277116,0.019682071790733415,11.730514787277116
167,0.1,84,114,11,1.0,114.0,0.0980187695516162,0.0120190988419954,0.0464749058416465,0.0050658660103863,0.0056186378747126,0.001244623337395,626,0.0320597598043094,0.1818181818181818,580.0,626.102352129171,0.10235212917098124,0.00016350180378750997,0.10235212917098124
167,0.2,167,214,13,1.0,214.0,0.0980187695516162,0.0101449134125305,0.0464749058416465,0.004225411656325,0.0056186378747126,0.0012544514693025,626,0.0254284951159951,0.1666666666666666,484.0,625.3052306811613,0.6947693188386665,0.0011098551419148027,-0.6947693188386665
167,0.3,251,296,13,1.0,296.0,0.0980187695516162,0.0091839754248512,0.0464749058416465,0.0037421990988409,0.0056186378747126,0.0011929528844272,626,0.0061356209150326,0.0588235294117647,590.0,624.3257698615159,1.674230138484063,0.0026744890391119215,-1.674230138484063
167,0.5,417,438,13,1.5,292.0,0.0980187695516162,0.0083777336552058,0.0570262908498661,0.0035573304474424,0.0056186378747126,0.0012139114087613,626,0.0058771929824561,0.1,306.0,633.2122860506508,7.212286050650846,0.011521223723084418,7.212286050650846
171,0.1,83,128,12,1.0,128.0,0.0980187695516162,0.0111281282586026,0.0570262908498661,0.0048511645205122,0.0044179097289399,0.0012975258644877,619,0.0063697172392824,0.0454545454545454,220.0,620.9762894370482,1.9762894370481945,0.003192713145473658,1.9762894370481945
171,0.2,166,228,12,1.0,228.0,0.0980187695516162,0.0106058942977882,0.0570262908498661,0.0048681106436486,0.0052421649220672,0.0013619680025525,619,0.0165170845901261,0.074074074074074,3953.0,619.8721173871468,0.8721173871467727,0.001408913387959245,0.8721173871467727
171,0.3,249,308,12,1.0,308.0,0.0980187695516162,0.0096319217799926,0.0570262908498661,0.0043983928524203,0.0058095370925524,0.0012847747562625,619,0.0240106519881864,0.1428571428571428,400.0,623.2639393208493,4.2639393208493175,0.006888431859207298,4.2639393208493175
171,0.5,415,427,12,1.5,284.6666666666667,0.0980187695516162,0.0084934296801165,0.0570262908498661,0.0037814481249382,0.0058095370925524,0.001256127515984,619,0.0059825174825174,0.0769230769230769,684.0,619.4127142224238,0.4127142224238014,0.000666743493414865,0.4127142224238014
184,0.1,82,120,13,1.0,120.0,0.0980187695516162,0.0124000695168577,0.0464749058416465,0.0055774377970204,0.0040328017800694,0.0013799388473986,618,0.018041514041514,0.1538461538461538,1300.0,619.8450299627943,1.8450299627943423,0.002985485376689874,1.8450299627943423
184,0.2,164,220,13,1.0,220.0,0.0980187695516162,0.0104417480329888,0.0464749058416465,0.0046289476202808,0.0056186378747126,0.0013478057726283,618,0.0089368770764119,0.0930232558139534,840.0,621.4628817298131,3.462881729813148,0.005603368494843282,3.462881729813148
184,0.3,246,297,13,1.0,297.0,0.0980187695516162,0.0095603234289365,0.0570262908498661,0.0042528911814395,0.0056186378747126,0.0013251512911956,618,0.0103282828282828,0.1111111111111111,432.0,618.5830284304944,0.5830284304944371,0.0009434116998291863,0.5830284304944371
184,0.5,410,429,13,1.5,286.0,0.0980187695516162,0.0085316143710303,0.0570262908498661,0.0037331585557875,0.0058095370925524,0.0012950904080414,618,0.0253132284382284,0.25,390.0,618.7231152862347,0.7231152862347017,0.0011700894599267018,0.7231152862347017
187,0.1,86,131,12,1.0,131.0,0.0656934306569343,0.011526001162152,0.0570262908498661,0.0047376589831871,0.0056186378747126,0.0012672126870622,642,0.0133144196025293,0.1481481481481481,1150.0,631.6953239596494,10.304676040350614,0.016050897259113107,-10.304676040350614
187,0.2,172,223,13,1.0,223.0,0.0980187695516162,0.0105070210467742,0.0570262908498661,0.004437189992001,0.0056186378747126,0.0012264588101602,642,0.0093026241124067,0.0625,612.0,632.4825279091704,9.517472090829642,0.014824722882912216,-9.517472090829642
187,0.3,257,310,13,1.0,310.0,0.0980187695516162,0.0091425880453428,0.0570262908498661,0.0037871720101586,0.0056186378747126,0.0011777207848404,642,0.0440336953494848,0.5,858.0,636.952127897738,5.047872102261977,0.007862729131249184,-5.047872102261977
187,0.5,428,438,13,1.875,233.6,0.0980187695516162,0.0082610786540393,0.0570262908498661,0.0035265313861721,0.0056186378747126,0.0011945045872401,642,0.0112179487179487,0.1666666666666666,736.0,634.1792007371929,7.8207992628071,0.01218193031589891,-7.8207992628071
188,0.1,78,118,12,1.0,118.0,0.0980187695516162,0.011859104646436,0.0492079830055308,0.0052351517214963,0.0056186378747126,0.0012313849457555,612,0.019507510382963,0.2631578947368421,1160.0,611.129732166156,0.8702678338439682,0.0014220062644509286,-0.8702678338439682
188,0.2,156,219,13,1.0,219.0,0.0980187695516162,0.0102418329595611,0.0492079830055308,0.0045424928829996,0.0056186378747126,0.0012998954877451,612,0.0123950432646084,0.1,1364.0,611.0918706926954,0.9081293073046481,0.0014838714171644578,-0.9081293073046481
188,0.3,234,304,13,1.0,304.0,0.0980187695516162,0.0097895285659403,0.0570262908498661,0.004405946428463,0.0056186378747126,0.0013001123458103,612,0.0049555933484504,0.0416666666666666,2124.0,612.8700029121699,0.8700029121698662,0.0014215733858984742,0.8700029121698662
188,0.5,390,429,13,1.5,286.0,0.0980187695516162,0.008628840745629,0.0570262908498661,0.0038885956826391,0.0058095370925524,0.0012908477327742,612,0.0148191048191048,0.074074074074074,368.0,616.385434567398,4.385434567397965,0.0071657427571862175,4.385434567397965
190,0.1,86,123,13,1.0,123.0,0.0980187695516162,0.0119111201539543,0.0464749058416465,0.0052874800844807,0.0056186378747126,0.0013764514883087,626,0.0089752229394173,0.0588235294117647,532.0,631.506473848367,5.506473848367023,0.00879628410282272,5.506473848367023
190,0.2,171,229,13,1.0,229.0,0.0980187695516162,0.0094940599514595,0.0464749058416465,0.0039181664352258,0.0056186378747126,0.0012006533511249,626,0.0067241379310344,0.1,400.0,633.8893967021079,7.889396702107888,0.01260287013116276,7.889396702107888
190,0.3,256,306,13,1.0,306.0,0.0980187695516162,0.0091769067724412,0.0570262908498661,0.0039135844706434,0.0056186378747126,0.0012289567344412,626,0.0079256965944272,0.0666666666666666,612.0,635.9981554061403,9.998155406140313,0.015971494259010083,9.998155406140313
190,0.5,426,427,13,1.666667,256.1999487600103,0.0980187695516162,0.0086008796243158,0.0570262908498661,0.0036919498480488,0.0056186378747126,0.0012376179503798,626,0.010548245614035,0.0526315789473684,238.0,626.8293963751904,0.829396375190413,0.0013249143373648769,0.829396375190413
192,0.1,84,125,13,1.0,125.0,0.0980187695516162,0.0136642335766422,0.0570262908498661,0.0063328515846441,0.0056186378747126,0.0014745676802192,608,0.0177360684608221,0.1111111111111111,750.0,620.4953436770347,12.495343677034725,0.02055155210038606,12.495343677034725
192,0.2,167,221,13,1.0,221.0,0.0980187695516162,0.0113617597516266,0.0570262908498661,0.0052764945092995,0.0056186378747126,0.0014150594696316,608,0.020404227878386,0.1666666666666666,1005.0,622.9891356483621,14.989135648362094,0.024653183632174495,14.989135648362094
192,0.3,250,308,13,1.0,308.0,0.0980187695516162,0.0099738634670855,0.0570262908498661,0.0045421530000585,0.0056186378747126,0.0013240772674594,608,0.0231878868148049,0.25,1100.0,618.5430943941825,10.543094394182503,0.017340615779905432,10.543094394182503
192,0.5,416,421,13,1.833333,229.6364053884373,0.0980187695516162,0.0087432722625259,0.0570262908498661,0.0039175577440287,0.0056186378747126,0.0012823396936644,608,0.0145212324047369,0.125,378.0,616.50554657594,8.505546575940002,0.013989385815690793,8.505546575940002
198,0.1,82,125,13,1.0,125.0,0.0980187695516162,0.0106110531803962,0.0464749058416465,0.0044067101598568,0.0052421649220672,0.0012810401752536,606,0.0187862050192019,0.1132075471698113,1900.0,621.4873227295465,15.487322729546463,0.02555663816756842,15.487322729546463
198,0.2,163,219,13,1.0,219.0,0.0980187695516162,0.009346684379181,0.0570262908498661,0.0040815917747596,0.0052421649220672,0.0012651276575778,606,0.0059523809523809,0.0625,500.0,621.6488397038102,15.648839703810154,0.025823167828069562,15.648839703810154
198,0.3,245,304,13,1.0,304.0,0.0980187695516162,0.009230420942868,0.0570262908498661,0.0041862016495448,0.0056186378747126,0.0012979822558359,606,0.030329457364341,0.2857142857142857,420.0,620.6661703213442,14.666170321344225,0.024201601190337006,14.666170321344225
198,0.5,408,423,13,1.666667,253.79994924001016,0.0980187695516162,0.0085071871063484,0.0570262908498661,0.0038590947792268,0.0056186378747126,0.0012747230756108,606,0.0081845238095238,0.1428571428571428,360.0,618.3302359759037,12.330235975903747,0.02034692405264645,12.330235975903747
201,0.1,89,139,13,1.0,139.0,0.0980187695516162,0.0108626341887907,0.0570262908498661,0.0048248979989318,0.0045513414488271,0.0012859722562601,640,0.0078197945845004,0.0714285714285714,500.0,637.318984637773,2.681015362226958,0.004189086503479622,-2.681015362226958
201,0.2,177,245,13,1.0,245.0,0.0980187695516162,0.0091677129663126,0.0570262908498661,0.0040029210415731,0.0045513414488271,0.0012493697523074,640,0.0097970085470085,0.0555555555555555,960.0,634.8074734968266,5.19252650317344,0.0081133226612085,-5.19252650317344
201,0.3,266,324,13,1.0,324.0,0.0980187695516162,0.0089245484622613,0.0570262908498661,0.003969645157709,0.0056186378747126,0.0012525105562893,640,0.013095238095238,0.0833333333333333,672.0,636.4845753674848,3.5154246325151917,0.005492850988304987,-3.5154246325151917
201,0.5,443,445,13,1.5,296.6666666666667,0.0980187695516162,0.0085060514815291,0.0570262908498661,0.0038447025880278,0.0058095370925524,0.00129043642701,640,0.0065012025012025,0.08,780.0,636.5075368228869,3.492463177113109,0.005456973714239232,-3.492463177113109
202,0.1,84,134,12,1.0,134.0,0.0761209593326381,0.009493720137581,0.0309372275954943,0.0038423356088883,0.0058095370925524,0.0012562210680127,633,0.0082503162555344,0.064516129032258,324.0,625.13850153986,7.861498460139956,0.012419428846982552,-7.861498460139956
202,0.2,167,227,12,1.0,227.0,0.0980187695516162,0.0090540348104899,0.0570262908498661,0.0040606713091224,0.0058095370925524,0.00126103904952,633,0.0113311688311688,0.1,312.0,624.1094823731057,8.89051762689428,0.014045051543276904,-8.89051762689428
202,0.3,251,310,13,1.0,310.0,0.0980187695516162,0.0087860338390123,0.0570262908498661,0.0039313418094478,0.0058095370925524,0.00125060364218,633,0.0147557471264367,0.0714285714285714,315.0,628.2656315530324,4.734368446967551,0.00747925505050166,-4.734368446967551
202,0.5,418,454,13,1.5,302.6666666666667,0.0980187695516162,0.0081858396916758,0.0570262908498661,0.0036074407236209,0.0058095370925524,0.0012405627046646,633,0.010313881520778,0.1333333333333333,224.0,636.4256816266796,3.4256816266796477,0.00541181931544968,3.4256816266796477
203,0.1,83,120,13,1.0,120.0,0.0980187695516162,0.0120872436565866,0.0464749058416465,0.0045741835619869,0.0056186378747126,0.0011352096281169,635,0.0168508908139915,0.125,741.0,622.5283091640748,12.471690835925187,0.019640458009331004,-12.471690835925187
203,0.2,165,217,13,1.0,217.0,0.0980187695516162,0.0105476614945483,0.0492079830055308,0.0043723868404393,0.0056186378747126,0.0011414951914164,635,0.0119014606083571,0.0909090909090909,280.0,622.9628332711668,12.0371667288332,0.018956168076902674,-12.0371667288332
203,0.3,248,303,13,1.0,303.0,0.0980187695516162,0.009174848663177,0.0492079830055308,0.0038728030607194,0.0058095370925524,0.0011418866680685,635,0.0104511205169099,0.075,570.0,624.1811000426056,10.818899957394365,0.0170376377281801,-10.818899957394365
203,0.5,413,444,13,1.666667,266.3999467200107,0.0980187695516162,0.0085721801050267,0.0570262908498661,0.0038040375656172,0.0058095370925524,0.0012591559366048,635,0.0119919950738916,0.1428571428571428,986.0,626.6443938437048,8.355606156295153,0.01315843489180339,-8.355606156295153
206,0.1,85,133,13,1.0,133.0,0.0980187695516162,0.0107881800434349,0.0464749058416465,0.0045784203563116,0.0044179097289399,0.0014435060384376,618,0.011315702537507,0.0769230769230769,1062.0,627.2301137447406,9.230113744740606,0.014935459133884476,9.230113744740606
206,0.2,169,234,13,1.0,234.0,0.0980187695516162,0.0097011666354731,0.0570262908498661,0.0044764217589699,0.0045513414488271,0.0013781110722149,618,0.0127279698429079,0.1111111111111111,1298.0,626.242568908956,8.242568908955946,0.01333749014394166,8.242568908955946
206,0.3,254,317,13,1.0,317.0,0.0980187695516162,0.0095360901043739,0.0570262908498661,0.0043486295436982,0.0056186378747126,0.0013673287874174,618,0.009365946402704,0.0789473684210526,1400.0,628.6304257071099,10.630425707109907,0.0172013360956471,10.630425707109907
206,0.5,423,440,13,1.5,293.3333333333333,0.0980187695516162,0.0085956014788131,0.0570262908498661,0.0037527069706985,0.0056186378747126,0.0012638767290233,618,0.0128437946234556,0.1333333333333333,390.0,627.9661022004613,9.96610220046125,0.016126378965147653,9.96610220046125
207,0.1,81,122,13,1.0,122.0,0.0980187695516162,0.0119831108224071,0.0570262908498661,0.0056461424352494,0.0045513414488271,0.0013573114707657,618,0.0213263574660633,0.125,300.0,620.9522694931798,2.952269493179756,0.004777135102232615,2.952269493179756
207,0.2,161,217,13,1.0,217.0,0.0980187695516162,0.0113020955968918,0.0570262908498661,0.0052993004489897,0.0056186378747126,0.0013955768235094,618,0.0105008062130883,0.1428571428571428,741.0,611.3889753427667,6.611024657233315,0.010697450901672031,-6.611024657233315
207,0.3,242,309,13,1.0,309.0,0.0980187695516162,0.0096952394450799,0.0570262908498661,0.0044253507783521,0.0056186378747126,0.0013288654595777,618,0.0108975023616967,0.0833333333333333,896.0,621.040722281662,3.040722281662056,0.004920262591686175,3.040722281662056
207,0.5,402,425,13,1.833333,231.8182239669498,0.0980187695516162,0.008565294731031,0.0570262908498661,0.0038072745956548,0.0056186378747126,0.0012647644293932,618,0.0206758874645228,0.1666666666666666,600.0,616.3854614848776,1.6145385151223763,0.0026125218691300587,-1.6145385151223763
215,0.1,83,127,12,1.0,127.0,0.0980187695516162,0.0107066908607226,0.0464749058416465,0.0043714717280427,0.0058095370925524,0.0011857273538941,627,0.0160921333183705,0.1666666666666666,627.0,623.7216718757052,3.2783281242948306,0.005228593499672776,-3.2783281242948306
215,0.2,166,232,13,1.0,232.0,0.0980187695516162,0.0092993779439789,0.0464749058416465,0.0038120416519623,0.0058095370925524,0.0011670872636204,627,0.043875,0.625,330.0,622.9728535343693,4.027146465630722,0.006422881125407849,-4.027146465630722
215,0.3,249,313,13,1.0,313.0,0.0980187695516162,0.0092281963040573,0.0570262908498661,0.0040813046597269,0.0058095370925524,0.0012331907171861,627,0.0095903134818804,0.0657894736842105,1368.0,625.1951608276796,1.804839172320385,0.0028785313753116187,-1.804839172320385
215,0.5,414,437,13,1.5,291.3333333333333,0.0980187695516162,0.0086068869412502,0.0570262908498661,0.0038219664262906,0.0058095370925524,0.0012742305849449,627,0.0168300653594771,0.125,338.0,622.5516416097264,4.448358390273597,0.007094670478905259,-4.448358390273597
217,0.1,86,134,13,1.0,134.0,0.0980187695516162,0.0127542682831929,0.0570262908498661,0.0058087183063997,0.0052421649220672,0.0013934559073781,642,0.0118767913158277,0.074074074074074,2124.0,627.6007419879493,14.399258012050723,0.022428750797586796,-14.399258012050723
217,0.2,171,232,13,1.0,232.0,0.0980187695516162,0.0100005393549314,0.0570262908498661,0.0043087539802813,0.0052421649220672,0.0012225100186834,642,0.0066071428571428,0.1071428571428571,1180.0,633.3643140881105,8.635685911889482,0.013451224161821623,-8.635685911889482
217,0.3,256,304,13,1.0,304.0,0.0980187695516162,0.0091961198616979,0.0570262908498661,0.0040073998135979,0.0056186378747126,0.0012227547351739,642,0.0123604596622889,0.073170731707317,1340.0,632.0967155280956,9.903284471904385,0.015425676747514619,-9.903284471904385
217,0.5,427,431,13,1.5,287.3333333333333,0.0980187695516162,0.0085137989349887,0.0570262908498661,0.0038282839906615,0.0056186378747126,0.0012597137736833,642,0.0140614819595549,0.125,798.0,628.8684788090757,13.131521190924332,0.020454082851907057,-13.131521190924332
218,0.1,88,132,13,1.0,132.0,0.0980187695516162,0.0099772490283438,0.0492079830055308,0.0043662437822771,0.0045513414488271,0.0013717964017498,641,0.0072957477305303,0.05,588.0,636.5849127607395,4.415087239260515,0.0068878116057106325,-4.415087239260515
218,0.2,176,243,13,1.0,243.0,0.0980187695516162,0.009479181417543,0.0570262908498661,0.004446400821093,0.0056186378747126,0.0013643927354457,641,0.0043478260869565,0.0869565217391304,176.0,644.4173453084752,3.4173453084752055,0.005331271932098604,3.4173453084752055
218,0.3,264,329,13,1.0,329.0,0.0980187695516162,0.0089347122604282,0.0570262908498661,0.0041664269370258,0.0056186378747126,0.0013745840600391,641,0.0184580222409169,0.125,200.0,643.3938822200344,2.3938822200343566,0.0037346056474794956,2.3938822200343566
218,0.5,439,451,13,1.5,300.6666666666667,0.0980187695516162,0.0086356584487258,0.0570262908498661,0.0038958525411795,0.0058095370925524,0.0012999563228657,641,0.0331997428887366,0.5192307692307693,2200.0,628.4365950594397,12.563404940560304,0.01959969569510188,-12.563404940560304
220,0.1,77,113,11,1.0,113.0,0.0980187695516162,0.0114241420358595,0.0464749058416465,0.0046880185460689,0.0038221510689287,0.0011789898055687,599,0.0142243721191089,0.0833333333333333,1638.0,605.9901083050042,6.990108305004242,0.01166962989149289,6.990108305004242
220,0.2,153,211,13,1.0,211.0,0.0980187695516162,0.009710944951544,0.0464749058416465,0.0042325455904584,0.0052421649220672,0.0012815163868273,599,0.0202414810905376,0.2727272727272727,640.0,610.3947853207421,11.39478532074213,0.019023013891055308,11.39478532074213
220,0.3,230,296,13,1.0,296.0,0.0980187695516162,0.0091381788462079,0.0464749058416465,0.0039114257801347,0.0056186378747126,0.0012589396359266,599,0.0022397891963109,0.0303030303030303,1144.0,608.7456775062774,9.745677506277389,0.016269912364402984,9.745677506277389
220,0.5,382,416,13,1.5,277.3333333333333,0.0980187695516162,0.0086603633592684,0.0570262908498661,0.0038745062410005,0.0056186378747126,0.0012839698831843,599,0.0250684476342371,0.3333333333333333,399.0,609.1263469735535,10.126346973553495,0.01690542065701752,10.126346973553495
225,0.1,84,123,12,1.0,123.0,0.0980187695516162,0.0119619861474943,0.0570262908498661,0.0055213279833925,0.0052421649220672,0.0013779427305268,635,0.0057087912087912,0.04,1003.0,626.2308555721593,8.769144427840729,0.013809676264316109,-8.769144427840729
225,0.2,168,224,12,1.0,224.0,0.0980187695516162,0.0105345970504989,0.0570262908498661,0.0049489521971236,0.0056186378747126,0.0014209111084961,635,0.0154312354312354,0.1,480.0,625.4634509882966,9.536549011703414,0.015018187420005377,-9.536549011703414
225,0.3,252,295,13,1.0,295.0,0.0980187695516162,0.0094766794506989,0.0570262908498661,0.0042578633085375,0.0056186378747126,0.001300053274471,635,0.0113306759184075,0.0833333333333333,175.0,620.4878452495534,14.512154750446598,0.02285378700857732,-14.512154750446598
225,0.5,420,436,13,1.666667,261.5999476800105,0.0980187695516162,0.0085309621069347,0.0570262908498661,0.0037194755305491,0.0056186378747126,0.0012668835050933,635,0.0147043043244695,0.0666666666666666,603.0,626.2560122141616,8.743987785838385,0.013770059505257299,-8.743987785838385
231,0.1,80,125,13,1.0,125.0,0.0980187695516162,0.0107361835245046,0.0492079830055308,0.0048493097438021,0.0048729601732022,0.0013775539205278,619,0.0169567386636352,0.1071428571428571,513.0,616.279934042107,2.7200659578929844,0.004394290723575096,-2.7200659578929844
231,0.2,160,216,13,1.0,216.0,0.0980187695516162,0.009872359324914,0.0570262908498661,0.0045164715725356,0.0048729601732022,0.0013083869687666,619,0.0144249444249444,0.0714285714285714,1400.0,614.1614406118509,4.838559388149065,0.007816735683601075,-4.838559388149065
231,0.3,240,296,13,1.0,296.0,0.0980187695516162,0.0093601161119408,0.0570262908498661,0.0042237407689532,0.0048729601732022,0.0013047999017597,619,0.0123485520094562,0.125,600.0,612.3925022125704,6.6074977874295655,0.010674471385185081,-6.6074977874295655
231,0.5,400,419,13,1.5,279.3333333333333,0.0980187695516162,0.0087451875337525,0.0570262908498661,0.0039270357422496,0.0058095370925524,0.0012780424392241,619,0.0108870338586362,0.1538461538461538,360.0,610.4254999050573,8.574500094942664,0.01385218109037587,-8.574500094942664
233,0.1,81,114,12,1.0,114.0,0.0980187695516162,0.0108665825146808,0.0464749058416465,0.004273182077646,0.0033192232872945,0.0011154646529555,611,0.0051470588235294,0.05,640.0,608.051527447016,2.948472552983958,0.004825650659548213,-2.948472552983958
233,0.2,162,209,12,1.0,209.0,0.0980187695516162,0.0094147112971545,0.0464749058416465,0.0037482813113041,0.0039956275909326,0.0011688822793676,611,0.0081573783359497,0.0769230769230769,640.0,618.4696169582558,7.469616958255756,0.012225232337570795,7.469616958255756
233,0.3,243,281,12,1.0,281.0,0.0980187695516162,0.0084496380051877,0.0464749058416465,0.0034643801269494,0.0048729601732022,0.0012085747653533,611,0.0068518518518518,0.1,826.0,616.2777643954914,5.277764395491431,0.008637912267580084,5.277764395491431
233,0.5,404,416,12,1.5,277.3333333333333,0.0980187695516162,0.008259304564049,0.0570262908498661,0.0035723333591114,0.0056186378747126,0.0012573931801129,611,0.0125732344219739,0.0714285714285714,624.0,615.3462245581541,4.346224558154063,0.007113297149188319,4.346224558154063
234,0.1,83,120,13,1.0,120.0,0.0980187695516162,0.0109402155022592,0.0464749058416465,0.0043461682147026,0.0056186378747126,0.0011897652440279,611,0.0052106201332207,0.0303030303030303,4000.0,621.8258606835223,10.82586068352225,0.017718266257810558,10.82586068352225
234,0.2,165,207,13,1.0,207.0,0.0980187695516162,0.0103469294202394,0.0464749058416465,0.004296131991372,0.0058095370925524,0.0012291187889809,611,0.0075933914386584,0.0909090909090909,440.0,620.8245445396648,9.824544539664771,0.016079450965081458,9.824544539664771
234,0.3,247,296,13,1.0,296.0,0.0980187695516162,0.0094094355043259,0.0570262908498661,0.0040097817689735,0.0058095370925524,0.0011972373232879,611,0.0045770291822923,0.0303030303030303,1482.0,618.8352601782173,7.835260178217254,0.012823666412794197,7.835260178217254
234,0.5,411,414,13,1.666667,248.39995032001,0.0980187695516162,0.0086341952416214,0.0570262908498661,0.0037609941445012,0.0058095370925524,0.0012579366546613,611,0.0151315789473684,0.1111111111111111,798.0,617.1727142659089,6.172714265908894,0.010102642006397535,6.172714265908894
241,0.1,83,119,13,1.0,119.0,0.0980187695516162,0.0120836655830214,0.0464749058416465,0.005052727602652,0.0039956275909326,0.0013352985278224,609,0.0140193916389568,0.0454545454545454,580.0,620.5443365344847,11.544336534484728,0.018956217626411705,11.544336534484728
241,0.2,166,223,13,1.0,223.0,0.0980187695516162,0.0103994725447377,0.0570262908498661,0.0048295971813021,0.0058095370925524,0.0013661072273995,609,0.0091123575498575,0.0769230769230769,648.0,621.0563224546703,12.056322454670294,0.019796917002742682,12.056322454670294
241,0.3,249,308,13,1.0,308.0,0.0980187695516162,0.0093339923892582,0.0570262908498661,0.0041823884939041,0.0058095370925524,0.0013008957911319,609,0.0243076247424073,0.1111111111111111,1014.0,622.1731547681427,13.173154768142695,0.021630796006802455,13.173154768142695
241,0.5,414,432,13,1.666667,259.1999481600104,0.0980187695516162,0.0086340902946741,0.0570262908498661,0.0038809840369555,0.0058095370925524,0.0013006525890394,609,0.0021739130434782,0.0434782608695652,312.0,619.9874153792193,10.987415379219328,0.018041732970803494,10.987415379219328
242,0.1,87,127,13,1.0,127.0,0.0980187695516162,0.0103946860657016,0.0464749058416465,0.0040029826506864,0.0039956275909326,0.0011556662591506,628,0.0245642260662421,0.1612903225806451,1300.0,629.762761173211,1.7627611732109472,0.0028069445433295337,1.7627611732109472
242,0.2,174,228,13,1.0,228.0,0.0980187695516162,0.0092247040960063,0.0464749058416465,0.0036120833503064,0.0040871733233292,0.0011955362666002,628,0.0074960715993714,0.073170731707317,780.0,634.9145558273739,6.914555827373874,0.011010439215563494,6.914555827373874
242,0.3,261,308,13,1.0,308.0,0.0980187695516162,0.008910797231965,0.0570262908498661,0.0037484045124427,0.0045513414488271,0.0012007157085291,628,0.0122512725202598,0.1428571428571428,938.0,640.2178668749159,12.217866874915899,0.01945520203012086,12.217866874915899
242,0.5,434,445,13,1.5,296.6666666666667,0.0980187695516162,0.0085083947464001,0.0570262908498661,0.0037182928760151,0.0052421649220672,0.0012524338670442,628,0.0069597069597069,0.0512820512820512,420.0,638.1257015915735,10.125701591573488,0.01612372864900237,10.125701591573488
243,0.1,83,132,13,1.0,132.0,0.0980187695516162,0.0123313426233133,0.0464749058416465,0.0055937388357778,0.0052421649220672,0.0014589151986372,621,0.0099370875876519,0.0697674418604651,7800.0,618.0471596295488,2.952840370451213,0.0047549764419504235,-2.952840370451213
243,0.2,165,218,13,1.0,218.0,0.0980187695516162,0.0107432244979957,0.0464749058416465,0.0046900588507364,0.0052421649220672,0.0013630379961757,621,0.013151287309182,0.0909090909090909,374.0,619.2683162241382,1.7316837758618249,0.0027885407018708934,-1.7316837758618249
243,0.3,247,291,13,1.0,291.0,0.0980187695516162,0.0101014444456388,0.0570262908498661,0.0045750504627275,0.0056186378747126,0.0013055036200261,621,0.0093534002229654,0.0769230769230769,576.0,618.0384670000846,2.9615329999154483,0.004768974234968516,-2.9615329999154483
243,0.5,411,414,13,1.6,258.75,0.0980187695516162,0.0087223506772855,0.0570262908498661,0.0039184625744161,0.0056186378747126,0.0012836922545075,621,0.0011627906976744,0.0232558139534883,576.0,615.6302790109486,5.369720989051416,0.008646893702176193,-5.369720989051416
244,0.1,87,127,12,1.0,127.0,0.0980187695516162,0.0117248117707913,0.0570262908498661,0.0054569394071111,0.0045513414488271,0.0013445316519174,620,0.0112445887445887,0.1136363636363636,760.0,634.7682216225894,14.768221622589408,0.023819712294499047,14.768221622589408
244,0.2,173,224,13,1.0,224.0,0.0980187695516162,0.0105485624906896,0.0570262908498661,0.0049481731347905,0.0052421649220672,0.0013831376544497,620,0.0086414231763068,0.1111111111111111,420.0,629.5404962708897,9.540496270889662,0.015387897211112358,9.540496270889662
244,0.3,259,299,13,1.0,299.0,0.0980187695516162,0.009740497522154,0.0570262908498661,0.0045179634626401,0.0056186378747126,0.0013539366213122,620,0.0265179740004424,0.25,544.0,623.6498928525093,3.6498928525093106,0.005886923955660178,3.6498928525093106
244,0.5,432,418,13,1.5,278.6666666666667,0.0980187695516162,0.0086862810643063,0.0570262908498661,0.0040047075345351,0.0058095370925524,0.0012958318679001,620,0.0085676816056562,0.0666666666666666,1482.0,615.2338046080092,4.766195391990777,0.00768741192256577,-4.766195391990777
247,0.1,86,129,13,1.0,129.0,0.0980187695516162,0.0116238652989628,0.0570262908498661,0.005172725799182,0.0052421649220672,0.0012712218049676,652,0.0312331649831649,0.2857142857142857,663.0,632.0494284138848,19.95057158611519,0.030599036175023294,-19.95057158611519
247,0.2,171,226,13,1.0,226.0,0.0980187695516162,0.0104690542323769,0.0570262908498661,0.0046164631917111,0.0052421649220672,0.0012657280698105,652,0.007331743508214,0.0666666666666666,840.0,630.138529955449,21.86147004455097,0.03352986203151989,-21.86147004455097
247,0.3,256,310,13,1.0,310.0,0.0980187695516162,0.0097480574523192,0.0570262908498661,0.0042942982456989,0.0052421649220672,0.0012557300240888,652,0.0092438811188811,0.0769230769230769,448.0,632.3418420181903,19.658157981809723,0.030150549051855404,-19.658157981809723
247,0.5,426,434,13,1.666667,260.39994792001045,0.0980187695516162,0.0085654699836138,0.0570262908498661,0.0037865847787832,0.0056186378747126,0.0012735654093493,652,0.0136001642036124,0.1333333333333333,440.0,626.0525314701558,25.947468529844173,0.03979673087399413,-25.947468529844173
252,0.1,82,121,13,1.0,121.0,0.0980187695516162,0.0135730228630029,0.0464749058416465,0.0058884878452744,0.0056186378747126,0.0013516993610139,623,0.0115731133801785,0.0833333333333333,806.0,619.639330081176,3.3606699188239872,0.005394333738080236,-3.3606699188239872
252,0.2,163,227,13,1.0,227.0,0.0980187695516162,0.0105791182996237,0.0464749058416465,0.0046304719288384,0.0058095370925524,0.0013516579365087,623,0.0159911360569255,0.0909090909090909,420.0,621.142327205444,1.8576727945560378,0.002981818289817075,-1.8576727945560378
252,0.3,245,299,13,1.0,299.0,0.0980187695516162,0.0096463358919721,0.0570262908498661,0.0043135658415146,0.0058095370925524,0.0012895432015553,623,0.003563829787234,0.05,1200.0,619.5287174615152,3.471282538484843,0.005571882084245334,-3.471282538484843
252,0.5,408,431,13,1.666667,258.5999482800104,0.0980187695516162,0.0085815415806778,0.0570262908498661,0.0038766616398927,0.0058095370925524,0.001273345051838,623,0.0045528455284552,0.0666666666666666,425.0,620.57497606505,2.4250239349499907,0.003892494277608332,-2.4250239349499907
253,0.1,82,118,12,1.0,118.0,0.0980187695516162,0.0125925664092186,0.0570262908498661,0.006094204781991,0.0056186378747126,0.0013785464161177,620,0.0215540869692325,0.1123595505617977,2144.0,621.083853745582,1.0838537455820187,0.001748151202551643,1.0838537455820187
253,0.2,163,215,13,1.0,215.0,0.0980187695516162,0.0107476295559812,0.0570262908498661,0.0049346269835781,0.0056186378747126,0.0013654951191862,620,0.0074294389193543,0.0666666666666666,440.0,619.5450738264087,0.4549261735912751,0.0007337518928891534,-0.4549261735912751
253,0.3,245,293,13,1.0,293.0,0.0980187695516162,0.0098154007124884,0.0570262908498661,0.0044570591306901,0.0056186378747126,0.0013123645174665,620,0.0027777777777777,0.0555555555555555,1144.0,616.217182893709,3.7828171062909632,0.006101317913372521,-3.7828171062909632
253,0.5,408,431,13,1.5,287.3333333333333,0.0980187695516162,0.0085355733568174,0.0570262908498661,0.003788628558478,0.0056186378747126,0.0012712764602416,620,0.014047619047619,0.1666666666666666,240.0,621.1371542167337,1.1371542167337338,0.001834119704409248,1.1371542167337338
259,0.1,88,128,12,1.0,128.0,0.0980187695516162,0.0121220020855056,0.0570262908498661,0.0054882595113333,0.0056186378747126,0.0013234333666348,632,0.0198128482832977,0.0757575757575757,1218.0,636.6157432461761,4.615743246176066,0.007303391212303902,4.615743246176066
259,0.2,175,224,12,1.0,224.0,0.0980187695516162,0.0106230448383732,0.0570262908498661,0.0048420172811123,0.0056186378747126,0.0013717708447133,632,0.0149508477633477,0.1666666666666666,434.0,632.7789722279491,0.7789722279491116,0.0012325509935903665,0.7789722279491116
259,0.3,262,299,12,1.0,299.0,0.0980187695516162,0.0098102468778444,0.0570262908498661,0.0044714989100814,0.0058095370925524,0.0013362963416757,632,0.0104474421347486,0.0714285714285714,460.0,624.8689569754047,7.1310430245953285,0.011283295924992609,-7.1310430245953285
259,0.5,436,439,13,1.666667,263.39994732001054,0.0980187695516162,0.0086056802715432,0.0570262908498661,0.003881410589219,0.0058095370925524,0.0012967060266992,632,0.0110710305029022,0.0625,714.0,627.3194390345849,4.680560965415111,0.007405950894644163,-4.680560965415111
268,0.1,87,124,13,1.0,124.0,0.0980187695516162,0.0119916579770593,0.0464749058416465,0.0049889129991638,0.0056186378747126,0.0012650707434475,649,0.0157076808183718,0.1052631578947368,546.0,632.7811952612482,16.218804738751828,0.02499045414291499,-16.218804738751828
268,0.2,174,225,13,1.0,225.0,0.0980187695516162,0.0103487429034873,0.0464749058416465,0.0044164587820926,0.0056186378747126,0.0012829375013905,649,0.0174273907951916,0.1282051282051282,460.0,634.9774259797298,14.022574020270213,0.0216064314642068,-14.022574020270213
268,0.3,261,311,13,1.0,311.0,0.0980187695516162,0.0093445409707995,0.0570262908498661,0.0041306036394535,0.0058095370925524,0.0012778611622363,649,0.0124500119445771,0.0625,560.0,632.667150755317,16.33284924468296,0.02516617757270102,-16.33284924468296
268,0.5,435,447,13,1.5,298.0,0.0980187695516162,0.0085939632307142,0.0570262908498661,0.0038813187624489,0.0058095370925524,0.0012846092103969,649,0.0045131222400642,0.0377358490566037,600.0,631.7082756088461,17.291724391153934,0.02664364312966708,-17.291724391153934
270,0.1,82,125,13,1.0,125.0,0.0980187695516162,0.0116037539103232,0.0492079830055308,0.0051757924584627,0.0052421649220672,0.0012416575711632,596,0.018165938848973,0.0869565217391304,2596.0,622.655395562364,26.655395562363992,0.044723818057657704,26.655395562363992
270,0.2,163,222,13,1.0,222.0,0.0980187695516162,0.0107563246249377,0.0570262908498661,0.0049553093774706,0.0056186378747126,0.0013292542620065,596,0.0075104115293988,0.0833333333333333,1520.0,619.7980759235693,23.798075923569286,0.03992965758988135,23.798075923569286
270,0.3,244,305,13,1.0,305.0,0.0980187695516162,0.0095625566248995,0.0570262908498661,0.0042838756943062,0.0056186378747126,0.001286005704622,596,0.012399958532034,0.0769230769230769,806.0,619.1521047192464,23.15210471924638,0.03884581328732614,23.15210471924638
270,0.5,407,415,13,1.75,237.1428571428572,0.0980187695516162,0.0086862570197368,0.0570262908498661,0.0038793116415059,0.0056186378747126,0.0012770041958582,596,0.0071243307950653,0.0588235294117647,975.0,614.0068080077328,18.006808007732843,0.03021276511364571,18.006808007732843
271,0.1,87,137,12,1.0,137.0,0.0656934306569343,0.0106330347152979,0.0570262908498661,0.0052555664604695,0.0045513414488271,0.0014245990827659,631,0.0071511331805449,0.0588235294117647,1190.0,634.6681266685416,3.6681266685416176,0.00581319598818006,3.6681266685416176
271,0.2,174,242,13,1.0,242.0,0.0980187695516162,0.0102637906221183,0.0570262908498661,0.0048326281719463,0.0052421649220672,0.0014079357401114,631,0.0233254103823925,0.125,3900.0,633.9785715153782,2.978571515378235,0.004720398598063763,2.978571515378235
271,0.3,261,321,13,1.0,321.0,0.0980187695516162,0.0093198067821165,0.0570262908498661,0.0042898197118145,0.0056186378747126,0.0012965240130533,631,0.0073809523809523,0.1,260.0,637.7037922486585,6.7037922486584876,0.01062407646380109,6.7037922486584876
271,0.5,435,445,13,1.75,254.28571428571428,0.0980187695516162,0.0082834413187894,0.0570262908498661,0.0037397510917373,0.0058095370925524,0.0012495579098726,631,0.0093427611378929,0.0555555555555555,874.0,643.1089815286873,12.108981528687309,0.01919014505338718,12.108981528687309
274,0.1,86,126,13,1.0,126.0,0.0980187695516162,0.0128937219656718,0.0570262908498661,0.0056990662753473,0.0039956275909326,0.0013885717000735,607,0.0132832777159807,0.1666666666666666,280.0,630.5132529966774,23.513252996677352,0.038736825365201566,23.513252996677352
274,0.2,172,223,13,1.0,223.0,0.0980187695516162,0.0104181766320484,0.0570262908498661,0.0048186217012866,0.0056186378747126,0.0013175477483754,607,0.0136738739794523,0.0978260869565217,1794.0,629.7203762856327,22.72037628563271,0.03743060343596822,22.72037628563271
274,0.3,257,307,13,1.0,307.0,0.0980187695516162,0.0097244347226514,0.0570262908498661,0.0045212090605092,0.0058095370925524,0.0013198800987464,607,0.0050776583034647,0.064516129032258,1200.0,628.8160693623149,21.81606936231492,0.03594080619821239,21.81606936231492
274,0.5,428,421,13,1.285714,327.4445172098927,0.0980187695516162,0.0088373924738506,0.0570262908498661,0.0039492170760367,0.0058095370925524,0.001270898400337,607,0.0222023809523809,0.2,868.0,622.8849073341723,15.88490733417234,0.026169534323183426,15.88490733417234
277,0.1,83,121,12,1.0,121.0,0.0980187695516162,0.0116598729737415,0.0570262908498661,0.0052463275825611,0.0045513414488271,0.0012387505687724,629,0.017913995544017,0.0857142857142857,506.0,621.5950196446375,7.404980355362454,0.011772623776410897,-7.404980355362454
277,0.2,166,227,12,1.0,227.0,0.0980187695516162,0.010363217926162,0.0570262908498661,0.0047622871692863,0.0045513414488271,0.0013421260898416,629,0.0101686507936507,0.125,700.0,621.6664408476194,7.333559152380644,0.011659076553864299,-7.333559152380644
277,0.3,249,309,13,1.0,309.0,0.0980187695516162,0.0095467568361055,0.0570262908498661,0.0043394716245152,0.0056186378747126,0.0012792064382273,629,0.0210843938305221,0.1,1400.0,621.456618370197,7.54338162980298,0.011992657599050842,-7.54338162980298
277,0.5,415,427,13,1.666667,256.1999487600103,0.0980187695516162,0.008454356973135,0.0570262908498661,0.0038001684953871,0.0056186378747126,0.0012495006063452,629,0.012659372630975,0.1111111111111111,880.0,620.384409714765,8.615590285235044,0.013697281852519942,-8.615590285235044
280,0.1,87,129,12,1.0,129.0,0.0980187695516162,0.0113651979209609,0.0570262908498661,0.0054406128579999,0.0058095370925524,0.0013397307834878,642,0.0094765406162464,0.0625,1340.0,633.5558309281971,8.44416907180289,0.013152911326795778,-8.44416907180289
280,0.2,174,222,13,1.0,222.0,0.0980187695516162,0.009854484307039,0.0570262908498661,0.0045546258386631,0.0058095370925524,0.0012622939574005,642,0.0089696455505279,0.0784313725490196,737.0,634.2539169456778,7.746083054322185,0.012065549928850755,-7.746083054322185
280,0.3,260,303,13,1.0,303.0,0.0980187695516162,0.0089201829463446,0.0570262908498661,0.0040009576165796,0.0058095370925524,0.0012319889981958,642,0.0701393379367562,0.8571428571428571,612.0,631.137385951938,10.862614048062028,0.016919959576420604,-10.862614048062028
280,0.5,433,437,13,1.666667,262.1999475600105,0.0980187695516162,0.0086045007790819,0.0570262908498661,0.0038398908451725,0.0058095370925524,0.0012701995786177,642,0.0102205086580086,0.0714285714285714,644.0,626.2415475679461,15.7584524320539,0.02454587606238925,-15.7584524320539
283,0.1,83,122,13,1.0,122.0,0.0980187695516162,0.0115984888630574,0.0464749058416465,0.004619039331861,0.0039956275909326,0.001208165019772,629,0.0093667328042328,0.0833333333333333,260.0,623.0435270733115,5.956472926688548,0.009469750280903891,-5.956472926688548
283,0.2,165,223,13,1.0,223.0,0.0980187695516162,0.0095016763538251,0.0464749058416465,0.0039821360015649,0.0040871733233292,0.0012958045898632,629,0.0364576452995942,0.375,1368.0,621.1112388519499,7.888761148050094,0.012541750632830037,-7.888761148050094
283,0.3,248,301,13,1.0,301.0,0.0980187695516162,0.0093189541985525,0.0492079830055308,0.0040261643139553,0.0045513414488271,0.0012938189364559,629,0.0078173895820954,0.0454545454545454,312.0,620.4508474650581,8.549152534941868,0.013591657448238264,-8.549152534941868
283,0.5,413,431,13,1.5,287.3333333333333,0.0980187695516162,0.0085718640598651,0.0570262908498661,0.0037307626478089,0.0056186378747126,0.001238070299208,629,0.0075646470995308,0.0555555555555555,700.0,622.5095223830074,6.490477616992621,0.01031872435133962,-6.490477616992621
289,0.1,80,123,13,1.0,123.0,0.0980187695516162,0.0116737455174342,0.0570262908498661,0.0056292311564715,0.0058095370925524,0.0013293919875299,616,0.0046714334354783,0.0449438202247191,1742.0,615.8073422865173,0.1926577134827312,0.00031275602838105713,-0.1926577134827312
289,0.2,160,219,13,1.0,219.0,0.0980187695516162,0.0110560372534174,0.0570262908498661,0.0051871985453687,0.0058095370925524,0.0013820001078866,616,0.0072252140974967,0.04,640.0,611.1393728430835,4.860627156916507,0.007890628501487836,-4.860627156916507
289,0.3,240,294,13,1.0,294.0,0.0980187695516162,0.0098990586849963,0.0570262908498661,0.0045566885884549,0.0058095370925524,0.0013179611354377,616,0.008022748595683,0.05,800.0,612.0922962067018,3.9077037932981966,0.006343674989120449,-3.9077037932981966
289,0.5,400,421,13,1.666667,252.5999494800101,0.0980187695516162,0.0087680407391903,0.0570262908498661,0.0039720382232174,0.0058095370925524,0.0012854137496652,616,0.0263201145435205,0.1111111111111111,700.0,613.6939657067409,2.306034293259131,0.0037435621643817064,-2.306034293259131
294,0.1,86,128,13,1.0,128.0,0.0980187695516162,0.0125782064650677,0.0570262908498661,0.0058717093053835,0.0056186378747126,0.0014006154911777,634,0.0136090580602775,0.0833333333333333,760.0,631.4413214067614,2.5586785932385965,0.0040357706517958935,-2.5586785932385965
294,0.2,171,231,13,1.0,231.0,0.0980187695516162,0.0108202537816718,0.0570262908498661,0.0049787551906008,0.0058095370925524,0.0013354057413873,634,0.0188027009222661,0.1666666666666666,840.0,629.0340698349313,4.965930165068698,0.007832697421244005,-4.965930165068698
294,0.3,256,313,13,1.0,313.0,0.0980187695516162,0.0097579014348678,0.0570262908498661,0.0045208381143329,0.0058095370925524,0.0013282332551711,634,0.0087752525252525,0.125,490.0,628.1051500990831,5.894849900916938,0.009297870506178136,-5.894849900916938
294,0.5,427,444,13,1.666667,266.3999467200107,0.0980187695516162,0.0085275577976307,0.0570262908498661,0.0038519174770137,0.0058095370925524,0.0012684076533063,634,0.0035714285714285,0.0714285714285714,400.0,632.0900293097169,1.909970690283103,0.0030125720666925914,-1.909970690283103
296,0.1,87,138,13,1.0,138.0,0.0980187695516162,0.0102764050717081,0.0570262908498661,0.0042250249030955,0.0034121486335321,0.0012774070437655,635,0.0093769245128456,0.0681818181818181,826.0,630.3617688282858,4.63823117171421,0.0073043010578176535,-4.63823117171421
296,0.2,173,231,13,1.0,231.0,0.0980187695516162,0.0094118602982001,0.0570262908498661,0.0042045845022942,0.0045513414488271,0.0012960839622075,635,0.0141373068773537,0.0714285714285714,1080.0,630.537321878236,4.462678121764043,0.007027839561833138,-4.462678121764043
296,0.3,260,311,13,1.0,311.0,0.0980187695516162,0.0086940777672347,0.0570262908498661,0.0038558098034202,0.0045513414488271,0.0012571325140105,635,0.0043040293040293,0.0476190476190476,260.0,633.075883075596,1.924116924403961,0.0030301053927621435,-1.924116924403961
296,0.5,433,454,13,1.5,302.6666666666667,0.0980187695516162,0.0082731185660539,0.0570262908498661,0.003663111731104,0.0056186378747126,0.0012589961831058,635,0.0127499354755452,0.125,468.0,644.9667289898807,9.966728989880721,0.015695636204536567,9.966728989880721
309,0.1,85,132,13,1.0,132.0,0.0980187695516162,0.0112727904698707,0.0464749058416465,0.0046635945339306,0.0058095370925524,0.0012507853391879,631,0.0122754372784712,0.15625,1593.0,626.2109225859175,4.789077414082499,0.0075896630968026926,-4.789077414082499
309,0.2,170,236,13,1.0,236.0,0.0980187695516162,0.0096366271363178,0.0570262908498661,0.0043738803072356,0.0058095370925524,0.0012580787847884,631,0.0108968058968058,0.1,217.0,630.2423942826855,0.7576057173145045,0.0012006429751418456,-0.7576057173145045
309,0.3,255,319,13,1.0,319.0,0.0980187695516162,0.0088977219608983,0.0570262908498661,0.0040232033344089,0.0058095370925524,0.0012366919008094,631,0.0347012596157932,0.2727272727272727,450.0,636.4389652111138,5.438965211113782,0.008619596214126437,5.438965211113782
309,0.5,425,448,13,1.5,298.6666666666667,0.0980187695516162,0.0085002979293906,0.0570262908498661,0.0037448851184737,0.0058095370925524,0.0012453270489021,631,0.0203289847407494,0.0714285714285714,315.0,637.8240908590624,6.82409085906238,0.01081472402387065,6.82409085906238
314,0.1,80,128,12,1.0,128.0,0.0980187695516162,0.0127737226277371,0.0464749058416465,0.0054429381273588,0.0058095370925524,0.0012851937821637,617,0.0139055393920969,0.1111111111111111,2006.0,610.7011318594424,6.298868140557602,0.010208862464436955,-6.298868140557602
314,0.2,160,222,12,1.0,222.0,0.0980187695516162,0.0108361750697516,0.0464749058416465,0.0047600536817161,0.0058095370925524,0.0013152831453857,617,0.0144192308192062,0.0833333333333333,1560.0,610.7430853555221,6.256914644477888,0.0101408665226546,-6.256914644477888
314,0.3,240,304,12,1.0,304.0,0.0980187695516162,0.0098238296471104,0.0570262908498661,0.0043020135158097,0.0058095370925524,0.0012878094981175,617,0.0165042321276336,0.1304347826086956,456.0,612.8518513529875,4.148148647012476,0.006723093431138536,-4.148148647012476
314,0.5,399,427,13,1.75,244.0,0.0980187695516162,0.0086155318894339,0.0570262908498661,0.0038097196228908,0.0058095370925524,0.0012706660659537,617,0.0119566993464052,0.0666666666666666,304.0,615.9328749326523,1.0671250673476607,0.0017295381966736802,-1.0671250673476607
316,0.1,84,131,12,1.0,131.0,0.0980187695516162,0.0121707567520237,0.0570262908498661,0.0052925056673612,0.0052421649220672,0.0013075972178118,630,0.0170668329775737,0.0625,2900.0,625.8318109376773,4.168189062322654,0.0066161731147978626,-4.168189062322654
316,0.2,168,226,13,1.0,226.0,0.0980187695516162,0.0103352496608745,0.0570262908498661,0.0046012223773067,0.0052421649220672,0.0012699393812335,630,0.0216520026814144,0.1538461538461538,936.0,625.5181654539308,4.481834546069194,0.007114023088998721,-4.481834546069194
316,0.3,252,308,13,1.0,308.0,0.0980187695516162,0.0094829570846254,0.0570262908498661,0.0041441354459687,0.0052421649220672,0.0012764050450379,630,0.0019230769230769,0.0384615384615384,418.0,626.8340258423517,3.165974157648293,0.005025355805790941,-3.165974157648293
316,0.5,419,425,13,1.5,283.3333333333333,0.0980187695516162,0.0085039563270563,0.0570262908498661,0.0036610906336597,0.0058095370925524,0.0012168653501113,630,0.0112423221118873,0.1081081081081081,871.0,627.3105734771293,2.68942652287069,0.004268930988683635,-2.68942652287069
318,0.1,87,130,13,1.0,130.0,0.0980187695516162,0.0121601026710515,0.0464749058416465,0.004954591417785,0.0048729601732022,0.0013240371303069,630,0.0077952249770431,0.05,2400.0,634.2493830796415,4.249383079641461,0.006745052507367399,4.249383079641461
318,0.2,173,225,13,1.0,225.0,0.0980187695516162,0.0096767466110531,0.0464749058416465,0.0041533953754086,0.0048729601732022,0.0012845321585993,630,0.0067314179167726,0.0526315789473684,684.0,631.0188270532894,1.0188270532894421,0.0016171857988721303,1.0188270532894421
318,0.3,259,303,13,1.0,303.0,0.0980187695516162,0.0093021815215931,0.0570262908498661,0.0042412317671651,0.0056186378747126,0.0013098822305203,630,0.0093067274047666,0.0493827160493827,1206.0,628.4473051063578,1.5526948936421832,0.0024645950692733067,-1.5526948936421832
318,0.5,431,438,13,1.5,292.0,0.0980187695516162,0.0085467643711818,0.0570262908498661,0.0038236492099261,0.0056186378747126,0.0012735484291687,630,0.0098831435059981,0.0526315789473684,1008.0,625.3113976369821,4.688602363017935,0.0074422259730443415,-4.688602363017935
326,0.1,82,121,13,1.0,121.0,0.0980187695516162,0.013254164548126,0.0464749058416465,0.0058423684469374,0.0056186378747126,0.0013267942876513,624,0.0141233291562238,0.125,3042.0,619.5631396823711,4.436860317628884,0.007110353073123212,-4.436860317628884
326,0.2,164,218,13,1.0,218.0,0.0980187695516162,0.0107097416077526,0.0464749058416465,0.0046141053900802,0.0056186378747126,0.0012903398310513,624,0.0118278155065082,0.125,1482.0,619.6288781393213,4.371121860678727,0.007005002981856934,-4.371121860678727
326,0.3,246,294,13,1.0,294.0,0.0980187695516162,0.0098103892234682,0.0464749058416465,0.0042506025048042,0.0058095370925524,0.0012650066177806,624,0.0144999999999999,0.25,360.0,618.1834682034136,5.816531796586446,0.009321365058632125,-5.816531796586446
326,0.5,409,427,13,1.5,284.6666666666667,0.0980187695516162,0.0086912352592107,0.0570262908498661,0.0039029625212995,0.0058095370925524,0.0012686578445382,624,0.0051877354048964,0.0555555555555555,800.0,618.5822438978903,5.417756102109706,0.008682301445688632,-5.417756102109706
331,0.1,80,126,12,1.0,126.0,0.0980187695516162,0.0129682043133554,0.0464749058416465,0.0055335263360175,0.0039956275909326,0.0013204044665042,607,0.0090558448103579,0.0512820512820512,2124.0,612.7420159511132,5.742015951113217,0.009459663840384212,5.742015951113217
331,0.2,159,223,13,1.0,223.0,0.0980187695516162,0.0100440948858348,0.0492079830055308,0.0043344814088192,0.0045513414488271,0.0012840907256355,607,0.0071078431372549,0.0588235294117647,468.0,615.5093226154103,8.50932261541027,0.014018653402652832,8.50932261541027
331,0.3,238,298,13,1.0,298.0,0.0980187695516162,0.0094092700030092,0.0570262908498661,0.0041693040626606,0.0045513414488271,0.0012664917173382,607,0.0143737373737373,0.1111111111111111,680.0,612.8658336165471,5.865833616547093,0.009663646814739857,5.865833616547093
331,0.5,397,411,13,1.555556,264.21421022451136,0.0980187695516162,0.0086769216717535,0.0570262908498661,0.0038298668608378,0.0056186378747126,0.0012819443472557,607,0.0130602240896358,0.1666666666666666,660.0,609.6322916142743,2.6322916142743225,0.004336559496333316,2.6322916142743225
338,0.1,84,127,12,1.0,127.0,0.0980187695516162,0.0118151289482974,0.0492079830055308,0.0055118506973833,0.0058095370925524,0.0013748914329444,625,0.0096718604983222,0.05,504.0,625.2738144481185,0.2738144481185145,0.00043810311698962325,0.2738144481185145
338,0.2,168,221,13,1.0,221.0,0.0980187695516162,0.0102482318025469,0.0570262908498661,0.0047731962236363,0.0058095370925524,0.0013220905736552,625,0.0368177684222198,0.1282051282051282,529.0,625.1454029820437,0.14540298204371993,0.00023264477126995188,0.14540298204371993
338,0.3,252,312,13,1.0,312.0,0.0980187695516162,0.0096755434346674,0.0570262908498661,0.0044868323897201,0.0058095370925524,0.0013306543490788,625,0.0143595756395886,0.05,627.0,624.4068432045179,0.5931567954820594,0.000949050872771295,-0.5931567954820594
338,0.5,420,428,13,1.8,237.77777777777777,0.0980187695516162,0.0085710387572724,0.0570262908498661,0.0038450040054342,0.0058095370925524,0.0012537471251114,625,0.007318376068376,0.0769230769230769,330.0,622.4992933938879,2.5007066061120895,0.004001130569779343,-2.5007066061120895
340,0.1,81,117,13,1.0,117.0,0.0980187695516162,0.0118089534147927,0.0570262908498661,0.0051750902270828,0.0039956275909326,0.0012354446709358,608,0.0138780370075341,0.1,670.0,617.7965826969743,9.79658269697427,0.01611280048844452,9.79658269697427
340,0.2,162,217,13,1.0,217.0,0.0980187695516162,0.0103458383588895,0.0570262908498661,0.0046123556375254,0.0052421649220672,0.0012806740045594,608,0.0110316637573369,0.0625,1500.0,617.6011871329974,9.601187132997438,0.01579142620558789,9.601187132997438
340,0.3,242,299,13,1.0,299.0,0.0980187695516162,0.0091964525477695,0.0570262908498661,0.0040550571915208,0.0056186378747126,0.0012610415542035,608,0.0045753286147623,0.0697674418604651,600.0,614.2931533869468,6.293153386946756,0.010350581228530848,6.293153386946756
340,0.5,403,438,13,1.5,292.0,0.0980187695516162,0.0085348607996342,0.0570262908498661,0.0037193969398316,0.0058095370925524,0.0012652257484702,608,0.0061234311234311,0.0769230769230769,600.0,621.5154256567791,13.515425656779144,0.02222931851443938,13.515425656779144
344,0.1,87,131,13,1.0,131.0,0.0980187695516162,0.010658367096769,0.0570262908498661,0.0050294498775255,0.0045513414488271,0.0012132911816163,637,0.0144371633162527,0.1666666666666666,550.0,633.2612518926261,3.738748107373908,0.005869306291010845,-3.738748107373908
344,0.2,173,236,13,1.0,236.0,0.0980187695516162,0.0094554709177992,0.0570262908498661,0.0042440446515399,0.0052421649220672,0.0012893893320519,637,0.0060912698412698,0.0444444444444444,546.0,632.2879106001226,4.712089399877414,0.007397314599493585,-4.712089399877414
344,0.3,260,326,13,1.0,326.0,0.0980187695516162,0.0092824196984332,0.0570262908498661,0.0041210864637792,0.0052421649220672,0.0012599565473956,637,0.0040584415584415,0.0454545454545454,572.0,633.7803323384406,3.219667661559356,0.00505442333054844,-3.219667661559356
344,0.5,432,445,13,1.666667,266.9999466000107,0.0980187695516162,0.0086114984007216,0.0570262908498661,0.0038639535795338,0.0058095370925524,0.0012765140706514,637,0.0069475867269984,0.0588235294117647,136.0,625.2852841402157,11.714715859784292,0.018390448759472985,-11.714715859784292
346,0.1,85,133,13,1.0,133.0,0.0980187695516162,0.0101452797792185,0.0464749058416465,0.0043971389972507,0.0058095370925524,0.0013243148413505,613,0.0109896259896259,0.0476190476190476,3363.0,625.4746918953384,12.474691895338424,0.020350231476897917,12.474691895338424
346,0.2,169,234,13,1.0,234.0,0.0980187695516162,0.0094961810290277,0.0492079830055308,0.004265805834695,0.0058095370925524,0.0013546608691477,613,0.0082875064004096,0.0714285714285714,798.0,625.9552284532168,12.955228453216819,0.021134141032980128,12.955228453216819
346,0.3,253,311,13,1.0,311.0,0.0980187695516162,0.0092238364587978,0.0570262908498661,0.0041709399002745,0.0058095370925524,0.0013136698503611,613,0.0150590480950111,0.0833333333333333,1200.0,622.9067784377488,9.906778437748812,0.01616113937642547,9.906778437748812
346,0.5,421,433,13,1.5,288.6666666666667,0.0980187695516162,0.0086189665428046,0.0570262908498661,0.0038948336474721,0.0058095370925524,0.0012887189157155,613,0.0060670969177701,0.0526315789473684,468.0,621.675445457373,8.67544545737303,0.014152439571571012,8.67544545737303
348,0.1,82,127,13,1.0,127.0,0.0980187695516162,0.0120942911333163,0.0464749058416465,0.0051768776459173,0.0040871733233292,0.0012974611298899,622,0.0222041546504489,0.1111111111111111,1400.0,621.3812482449165,0.6187517550835082,0.0009947777412918138,-0.6187517550835082
348,0.2,163,226,13,1.0,226.0,0.0980187695516162,0.0094447571677724,0.0570262908498661,0.0041660372680052,0.0040871733233292,0.0012969153520018,622,0.0147510321468654,0.09375,1005.0,621.024108808819,0.9758911911809491,0.0015689568990047413,-0.9758911911809491
348,0.3,244,295,13,1.0,295.0,0.0980187695516162,0.0089570703946554,0.0570262908498661,0.0039926125871906,0.0058095370925524,0.0012955921227111,622,0.0101662846956964,0.0588235294117647,1440.0,618.3172120229473,3.682787977052726,0.005920880992046184,-3.682787977052726
348,0.5,406,417,13,1.5,278.0,0.0980187695516162,0.0086946084425472,0.0570262908498661,0.0038905049805232,0.0058095370925524,0.0012820027477053,622,0.0056179775280898,0.1123595505617977,2144.0,612.6127708418009,9.387229158199148,0.015092008292924675,-9.387229158199148
349,0.1,86,133,13,1.0,133.0,0.0761209593326381,0.0105137713940742,0.0293591471972982,0.0043683425585519,0.0056186378747126,0.0013029005739768,628,0.0109952153110047,0.0666666666666666,792.0,631.4646658937751,3.464665893775077,0.005516983907285155,3.464665893775077
349,0.2,171,233,13,1.0,233.0,0.0980187695516162,0.0101097799478175,0.0464749058416465,0.004376735401865,0.0056186378747126,0.0013337287410641,628,0.0038949545078577,0.032258064516129,620.0,630.4419541585843,2.4419541585842808,0.0038884620359622307,2.4419541585842808
349,0.3,256,313,13,1.0,313.0,0.0980187695516162,0.0092115389100067,0.0464749058416465,0.0040073708500631,0.0056186378747126,0.0012808531007881,628,0.0078854422604422,0.0681818181818181,640.0,633.0017174242248,5.0017174242248075,0.007964518191440777,5.0017174242248075
349,0.5,426,443,13,1.555556,284.7856329183906,0.0980187695516162,0.0083514383163424,0.0570262908498661,0.0037350876938991,0.0058095370925524,0.0012554615789415,628,0.0089996180290297,0.0588235294117647,532.0,632.6980981738185,4.698098173818494,0.007481048047481678,4.698098173818494
359,0.1,80,118,13,1.0,118.0,0.0980187695516162,0.0130520846220462,0.0464749058416465,0.0055825892365375,0.0052421649220672,0.0013917581672898,599,0.0191725316758769,0.1428571428571428,912.0,610.6070136695703,11.607013669570279,0.01937731831313903,11.607013669570279
359,0.2,159,208,13,1.0,208.0,0.0980187695516162,0.0103723830913611,0.0464749058416465,0.0044289925208321,0.0052421649220672,0.0013084449579643,599,0.0090999518967982,0.0625,440.0,613.957901683566,14.957901683565979,0.024971455231328845,14.957901683565979
359,0.3,239,286,13,1.0,286.0,0.0980187695516162,0.0091514325090966,0.0464749058416465,0.0037961779221902,0.0052421649220672,0.0012515821707953,599,0.0017857142857142,0.0357142857142857,221.0,612.1707774164603,13.170777416460282,0.02198794226454137,13.170777416460282
359,0.5,398,405,13,1.666667,242.9999514000097,0.0980187695516162,0.0089033072001441,0.0570262908498661,0.0039378399021949,0.0056186378747126,0.0012676782888892,599,0.0097330447330447,0.0714285714285714,286.0,609.5172308453102,10.517230845310223,0.017557981377813395,10.517230845310223
367,0.1,86,128,13,1.0,128.0,0.0980187695516162,0.0118694603753909,0.0570262908498661,0.0053384803926557,0.0052421649220672,0.0013988134817163,628,0.0089709695066837,0.0408163265306122,768.0,631.506473848367,3.5064738483670226,0.005583557083386979,3.5064738483670226
367,0.2,171,220,13,1.0,220.0,0.0980187695516162,0.0105697222485543,0.0570262908498661,0.0046989553014516,0.0052421649220672,0.0012847148430361,628,0.0077922077922077,0.0606060606060606,1404.0,629.6813317212653,1.6813317212653374,0.0026772798109320657,1.6813317212653374
367,0.3,257,304,13,1.0,304.0,0.0980187695516162,0.0097209264036001,0.0570262908498661,0.0044149915440265,0.0056186378747126,0.0012618368563173,628,0.0164802503226148,0.1,1062.0,628.8957788820644,0.8957788820644055,0.0014263994937331298,0.8957788820644055
367,0.5,427,445,13,1.5,296.6666666666667,0.0980187695516162,0.0085177678058838,0.0570262908498661,0.0038603037513447,0.0058095370925524,0.001245115613719,628,0.011650120958044,0.0697674418604651,504.0,637.9547313804185,9.95473138041848,0.015851483089838345,9.95473138041848
373,0.1,87,139,12,1.0,139.0,0.0980187695516162,0.0114402742665095,0.0464749058416465,0.0047854780688861,0.0058095370925524,0.0014006257288633,619,0.0288888888888888,0.5777777777777777,1260.0,633.5719309905129,14.571930990512897,0.023541083991135536,14.571930990512897
373,0.2,173,240,12,1.0,240.0,0.0980187695516162,0.010171185262426,0.0570262908498661,0.0044500110798955,0.0058095370925524,0.0013244715090298,619,0.0169014303368769,0.0606060606060606,3000.0,630.8130705663918,11.813070566391843,0.019084120462668566,11.813070566391843
373,0.3,259,325,12,1.0,325.0,0.0980187695516162,0.0095772840298387,0.0570262908498661,0.0042521369882419,0.0058095370925524,0.0013096234137417,619,0.0226031231087551,0.1363636363636363,800.0,633.906163686944,14.906163686943955,0.02408103988197731,14.906163686943955
373,0.5,431,445,13,1.5,296.6666666666667,0.0980187695516162,0.0083748286487562,0.0570262908498661,0.0037036401414844,0.0058095370925524,0.0012672449149965,619,0.020219309647569,0.1379310344827586,1672.0,637.4294300938071,18.429430093807127,0.029772908067539787,18.429430093807127
374,0.1,85,134,13,1.0,134.0,0.0980187695516162,0.0118982771232471,0.0570262908498661,0.0050013376545507,0.0039956275909326,0.0011879356514724,644,0.015800788592583,0.0909090909090909,1700.0,627.0272819959686,16.972718004031435,0.026355152180173036,-16.972718004031435
374,0.2,169,231,13,1.0,231.0,0.0980187695516162,0.0104907258191929,0.0570262908498661,0.0043348692024991,0.0039956275909326,0.0012358715477463,644,0.0094340140535792,0.125,1794.0,628.7611966521653,15.238803347834732,0.023662738117755797,-15.238803347834732
374,0.3,253,308,13,1.0,308.0,0.0980187695516162,0.0093847758081334,0.0570262908498661,0.0039105228156774,0.0056186378747126,0.0012103264034938,644,0.009749180999181,0.1351351351351351,663.0,632.4835864679284,11.516413532071624,0.01788262970818575,-11.516413532071624
374,0.5,421,450,13,1.5,300.0,0.0980187695516162,0.0085667941142393,0.0570262908498661,0.0037427338276488,0.0058095370925524,0.0012613136574353,644,0.0149164594547553,0.0769230769230769,520.0,629.3564689027032,14.643531097296773,0.022738402324994987,-14.643531097296773
377,0.1,83,125,12,1.0,125.0,0.0980187695516162,0.0114619395203336,0.0464749058416465,0.004756090328169,0.0058095370925524,0.001258009894836,627,0.0231778001933702,0.0952380952380952,455.0,621.9074294622828,5.092570537717165,0.008122122069724347,-5.092570537717165
377,0.2,166,232,13,1.0,232.0,0.0980187695516162,0.0102297652008197,0.0492079830055308,0.004485891163498,0.0058095370925524,0.0013122534562053,627,0.0063705738705738,0.0666666666666666,700.0,623.0934052865506,3.906594713449408,0.006230613578069232,-3.906594713449408
377,0.3,249,315,13,1.0,315.0,0.0980187695516162,0.009424499726898,0.0492079830055308,0.0042095378317364,0.0058095370925524,0.0013088061064848,627,0.0109159978486685,0.074074074074074,832.0,622.1438002953731,4.856199704626874,0.0077451350950986835,-4.856199704626874
377,0.5,414,440,13,1.5,293.3333333333333,0.0980187695516162,0.0087994122665655,0.0570262908498661,0.0039291699352848,0.0058095370925524,0.0012838048885163,627,0.0130696849446849,0.074074074074074,1050.0,623.2746196672822,3.7253803327178048,0.005941595426982145,-3.7253803327178048
379,0.1,85,128,13,1.0,128.0,0.0761209593326381,0.0105171402502606,0.031948254360793,0.0041069543588481,0.0039956275909326,0.0012327121283398,617,0.0127271222321437,0.0769230769230769,936.0,627.419788585647,10.419788585646984,0.0168878259086661,10.419788585646984
379,0.2,169,228,13,1.0,228.0,0.0980187695516162,0.0098649909445145,0.0570262908498661,0.0043743303772389,0.0045513414488271,0.0012895107171686,617,0.0077202878599648,0.1034482758620689,938.0,626.6525154348818,9.65251543488182,0.015644271369338447,9.65251543488182
379,0.3,253,317,13,1.0,317.0,0.0980187695516162,0.0094538540738084,0.0570262908498661,0.0041658400818357,0.0052421649220672,0.0012754089453502,617,0.0089947089947089,0.0714285714285714,200.0,626.0498330117844,9.049833011784358,0.014667476518289074,9.049833011784358
379,0.5,421,422,13,1.6,263.75,0.0980187695516162,0.0089054060064541,0.0570262908498661,0.0039506177031268,0.0058095370925524,0.0012746789612916,617,0.0277402402402402,0.2777777777777778,885.0,620.7349673033617,3.7349673033617137,0.00605343160998657,3.7349673033617137
380,0.1,83,113,13,1.0,113.0,0.0980187695516162,0.0116456116714497,0.0464749058416465,0.0045855359916686,0.0038790328069506,0.0012138193575748,629,0.0085497002997003,0.0568181818181818,2052.0,621.7389080676395,7.2610919323605,0.011543866347155008,-7.2610919323605
380,0.2,165,214,13,1.0,214.0,0.0980187695516162,0.0098476801185034,0.0464749058416465,0.0042786906865968,0.0040871733233292,0.001328774128839,629,0.0171344458844458,0.0909090909090909,950.0,620.6244399603788,8.375560039621178,0.013315675738666419,-8.375560039621178
380,0.3,247,303,13,1.0,303.0,0.0980187695516162,0.0089855700898556,0.0464749058416465,0.0038540120678802,0.0056186378747126,0.0012513204585816,629,0.0007142857142857,0.0142857142857142,1240.0,621.9921780707306,7.007821929269426,0.011141211334291615,-7.007821929269426
380,0.5,412,430,13,1.5,286.6666666666667,0.0980187695516162,0.0082765477605062,0.0570262908498661,0.003643515949328,0.0056186378747126,0.0012257078763126,629,0.0072616735416865,0.0434782608695652,638.0,626.5964640262182,2.4035359737818,0.00382120186610779,-2.4035359737818
385,0.1,82,125,12,1.0,125.0,0.0980187695516162,0.0125881126173096,0.0570262908498661,0.0058446647166875,0.0039254903849993,0.0013252031771551,614,0.01255069919975,0.1333333333333333,1300.0,620.7320306716133,6.732030671613302,0.010964219334875085,6.732030671613302
385,0.2,163,213,12,1.0,213.0,0.0980187695516162,0.0106184552570899,0.0570262908498661,0.0047785927259102,0.0052421649220672,0.0012688180232583,614,0.0152362637362637,0.08,2850.0,619.5744627815973,5.574462781597276,0.009078929611721949,5.574462781597276
385,0.3,245,295,12,1.0,295.0,0.0980187695516162,0.0094236581184496,0.0570262908498661,0.0042206671720699,0.0052421649220672,0.0012141776290913,614,0.0136752136752136,0.0833333333333333,646.0,620.7880813805367,6.78808138053671,0.01105550713442461,6.78808138053671
385,0.5,407,427,13,1.5,284.6666666666667,0.0980187695516162,0.0086106478010612,0.0570262908498661,0.0038425945707085,0.0058095370925524,0.0012503360311325,614,0.0037087912087912,0.0384615384615384,608.0,618.9435513443414,4.943551344341358,0.008051386554301886,4.943551344341358
386,0.1,85,122,12,1.0,122.0,0.0980187695516162,0.0122480726166258,0.0492079830055308,0.0057703364903045,0.0052421649220672,0.0014368063053292,629,0.012452504352759,0.0526315789473684,950.0,626.5993676269603,2.4006323730396844,0.0038165856487117397,-2.4006323730396844
386,0.2,170,232,13,1.0,232.0,0.0980187695516162,0.0106747330193088,0.0492079830055308,0.0048946088143395,0.0052421649220672,0.0013762374762351,629,0.0107115889285006,0.0454545454545454,1000.0,627.9892277272979,1.01077227270207,0.0016069511489699047,-1.01077227270207
386,0.3,255,303,13,1.0,303.0,0.0980187695516162,0.0097702158119878,0.0570262908498661,0.0045119060689333,0.0056186378747126,0.0013271646332844,629,0.0344701366756754,0.125,1280.0,624.1800357234787,4.819964276521318,0.007662900280638026,-4.819964276521318
386,0.5,424,437,13,1.5,291.3333333333333,0.0980187695516162,0.0084875788328325,0.0570262908498661,0.0037602304996672,0.0056186378747126,0.0012410405528571,629,0.0061132561132561,0.0476190476190476,480.0,630.595748239094,1.5957482390939504,0.002536960634489587,1.5957482390939504
387,0.1,85,127,11,1.0,127.0,0.0980187695516162,0.0124227172333384,0.0570262908498661,0.0057241207561583,0.0056186378747126,0.0014273399329662,623,0.0300801699182328,0.0869565217391304,1608.0,627.512504461744,4.512504461744015,0.007243185331852352,4.512504461744015
387,0.2,169,223,13,1.0,223.0,0.0980187695516162,0.0109418910767475,0.0570262908498661,0.0049510667622071,0.0056186378747126,0.0013989904458342,623,0.0039665523156089,0.0566037735849056,627.0,624.3236356947411,1.3236356947411423,0.002124615882409538,1.3236356947411423
387,0.3,253,313,13,1.0,313.0,0.0980187695516162,0.009478057214817,0.0570262908498661,0.0041927850102973,0.0056186378747126,0.0012932290470524,623,0.0097241214557556,0.0714285714285714,2300.0,626.8881779221618,3.8881779221618444,0.006241056054834421,3.8881779221618444
387,0.5,422,439,13,1.5,292.6666666666667,0.0980187695516162,0.0086318084755142,0.0570262908498661,0.0037967546180652,0.0056186378747126,0.0012642011244986,623,0.0113159727596347,0.0769230769230769,885.0,627.1901804993744,4.190180499374378,0.006725811395464491,4.190180499374378
388,0.1,84,124,13,1.0,124.0,0.0980187695516162,0.0114955094352315,0.0570262908498661,0.0056833866800243,0.0058095370925524,0.0013962180609214,621,0.0217819811101929,0.0769230769230769,864.0,625.6233917430734,4.623391743073398,0.0074450752706495945,4.623391743073398
388,0.2,168,221,13,1.0,221.0,0.0980187695516162,0.0098235813134911,0.0570262908498661,0.0044741994644409,0.0058095370925524,0.0013405358141021,621,0.0149446386946386,0.0769230769230769,468.0,625.4017279591592,4.401727959159189,0.007088128758710449,4.401727959159189
388,0.3,252,306,13,1.0,306.0,0.0980187695516162,0.0095040449269731,0.0570262908498661,0.004448392291079,0.0058095370925524,0.0013377812466857,621,0.005184331797235,0.0714285714285714,266.0,624.6704615579802,3.670461557980161,0.005910566115910083,3.670461557980161
388,0.5,419,434,13,1.666667,260.39994792001045,0.0980187695516162,0.0086207310802823,0.0570262908498661,0.0038961690357911,0.0058095370925524,0.0012866278420173,621,0.0117279004728405,0.0769230769230769,1240.0,621.8306804472998,0.8306804472997555,0.0013376496735905887,0.8306804472997555
390,0.1,83,125,13,1.0,125.0,0.0980187695516162,0.0109864442127215,0.0464749058416465,0.004603159466118,0.0039956275909326,0.0012765932934548,609,0.0101716976716976,0.0952380952380952,969.0,622.0162560764622,13.016256076462241,0.021373162687130118,13.016256076462241
390,0.2,165,220,13,1.0,220.0,0.0980187695516162,0.0098966726703952,0.0570262908498661,0.0045182691703491,0.0045513414488271,0.0012557739475641,609,0.0054001554001554,0.0909090909090909,1900.0,621.8817875424845,12.881787542484517,0.021152360496690503,12.881787542484517
390,0.3,248,303,13,1.0,303.0,0.0980187695516162,0.0093159472360165,0.0570262908498661,0.004109365552194,0.0058095370925524,0.0012248971740455,609,0.0177018969410273,0.0909090909090909,520.0,622.4344926626201,13.434492662620073,0.02205992227031211,13.434492662620073
390,0.5,413,419,13,1.5,279.3333333333333,0.0980187695516162,0.0087850062590058,0.0570262908498661,0.0039024888743367,0.0058095370925524,0.0012637600804266,609,0.0070450042838045,0.0526315789473684,506.0,615.1887427815943,6.188742781594328,0.010162139214440605,6.188742781594328
392,0.1,80,123,12,1.0,123.0,0.0980187695516162,0.0114702815432741,0.0492079830055308,0.00505803067792,0.0045513414488271,0.0013301604909154,628,0.0054665404040404,0.03125,885.0,612.4953779501933,15.504622049806699,0.02468888861434188,-15.504622049806699
392,0.2,160,223,13,1.0,223.0,0.0980187695516162,0.0104275286757038,0.0492079830055308,0.0045652859692712,0.0045513414488271,0.0013269803782693,628,0.0050310559006211,0.0571428571428571,575.0,614.7579459871201,13.242054012879862,0.02108607326891698,-13.242054012879862
392,0.3,240,301,13,1.0,301.0,0.0980187695516162,0.0095545262749472,0.0492079830055308,0.0041975612392367,0.0056186378747126,0.0013061506054765,628,0.0132469150751936,0.0526315789473684,684.0,612.2703696505699,15.729630349430067,0.025047182085079726,-15.729630349430067
392,0.5,399,445,13,1.5,296.6666666666667,0.0980187695516162,0.0085599465735608,0.0570262908498661,0.0038227147222214,0.0058095370925524,0.0012711399185603,628,0.0414880952380952,0.5714285714285714,760.0,625.2046037302003,2.795396269799653,0.004451267945540849,-2.795396269799653
393,0.1,82,122,13,1.0,122.0,0.0980187695516162,0.0115301116258397,0.0464749058416465,0.0046715762353253,0.0048729601732022,0.0012679422516365,615,0.0223820054046914,0.1111111111111111,364.0,621.8395042078548,6.839504207854816,0.011121145053422465,6.839504207854816
393,0.2,163,216,13,1.0,216.0,0.0980187695516162,0.0097709805739002,0.0464749058416465,0.0039695248736826,0.0048729601732022,0.0012376873059229,615,0.0093390804597701,0.1034482758620689,276.0,621.915545160398,6.915545160397983,0.011244788878695906,6.915545160397983
393,0.3,245,296,13,1.0,296.0,0.0980187695516162,0.0093706845531662,0.0570262908498661,0.0041522180283842,0.0056186378747126,0.0012708878642039,615,0.0248841084684138,0.2,252.0,618.1254790231403,3.125479023140315,0.005082079712423276,3.125479023140315
393,0.5,408,417,13,1.666667,250.19994996001003,0.0980187695516162,0.0087121126873266,0.0570262908498661,0.0039064050742849,0.0056186378747126,0.0012956949125531,615,0.0103808353808353,0.1621621621621621,352.0,614.4134511341997,0.586548865800296,0.000953737993171213,-0.586548865800296
398,0.1,82,123,13,1.0,123.0,0.0980187695516162,0.0119874191442643,0.0464749058416465,0.0051418916665516,0.0052421649220672,0.0012794628895461,627,0.0154623080903915,0.1,576.0,620.8923505902861,6.107649409713872,0.009741067639097085,-6.107649409713872
398,0.2,164,216,13,1.0,216.0,0.0980187695516162,0.0099737380759278,0.0492079830055308,0.0043632483814885,0.0052421649220672,0.001276797340281,627,0.0123832866479925,0.1111111111111111,364.0,621.5051715442795,5.494828455720494,0.008763681747560597,-5.494828455720494
398,0.3,246,300,13,1.0,300.0,0.0980187695516162,0.0091936044490788,0.0492079830055308,0.0039533937989251,0.0058095370925524,0.0012414598016992,627,0.0044466403162055,0.0454545454545454,323.0,620.7065212719517,6.293478728048285,0.010037446137238094,-6.293478728048285
398,0.5,410,429,13,1.5,286.0,0.0980187695516162,0.008701760526578,0.0570262908498661,0.0038937245171567,0.0058095370925524,0.0012808836097688,627,0.0132369101486748,0.0769230769230769,702.0,618.3334489941983,8.666551005801693,0.013822250407977183,-8.666551005801693
401,0.1,89,133,13,1.0,133.0,0.0980187695516162,0.0111723521525398,0.0464749058416465,0.0048508136404265,0.0058095370925524,0.0013035649055941,645,0.0125915349094374,0.1071428571428571,800.0,637.2869102060715,7.713089793928475,0.011958278750276706,-7.713089793928475
401,0.2,177,236,13,1.0,236.0,0.0980187695516162,0.0094024495855498,0.0570262908498661,0.0041287590972134,0.0058095370925524,0.0012541989101738,645,0.0030938379772147,0.0277777777777777,448.0,636.5076527557352,8.492347244264806,0.013166429836069467,-8.492347244264806
401,0.3,266,324,13,1.0,324.0,0.0980187695516162,0.0087732849290026,0.0570262908498661,0.0039991495098819,0.0058095370925524,0.0012637704279147,645,0.003517316017316,0.0476190476190476,570.0,635.36326420051,9.636735799489998,0.014940675658124028,-9.636735799489998
401,0.5,442,452,13,1.5,301.3333333333333,0.0980187695516162,0.0084689065859532,0.0570262908498661,0.0038028116731959,0.0058095370925524,0.0012661699944726,645,0.0059619450317124,0.05,920.0,641.9590163113642,3.0409836886358335,0.004714703393233851,-3.0409836886358335
402,0.1,85,134,13,1.0,134.0,0.0980187695516162,0.0111201033414781,0.0570262908498661,0.0048255747211137,0.0039956275909326,0.0013645378580834,649,0.0024286134824845,0.0253164556962025,938.0,627.1714862421809,21.82851375781911,0.033634073586778286,-21.82851375781911
402,0.2,169,234,13,1.0,234.0,0.0980187695516162,0.0100309260893202,0.0570262908498661,0.0045606112224959,0.0056186378747126,0.0013141528401448,649,0.0614780219780219,1.0,416.0,629.756670767213,19.243329232787005,0.029650738417237296,-19.243329232787005
402,0.3,253,313,13,1.0,313.0,0.0980187695516162,0.0095113720029183,0.0570262908498661,0.004273917173387,0.0056186378747126,0.0012832493076235,649,0.0128726708074534,0.0857142857142857,532.0,627.3558028266558,21.644197173344196,0.03335007268620061,-21.644197173344196
402,0.5,421,444,13,1.5,296.0,0.0980187695516162,0.0083749025354864,0.0570262908498661,0.0037160703641492,0.0058095370925524,0.0012632022375696,649,0.0074175824175824,0.0769230769230769,352.0,633.5170615834245,15.482938416575507,0.02385660772970032,-15.482938416575507
403,0.1,82,118,12,1.0,118.0,0.0980187695516162,0.012848836181757,0.0570262908498661,0.0059996023952587,0.0056186378747126,0.001468985861007,616,0.0078505406630406,0.0454545454545454,2280.0,608.5447007506305,7.455299249369546,0.012102758521703809,-7.455299249369546
403,0.2,163,211,12,1.0,211.0,0.0980187695516162,0.0105955552041274,0.0570262908498661,0.0047019979013731,0.0056186378747126,0.0013206001720011,616,0.0221522435897435,0.2,264.0,618.7698303257225,2.7698303257225234,0.004496477801497603,2.7698303257225234
403,0.3,245,309,12,1.0,309.0,0.0980187695516162,0.0091822995231683,0.0570262908498661,0.0041066414293289,0.0058095370925524,0.0012969676023316,616,0.0128235653235653,0.0576923076923076,600.0,623.9522586413897,7.952258641389676,0.012909510781476747,7.952258641389676
403,0.5,408,424,12,2.0,212.0,0.0980187695516162,0.0084280992385936,0.0570262908498661,0.0037044384374914,0.0058095370925524,0.0012483227359658,616,0.008873400476816,0.0967741935483871,330.0,616.9039347785596,0.9039347785595737,0.0014674265885707366,0.9039347785595737
407,0.1,85,127,13,1.0,127.0,0.0980187695516162,0.0121107124383174,0.0464749058416465,0.0049298241189344,0.0056186378747126,0.0012841780268264,604,0.0096061869240895,0.125,936.0,626.8083467137106,22.808346713710648,0.037762163433295776,22.808346713710648
407,0.2,170,227,13,1.0,227.0,0.0980187695516162,0.0098257638049913,0.0570262908498661,0.0044990284396239,0.0056186378747126,0.0012980311378687,604,0.0066430020283975,0.1034482758620689,306.0,628.3193730423816,24.319373042381585,0.04026386265294964,24.319373042381585
407,0.3,254,313,13,1.0,313.0,0.0980187695516162,0.0093914387657536,0.0570262908498661,0.0043391862674063,0.0058095370925524,0.0012939804162028,604,0.0147359729928973,0.0909090909090909,1083.0,632.4511234003733,28.451123400373262,0.04710450894101534,28.451123400373262
407,0.5,423,426,13,1.5,284.0,0.0980187695516162,0.0087924138504995,0.0570262908498661,0.0040190616650657,0.0058095370925524,0.0013198099517107,604,0.0055128205128205,0.0769230769230769,420.0,619.211907614474,15.211907614473944,0.02518527750740719,15.211907614473944
411,0.1,83,122,13,1.0,122.0,0.0980187695516162,0.0119831108224071,0.0464749058416465,0.0051254700366134,0.0048729601732022,0.0012630318926094,611,0.0206857869142351,0.125,828.0,620.6019136787309,9.601913678730853,0.015715079670590593,9.601913678730853
411,0.2,166,229,13,1.0,229.0,0.0980187695516162,0.009881107959073,0.0464749058416465,0.0041146292527069,0.0048729601732022,0.0012153435597145,611,0.0149807459981878,0.1,1652.0,624.619876852314,13.61987685231395,0.022291124144540018,13.61987685231395
411,0.3,249,303,13,1.0,303.0,0.0980187695516162,0.0087756429448992,0.0464749058416465,0.0035497727594603,0.0048729601732022,0.0011467033508489,611,0.0,0.0,255.0,624.7475190477613,13.74751904776133,0.02250003117473213,13.74751904776133
411,0.5,414,445,13,1.5,296.6666666666667,0.0980187695516162,0.0084591861841102,0.0570262908498661,0.0036577576579862,0.0056186378747126,0.0012437606127599,611,0.0107121212121212,0.0909090909090909,360.0,631.6398837491462,20.63988374914618,0.03378049713444547,20.63988374914618
414,0.1,87,131,13,1.0,131.0,0.0980187695516162,0.0115578409443678,0.0570262908498661,0.0050946597483352,0.0045513414488271,0.0013374613092797,643,0.0094171408250355,0.0833333333333333,2478.0,633.4831869127232,9.516813087276773,0.014800642437444438,-9.516813087276773
414,0.2,174,235,13,1.0,235.0,0.0980187695516162,0.010383156213254,0.0570262908498661,0.0047620708131063,0.0052421649220672,0.0013710085162187,643,0.0194860187238236,0.1111111111111111,900.0,634.143674183526,8.856325816474055,0.013773446059835232,-8.856325816474055
414,0.3,261,310,13,1.0,310.0,0.0980187695516162,0.0096135086952133,0.0570262908498661,0.0044437762983481,0.0056186378747126,0.0013462559693636,643,0.0089408263305322,0.0952380952380952,840.0,630.8811583174585,12.118841682541529,0.018847343207685115,-12.118841682541529
414,0.5,435,451,13,1.666667,270.59994588001086,0.0980187695516162,0.0085639836396467,0.0570262908498661,0.0038441006296166,0.0058095370925524,0.0012799659114646,643,0.0076818249701314,0.037037037037037,924.0,630.9716555181243,12.028344481875706,0.018706601060459887,-12.028344481875706
416,0.1,83,130,13,1.0,130.0,0.0980187695516162,0.0127536696879762,0.0570262908498661,0.0052785619348524,0.0044179097289399,0.0012487011240212,603,0.0157260042056803,0.1034482758620689,960.0,617.385603442614,14.385603442613956,0.023856722127054652,14.385603442613956
416,0.2,165,208,13,1.0,208.0,0.0980187695516162,0.0113449506697681,0.0570262908498661,0.0048812012699763,0.0058095370925524,0.0012764522296627,603,0.0206256010761739,0.1034482758620689,1330.0,617.9958179509855,14.995817950985497,0.024868686485879764,14.995817950985497
416,0.3,247,292,13,1.0,292.0,0.0980187695516162,0.0100918479580612,0.0570262908498661,0.0044750577092174,0.0058095370925524,0.0013253008207326,603,0.0117572951739618,0.125,1416.0,617.4418517790945,14.441851779094463,0.023950002950405412,14.441851779094463
416,0.5,411,430,13,1.666667,257.99994840001034,0.0980187695516162,0.0089628246477677,0.0570262908498661,0.0040311865404145,0.0058095370925524,0.001317799724932,603,0.0072105430801082,0.0769230769230769,312.0,617.2704532633751,14.270453263375089,0.023665759972429666,14.270453263375089
419,0.1,84,125,12,1.0,125.0,0.0980187695516162,0.010994786235662,0.0492079830055308,0.004674649838362,0.0045513414488271,0.0012636586823248,659,0.0172943722943722,0.1428571428571428,800.0,627.4923871556118,31.507612844388177,0.04781124862577872,-31.507612844388177
419,0.2,168,226,12,1.0,226.0,0.0980187695516162,0.0099984312567478,0.0570262908498661,0.0046422856234652,0.0058095370925524,0.0013262006994378,659,0.0011904761904761,0.0238095238095238,352.0,625.4297700859278,33.57022991407223,0.05094116830663464,-33.57022991407223
419,0.3,252,311,13,1.0,311.0,0.0980187695516162,0.0087376655076797,0.0570262908498661,0.0039979109042211,0.0058095370925524,0.0012330586765383,659,0.0035185185185185,0.037037037037037,875.0,630.5858235873882,28.414176412611823,0.04311711140001794,-28.414176412611823
419,0.5,420,444,13,1.5,296.0,0.0980187695516162,0.0084030850454207,0.0570262908498661,0.003768799114222,0.0058095370925524,0.0012428494072003,659,0.0076398247978436,0.0714285714285714,494.0,635.5887248645391,23.41127513546087,0.035525455440760044,-23.41127513546087
428,0.1,83,127,13,1.0,127.0,0.0980187695516162,0.0119629206933074,0.0464749058416465,0.0048294536769273,0.0039956275909326,0.001271162104173,622,0.0115052185257664,0.0753424657534246,5700.0,620.6828555462919,1.3171444537081243,0.0021175955847397496,-1.3171444537081243
428,0.2,165,218,13,1.0,218.0,0.0980187695516162,0.010020950722752,0.0570262908498661,0.0042662553558448,0.0039956275909326,0.0012376549777985,622,0.0155515974505744,0.074074074074074,768.0,622.0424353422737,0.04243534227373402,6.822402294812544e-05,0.04243534227373402
428,0.3,248,289,13,1.0,289.0,0.0980187695516162,0.0093883839495437,0.0570262908498661,0.0040353676478838,0.0052421649220672,0.0012655347357968,622,0.0078729223648222,0.05,1716.0,617.9661178154123,4.033882184587696,0.006485341132777647,-4.033882184587696
428,0.5,413,421,13,1.333333,315.75007893751973,0.0980187695516162,0.0086045687932054,0.0570262908498661,0.0037423290931474,0.0058095370925524,0.0012929532859005,622,0.0148653198653198,0.1111111111111111,260.0,621.251534488357,0.7484655116429622,0.001203320758268428,-0.7484655116429622
436,0.1,80,126,12,1.0,126.0,0.0761209593326381,0.0111309730704933,0.031948254360793,0.0052375796197716,0.0052421649220672,0.0014140953574665,636,0.0056372549019607,0.05,885.0,609.3361561413255,26.663843858674454,0.04192428279665795,-26.663843858674454
436,0.2,160,215,13,1.0,215.0,0.0980187695516162,0.0105875791158425,0.0492079830055308,0.0047805048765929,0.0052421649220672,0.0013355460026252,636,0.0259274159932054,0.1621621621621621,864.0,612.3462295733475,23.6537704266525,0.037191462934988206,-23.6537704266525
436,0.3,240,298,13,1.0,298.0,0.0980187695516162,0.0093532832718645,0.0492079830055308,0.0041072667441061,0.0052421649220672,0.0012891700647734,636,0.0042877906976744,0.0625,273.0,612.7605049722699,23.239495027730072,0.03654008652158816,-23.239495027730072
436,0.5,399,439,13,1.5,292.6666666666667,0.0980187695516162,0.0083705264358041,0.0570262908498661,0.0036952918277726,0.0052421649220672,0.0012533131829949,636,0.012318396226415,0.0833333333333333,728.0,624.9714511162499,11.02854888375009,0.017340485666273726,-11.02854888375009
439,0.1,79,124,13,1.0,124.0,0.0980187695516162,0.0121430253288034,0.0464749058416465,0.0051172240964768,0.0056186378747126,0.001294201221313,634,0.0054615384615384,0.04,1116.0,609.3593900033964,24.640609996603644,0.03886531545205622,-24.640609996603644
439,0.2,158,221,13,1.0,221.0,0.0980187695516162,0.0103897819655655,0.0464749058416465,0.0044936632118828,0.0056186378747126,0.0013172411194119,634,0.0135266577021851,0.0975609756097561,1560.0,612.0349255453223,21.965074454677733,0.03464522784649485,-21.965074454677733
439,0.3,236,308,13,1.0,308.0,0.0980187695516162,0.0092391966740245,0.0464749058416465,0.0039967830708433,0.0058095370925524,0.0012767237402448,634,0.0089449439449439,0.0769230769230769,528.0,616.938596529335,17.061403470665027,0.026910731026285533,-17.061403470665027
439,0.5,393,451,13,1.5,300.6666666666667,0.0980187695516162,0.0083027174001003,0.0570262908498661,0.0035825665228998,0.0058095370925524,0.0012284518461655,634,0.0114682539682539,0.0833333333333333,456.0,632.2305506167952,1.769449383204801,0.0027909296265059952,-1.769449383204801
442,0.1,84,132,13,1.0,132.0,0.0980187695516162,0.0112648908269345,0.0570262908498661,0.0050783748593182,0.0045513414488271,0.0012379915044463,609,0.0272173881906398,0.3333333333333333,2808.0,628.6893625872058,19.68936258720578,0.03233064464237402,19.68936258720578
442,0.2,167,231,13,1.0,231.0,0.0980187695516162,0.0100077190796689,0.0570262908498661,0.0045294781700167,0.0045513414488271,0.0012810125111081,609,0.0197347252471476,0.1111111111111111,640.0,624.2529819532662,15.252981953266158,0.025045947378105348,15.252981953266158
442,0.3,250,314,13,1.0,314.0,0.0980187695516162,0.0096637288045535,0.0570262908498661,0.0044252746152571,0.0056186378747126,0.0013241605328852,609,0.0026315789473684,0.0526315789473684,680.0,620.1689347923423,11.16893479234227,0.018339794404502906,11.16893479234227
442,0.5,417,430,13,1.555556,276.4284924490022,0.0980187695516162,0.0086330237408152,0.0570262908498661,0.0038790645692462,0.0056186378747126,0.0012961836053707,609,0.008313492063492,0.0555555555555555,450.0,617.2578877075446,8.257887707544569,0.01355974993028665,8.257887707544569
455,0.1,86,131,13,1.0,131.0,0.0980187695516162,0.0116931600187854,0.0464749058416465,0.0051136915306817,0.0039956275909326,0.0012959350154584,646,0.0121832153914197,0.0857142857142857,1428.0,632.860873403773,13.139126596227015,0.02033920525731736,-13.139126596227015
455,0.2,171,223,13,1.0,223.0,0.0980187695516162,0.0101656714533543,0.0464749058416465,0.0042058213776312,0.0039956275909326,0.001198985068726,646,0.0538416075650118,0.5555555555555556,560.0,635.064877885021,10.93512211497898,0.016927433614518546,-10.93512211497898
455,0.3,257,299,13,1.0,299.0,0.0980187695516162,0.0091685528054934,0.0464749058416465,0.0038441088971446,0.0039956275909326,0.0012004488261506,646,0.0153964646464646,0.125,1100.0,629.5553053739451,16.44469462605491,0.02545618363166395,-16.44469462605491
455,0.5,427,437,13,1.5,291.3333333333333,0.0980187695516162,0.0084207662921186,0.0570262908498661,0.0037747550358199,0.0056186378747126,0.0012336236754033,646,0.0217070825766477,0.3333333333333333,240.0,631.0054544666615,14.99454553333851,0.023211370794641657,-14.99454553333851
456,0.1,84,120,13,1.0,120.0,0.0980187695516162,0.0130257212374,0.0464749058416465,0.0054318395300201,0.0039956275909326,0.0013764169140849,600,0.0033333333333333,0.0666666666666666,1152.0,624.0096178678142,24.0096178678142,0.040016029779690335,24.0096178678142
456,0.2,168,229,13,1.0,229.0,0.0980187695516162,0.0111014475595484,0.0570262908498661,0.0049948526733102,0.0052421649220672,0.0013522106922361,600,0.0039606227106227,0.0285714285714285,400.0,625.7108510839081,25.710851083908096,0.042851418473180164,25.710851083908096
456,0.3,252,304,13,1.0,304.0,0.0980187695516162,0.0097792382415893,0.0570262908498661,0.0043398807018533,0.0052421649220672,0.0012584489779738,600,0.0207407796451914,0.08,187.0,623.1501918754473,23.150191875447263,0.03858365312574544,23.150191875447263
456,0.5,419,422,13,1.555556,271.28563677553234,0.0980187695516162,0.0088633993743482,0.0570262908498661,0.0039447342350289,0.0056186378747126,0.0012778748182204,600,0.0058487170556136,0.0454545454545454,180.0,620.6217339461363,20.62173394613626,0.034369556576893764,20.62173394613626
459,0.1,86,127,12,1.0,127.0,0.0980187695516162,0.0118397609057991,0.0464749058416465,0.0052535469840227,0.0052421649220672,0.0013259651477331,633,0.0152263007840342,0.0869565217391304,1216.0,631.0971605294593,1.9028394705406981,0.0030060655142823034,-1.9028394705406981
459,0.2,171,231,13,1.0,231.0,0.0980187695516162,0.0101521696933583,0.0570262908498661,0.0044953547193472,0.0052421649220672,0.0012835098576154,633,0.0125934988332901,0.1,324.0,630.9969921121857,2.003007887814306,0.003164309459422284,-2.003007887814306
459,0.3,256,309,13,1.0,309.0,0.0980187695516162,0.0092295439896601,0.0570262908498661,0.0041453855980092,0.0052421649220672,0.0012608346670191,633,0.0126561757415406,0.0588235294117647,680.0,632.9053114356108,0.09468856438923012,0.00014958698955644568,-0.09468856438923012
459,0.5,426,448,13,1.555556,287.9999177143092,0.0980187695516162,0.0083140920601816,0.0570262908498661,0.0036584230794923,0.0056186378747126,0.0012345599201686,633,0.00275,0.0416666666666666,603.0,644.4114217755509,11.411421775550934,0.018027522552213168,11.411421775550934
460,0.1,84,124,13,1.0,124.0,0.0980187695516162,0.0111086817585522,0.0464749058416465,0.0046917483647487,0.0056186378747126,0.0012025965003854,625,0.0034920634920634,0.0476190476190476,504.0,630.997040993896,5.997040993896007,0.009595265590233612,5.997040993896007
460,0.2,167,216,13,1.0,216.0,0.0980187695516162,0.0100268412312207,0.0570262908498661,0.0043416101911422,0.0056186378747126,0.0012373049768464,625,0.0197377622377622,0.1111111111111111,700.0,624.3928565172963,0.607143482703691,0.0009714295723259056,-0.607143482703691
460,0.3,251,294,13,1.0,294.0,0.0980187695516162,0.0092322643343051,0.0570262908498661,0.0040474054133906,0.0056186378747126,0.0012199339256979,625,0.0116477272727272,0.0681818181818181,624.0,625.1215974755821,0.12159747558212075,0.0001945559609313932,0.12159747558212075
460,0.5,417,428,13,1.5,285.3333333333333,0.0980187695516162,0.0087805638661767,0.0570262908498661,0.0039344153022448,0.0056186378747126,0.0012650576522543,625,0.0083325781090694,0.0869565217391304,408.0,622.0173831628186,2.9826168371813537,0.004772186939490166,-2.9826168371813537
461,0.1,83,125,12,1.0,125.0,0.0980187695516162,0.0124713242961417,0.0570262908498661,0.0058256400433428,0.0058095370925524,0.0014047569600644,639,0.018398228467014,0.125,736.0,620.3411620107728,18.65883798922721,0.029200059451059794,-18.65883798922721
461,0.2,166,221,12,1.0,221.0,0.0980187695516162,0.0108238691321559,0.0570262908498661,0.0050991647023375,0.0058095370925524,0.0014095698066355,639,0.0094164746543778,0.0625,3120.0,619.243765999227,19.75623400077302,0.030917424101366227,-19.75623400077302
461,0.3,249,315,12,1.0,315.0,0.0980187695516162,0.0096462916066669,0.0570262908498661,0.0044673919716368,0.0058095370925524,0.0013345565519787,639,0.0111763523832489,0.0769230769230769,1014.0,619.7818979751795,19.218102024820496,0.03007527703414788,-19.218102024820496
461,0.5,414,436,13,1.857143,234.76921271006057,0.0980187695516162,0.0085022624867263,0.0570262908498661,0.0038265257038473,0.0058095370925524,0.001280779530497,639,0.0055702917771883,0.0769230769230769,200.0,621.9448867717305,17.055113228269533,0.02669031804111038,-17.055113228269533
462,0.1,82,126,12,1.0,126.0,0.0761209593326381,0.0120330370591058,0.031948254360793,0.0053145931511099,0.0056186378747126,0.0013067149317203,631,0.0091786357484031,0.074074074074074,1197.0,621.0868857394266,9.913114260573366,0.01571016523070264,-9.913114260573366
462,0.2,164,232,13,1.0,232.0,0.0980187695516162,0.0097892920067598,0.0464749058416465,0.0043520473430138,0.0056186378747126,0.0013217504853611,631,0.0089661806565568,0.0588235294117647,450.0,622.9490725502591,8.050927449740925,0.012758997543171039,-8.050927449740925
462,0.3,246,317,13,1.0,317.0,0.0980187695516162,0.0095985894876036,0.0570262908498661,0.0042840167960114,0.0056186378747126,0.0013101399026806,631,0.0214814985272459,0.25,2508.0,623.430966632482,7.5690333675180455,0.011995298522215602,-7.5690333675180455
462,0.5,409,445,13,1.5,296.6666666666667,0.0980187695516162,0.0085458869843352,0.0570262908498661,0.0037585731144663,0.0058095370925524,0.0012689673351645,631,0.0081034002229654,0.0769230769230769,336.0,625.4808317772112,5.519168222788835,0.008746700828508454,-5.519168222788835
464,0.1,85,129,13,1.0,129.0,0.0980187695516162,0.0123352005884682,0.0570262908498661,0.0056182395158098,0.0058095370925524,0.0013826291039397,622,0.003063829787234,0.04,798.0,623.7425687258351,1.742568725835099,0.0028015574370339213,1.742568725835099
464,0.2,169,226,13,1.0,226.0,0.0980187695516162,0.0111334631391474,0.0570262908498661,0.0050789198251667,0.0058095370925524,0.0013911876612312,622,0.0051084010840108,0.0555555555555555,1092.0,624.4299906588782,2.4299906588781823,0.003906737393694827,2.4299906588781823
464,0.3,253,313,13,1.0,313.0,0.0980187695516162,0.0099211438965642,0.0570262908498661,0.0043846407459285,0.0058095370925524,0.0013052206825867,622,0.0170833333333333,0.1923076923076923,646.0,624.8518919422303,2.8518919422302815,0.004585035276897559,2.8518919422302815
464,0.5,422,437,13,2.0,218.5,0.0980187695516162,0.0085925699682401,0.0570262908498661,0.0037800261098901,0.0058095370925524,0.0012612702277437,622,0.0144956716767123,0.1081081081081081,1200.0,625.9382673483132,3.938267348313161,0.006331619531050098,3.938267348313161
467,0.1,81,124,11,1.0,124.0,0.0980187695516162,0.0117141511655285,0.0464749058416465,0.0046884383372898,0.0058095370925524,0.0012428521736463,599,0.0228763209829386,0.125,800.0,619.9742721906904,20.974272190690385,0.035015479450234366,20.974272190690385
467,0.2,161,214,12,1.0,214.0,0.0980187695516162,0.0106857805541207,0.0570262908498661,0.0048893127831882,0.0058095370925524,0.0013075410981399,599,0.0120061374795417,0.1538461538461538,1040.0,608.8472488509794,9.84724885097944,0.016439480552553322,9.84724885097944
467,0.3,241,292,12,1.0,292.0,0.0980187695516162,0.0102489751024897,0.0570262908498661,0.004656873545704,0.0058095370925524,0.0013386624222882,599,0.0101681506478018,0.0697674418604651,525.0,612.283738059986,13.283738059986035,0.022176524307155318,13.283738059986035
467,0.5,401,401,13,1.5,267.3333333333333,0.0980187695516162,0.0089765159572392,0.0570262908498661,0.0039807701005375,0.0058095370925524,0.0012734346280511,599,0.0060416666666666,0.1,468.0,606.0021162283607,7.0021162283607055,0.011689676508114701,7.0021162283607055
472,0.1,84,131,12,1.0,131.0,0.0980187695516162,0.012385675281981,0.0570262908498661,0.0054662158817646,0.0039956275909326,0.0012904849291588,626,0.0117107577918993,0.0625,1560.0,625.4762222346019,0.5237777653981084,0.0008367056955241348,-0.5237777653981084
472,0.2,167,224,12,1.0,224.0,0.0980187695516162,0.010515976463578,0.0570262908498661,0.0046020931829498,0.0039956275909326,0.0012859217971415,626,0.0071218652037617,0.0625,667.0,624.0526122527888,1.9473877472112235,0.0031108430466632963,-1.9473877472112235
472,0.3,250,299,12,1.0,299.0,0.0980187695516162,0.0094057006148405,0.0570262908498661,0.0040730151247572,0.0056186378747126,0.001256850253216,626,0.0125550512837276,0.0588235294117647,468.0,621.2919997849607,4.708000215039306,0.007520767116676207,-4.708000215039306
472,0.5,417,413,12,1.666667,247.79995044000992,0.0980187695516162,0.0087005481395823,0.0570262908498661,0.0037554758082349,0.0058095370925524,0.0012580161568997,626,0.0105309561128526,0.125,598.0,621.772092581714,4.227907418286009,0.006753845716111834,-4.227907418286009
473,0.1,84,126,12,1.0,126.0,0.0980187695516162,0.011553039707367,0.0464749058416465,0.004859441488815,0.0048729601732022,0.0012761541931504,630,0.0059463340891912,0.08,1500.0,626.5982328635939,3.401767136406079,0.005399630375247744,-3.401767136406079
473,0.2,168,218,12,1.0,218.0,0.0980187695516162,0.0103557796251829,0.0570262908498661,0.0049623026949998,0.0058095370925524,0.0013902089197301,630,0.0163030272349903,0.1428571428571428,2028.0,624.7869573091742,5.213042690825773,0.008274670937818687,-5.213042690825773
473,0.3,252,300,12,1.0,300.0,0.0980187695516162,0.0092179353493221,0.0570262908498661,0.0043235519810582,0.0058095370925524,0.0013239912866922,630,0.0063980938017988,0.0425531914893617,1302.0,623.3471790492974,6.652820950702562,0.010560033255083432,-6.652820950702562
473,0.5,419,440,12,1.555556,282.8570620408394,0.0980187695516162,0.0086145606218598,0.0570262908498661,0.0038888491571987,0.0058095370925524,0.001281405617779,630,0.0033333333333333,0.0666666666666666,520.0,626.1184166440887,3.881583355911289,0.006161243422081411,-3.881583355911289
475,0.1,85,130,13,1.0,130.0,0.0980187695516162,0.0113660062565171,0.0570262908498661,0.0051464134682621,0.0058095370925524,0.0013983592465632,611,0.0242084718940215,0.2,780.0,626.1958135655588,15.195813565558751,0.024870398634302376,15.195813565558751
475,0.2,170,234,13,1.0,234.0,0.0980187695516162,0.0100353822981559,0.0570262908498661,0.0044510249055356,0.0058095370925524,0.0013348119989985,611,0.0082330388830867,0.0769230769230769,1600.0,628.1391516904605,17.139151690460494,0.028050984763437797,17.139151690460494
475,0.3,255,320,13,1.0,320.0,0.0980187695516162,0.0094466892596454,0.0570262908498661,0.0042310331368134,0.0058095370925524,0.0013284489126693,611,0.0460714285714285,0.5555555555555556,494.0,630.8888715524172,19.888871552417186,0.03255134460297412,19.888871552417186
475,0.5,424,433,13,1.571429,275.54537939671474,0.0980187695516162,0.0086261911585152,0.0570262908498661,0.0038136256881943,0.0058095370925524,0.0012791717252591,611,0.0136805555555555,0.0833333333333333,345.0,624.6685438517701,13.668543851770096,0.02237077553481194,13.668543851770096
476,0.1,87,133,13,1.0,133.0,0.0980187695516162,0.0109685057273004,0.0464749058416465,0.0048147927405173,0.0058095370925524,0.0013302324816782,632,0.0130891801696755,0.0666666666666666,1534.0,633.3930874721682,1.3930874721681903,0.002204252329380048,1.3930874721681903
476,0.2,173,243,13,1.0,243.0,0.0980187695516162,0.0098696773473739,0.0570262908498661,0.0044344477980818,0.0058095370925524,0.0012481713378475,632,0.0123378766697732,0.1081081081081081,1200.0,630.217134517495,1.7828654825050307,0.00282098968750796,-1.7828654825050307
476,0.3,260,327,13,1.0,327.0,0.0980187695516162,0.0093273765677167,0.0570262908498661,0.0042343183547734,0.0058095370925524,0.0012729172543737,632,0.0061111111111111,0.0666666666666666,385.0,632.546727378001,0.5467273780010373,0.0008650749651915148,0.5467273780010373
476,0.5,432,447,13,1.75,255.42857142857144,0.0980187695516162,0.0083653507452066,0.0570262908498661,0.0037851141272162,0.0058095370925524,0.0012746055746746,632,0.0016666666666666,0.0333333333333333,340.0,636.9615405670598,4.961540567059842,0.00785053887193013,4.961540567059842
477,0.1,84,132,13,1.0,132.0,0.0980187695516162,0.012086453692293,0.0570262908498661,0.0057602234905311,0.0058095370925524,0.0013736839993614,622,0.010190847089824,0.0588235294117647,1280.0,622.0808462555309,0.08084625553090063,0.00012997790278279845,0.08084625553090063
477,0.2,167,230,13,1.0,230.0,0.0980187695516162,0.0102280455184294,0.0570262908498661,0.0047193095798713,0.0058095370925524,0.0012580430220781,622,0.042084767535987,0.3333333333333333,603.0,624.7842772216005,2.7842772216005187,0.004476329938264499,2.7842772216005187
477,0.3,251,311,13,1.0,311.0,0.0980187695516162,0.0094350693548008,0.0570262908498661,0.0042621986542549,0.0058095370925524,0.0012330097429999,622,0.0056268528631611,0.0588235294117647,472.0,629.7529969162924,7.752996916292432,0.012464625267351176,7.752996916292432
477,0.5,417,432,13,1.5,288.0,0.0980187695516162,0.0084289190128605,0.0570262908498661,0.0037429187508721,0.0058095370925524,0.0012222863966244,622,0.0046296296296296,0.0555555555555555,180.0,626.4603303918669,4.460330391866933,0.007170949183065808,4.460330391866933
485,0.1,83,121,12,1.0,121.0,0.0761209593326381,0.0128663638948973,0.031948254360793,0.0053616443070469,0.0052421649220672,0.0013108982300047,618,0.0150413036955444,0.0930232558139534,855.0,620.5257008966914,2.5257008966914327,0.004086894654840506,2.5257008966914327
485,0.2,165,221,12,1.0,221.0,0.0761209593326381,0.0106587272753008,0.0492079830055308,0.0047421987113309,0.0052421649220672,0.001397104180526,618,0.0092427640679331,0.0454545454545454,2596.0,619.2967440472248,1.29674404722482,0.0020982913385514885,1.29674404722482
485,0.3,247,288,12,1.0,288.0,0.0980187695516162,0.0098627042057698,0.0492079830055308,0.0042596507955934,0.0052421649220672,0.0013220478509149,618,0.0069264069264069,0.0909090909090909,224.0,616.7018249788572,1.2981750211428107,0.0021006068303281726,-1.2981750211428107
485,0.5,411,416,13,1.333333,312.00007800001947,0.0980187695516162,0.0089235581936311,0.0570262908498661,0.0040060706544954,0.0058095370925524,0.0013070422157384,618,0.0096374458874458,0.0909090909090909,600.0,620.4244084877151,2.424408487715141,0.003922991080445212,2.424408487715141
489,0.1,86,123,12,1.0,123.0,0.0980187695516162,0.0117161338453842,0.0570262908498661,0.0047093031945225,0.0039254903849993,0.001290028253657,634,0.0237072236322205,0.2727272727272727,5700.0,632.2155057007988,1.784494299201242,0.00281465977791994,-1.784494299201242
489,0.2,172,225,12,1.0,225.0,0.0980187695516162,0.0100938477580812,0.0570262908498661,0.004375210983452,0.0039956275909326,0.0012974637851244,634,0.00948396567299,0.0609756097560975,1340.0,630.9049000672358,3.095099932764242,0.004881861092688079,-3.095099932764242
489,0.3,258,303,12,1.0,303.0,0.0980187695516162,0.0090337500903374,0.0570262908498661,0.0038950831505648,0.0056186378747126,0.0012495859959062,634,0.0074355005159958,0.0666666666666666,234.0,626.6424556362405,7.35754436375953,0.01160495956428948,-7.35754436375953
489,0.5,430,445,13,1.5,296.6666666666667,0.0980187695516162,0.0083209335567245,0.0570262908498661,0.0035778501425677,0.0058095370925524,0.0012120431034398,634,0.0153756663955904,0.0833333333333333,252.0,643.5350100110286,9.53501001102859,0.015039447966922066,9.53501001102859
490,0.1,86,131,12,1.0,131.0,0.0980187695516162,0.0121946365886856,0.0464749058416465,0.0052692027901505,0.0058095370925524,0.0013464359100644,625,0.0260077035161769,0.1666666666666666,3500.0,631.1273315930149,6.127331593014901,0.009803730548823842,6.127331593014901
490,0.2,171,228,13,1.0,228.0,0.0980187695516162,0.0103680734683423,0.0570262908498661,0.0045792176683106,0.0058095370925524,0.0012696999663524,625,0.0104938339994198,0.0526315789473684,1150.0,629.4835422902377,4.483542290237665,0.007173667664380264,4.483542290237665
490,0.3,257,299,13,1.0,299.0,0.0980187695516162,0.0093359512591502,0.0570262908498661,0.0041430216602124,0.0058095370925524,0.0012671224648571,625,0.0107451324842629,0.0909090909090909,270.0,625.3958274488097,0.3958274488096549,0.0006333239180954478,0.3958274488096549
490,0.5,427,431,13,1.5,287.3333333333333,0.0980187695516162,0.0087049299710399,0.0570262908498661,0.0037967521648559,0.0058095370925524,0.0012578485566025,625,0.0212092313688734,0.1666666666666666,1180.0,624.5244135415,0.4755864584999472,0.0007609383335999154,-0.4755864584999472
492,0.1,84,115,12,1.0,115.0,0.0980187695516162,0.0121050006800561,0.0464749058416465,0.0050021994730935,0.0040871733233292,0.0012444229888778,624,0.024294827428456,0.2,1680.0,624.9982228390598,0.9982228390598493,0.001599716088236938,0.9982228390598493
492,0.2,168,220,13,1.0,220.0,0.0980187695516162,0.0095933263816475,0.0464749058416465,0.0038996829380477,0.0040871733233292,0.0011759923933004,624,0.0271219859711651,0.2727272727272727,595.0,627.1681770474837,3.1681770474837094,0.0050772068068649185,3.1681770474837094
492,0.3,252,303,13,1.0,303.0,0.0980187695516162,0.0095086672379437,0.0570262908498661,0.0043034110557534,0.0058095370925524,0.0012749319451375,624,0.0079709576138147,0.0666666666666666,1534.0,623.1377790374389,0.8622209625610822,0.0013817643630786574,-0.8622209625610822
492,0.5,420,423,13,1.5,282.0,0.0980187695516162,0.0086427696305006,0.0570262908498661,0.003848845599856,0.0058095370925524,0.0012514946223309,624,0.0175667661659372,0.125,600.0,622.7684056656611,1.2315943343388653,0.001973708869132797,-1.2315943343388653
493,0.1,86,124,13,1.0,124.0,0.0980187695516162,0.0118150627333579,0.0570262908498661,0.0053000029803527,0.0039956275909326,0.0012542162007849,617,0.0222348318407053,0.1282051282051282,384.0,631.9587401131008,14.958740113100816,0.02424431136645189,14.958740113100816
493,0.2,171,224,13,1.0,224.0,0.0980187695516162,0.0100690823774764,0.0570262908498661,0.0043204146127906,0.0052421649220672,0.001239697167958,617,0.0112513854844116,0.074074074074074,760.0,631.5725964371167,14.572596437116658,0.023618470724662333,14.572596437116658
493,0.3,257,318,13,1.0,318.0,0.0980187695516162,0.0090535870042824,0.0570262908498661,0.0038969796189322,0.0056186378747126,0.0012386396820798,617,0.0124211290199373,0.1,560.0,636.7222103559941,19.722210355994093,0.03196468453159496,19.722210355994093
493,0.5,428,444,13,1.5,296.0,0.0980187695516162,0.0086684703473024,0.0570262908498661,0.0038306988344452,0.0058095370925524,0.00128085368387,617,0.0058986175115207,0.05,1139.0,629.0844403536347,12.084440353634704,0.019585802842195632,12.084440353634704
497,0.1,81,130,13,1.0,130.0,0.0980187695516162,0.0098981310660142,0.0492079830055308,0.0043369773081137,0.0045513414488271,0.0013233073079125,600,0.0217565019417367,0.1818181818181818,1404.0,622.1958108512184,22.195810851218425,0.036993018085364045,22.195810851218425
497,0.2,161,218,13,1.0,218.0,0.0980187695516162,0.0092795438673694,0.0570262908498661,0.0042496845562921,0.0045513414488271,0.0012783681337297,600,0.0111061922955572,0.0625,544.0,615.0432981176048,15.043298117604763,0.025072163529341274,15.043298117604763
497,0.3,242,305,13,1.0,305.0,0.0980187695516162,0.0093574249132463,0.0570262908498661,0.0042411581045377,0.0056186378747126,0.001305360957866,600,0.0173179271708683,0.2,682.0,614.9807092209375,14.980709220937456,0.024967848701562427,14.980709220937456
497,0.5,402,429,13,1.571429,272.99992554547487,0.0980187695516162,0.0085607822834099,0.0570262908498661,0.0038588724974947,0.0056186378747126,0.0012780766860995,600,0.0151706137000254,0.1666666666666666,648.0,615.0060699259124,15.006069925912357,0.02501011654318726,15.006069925912357
499,0.1,86,112,13,1.0,112.0,0.0980187695516162,0.0125782064650677,0.0570262908498661,0.0058669980272763,0.0056186378747126,0.0012748189326083,632,0.0179774300149397,0.0714285714285714,1872.0,633.6517878259342,1.651787825934207,0.002613588332174378,1.651787825934207
499,0.2,172,217,13,1.0,217.0,0.0980187695516162,0.0103218117951206,0.0570262908498661,0.0045705152440493,0.0056186378747126,0.0012404687666751,632,0.0054584562438544,0.0619469026548672,2000.0,630.7451748670525,1.2548251329475306,0.001985482805296726,-1.2548251329475306
499,0.3,258,299,13,1.0,299.0,0.0980187695516162,0.0092487645645372,0.0570262908498661,0.0040299274821546,0.0056186378747126,0.0012078322052738,632,0.0090073529411764,0.0625,480.0,630.504439349916,1.4955606500840304,0.0023663934336772634,-1.4955606500840304
499,0.5,429,441,13,1.5,294.0,0.0980187695516162,0.0084247811046559,0.0570262908498661,0.0036721651783666,0.0056186378747126,0.0012325677771699,632,0.0059649122807017,0.0666666666666666,180.0,630.0828424622297,1.917157537770322,0.003033477116725193,-1.917157537770322
503,0.1,84,122,12,1.0,122.0,0.0980187695516162,0.0124361100189746,0.0570262908498661,0.0055992759301924,0.0058095370925524,0.0013366682730818,614,0.0137417146112798,0.0571428571428571,560.0,622.5102042842293,8.510204284229303,0.013860267563891374,8.510204284229303
503,0.2,167,231,13,1.0,231.0,0.0980187695516162,0.0100528598964469,0.0570262908498661,0.0045152585871139,0.0058095370925524,0.0012875167666381,614,0.0224873385393097,0.1666666666666666,741.0,624.3995911822498,10.399591182249765,0.01693744492223089,10.399591182249765
503,0.3,251,315,13,1.0,315.0,0.0980187695516162,0.009179535561183,0.0570262908498661,0.0039821232658966,0.0058095370925524,0.001238654309742,614,0.0121428571428571,0.1428571428571428,234.0,629.3589456920043,15.35894569200434,0.025014569530951693,15.35894569200434
503,0.5,418,432,13,1.666667,259.1999481600104,0.0980187695516162,0.0085520217819487,0.0570262908498661,0.0037254134029323,0.0058095370925524,0.0012562384589702,614,0.0114361355490387,0.0909090909090909,500.0,625.0324043460286,11.032404346028557,0.01796808525411817,11.032404346028557
505,0.1,84,124,13,1.0,124.0,0.0980187695516162,0.0111255003531904,0.0464749058416465,0.0049122893131103,0.0058095370925524,0.0014271633862903,610,0.0113718024628254,0.073170731707317,3200.0,624.5014051144674,14.501405114467389,0.02377279526961867,14.501405114467389
505,0.2,167,219,13,1.0,219.0,0.0980187695516162,0.0098894872417519,0.0570262908498661,0.004347915965633,0.0058095370925524,0.0013167643275857,610,0.0132616407238832,0.0652173913043478,600.0,622.987001182546,12.98700118254601,0.021290165873026245,12.98700118254601
505,0.3,250,302,13,1.0,302.0,0.0980187695516162,0.0092880967343189,0.0570262908498661,0.0042168891765564,0.0058095370925524,0.0013137898901295,610,0.0210480791138685,0.0833333333333333,871.0,619.9152029338159,9.915202933815863,0.016254431039042398,9.915202933815863
505,0.5,417,430,13,1.5,286.6666666666667,0.0980187695516162,0.0087203239808909,0.0570262908498661,0.00387481159585,0.0058095370925524,0.0012701304167792,610,0.0234829261406673,0.1428571428571428,649.0,621.4999919977001,11.499991997700135,0.018852445897869073,11.499991997700135
506,0.1,85,114,13,1.0,114.0,0.0980187695516162,0.0121014214368036,0.0464749058416465,0.005183103894263,0.0056186378747126,0.0012939247724193,620,0.0245079604681464,0.25,500.0,627.6758663732737,7.6758663732737205,0.012380429634312452,7.6758663732737205
506,0.2,169,221,13,1.0,221.0,0.0980187695516162,0.0100783716069245,0.0570262908498661,0.0044139445927172,0.0058095370925524,0.0012967238655347,620,0.0659319510898458,1.0,1482.0,627.3462569517667,7.346256951766691,0.011848801535107565,7.346256951766691
506,0.3,254,309,13,1.0,309.0,0.0980187695516162,0.0092396678039084,0.0570262908498661,0.0040008178622141,0.0058095370925524,0.0012509144939089,620,0.0203878524576199,0.1666666666666666,850.0,630.8490374221197,10.84903742211975,0.017498447455031856,10.84903742211975
506,0.5,423,428,13,1.571429,272.3635620826649,0.0980187695516162,0.0085905294650774,0.0570262908498661,0.0037157330634814,0.0058095370925524,0.0012596147925703,620,0.0112596423562412,0.0869565217391304,400.0,623.7495724121311,3.7495724121311014,0.0060476974389211315,3.7495724121311014
509,0.1,83,131,12,1.0,131.0,0.0980187695516162,0.012369755390873,0.0570262908498661,0.0059560067278379,0.0045513414488271,0.0013861129482536,618,0.0092677448337825,0.0666666666666666,546.0,624.5153168959963,6.515316895996307,0.010542583974104056,6.515316895996307
509,0.2,165,229,12,1.0,229.0,0.0980187695516162,0.0107599346116541,0.0570262908498661,0.0049205660721431,0.0056186378747126,0.0013223817016961,618,0.0392892167556221,0.5714285714285714,2124.0,621.8078039249265,3.807803924926475,0.006161495024152872,3.807803924926475
509,0.3,248,306,12,1.0,306.0,0.0980187695516162,0.0097221370299944,0.0570262908498661,0.0044475902936079,0.0056186378747126,0.0012801876746918,618,0.0026206140350877,0.031578947368421,2301.0,623.0507787037201,5.050778703720084,0.00817278107398072,5.050778703720084
509,0.5,413,422,12,1.8,234.44444444444443,0.0980187695516162,0.0088881091579399,0.0570262908498661,0.0040040573491283,0.0058095370925524,0.0012807479262672,618,0.0257936507936507,0.4444444444444444,826.0,616.6350080266142,1.364991973385827,0.0022087248760288463,-1.364991973385827
510,0.1,82,118,12,1.0,118.0,0.0980187695516162,0.0128134886269241,0.0464749058416465,0.0050306344392339,0.0039956275909326,0.0012038588195304,612,0.0094912384152959,0.037037037037037,2000.0,626.2158244540399,14.215824454039875,0.023228471330130517,14.215824454039875
510,0.2,164,210,13,1.0,210.0,0.0980187695516162,0.010377873777248,0.0464749058416465,0.0041726710936713,0.0039956275909326,0.0012295577609735,612,0.0124722235955026,0.0833333333333333,720.0,621.6808372246511,9.6808372246511,0.015818361478188072,9.6808372246511
510,0.3,246,293,13,1.0,293.0,0.0980187695516162,0.0089932986223561,0.0464749058416465,0.0037134270783097,0.0052421649220672,0.0012159681544527,612,0.0023809523809523,0.0476190476190476,704.0,619.2552986146327,7.255298614632693,0.011855063095805054,7.255298614632693
510,0.5,409,429,13,1.5,286.0,0.0980187695516162,0.0084586945900814,0.0570262908498661,0.0037241751712204,0.0056186378747126,0.0012515130350637,612,0.0015151515151515,0.0303030303030303,225.0,620.6508879196131,8.65088791961307,0.014135437777145538,8.65088791961307
511,0.1,84,134,13,1.0,134.0,0.0656934306569343,0.009719390534294,0.0570262908498661,0.0042668630857919,0.0052421649220672,0.0013065911773708,625,0.0027252906976744,0.03125,513.0,626.3220115505729,1.3220115505729382,0.002115218480916701,1.3220115505729382
511,0.2,168,235,13,1.0,235.0,0.0656934306569343,0.0089011159674305,0.0570262908498661,0.0040571180260556,0.0052421649220672,0.00132536348425,625,0.0071707930484021,0.05,1000.0,625.3262484662638,0.32624846626379167,0.0005219975460220667,0.32624846626379167
511,0.3,252,325,13,1.0,325.0,0.0980187695516162,0.0092018929975133,0.0570262908498661,0.0042219810371229,0.0056186378747126,0.0013425211219657,625,0.0140937647460417,0.0714285714285714,480.0,627.8563653126091,2.856365312609114,0.004570184500174582,2.856365312609114
511,0.5,419,435,13,1.5,290.0,0.0980187695516162,0.0085505735140771,0.0570262908498661,0.0037902765812821,0.0056186378747126,0.0012616642684126,625,0.0071428571428571,0.1428571428571428,360.0,624.2279589081329,0.772041091867095,0.0012352657469873521,-0.772041091867095
521,0.1,83,126,13,1.0,126.0,0.0980187695516162,0.0104606319413409,0.0464749058416465,0.0046252179727049,0.0058095370925524,0.0012675423457408,616,0.0043567670970827,0.0333333333333333,285.0,620.4593065093896,4.4593065093896485,0.007239133943814364,4.4593065093896485
521,0.2,166,223,13,1.0,223.0,0.0980187695516162,0.0100955311259392,0.0570262908498661,0.0045990719993289,0.0058095370925524,0.0012826096253963,616,0.0082175925925925,0.0666666666666666,744.0,621.3522201259235,5.352220125923509,0.008688669035590112,5.352220125923509
521,0.3,249,309,13,1.0,309.0,0.0980187695516162,0.0091620518946717,0.0570262908498661,0.0040902892494722,0.0058095370925524,0.0012515081128616,616,0.0076639566395663,0.0555555555555555,2006.0,624.7859666129092,8.785966612909192,0.014262932813164273,8.785966612909192
521,0.5,415,427,13,1.555556,274.499921571451,0.0980187695516162,0.0083566752056811,0.0570262908498661,0.003708702027277,0.0058095370925524,0.0012451150117138,616,0.050438596491228,1.0,1500.0,620.1740275498585,4.174027549858465,0.0067760187497702355,4.174027549858465
525,0.1,84,135,12,1.0,135.0,0.0980187695516162,0.0114780056385895,0.0570262908498661,0.0048466072351773,0.0039956275909326,0.0012355628708973,627,0.0171526750039324,0.1428571428571428,598.0,626.5803670861061,0.41963291389390633,0.0006692709950461026,-0.41963291389390633
525,0.2,168,225,13,1.0,225.0,0.0980187695516162,0.0109002433090023,0.0570262908498661,0.0048744098541387,0.0056186378747126,0.0013531732224504,627,0.0248238567789532,0.125,484.0,624.9538399084964,2.046160091503566,0.003263413224088622,-2.046160091503566
525,0.3,252,301,13,1.0,301.0,0.0980187695516162,0.0097104195607966,0.0570262908498661,0.0042264747458036,0.0056186378747126,0.0012653850360351,627,0.0119347606416571,0.0952380952380952,1062.0,623.01707156143,3.9829284385699566,0.006352357956251924,-3.9829284385699566
525,0.5,419,437,13,1.666667,262.1999475600105,0.0980187695516162,0.0084780341841591,0.0570262908498661,0.003680691237399,0.0056186378747126,0.0012548048500441,627,0.0063242313242313,0.0476190476190476,2412.0,627.6749035686231,0.6749035686231082,0.0010764012258741758,0.6749035686231082
541,0.1,81,125,13,1.0,125.0,0.0980187695516162,0.0109280500521376,0.0464749058416465,0.0045468092652533,0.0044179097289399,0.0012917088423065,617,0.0117919685990338,0.1333333333333333,756.0,616.0830293945354,0.9169706054645985,0.001486176021822688,-0.9169706054645985
541,0.2,162,223,13,1.0,223.0,0.0980187695516162,0.0098897861655217,0.0570262908498661,0.0047250969378487,0.0056186378747126,0.0013815574107636,617,0.0484709553337004,0.7142857142857143,500.0,617.9282558809899,0.9282558809899228,0.0015044665818313174,0.9282558809899228
541,0.3,243,302,13,1.0,302.0,0.0980187695516162,0.009443473817235,0.0570262908498661,0.0044266986257635,0.0056186378747126,0.001351719604616,617,0.0245576923076923,0.3846153846153846,1062.0,620.7665619961426,3.7665619961426273,0.006104638567492103,3.7665619961426273
541,0.5,404,433,13,1.5,288.6666666666667,0.0980187695516162,0.0085081891019079,0.0570262908498661,0.0037980234556908,0.0056186378747126,0.0012793700315271,617,0.000632911392405,0.0126582278481012,871.0,620.885540183107,3.8855401831069685,0.006297471933722801,3.8855401831069685
547,0.1,84,132,12,1.0,132.0,0.0980187695516162,0.011407084399785,0.0570262908498661,0.0050684960748219,0.0058095370925524,0.0013455560659929,607,0.0045924225028702,0.0769230769230769,531.0,625.5398687039542,18.5398687039542,0.030543441027931134,18.5398687039542
547,0.2,167,225,12,1.0,225.0,0.0980187695516162,0.010408990846947,0.0570262908498661,0.0045954722801964,0.0058095370925524,0.0013512002956966,607,0.0105702208419599,0.1,1800.0,623.0579608869415,16.057960886941487,0.026454630785735563,16.057960886941487
547,0.3,251,296,13,1.0,296.0,0.0980187695516162,0.0097758081334723,0.0570262908498661,0.0043710851984264,0.0058095370925524,0.0013244062954263,607,0.007335229370113,0.0909090909090909,1711.0,620.536645022398,13.536645022398034,0.022300897895219166,13.536645022398034
547,0.5,418,427,13,1.5,284.6666666666667,0.0980187695516162,0.0085495966964025,0.0570262908498661,0.0037637935098343,0.0058095370925524,0.0012618863133544,607,0.0403084755914944,0.5555555555555556,800.0,619.1836077367718,12.183607736771819,0.0200718414114857,12.183607736771819
551,0.1,83,118,13,1.0,118.0,0.0594369134515119,0.0103391597886215,0.031948254360793,0.0038435075649344,0.0039956275909326,0.0011342145194788,627,0.0103996720873151,0.1304347826086956,1140.0,621.5408298985709,5.459170101429095,0.008706810369105413,-5.459170101429095
551,0.2,165,219,13,1.0,219.0,0.0656934306569343,0.0090705215192765,0.0570262908498661,0.0035699281302907,0.0039956275909326,0.0011378729862771,627,0.0119156970810369,0.1666666666666666,402.0,622.1903836737673,4.809616326232685,0.0076708394357778075,-4.809616326232685
551,0.3,247,305,13,1.0,305.0,0.0980187695516162,0.009244602471837,0.0570262908498661,0.0039051296848278,0.0058095370925524,0.0011780622539783,627,0.0083333333333333,0.125,320.0,622.607957918172,4.392042081827981,0.007004851805148295,-4.392042081827981
551,0.5,412,441,13,1.333333,330.75008268752066,0.0980187695516162,0.0081623194985327,0.0570262908498661,0.0034898094371915,0.0058095370925524,0.0011875259497278,627,0.0042207792207792,0.0454545454545454,630.0,634.8308814807331,7.830881480733069,0.012489444147899632,7.830881480733069
554,0.1,83,119,13,1.0,119.0,0.0980187695516162,0.0122939686823634,0.0492079830055308,0.0053683913050222,0.0056186378747126,0.0013760272620527,632,0.0043607042948823,0.0677966101694915,950.0,620.7550186365123,11.244981363487682,0.01779269203083494,-11.244981363487682
554,0.2,165,218,13,1.0,218.0,0.0980187695516162,0.0101022663133424,0.0492079830055308,0.0042823740695728,0.0056186378747126,0.0012493088307318,632,0.0130665097558747,0.1111111111111111,2000.0,621.2440575467078,10.755942453292164,0.01701889628685469,-10.755942453292164
554,0.3,248,311,13,1.0,311.0,0.0980187695516162,0.0089522513067939,0.0570262908498661,0.0038577444371552,0.0056186378747126,0.0011929036765148,632,0.0047619047619047,0.0666666666666666,638.0,627.2607411843686,4.739258815631388,0.007498827239923082,-4.739258815631388
554,0.5,413,452,13,1.5,301.3333333333333,0.0980187695516162,0.0084343019553922,0.0570262908498661,0.0036987647217106,0.0056186378747126,0.0012449857904262,632,0.0063217175936474,0.0357142857142857,1600.0,630.4914683328917,1.5085316671082865,0.0023869171947915927,-1.5085316671082865
556,0.1,84,131,12,1.0,131.0,0.0980187695516162,0.0111439237755613,0.0570262908498661,0.005341547354768,0.0056186378747126,0.0013282730809589,620,0.0165656090985038,0.0909090909090909,969.0,626.1540447043774,6.154044704377384,0.009925878555447394,6.154044704377384
556,0.2,168,234,13,1.0,234.0,0.0980187695516162,0.0107171822500289,0.0570262908498661,0.004925775710134,0.0056186378747126,0.001399149305192,620,0.0050090787303063,0.0303030303030303,1209.0,625.0012109448447,5.001210944844729,0.008066469265878595,5.001210944844729
556,0.3,251,303,13,1.0,303.0,0.0980187695516162,0.0098390443841046,0.0570262908498661,0.0045246587930103,0.0056186378747126,0.00135152811333,620,0.0064530812324929,0.0588235294117647,402.0,619.1833293961139,0.8166706038861093,0.0013172106514292086,-0.8166706038861093
556,0.5,418,439,13,1.5,292.6666666666667,0.0980187695516162,0.0085439226985208,0.0570262908498661,0.0038128249121482,0.0056186378747126,0.0012851444791032,620,0.0106902841781874,0.0833333333333333,240.0,624.582680297518,4.582680297517982,0.007391419834706422,4.582680297517982
557,0.1,81,128,13,1.0,128.0,0.0980187695516162,0.0103379171011469,0.0464749058416465,0.0045525233049742,0.0058095370925524,0.0014145374329905,630,0.0057921617677715,0.0555555555555555,700.0,607.9346849527923,22.06531504720772,0.03502430959874241,-22.06531504720772
557,0.2,161,224,13,1.0,224.0,0.0980187695516162,0.0096827051988678,0.0570262908498661,0.0044480845848073,0.0058095370925524,0.0013605289737345,630,0.0151138529644627,0.074074074074074,504.0,614.8685657562197,15.13143424378029,0.02401814959330205,-15.13143424378029
557,0.3,242,306,13,1.0,306.0,0.0980187695516162,0.0093847758081334,0.0570262908498661,0.004193520724769,0.0058095370925524,0.0012941836177226,630,0.0160549848457206,0.0714285714285714,644.0,621.7317114404166,8.268288559583425,0.013124267554894325,-8.268288559583425
557,0.5,403,436,13,1.5,290.6666666666667,0.0980187695516162,0.0082511408099032,0.0570262908498661,0.0036526899199516,0.0058095370925524,0.0012560566978784,630,0.0019230769230769,0.0384615384615384,250.0,624.8478846852937,5.152115314706293,0.008177960816994116,-5.152115314706293
561,0.1,86,137,13,1.0,137.0,0.0980187695516162,0.0114246135344754,0.0464749058416465,0.0046097058384177,0.0058095370925524,0.0013477499655048,641,0.0093697908371821,0.0769230769230769,1170.0,632.0431289213342,8.956871078665813,0.013973277813831222,-8.956871078665813
561,0.2,171,224,13,1.0,224.0,0.0980187695516162,0.0104787352897362,0.0570262908498661,0.004537334690231,0.0058095370925524,0.0013615224119174,641,0.0191804353054353,0.074074074074074,1400.0,628.7420247034478,12.257975296552218,0.019123206390877095,-12.257975296552218
561,0.3,257,305,13,1.0,305.0,0.0980187695516162,0.0095010171114035,0.0570262908498661,0.0042237383037477,0.0058095370925524,0.001314120002936,641,0.016536766753485,0.1176470588235294,315.0,622.0193627930313,18.98063720696871,0.029610978482010466,-18.98063720696871
561,0.5,427,441,13,1.666667,264.5999470800106,0.0980187695516162,0.0087061588625717,0.0570262908498661,0.0037939008451179,0.0058095370925524,0.0012725929281965,641,0.0268333333333333,0.4,570.0,626.1223703269768,14.877629673023193,0.023210030691143826,-14.877629673023193
562,0.1,84,125,12,1.0,125.0,0.0980187695516162,0.011912408759124,0.0492079830055308,0.0054538030934499,0.0056186378747126,0.0013335200320971,613,0.0023626091422701,0.0303030303030303,680.0,626.1072068162233,13.10720681622331,0.021382066584377343,13.10720681622331
562,0.2,167,221,13,1.0,221.0,0.0980187695516162,0.0104888670796785,0.0492079830055308,0.0047136170802254,0.0056186378747126,0.0013202001647845,613,0.0064597025250778,0.0714285714285714,800.0,623.5646718983696,10.564671898369625,0.01723437503812337,10.564671898369625
562,0.3,251,306,13,1.0,306.0,0.0980187695516162,0.0093200297150489,0.0570262908498661,0.0041846607525409,0.0056186378747126,0.0012390197729822,613,0.0035984848484848,0.0416666666666666,660.0,629.4231856793898,16.423185679389803,0.026791493767356938,16.423185679389803
562,0.5,417,427,13,1.666667,256.1999487600103,0.0980187695516162,0.0087938011150373,0.0570262908498661,0.0039361887250147,0.0058095370925524,0.0012629922117528,613,0.0192507295617042,0.125,2124.0,620.8144608682779,7.8144608682779335,0.012747897011872648,7.8144608682779335
563,0.1,78,132,13,1.0,132.0,0.0980187695516162,0.0110989983252756,0.0570262908498661,0.0047338755748799,0.0058095370925524,0.001252697013546,584,0.0084515649078059,0.073170731707317,603.0,611.5979767967431,27.59797679674307,0.047256809583464156,27.59797679674307
563,0.2,155,223,13,1.0,223.0,0.0980187695516162,0.0104088245883931,0.0570262908498661,0.0049717378452396,0.0058095370925524,0.0013821844028844,584,0.0052564102564102,0.0666666666666666,580.0,610.858967946714,26.85896794671396,0.04599138347040062,26.85896794671396
563,0.3,233,300,13,1.0,300.0,0.0980187695516162,0.0095933263816475,0.0570262908498661,0.0044701527113844,0.0058095370925524,0.0013319829728298,584,0.0095481820493262,0.0526315789473684,520.0,615.9849001282057,31.98490012820571,0.05476866460309197,31.98490012820571
563,0.5,387,410,13,1.714286,239.1666268055622,0.0980187695516162,0.0091406190391413,0.0570262908498661,0.0041835329620933,0.0058095370925524,0.0013432889020833,584,0.0126313025210084,0.0833333333333333,2394.0,599.8045239764643,15.804523976464338,0.027062541055589622,15.804523976464338
564,0.1,81,121,12,1.0,121.0,0.0980187695516162,0.0116081662199777,0.0570262908498661,0.0053492901643761,0.0058095370925524,0.0013524363530961,629,0.0045517445517445,0.0384615384615384,663.0,613.8921883813076,15.10781161869238,0.024018778408095996,-15.10781161869238
564,0.2,162,227,13,1.0,227.0,0.0980187695516162,0.0098854809295659,0.0570262908498661,0.0046928075669525,0.0058095370925524,0.0013233158405163,629,0.0063403701561596,0.0526315789473684,988.0,617.6019900337722,11.398009966227846,0.018120842553621376,-11.398009966227846
564,0.3,243,314,13,1.0,314.0,0.0980187695516162,0.0093980592841534,0.0570262908498661,0.0043326332593856,0.0058095370925524,0.0012889924151624,629,0.0139878897473834,0.1428571428571428,1600.0,625.2102078780902,3.7897921219098407,0.006025106712098316,-3.7897921219098407
564,0.5,405,432,13,1.5,288.0,0.0980187695516162,0.0086558143127485,0.0570262908498661,0.0038457806531864,0.0058095370925524,0.0012393307108999,629,0.003167641325536,0.037037037037037,2652.0,622.0338551201662,6.9661448798337915,0.011074952114203167,-6.9661448798337915
565,0.1,84,130,13,1.0,130.0,0.0980187695516162,0.0102751263335204,0.0464749058416465,0.0042409324617973,0.0040871733233292,0.0013610596117616,611,0.0203370488067151,0.0952380952380952,646.0,625.6358603679188,14.63586036791878,0.02395394495567722,14.63586036791878
565,0.2,168,228,13,1.0,228.0,0.0980187695516162,0.0097094927098768,0.0570262908498661,0.0043867728546523,0.0040871733233292,0.0013564315030818,611,0.0224693286680054,0.0833333333333333,442.0,625.6934651561797,14.693465156179741,0.024048224478199248,14.693465156179741
565,0.3,251,303,13,1.0,303.0,0.0980187695516162,0.0094604872374619,0.0570262908498661,0.0041748214905733,0.0056186378747126,0.0013325758592729,611,0.0174205368906455,0.125,1344.0,621.44050411635,10.440504116349985,0.017087568111865768,10.440504116349985
565,0.5,418,427,13,1.5,284.6666666666667,0.0980187695516162,0.0087083295685151,0.0570262908498661,0.0038795633349641,0.0058095370925524,0.0012884674396195,611,0.0234799922299922,0.1923076923076923,450.0,622.0717728243977,11.071772824397726,0.018120741120127213,11.071772824397726
566,0.1,83,129,13,1.0,129.0,0.0980187695516162,0.0110984471873963,0.0570262908498661,0.0049670829944086,0.0058095370925524,0.0012799166468413,630,0.0102954292084726,0.0769230769230769,798.0,620.5267005701744,9.473299429825602,0.0150369832219454,-9.473299429825602
566,0.2,165,223,13,1.0,223.0,0.0980187695516162,0.0106800338543979,0.0570262908498661,0.0047867480374686,0.0058095370925524,0.001339071685778,630,0.0222585751467197,0.1304347826086956,432.0,619.7386550280602,10.26134497193982,0.01628784916180924,-10.26134497193982
566,0.3,248,302,13,1.0,302.0,0.0980187695516162,0.0094227568728462,0.0570262908498661,0.0041576023870476,0.0058095370925524,0.0012677865603897,630,0.0081871345029239,0.1111111111111111,300.0,620.8418316957906,9.158168304209426,0.014536775086046708,-9.158168304209426
566,0.5,412,435,13,1.5,290.0,0.0980187695516162,0.0085218079177303,0.0570262908498661,0.0037380700758222,0.0058095370925524,0.0012492172905853,630,0.0089831195636149,0.0526315789473684,402.0,621.1370989902287,8.862901009771349,0.014068096840906904,-8.862901009771349
567,0.1,80,113,12,1.0,113.0,0.0980187695516162,0.0126053134256738,0.0464749058416465,0.0052355209763391,0.0039956275909326,0.0012157544757829,599,0.0110460773456669,0.1111111111111111,527.0,616.5781391456507,17.578139145650653,0.02934580825651194,17.578139145650653
567,0.2,159,202,13,1.0,202.0,0.0980187695516162,0.010050692243364,0.0464749058416465,0.004120951161527,0.0048729601732022,0.0012166788135247,599,0.023916495326379,0.1428571428571428,500.0,616.408414611067,17.408414611066974,0.029062461788091777,17.408414611066974
567,0.3,238,289,13,1.0,289.0,0.0980187695516162,0.0095002363332623,0.0570262908498661,0.0042630231335255,0.0058095370925524,0.0013238133828006,599,0.0083970569575374,0.05,1150.0,610.4628347604142,11.462834760414239,0.01913661896563312,11.462834760414239
567,0.5,397,418,13,1.5,278.6666666666667,0.0980187695516162,0.0088384531334972,0.0570262908498661,0.0038716493100806,0.0058095370925524,0.0012946295722252,599,0.00375,0.0416666666666666,240.0,609.7072883262547,10.707288326254684,0.017875272664865917,10.707288326254684
574,0.1,84,129,13,1.0,129.0,0.0980187695516162,0.011454114832149,0.0464749058416465,0.0048360003785831,0.0058095370925524,0.0014060509574022,623,0.0478585674058819,0.7142857142857143,1344.0,624.804036029219,1.8040360292189916,0.0028957239634333732,1.8040360292189916
574,0.2,168,227,13,1.0,227.0,0.0980187695516162,0.0098395446798932,0.0570262908498661,0.0041452167487787,0.0058095370925524,0.0013044024216539,623,0.0142596876807403,0.0769230769230769,400.0,625.5690023575582,2.5690023575582472,0.004123599289820622,2.5690023575582472
574,0.3,252,308,13,1.0,308.0,0.0980187695516162,0.0092425822352829,0.0570262908498661,0.0041292547209469,0.0058095370925524,0.0012974973557115,623,0.0026315789473684,0.0526315789473684,520.0,627.0621649908444,4.062164990844394,0.006520329038273506,4.062164990844394
574,0.5,419,440,13,1.5,293.3333333333333,0.0980187695516162,0.0085742724428855,0.0570262908498661,0.0038190532799056,0.0058095370925524,0.0012967727111695,623,0.0298476167555114,0.4545454545454545,460.0,625.4476559474269,2.447655947426938,0.0039288217454686,2.447655947426938
575,0.1,81,118,12,1.0,118.0,0.0980187695516162,0.0112140117707357,0.0570262908498661,0.0048080114871284,0.0044179097289399,0.0011903488330116,630,0.0114256571268766,0.048780487804878,1675.0,616.82591415905,13.174085840950056,0.02091124736658739,-13.174085840950056
575,0.2,162,226,13,1.0,226.0,0.0980187695516162,0.0099015382911771,0.0570262908498661,0.004129017540891,0.0056186378747126,0.0012178972150649,630,0.0153333333333333,0.2,600.0,620.1346265228736,9.865373477126354,0.01565932297956564,-9.865373477126354
575,0.3,243,311,13,1.0,311.0,0.0980187695516162,0.009039426787684,0.0570262908498661,0.0040372154923864,0.0056186378747126,0.0012350812163802,630,0.0133142250927724,0.064516129032258,504.0,624.0288069556949,5.971193044305096,0.009478084197309677,-5.971193044305096
575,0.5,405,430,13,1.5,286.6666666666667,0.0980187695516162,0.0084074981206197,0.0570262908498661,0.0037272742515472,0.0058095370925524,0.0012393504719839,630,0.0033333333333333,0.0666666666666666,536.0,621.2010282772169,8.798971722783108,0.01396662178219541,-8.798971722783108
578,0.1,81,131,13,1.0,131.0,0.0980187695516162,0.0118284790932029,0.0464749058416465,0.0049150284832997,0.0039956275909326,0.0013564995824701,606,0.0366489703540345,0.1666666666666666,1250.0,620.4885921742987,14.488592174298674,0.02390856794438725,14.488592174298674
578,0.2,161,218,13,1.0,218.0,0.0980187695516162,0.0102505476844189,0.0492079830055308,0.0043836419690718,0.0045513414488271,0.0013156905295122,606,0.0202849731789949,0.0978260869565217,1794.0,613.5003507920516,7.500350792051563,0.012376816488533933,7.500350792051563
578,0.3,241,298,13,1.0,298.0,0.0980187695516162,0.0096017243913192,0.0570262908498661,0.0042474086155838,0.0056186378747126,0.0012928959856406,606,0.0206651803903899,0.1,1608.0,612.3062874647076,6.306287464707566,0.01040641495826331,6.306287464707566
578,0.5,401,408,13,1.571429,259.6362928264656,0.0980187695516162,0.0085924880901265,0.0570262908498661,0.0038464288082482,0.0058095370925524,0.0012836092674187,606,0.0387426900584795,0.5,280.0,609.0739178827042,3.0739178827042224,0.005072471753637331,3.0739178827042224
593,0.1,83,115,12,1.0,115.0,0.0980187695516162,0.0120505961826177,0.0464749058416465,0.0050935400139536,0.0052421649220672,0.0012172364540777,637,0.0107315021638978,0.125,1140.0,623.5246733987083,13.475326601291727,0.021154358871729555,-13.475326601291727
593,0.2,166,218,12,1.0,218.0,0.0980187695516162,0.01023141460428,0.0464749058416465,0.0044997646151186,0.0056186378747126,0.0013000678052951,637,0.0040257648953301,0.0434782608695652,540.0,621.7789155095718,15.221084490428211,0.023894952104282906,-15.221084490428211
593,0.3,249,307,12,1.0,307.0,0.0980187695516162,0.0094221382887304,0.0492079830055308,0.0042001632734973,0.0056186378747126,0.0012420722533947,637,0.0056406810035842,0.0555555555555555,400.0,625.3363387171372,11.66366128286279,0.018310300287068745,-11.66366128286279
593,0.5,415,430,12,1.875,229.3333333333333,0.0980187695516162,0.0085651235540897,0.0570262908498661,0.0038412009474748,0.0058095370925524,0.0012180366217318,637,0.0238234852579114,0.1666666666666666,960.0,625.6230622172548,11.376937782745244,0.01786018490226883,-11.376937782745244
601,0.1,83,121,13,1.0,121.0,0.0980187695516162,0.0124010031110229,0.0464749058416465,0.0056277226828549,0.0056186378747126,0.0013858493602646,632,0.0302846768766549,0.175,1026.0,618.6506394862026,13.349360513797365,0.021122405876261654,-13.349360513797365
601,0.2,166,209,13,1.0,209.0,0.0980187695516162,0.0107268835659154,0.0570262908498661,0.0049610965997217,0.0058095370925524,0.0013884702390393,632,0.0085066516952404,0.0555555555555555,1240.0,616.7617908266042,15.23820917339583,0.02411109046423391,-15.23820917339583
601,0.3,248,295,13,1.0,295.0,0.0980187695516162,0.0092186423004188,0.0570262908498661,0.0042774857058961,0.0058095370925524,0.0013136401829913,632,0.0189850427350427,0.125,4000.0,608.2190341890579,23.78096581094212,0.03762811046035146,-23.78096581094212
601,0.5,413,424,13,1.5,282.6666666666667,0.0980187695516162,0.0083912093965805,0.0570262908498661,0.003717792758806,0.0058095370925524,0.0012326365045165,632,0.0193871580940546,0.0833333333333333,600.0,619.4502379469347,12.549762053065251,0.019857218438394386,-12.549762053065251
608,0.1,81,124,12,1.0,124.0,0.0980187695516162,0.0128494063036092,0.0464749058416465,0.0054483181571472,0.0056186378747126,0.0013547780250714,627,0.0083244613125714,0.05,1008.0,608.4754833396634,18.524516660336644,0.029544683668798477,-18.524516660336644
608,0.2,162,218,13,1.0,218.0,0.0980187695516162,0.0106284260171623,0.0464749058416465,0.004443254296116,0.0056186378747126,0.0012913002823758,627,0.0139390352294764,0.0512820512820512,912.0,612.4577907429036,14.542209257096374,0.02319331619951575,-14.542209257096374
608,0.3,243,291,13,1.0,291.0,0.0980187695516162,0.0099437773453876,0.0570262908498661,0.0043112895102034,0.0058095370925524,0.0013044121478802,627,0.0100271755271755,0.0476190476190476,600.0,614.0889911314157,12.911008868584304,0.020591720683547535,-12.911008868584304
608,0.5,405,426,13,1.5,284.0,0.0980187695516162,0.008694502783122,0.0570262908498661,0.0038186361771628,0.0058095370925524,0.0012499681200271,627,0.0094017094017094,0.1111111111111111,600.0,617.0211729827103,9.978827017289746,0.015915194604927824,-9.978827017289746
609,0.1,86,139,13,1.0,139.0,0.0761209593326381,0.0118903834179788,0.0570262908498661,0.0049143755874333,0.0048729601732022,0.0013140242429973,652,0.0241321132934981,0.1123595505617977,2262.0,631.8980382280001,20.101961771999868,0.03083122971165624,-20.101961771999868
609,0.2,172,238,13,1.0,238.0,0.0980187695516162,0.0101427432286782,0.0570262908498661,0.0042406501194682,0.0048729601732022,0.0012584726946442,652,0.0158102766798418,0.25,858.0,631.796772971274,20.20322702872602,0.03098654452258592,-20.20322702872602
609,0.3,258,334,13,1.0,334.0,0.0980187695516162,0.0089757918989965,0.0570262908498661,0.0039025852136571,0.0058095370925524,0.0012283901970423,652,0.0031382575757575,0.03125,1440.0,636.1423161952225,15.85768380477748,0.024321600927572823,-15.85768380477748
609,0.5,430,468,13,1.666667,280.7999438400112,0.0980187695516162,0.0083509353582345,0.0570262908498661,0.0038084044846715,0.0058095370925524,0.0012729161234451,652,0.0063642894461859,0.0625,1273.0,642.6387996419231,9.361200358076871,0.014357669260854097,-9.361200358076871
610,0.1,81,127,13,1.0,127.0,0.0980187695516162,0.0109119571732365,0.0464749058416465,0.0046215666252473,0.0044179097289399,0.0013164900430444,608,0.0074533556112503,0.0857142857142857,600.0,612.2604826683628,4.260482668362783,0.0070073728098072096,4.260482668362783
610,0.2,162,219,13,1.0,219.0,0.0980187695516162,0.010013284385847,0.0464749058416465,0.0042342203195473,0.0044179097289399,0.0012781321738217,608,0.0141300940438871,0.1,700.0,617.7594582846796,9.759458284679567,0.016051740599801922,9.759458284679567
610,0.3,243,296,13,1.0,296.0,0.0980187695516162,0.009307273905814,0.0464749058416465,0.0040342771630638,0.0056186378747126,0.0012854645055991,608,0.0229050785500484,0.1428571428571428,1400.0,615.0113759184338,7.011375918433828,0.011531868286897742,7.011375918433828
610,0.5,405,421,13,1.5,280.6666666666667,0.0980187695516162,0.0085302633632123,0.0570262908498661,0.0038776449495804,0.0058095370925524,0.001298173076596,608,0.0066666666666666,0.0833333333333333,1139.0,612.2106175103096,4.210617510309589,0.006925357747219719,4.210617510309589
613,0.1,85,134,13,1.0,134.0,0.0980187695516162,0.0107387981884113,0.0492079830055308,0.0049688399085805,0.0045513414488271,0.0013372985678618,627,0.0081439393939393,0.0909090909090909,713.0,626.85676928441,0.14323071558999345,0.0002284381428867519,-0.14323071558999345
613,0.2,170,236,13,1.0,236.0,0.0980187695516162,0.0103700888991003,0.0570262908498661,0.0046402758268402,0.0045513414488271,0.0013085974067512,627,0.0142945614429296,0.0638297872340425,950.0,629.4174963077198,2.41749630771983,0.0038556559931735724,2.41749630771983
613,0.3,254,317,13,1.0,317.0,0.0980187695516162,0.0095656950753775,0.0570262908498661,0.0042477303358043,0.0056186378747126,0.0012828912087719,627,0.0154678890199868,0.0952380952380952,2950.0,629.3161051320644,2.316105132064422,0.0036939475790501147,2.316105132064422
613,0.5,423,441,13,1.5,294.0,0.0980187695516162,0.0086706910779605,0.0570262908498661,0.0038434896354453,0.0058095370925524,0.001282973514511,627,0.0021739130434782,0.0434782608695652,306.0,627.8455332433896,0.8455332433895819,0.0013485378682449472,0.8455332433895819
615,0.1,81,113,12,1.0,113.0,0.0980187695516162,0.01088892374985,0.0464749058416465,0.0042512480867345,0.0039254903849993,0.0011471077523392,630,0.0064451197340397,0.0483870967741935,1014.0,612.1087132344774,17.891286765522636,0.02839886788178196,-17.891286765522636
615,0.2,161,224,12,1.0,224.0,0.0980187695516162,0.0096966706390585,0.0570262908498661,0.0044521652865908,0.0058095370925524,0.0013004696415687,630,0.0241068942351143,0.1428571428571428,680.0,614.9427415095531,15.057258490446884,0.023900410302296643,-15.057258490446884
615,0.3,242,307,13,1.0,307.0,0.0980187695516162,0.009075686195922,0.0570262908498661,0.0041649967837724,0.0058095370925524,0.001269932562688,630,0.0007142857142857,0.0142857142857142,400.0,620.6184992019105,9.381500798089519,0.014891271108078601,-9.381500798089519
615,0.5,403,435,13,1.5,290.0,0.0980187695516162,0.0085433821149904,0.0570262908498661,0.0039068073414113,0.0058095370925524,0.0012946629070972,630,0.0146024595666235,0.1111111111111111,500.0,619.8839532160316,10.116046783968386,0.016057217117410136,-10.116046783968386
620,0.1,85,132,13,1.0,132.0,0.0980187695516162,0.0107672133219578,0.0492079830055308,0.004737181064727,0.0052421649220672,0.0012824160541192,618,0.015089651202456,0.2,980.0,628.4435188107523,10.443518810752266,0.01689889775202632,10.443518810752266
620,0.2,169,219,13,1.0,219.0,0.0980187695516162,0.0100704215292756,0.0570262908498661,0.0044882048380647,0.0052421649220672,0.0012583754304671,618,0.0177062807881773,0.1428571428571428,500.0,627.5289063554605,9.528906355460549,0.015418942322751698,9.528906355460549
620,0.3,253,300,13,1.0,300.0,0.0980187695516162,0.0091275634341327,0.0570262908498661,0.0041169903519715,0.0052421649220672,0.0012532073227019,618,0.0125522138680033,0.1428571428571428,804.0,623.812526005317,5.812526005316954,0.00940538188562614,5.812526005316954
620,0.5,422,420,13,1.5,280.0,0.0980187695516162,0.0085778837082277,0.0570262908498661,0.0038372812166903,0.0056186378747126,0.0012610502783741,618,0.0323661480507322,0.2758620689655172,640.0,621.1288751243094,3.1288751243093884,0.005062904731892214,3.1288751243093884
625,0.1,85,131,13,1.0,131.0,0.0980187695516162,0.0110484044289136,0.0492079830055308,0.0047848318422277,0.0045513414488271,0.0012752721028396,628,0.0116129032258064,0.2,414.0,628.5861307066923,0.5861307066923018,0.0009333291507839201,0.5861307066923018
625,0.2,170,233,13,1.0,233.0,0.0980187695516162,0.0093982018107201,0.0492079830055308,0.0039491262579303,0.0045513414488271,0.0012167750412959,628,0.0104930770721351,0.0714285714285714,840.0,631.6148458375691,3.614845837569078,0.005756123945173691,3.614845837569078
625,0.3,255,324,13,1.0,324.0,0.0980187695516162,0.0085962744113595,0.0570262908498661,0.0038454546560193,0.0045513414488271,0.0012199397157299,628,0.0095,0.0833333333333333,540.0,637.3223462456891,9.322346245689118,0.01484450039122471,9.322346245689118
625,0.5,425,447,13,1.666667,268.1999463600108,0.0980187695516162,0.0083793474279928,0.0570262908498661,0.0036841677806741,0.0056186378747126,0.0012310902147766,628,0.0111700550973537,0.0652173913043478,2600.0,635.6964696527677,7.696469652767746,0.012255524924789405,7.696469652767746
628,0.1,80,127,13,1.0,127.0,0.0980187695516162,0.0113963856707692,0.0570262908498661,0.0055660277811598,0.0052421649220672,0.0013564576648218,622,0.0101546785674601,0.0714285714285714,1800.0,612.952030766487,9.047969233512958,0.014546574330406686,-9.047969233512958
628,0.2,160,222,13,1.0,222.0,0.0980187695516162,0.0109958759593795,0.0570262908498661,0.005187449223016,0.0056186378747126,0.0014171682992989,622,0.0106205738176777,0.0625,800.0,611.2431409071089,10.75685909289109,0.017293985679889212,-10.75685909289109
628,0.3,240,292,13,1.0,292.0,0.0980187695516162,0.0098561572414186,0.0570262908498661,0.0044704083667403,0.0056186378747126,0.001329557924959,622,0.0064685314685314,0.0909090909090909,480.0,612.6321271610872,9.367872838912831,0.015060888808541529,-9.367872838912831
628,0.5,399,414,13,1.5,276.0,0.0980187695516162,0.008717313223819,0.0570262908498661,0.0039085792040126,0.0056186378747126,0.001280179800175,622,0.0029411764705882,0.0588235294117647,800.0,611.3274600833371,10.672539916662913,0.017158424303316582,-10.672539916662913
633,0.1,81,117,13,1.0,117.0,0.0980187695516162,0.0126734579289323,0.0492079830055308,0.0059369818334785,0.0056186378747126,0.0013867252597713,622,0.0357270140760706,0.625,826.0,630.5045050157185,8.50450501571845,0.0136728376458496,8.50450501571845
633,0.2,162,213,13,1.0,213.0,0.0980187695516162,0.0101631687937845,0.0492079830055308,0.0044560195778114,0.0056186378747126,0.0012368328928329,622,0.0143280313856011,0.0714285714285714,403.0,618.6555699767026,3.3444300232973774,0.0053768971435649154,-3.3444300232973774
633,0.3,243,303,13,1.0,303.0,0.0980187695516162,0.0095086672379437,0.0570262908498661,0.004267485182229,0.0056186378747126,0.001237268324902,622,0.0057749287749287,0.04,238.0,617.9295729254511,4.070427074548888,0.006544094975158984,-4.070427074548888
633,0.5,404,417,13,1.5,278.0,0.0980187695516162,0.0087071114745325,0.0570262908498661,0.0039008834501523,0.0056186378747126,0.0012572418651578,622,0.0163317526700309,0.1304347826086956,896.0,613.4253626576406,8.574637342359438,0.013785590582571443,-8.574637342359438
638,0.1,79,123,13,1.0,123.0,0.0980187695516162,0.0114448485465041,0.0464749058416465,0.0048430391381088,0.0052421649220672,0.0012916616775601,616,0.0078649491375497,0.048,3100.0,608.9614249674424,7.03857503255756,0.0114262581697363,-7.03857503255756
638,0.2,158,221,13,1.0,221.0,0.0980187695516162,0.0098471730073275,0.0464749058416465,0.0040078578903184,0.0052421649220672,0.0012106883358321,616,0.0064074074074074,0.08,1888.0,615.4224441546669,0.5775558453331087,0.0009375906580082933,-0.5775558453331087
638,0.3,236,295,13,1.0,295.0,0.0980187695516162,0.0091373429243031,0.0570262908498661,0.0039158261580871,0.0058095370925524,0.0012208584394281,616,0.0094664181366309,0.0638297872340425,400.0,609.712564375303,6.287435624696968,0.010206876014118455,-6.287435624696968
638,0.5,393,421,13,1.666667,252.5999494800101,0.0980187695516162,0.0086392446605356,0.0570262908498661,0.0038436937166585,0.0058095370925524,0.0012552310440517,616,0.002,0.04,252.0,615.1830749324535,0.8169250675465491,0.001326177057705437,-0.8169250675465491
640,0.1,84,126,13,1.0,126.0,0.0980187695516162,0.0102702881639273,0.0464749058416465,0.0042844669635996,0.0058095370925524,0.0012705722962529,610,0.0048471750493809,0.03125,1520.0,626.0819495941518,16.08194959415175,0.026363851793691395,16.08194959415175
640,0.2,167,231,13,1.0,231.0,0.0980187695516162,0.0099354937728242,0.0570262908498661,0.0043765141446723,0.0058095370925524,0.0012891508445341,610,0.0047409579667644,0.064516129032258,1008.0,624.5241458262354,14.52414582623544,0.02381007512497613,14.52414582623544
640,0.3,250,311,13,1.0,311.0,0.0980187695516162,0.0092674241992428,0.0570262908498661,0.004034842408759,0.0058095370925524,0.0012426672895442,610,0.0106292641325536,0.0666666666666666,320.0,625.3836174631358,15.383617463135806,0.02521904502153411,15.383617463135806
640,0.5,416,428,13,1.666667,256.7999486400103,0.0980187695516162,0.0084930759260522,0.0570262908498661,0.0037095831856473,0.0058095370925524,0.0012579450181876,610,0.0159132821201786,0.1666666666666666,1064.0,620.1851878298659,10.185187829865868,0.01669702922928831,10.185187829865868
641,0.1,84,123,13,1.0,123.0,0.0656934306569343,0.0100799443865136,0.0570262908498661,0.0046570161652711,0.0058095370925524,0.0013034072750918,624,0.0066361788617886,0.075,442.0,624.8370107929939,0.8370107929938513,0.0013413634503106591,0.8370107929938513
641,0.2,167,225,13,1.0,225.0,0.0980187695516162,0.0099177383848916,0.0570262908498661,0.0045102295429048,0.0058095370925524,0.0013176408760499,624,0.0258204776078695,0.109090909090909,900.0,623.2549498523915,0.745050147608481,0.0011939906211674374,-0.745050147608481
641,0.3,250,307,13,1.0,307.0,0.0980187695516162,0.0095681916219731,0.0570262908498661,0.0044471697992808,0.0058095370925524,0.0012994913070828,624,0.0079169506341116,0.0909090909090909,704.0,620.4170491258008,3.5829508741992413,0.005741908452242374,-3.5829508741992413
641,0.5,416,445,13,1.5,296.6666666666667,0.0980187695516162,0.0084287237407879,0.0570262908498661,0.0038104268721248,0.0058095370925524,0.0012580719822358,624,0.010698223733938,0.1111111111111111,620.0,629.4067724137213,5.406772413721342,0.008664699380963689,5.406772413721342
642,0.1,83,122,13,1.0,122.0,0.0980187695516162,0.011701054718884,0.0464749058416465,0.0046259973950909,0.0040871733233292,0.0011967174254172,600,0.0192976551789301,0.1111111111111111,1000.0,621.2510910877611,21.251091087761097,0.0354184851462685,21.251091087761097
642,0.2,166,222,13,1.0,222.0,0.0980187695516162,0.0099249405818748,0.0464749058416465,0.0040646473326177,0.0058095370925524,0.0012786129029645,600,0.013893280632411,0.0714285714285714,413.0,621.3615555596579,21.36155555965786,0.035602592599429765,21.36155555965786
642,0.3,249,298,13,1.0,298.0,0.0980187695516162,0.0090663512747478,0.0492079830055308,0.0039822140037046,0.0058095370925524,0.0012899793326446,600,0.0123929127725856,0.0833333333333333,900.0,618.8085898614786,18.808589861478595,0.03134764976913099,18.808589861478595
642,0.5,415,424,13,1.666667,254.3999491200102,0.0980187695516162,0.0087330552659019,0.0570262908498661,0.0038891695160915,0.0058095370925524,0.0012871541016411,600,0.023535797730307,0.3,1000.0,616.6542544470607,16.65425444706068,0.02775709074510113,16.65425444706068
643,0.1,85,119,12,1.0,119.0,0.0980187695516162,0.0117243977883123,0.0464749058416465,0.0046006278585492,0.0058095370925524,0.0012162575148735,622,0.008527021919879,0.0714285714285714,624.0,630.2788303203478,8.278830320347765,0.01331001659219898,8.278830320347765
643,0.2,170,226,12,1.0,226.0,0.0980187695516162,0.0101460776804746,0.0570262908498661,0.0044277349823269,0.0058095370925524,0.0012598190461729,622,0.0141286001580119,0.1111111111111111,684.0,629.2290013037349,7.22900130373489,0.01162218859121365,7.22900130373489
643,0.3,255,304,13,1.0,304.0,0.0980187695516162,0.0097209264036001,0.0570262908498661,0.0042813164850248,0.0058095370925524,0.001270233228516,622,0.0129487179487179,0.1538461538461538,416.0,626.9123906435713,4.912390643571257,0.00789773415365154,4.912390643571257
643,0.5,425,438,13,1.666667,262.79994744001056,0.0980187695516162,0.0087753129448959,0.0570262908498661,0.0039048124071168,0.0058095370925524,0.0012831477601854,622,0.0130332002424625,0.1111111111111111,504.0,626.3824849963241,4.382484996324138,0.007045795814025944,4.382484996324138
646,0.1,85,125,12,1.0,125.0,0.0980187695516162,0.0127549530761209,0.0570262908498661,0.0058060416137119,0.0052421649220672,0.0013806367045792,648,0.0119911123746286,0.0655737704918032,1014.0,622.7933724819403,25.20662751805969,0.03889911654021557,-25.20662751805969
646,0.2,169,225,12,1.0,225.0,0.0980187695516162,0.0109095122233807,0.0570262908498661,0.0050108179439099,0.0052421649220672,0.0013525806451289,648,0.0057979470213512,0.0454545454545454,944.0,625.1852274183138,22.814772581686157,0.035207982379145304,-22.814772581686157
646,0.3,254,308,12,1.0,308.0,0.0980187695516162,0.009733488617743,0.0570262908498661,0.0043489986420204,0.0052421649220672,0.0012624292528871,648,0.0088218164628822,0.0714285714285714,2200.0,630.8753226635529,17.12467733644712,0.026426971198220867,-17.12467733644712
646,0.5,423,446,13,2.0,223.0,0.0980187695516162,0.0084051492352365,0.0570262908498661,0.0037229723024498,0.0056186378747126,0.0012637389163908,648,0.0225840336134453,0.1428571428571428,360.0,631.2056541483836,16.794345851616413,0.025917200388296934,-16.794345851616413
647,0.1,84,133,13,1.0,133.0,0.0980187695516162,0.0112037131410381,0.0464749058416465,0.0043331931595274,0.0052421649220672,0.0012525968103174,632,0.0193080205874323,0.125,1357.0,626.9805500920311,5.019449907968919,0.007942167575900189,-5.019449907968919
647,0.2,167,221,13,1.0,221.0,0.0980187695516162,0.0109701376339417,0.0570262908498661,0.004712908879957,0.0052421649220672,0.0012834029452304,632,0.0450267094017094,0.6666666666666666,702.0,623.6760690382365,8.323930961763494,0.013170776838233377,-8.323930961763494
647,0.3,251,306,13,1.0,306.0,0.0980187695516162,0.0095994602220449,0.0570262908498661,0.0041859685701041,0.0056186378747126,0.0012859357624973,632,0.0021565934065934,0.0288461538461538,2680.0,623.696926281423,8.303073718577025,0.013137774871166179,-8.303073718577025
647,0.5,417,437,13,1.5,291.3333333333333,0.0980187695516162,0.0085877976439034,0.0570262908498661,0.0037070909887645,0.0058095370925524,0.0012669579184073,632,0.017051961270583,0.0714285714285714,627.0,624.9035228995117,7.0964771004883005,0.011228603007101741,-7.0964771004883005
648,0.1,81,126,13,1.0,126.0,0.0980187695516162,0.0120495886919244,0.0492079830055308,0.0058621284376024,0.0058095370925524,0.0014457973325657,614,0.008,0.0666666666666666,1062.0,608.6692473383846,5.330752661615406,0.008682007592207502,-5.330752661615406
648,0.2,162,222,13,1.0,222.0,0.0980187695516162,0.0105496528854192,0.0492079830055308,0.0048572707416837,0.0058095370925524,0.0013784633442987,614,0.0098446626125197,0.0666666666666666,1638.0,617.3435837370605,3.3435837370604986,0.00544557611899104,3.3435837370604986
648,0.3,243,288,13,1.0,288.0,0.0980187695516162,0.0098228768393001,0.0570262908498661,0.0045190179523255,0.0058095370925524,0.001292937138679,614,0.0048944277861069,0.0416666666666666,920.0,613.4261901868474,0.573809813152593,0.0009345436696296304,-0.573809813152593
648,0.5,405,423,13,1.5,282.0,0.0980187695516162,0.0086822118193448,0.0570262908498661,0.0038910179961072,0.0058095370925524,0.001263927589456,614,0.0110573476702508,0.1111111111111111,216.0,615.2948012753199,1.2948012753198554,0.002108796865341784,1.2948012753198554
649,0.1,83,125,13,1.0,125.0,0.0980187695516162,0.0109030239833159,0.0464749058416465,0.0043419910300313,0.0039956275909326,0.001136639505033,622,0.0144876472895801,0.0833333333333333,667.0,621.6762008276555,0.3237991723444793,0.0005205774474991629,-0.3237991723444793
649,0.2,165,228,13,1.0,228.0,0.0980187695516162,0.0098284031245997,0.0464749058416465,0.004018952868728,0.0052421649220672,0.0012328656786107,622,0.016432279252079,0.0833333333333333,708.0,622.0930127140848,0.09301271408480716,0.00014953812553827517,0.09301271408480716
649,0.3,248,306,13,1.0,306.0,0.0980187695516162,0.0092075759744286,0.0464749058416465,0.0038853278429689,0.0058095370925524,0.001267886957274,622,0.0083912336064565,0.064516129032258,1014.0,624.6329259252448,2.6329259252447628,0.004232999879814731,2.6329259252447628
649,0.5,413,433,13,1.666667,259.7999480400104,0.0980187695516162,0.0084263101238539,0.0570262908498661,0.0036212868524314,0.0058095370925524,0.0012465566558429,622,0.0017241379310344,0.0344827586206896,455.0,622.6394473247739,0.6394473247738688,0.0010280503613727793,0.6394473247738688
655,0.1,85,120,12,1.0,120.0,0.0980187695516162,0.012956204379562,0.0570262908498661,0.0057717013016906,0.0039956275909326,0.0012740907095745,623,0.0099246466709046,0.1,840.0,627.6437514487843,4.643751448784315,0.0074538546529443256,4.643751448784315
655,0.2,169,217,13,1.0,217.0,0.0980187695516162,0.0104803871159954,0.0570262908498661,0.0046501340452822,0.0040871733233292,0.0013143898353891,623,0.0157222451980516,0.1,2814.0,624.4204136508044,1.4204136508044485,0.0022799577059461453,1.4204136508044485
655,0.3,253,300,13,1.0,300.0,0.0980187695516162,0.0095342370524851,0.0570262908498661,0.004091716423148,0.0040871733233292,0.0012571635314523,623,0.0156839281408246,0.1,288.0,622.1219277751233,0.8780722248767461,0.001409425722113557,-0.8780722248767461
655,0.5,422,417,13,1.666667,250.19994996001003,0.0980187695516162,0.0087071114745325,0.0570262908498661,0.0038040714472248,0.0056186378747126,0.0012619839842113,623,0.0120169357669357,0.1428571428571428,408.0,622.6734455833074,0.326554416692602,0.0005241643927650112,-0.326554416692602
660,0.1,87,127,12,1.0,127.0,0.0980187695516162,0.0123077680983307,0.0570262908498661,0.0054260104595966,0.0044179097289399,0.0013261981597677,635,0.041695784218778,0.6666666666666666,2166.0,635.0108618683867,0.01086186838665526,1.7105304545913796e-05,0.01086186838665526
660,0.2,174,218,13,1.0,218.0,0.0980187695516162,0.0110445705101835,0.0570262908498661,0.0048480192196224,0.0044179097289399,0.0013058335235495,635,0.0138404084108191,0.1111111111111111,936.0,632.2526060843369,2.7473939156631104,0.004326604591595449,-2.7473939156631104
660,0.3,261,303,13,1.0,303.0,0.0980187695516162,0.009852810098528,0.0570262908498661,0.0043204619456416,0.0052421649220672,0.0012593952559018,635,0.0134540343915343,0.0952380952380952,1700.0,629.3359388043668,5.664061195633167,0.008919781410445932,-5.664061195633167
660,0.5,434,445,13,1.333333,333.75008343752086,0.0980187695516162,0.0084638727138521,0.0570262908498661,0.0036123906861878,0.0052421649220672,0.0012258895947938,635,0.0183619964007895,0.0909090909090909,826.0,642.8063530660921,7.806353066092129,0.012293469395420675,7.806353066092129
662,0.1,85,129,13,1.0,129.0,0.0980187695516162,0.0125130344108445,0.0570262908498661,0.0052224052281524,0.0052421649220672,0.0011944345174591,626,0.0112329337329337,0.0666666666666666,800.0,627.7314997696367,1.7314997696366845,0.002765974072902052,1.7314997696366845
662,0.2,170,231,13,1.0,231.0,0.0980187695516162,0.0101837682651029,0.0570262908498661,0.0044533937537976,0.0052421649220672,0.0012598233159021,626,0.0045022083179977,0.0526315789473684,780.0,629.9396170470777,3.939617047077718,0.006293317966577824,3.939617047077718
662,0.3,255,312,13,1.0,312.0,0.0980187695516162,0.0093814336515065,0.0570262908498661,0.0041463926369623,0.0056186378747126,0.001262877943389,626,0.0156418219461697,0.2,600.0,631.8305471735,5.830547173500008,0.009313973120607041,5.830547173500008
662,0.5,425,425,13,1.666667,254.99994900001025,0.0980187695516162,0.0083812795191068,0.0570262908498661,0.0036262186080643,0.0056186378747126,0.0012241590692075,626,0.0162878787878787,0.25,528.0,629.3702573846552,3.370257384655247,0.005383797739065889,3.370257384655247
664,0.1,84,127,12,1.0,127.0,0.0980187695516162,0.0111172234857503,0.0570262908498661,0.0048582591179886,0.0052421649220672,0.0012287014325901,630,0.0151404151404151,0.0833333333333333,600.0,627.2005245453856,2.7994754546143668,0.004443611832721217,-2.7994754546143668
664,0.2,167,235,13,1.0,235.0,0.0980187695516162,0.0100947352073302,0.0570262908498661,0.0047611609624194,0.0056186378747126,0.0013414112506521,630,0.0123181216931216,0.1111111111111111,1500.0,624.0327026574668,5.967297342533243,0.00947190054370356,-5.967297342533243
664,0.3,251,307,13,1.0,307.0,0.0980187695516162,0.0095308291413761,0.0570262908498661,0.0044368535893693,0.0056186378747126,0.0013165114316353,630,0.0144777327935222,0.1,378.0,623.7213748270366,6.278625172963416,0.009966071703116534,-6.278625172963416
664,0.5,418,456,13,1.571429,290.1817390413439,0.0980187695516162,0.0082688473007335,0.0570262908498661,0.0037052356514016,0.0056186378747126,0.0012494706080399,630,0.0088247863247863,0.0769230769230769,312.0,634.49583161424,4.495831614240046,0.007136240657523883,4.495831614240046
672,0.1,82,110,12,1.0,110.0,0.0980187695516162,0.0121338515499099,0.0464749058416465,0.0049305220458946,0.0056186378747126,0.0011663542320262,621,0.0049192909487027,0.0588235294117647,1015.0,620.0724701246761,0.9275298753238985,0.0014936068845795467,-0.9275298753238985
672,0.2,163,199,13,1.0,199.0,0.0980187695516162,0.0102598498226271,0.0464749058416465,0.0044880377308808,0.0056186378747126,0.0012726886350316,621,0.044650450344295,0.6666666666666666,1872.0,620.7054750009326,0.29452499906744833,0.00047427536081714707,-0.29452499906744833
672,0.3,245,287,13,1.0,287.0,0.0980187695516162,0.0093048435325705,0.0464749058416465,0.0039875601375621,0.0056186378747126,0.0012523943879629,621,0.0260661040683794,0.1578947368421052,2124.0,617.6339581786006,3.366041821399449,0.0054203572003211735,-3.366041821399449
672,0.5,408,412,13,1.666667,247.1999505600099,0.0980187695516162,0.0086710469036313,0.0570262908498661,0.0037818613287424,0.0056186378747126,0.0012571631385733,621,0.009783558513141,0.074074074074074,510.0,612.0772986088814,8.922701391118608,0.014368279212751382,-8.922701391118608
675,0.1,89,138,13,1.0,138.0,0.0980187695516162,0.0121881186622538,0.0570262908498661,0.0055322010780309,0.0056186378747126,0.0013421274581503,627,0.0118067426400759,0.05,580.0,636.0834709950107,9.083470995010657,0.014487194569394988,9.083470995010657
675,0.2,178,240,13,1.0,240.0,0.0980187695516162,0.0105926312130691,0.0570262908498661,0.0048118324297068,0.0056186378747126,0.0013371690120778,627,0.0190827041175878,0.1666666666666666,1260.0,634.318908509513,7.318908509512994,0.011672900334151505,7.318908509512994
675,0.3,266,316,13,1.0,316.0,0.0980187695516162,0.0091141880387006,0.0570262908498661,0.0040924694928516,0.0056186378747126,0.0012612054367827,627,0.0231036877776008,0.0869565217391304,510.0,636.7379225902376,9.737922590237645,0.015530977017922878,9.737922590237645
675,0.5,443,431,13,1.5,287.3333333333333,0.0980187695516162,0.0084533144299093,0.0570262908498661,0.0037529520847042,0.0058095370925524,0.0012416428323055,627,0.0124624624624624,0.0833333333333333,312.0,632.2472209750639,5.247220975063897,0.008368773484950394,5.247220975063897
677,0.1,89,132,13,1.0,132.0,0.0980187695516162,0.0106329193920434,0.0464749058416465,0.0044326532062806,0.0039956275909326,0.0012623809864479,636,0.0158296957671957,0.074074074074074,780.0,636.9215682511254,0.9215682511254499,0.0014490066841595125,0.9215682511254499
677,0.2,177,231,13,1.0,231.0,0.0980187695516162,0.0098181276492016,0.0570262908498661,0.0045223541150198,0.0058095370925524,0.0012937798774392,636,0.0100992063492063,0.0714285714285714,403.0,635.3625104889284,0.6374895110716352,0.001002341998540307,-0.6374895110716352
677,0.3,265,332,13,1.0,332.0,0.0980187695516162,0.0090644119753256,0.0570262908498661,0.0041299766844819,0.0058095370925524,0.0012895185256322,636,0.0094711538461538,0.0769230769230769,620.0,637.0281046695478,1.0281046695478153,0.0016165167760185774,1.0281046695478153
677,0.5,441,457,13,1.666667,274.199945160011,0.0980187695516162,0.0083830941694826,0.0570262908498661,0.0037156108696776,0.0058095370925524,0.0012525930887499,636,0.0072916666666666,0.0833333333333333,306.0,639.9952782578887,3.9952782578886854,0.0062818840532840965,3.9952782578886854
682,0.1,84,129,13,1.0,129.0,0.0980187695516162,0.0117451156324012,0.0570262908498661,0.0058990379086266,0.0058095370925524,0.0014227664734914,638,0.0087307554600787,0.0816326530612244,2613.0,624.9695152283794,13.03048477162065,0.02042395732228942,-13.03048477162065
682,0.2,168,229,13,1.0,229.0,0.0980187695516162,0.0104320821816757,0.0570262908498661,0.0050073187643584,0.0058095370925524,0.0013998578938209,638,0.0204761904761904,0.1666666666666666,713.0,627.233440020893,10.766559979107,0.01687548586066928,-10.766559979107
682,0.3,252,310,13,1.0,310.0,0.0980187695516162,0.0095933263816475,0.0570262908498661,0.0044903969543839,0.0058095370925524,0.0013423586172927,638,0.0082409812409812,0.0555555555555555,442.0,623.8760630154285,14.123936984571515,0.022137832264218674,-14.123936984571515
682,0.5,420,437,13,1.5,291.3333333333333,0.0980187695516162,0.0084183801299503,0.0570262908498661,0.0037952122001304,0.0058095370925524,0.0012781814654056,638,0.0225328947368421,0.2631578947368421,969.0,624.049883136354,13.95011686364603,0.021865386933614468,-13.95011686364603
684,0.1,83,131,13,1.0,131.0,0.0980187695516162,0.0119956379498363,0.0570262908498661,0.0050092045341434,0.0056186378747126,0.0013071755237392,620,0.0043162757099073,0.03125,704.0,625.4114099634252,5.4114099634251716,0.008728080586169631,5.4114099634251716
684,0.2,165,227,13,1.0,227.0,0.0980187695516162,0.0098257638049913,0.0570262908498661,0.0043254099765615,0.0056186378747126,0.0013057137192224,620,0.0042727272727272,0.0454545454545454,468.0,621.3392482956059,1.3392482956058984,0.002160077896138546,1.3392482956058984
684,0.3,248,300,13,1.0,300.0,0.0980187695516162,0.0089781021897809,0.0570262908498661,0.0040383272238112,0.0058095370925524,0.0012845435257487,620,0.0257387955182072,0.15,238.0,620.6044694550743,0.6044694550743088,0.0009749507339908207,0.6044694550743088
684,0.5,413,431,13,1.5,287.3333333333333,0.0980187695516162,0.0085863803410841,0.0570262908498661,0.0036959193572975,0.0058095370925524,0.0012495829932018,620,0.0133989254792826,0.12,737.0,621.4854225327931,1.485422532793109,0.0023958427948275953,1.485422532793109
687,0.1,85,130,12,1.0,130.0,0.0656934306569343,0.0099623004732493,0.0570262908498661,0.0046501645569341,0.0045513414488271,0.0013281948124965,631,0.0103856914312976,0.0967741935483871,900.0,626.6780346952837,4.3219653047162865,0.006849390340279376,-4.3219653047162865
687,0.2,170,225,13,1.0,225.0,0.0980187695516162,0.0102050747306221,0.0570262908498661,0.004774062460107,0.0052421649220672,0.0013301557349502,631,0.0310165484633569,0.5555555555555556,558.0,627.7770935454192,3.222906454580766,0.0051076172021882185,-3.222906454580766
687,0.3,255,308,13,1.0,308.0,0.0980187695516162,0.0093035223379331,0.0570262908498661,0.0042086237934673,0.0052421649220672,0.00130114260939,631,0.0447603609672575,0.7142857142857143,650.0,627.9216363533594,3.0783636466405824,0.004878547775975566,-3.0783636466405824
687,0.5,425,430,13,1.666667,257.99994840001034,0.0980187695516162,0.0084705482940077,0.0570262908498661,0.0037980701625688,0.0058095370925524,0.0012874412482135,631,0.0104417742706838,0.0975609756097561,640.0,623.4381065404509,7.561893459549083,0.011983983295640386,-7.561893459549083
691,0.1,81,118,12,1.0,118.0,0.0980187695516162,0.0108870468885314,0.0464749058416465,0.004274248363572,0.0058095370925524,0.0012522547640603,608,0.0025,0.05,648.0,613.2346824137786,5.234682413778614,0.008609675022662194,5.234682413778614
691,0.2,162,207,12,1.0,207.0,0.0980187695516162,0.0102310679905093,0.0570262908498661,0.0045172919415928,0.0058095370925524,0.0012613119241675,608,0.0087053317053317,0.0925925925925925,988.0,615.8424466614157,7.842446661415693,0.01289876095627581,7.842446661415693
691,0.3,243,290,12,1.0,290.0,0.0980187695516162,0.0094962424939771,0.0570262908498661,0.0042066497509639,0.0058095370925524,0.0012643480818126,608,0.0094036116862203,0.05,1240.0,614.6194921701675,6.6194921701675185,0.010887322648301839,6.6194921701675185
691,0.5,404,407,12,1.5,271.3333333333333,0.0980187695516162,0.0086366582716947,0.0570262908498661,0.0038119663326106,0.0058095370925524,0.0012361445240435,608,0.0168306499701848,0.0930232558139534,560.0,611.4486956332516,3.4486956332516456,0.005672196765216522,3.4486956332516456
692,0.1,83,129,12,1.0,129.0,0.0980187695516162,0.0132647864781627,0.0570262908498661,0.0060799899089066,0.0045513414488271,0.0013315700225376,606,0.0314957302562676,0.2,1248.0,620.1327409046772,14.132740904677235,0.023321354628180253,14.132740904677235
692,0.2,165,232,12,1.0,232.0,0.0980187695516162,0.0102657221962532,0.0570262908498661,0.00444190894668,0.0045513414488271,0.0012760863966893,606,0.0110866443392654,0.0714285714285714,3600.0,623.5068033992457,17.506803399245655,0.02888911452020735,17.506803399245655
692,0.3,248,313,12,1.0,313.0,0.0980187695516162,0.0089516835628166,0.0570262908498661,0.0038741563460474,0.0045513414488271,0.0012202687587283,606,0.0229158689918886,0.125,736.0,627.3109389956222,21.310938995622223,0.035166565999376606,21.310938995622223
692,0.5,413,430,13,1.714286,250.83329152778475,0.0980187695516162,0.008572398574096,0.0570262908498661,0.0038397723550275,0.0058095370925524,0.0012637405217332,606,0.0079854522454142,0.0833333333333333,2000.0,619.8953326251404,13.89533262514044,0.022929591790660793,13.89533262514044
699,0.1,84,127,13,1.0,127.0,0.0980187695516162,0.0097132019081555,0.0464749058416465,0.0041653458391797,0.0039956275909326,0.0011533921250323,632,0.0074891067538126,0.0833333333333333,420.0,624.8230953208474,7.176904679152585,0.011355861834102192,-7.176904679152585
699,0.2,168,228,13,1.0,228.0,0.0980187695516162,0.0089457219691564,0.0492079830055308,0.0038339967737949,0.0045513414488271,0.0012290778175134,632,0.0061569110402781,0.0357142857142857,200.0,627.4486889458921,4.551311054107941,0.0072014415413100335,-4.551311054107941
699,0.3,252,306,13,1.0,306.0,0.0980187695516162,0.0088906608872258,0.0570262908498661,0.0038714080454997,0.0056186378747126,0.0012277442453776,632,0.0094179894179894,0.074074074074074,192.0,631.4679097293346,0.5320902706654351,0.0008419149852301189,-0.5320902706654351
699,0.5,420,437,13,2.0,218.5,0.0980187695516162,0.0083205474810478,0.0570262908498661,0.0036775437101925,0.0056186378747126,0.0012491137334464,632,0.0192234848484848,0.2727272727272727,294.0,628.261994681567,3.738005318433011,0.005914565377267422,-3.738005318433011
700,0.1,81,129,13,1.0,129.0,0.0980187695516162,0.0123998674329687,0.0464749058416465,0.0052484641871193,0.0058095370925524,0.0013356289871909,620,0.0101148799600811,0.0588235294117647,352.0,611.5439720658746,8.456027934125359,0.013638754732460257,-8.456027934125359
700,0.2,162,234,13,1.0,234.0,0.0980187695516162,0.0104854593905688,0.0570262908498661,0.0044901783610547,0.0058095370925524,0.0012702210738964,620,0.0090217391304347,0.1304347826086956,420.0,619.7579625230048,0.24203747699516498,0.00039038302741155643,-0.24203747699516498
700,0.3,243,318,13,1.0,318.0,0.0980187695516162,0.0098110584269515,0.0570262908498661,0.0041407002431819,0.0058095370925524,0.0012263833515141,620,0.0186913532310857,0.1,700.0,622.8573763407735,2.8573763407734987,0.004608671517376611,2.8573763407734987
700,0.5,404,430,13,1.666667,257.99994840001034,0.0980187695516162,0.008802774207629,0.0570262908498661,0.003806199532159,0.0058095370925524,0.0012679795194406,620,0.0128015188834154,0.0714285714285714,676.0,617.211474097805,2.7885259021950333,0.004497622422895215,-2.7885259021950333
701,0.1,82,130,13,1.0,130.0,0.0980187695516162,0.0102269992780941,0.0464749058416465,0.0042620125453195,0.0048729601732022,0.0012558177798271,609,0.0270219322622479,0.2222222222222222,392.0,620.8757408930111,11.875740893011084,0.01950039555502641,11.875740893011084
701,0.2,163,225,13,1.0,225.0,0.0980187695516162,0.0098204147839183,0.0570262908498661,0.0044710289123165,0.0058095370925524,0.0012925019026186,609,0.014109052481335,0.1111111111111111,1040.0,621.6922768259188,12.692276825918839,0.020841177054053923,12.692276825918839
701,0.3,245,305,13,1.0,305.0,0.0980187695516162,0.0090702405169318,0.0570262908498661,0.0041313826446041,0.0058095370925524,0.0012896352591711,609,0.0114727332374391,0.1111111111111111,351.0,621.1003753328015,12.100375332801491,0.019869253420035288,12.100375332801491
701,0.5,408,440,13,1.571429,279.9999236363845,0.0980187695516162,0.0086003412645747,0.0570262908498661,0.003888444177901,0.0058095370925524,0.0013121553233852,609,0.0060245098039215,0.0588235294117647,540.0,623.2480279856743,14.248027985674298,0.02339577665956371,14.248027985674298
702,0.1,79,120,13,1.0,120.0,0.0980187695516162,0.0122349669794924,0.0570262908498661,0.0055823431612671,0.0039956275909326,0.0012866792076084,613,0.0094331409331409,0.0714285714285714,3600.0,611.599662642245,1.4003373577550065,0.002284400257349113,-1.4003373577550065
702,0.2,157,217,13,1.0,217.0,0.0980187695516162,0.0100334930298938,0.0570262908498661,0.0044533042220815,0.0048729601732022,0.001242585375347,613,0.0190635530361923,0.0930232558139534,1298.0,612.0865930428035,0.9134069571964574,0.0014900602890643676,-0.9134069571964574
702,0.3,236,311,13,1.0,311.0,0.0980187695516162,0.0090327209814617,0.0570262908498661,0.0038736342086151,0.0056186378747126,0.0011884623006444,613,0.0143893695855041,0.0666666666666666,960.0,620.3264670974662,7.326467097466207,0.011951822344969342,7.326467097466207
702,0.5,392,434,13,1.666667,260.39994792001045,0.0980187695516162,0.008539040763468,0.0570262908498661,0.0038036465737074,0.0058095370925524,0.0012529777333548,613,0.0048618852966679,0.0384615384615384,560.0,617.026348111958,4.0263481119579865,0.006568267719344187,4.0263481119579865
703,0.1,84,131,12,1.0,131.0,0.0980187695516162,0.0125209943563985,0.0570262908498661,0.0056544350735161,0.0039956275909326,0.0012962823962733,649,0.0060897435897435,0.0555555555555555,378.0,625.2361578963986,23.763842103601405,0.03661608952789123,-23.763842103601405
703,0.2,168,231,13,1.0,231.0,0.0980187695516162,0.0098768107110129,0.0570262908498661,0.0044571380451314,0.0058095370925524,0.0012640607177567,649,0.0635217422451465,0.8333333333333334,2808.0,629.3452519215493,19.654748078450666,0.0302846657603246,-19.654748078450666
703,0.3,252,306,13,1.0,306.0,0.0980187695516162,0.0092620990001839,0.0570262908498661,0.0040483100582883,0.0058095370925524,0.001251459896623,649,0.0138152841781874,0.1,2223.0,629.3677151422329,19.632284857767104,0.03025005370996472,-19.632284857767104
703,0.5,420,450,13,1.4,321.42857142857144,0.0980187695516162,0.0081149345382921,0.0570262908498661,0.0036892530635255,0.0058095370925524,0.0012398449229029,649,0.0074887387387387,0.1081081081081081,220.0,633.8124766084472,15.187523391552759,0.02340142279129855,-15.187523391552759
710,0.1,85,125,13,1.0,125.0,0.0980187695516162,0.0119708029197079,0.0464749058416465,0.0051198088867897,0.0058095370925524,0.0012963205306341,628,0.0191182511182511,0.1363636363636363,1140.0,627.6250553103417,0.374944689658264,0.0005970456841692102,-0.374944689658264
710,0.2,169,219,13,1.0,219.0,0.0980187695516162,0.0104322901043228,0.0464749058416465,0.0042577412844177,0.0058095370925524,0.001274420310794,628,0.0181838276246171,0.0666666666666666,3200.0,626.9123158828887,1.08768411711128,0.0017319810782026753,-1.08768411711128
710,0.3,254,311,13,1.0,311.0,0.0980187695516162,0.009629537735248,0.0570262908498661,0.0041803440685118,0.0058095370925524,0.0012603942637969,628,0.0136222910216718,0.1666666666666666,880.0,628.2348254928257,0.23482549282573473,0.00037392594399002346,0.23482549282573473
710,0.5,423,447,13,1.571429,284.4544678760542,0.0980187695516162,0.0086102926939648,0.0570262908498661,0.0038180048351615,0.0058095370925524,0.0012628693970854,628,0.0127016039516039,0.0666666666666666,402.0,629.5937935684424,1.5937935684423792,0.0025378878478381833,1.5937935684423792
720,0.1,83,124,13,1.0,124.0,0.0980187695516162,0.0116384674896565,0.0464749058416465,0.0050821197011992,0.0052421649220672,0.0013517474340712,629,0.0102381239450204,0.0833333333333333,649.0,620.6729271723085,8.327072827691495,0.013238589551178848,-8.327072827691495
720,0.2,166,221,13,1.0,221.0,0.0980187695516162,0.0104558387083075,0.0570262908498661,0.0046728277509175,0.0052421649220672,0.00132258448672,629,0.0238392635920796,0.125,3350.0,621.6959213681682,7.304078631831771,0.011612207681767522,-7.304078631831771
720,0.3,249,302,13,1.0,302.0,0.0980187695516162,0.0094710964097534,0.0570262908498661,0.0041276408420547,0.0052421649220672,0.0012763310869199,629,0.003125,0.0625,708.0,620.238702730949,8.761297269051056,0.01392893047543888,-8.761297269051056
720,0.5,415,435,13,1.5,290.0,0.0980187695516162,0.0085553677801349,0.0570262908498661,0.0037290687505735,0.0058095370925524,0.0012295828268215,629,0.0066214382632293,0.0597014925373134,1248.0,623.3837256085538,5.616274391446154,0.00892889410404794,-5.616274391446154
721,0.1,83,114,13,1.0,114.0,0.0980187695516162,0.0116349267328905,0.0464749058416465,0.0047672802775525,0.0039254903849993,0.0011327831914689,610,0.0120857973263242,0.0833333333333333,900.0,623.7593346156203,13.759334615620332,0.0225562862551153,13.759334615620332
721,0.2,165,222,13,1.0,222.0,0.0980187695516162,0.0096619038224877,0.0464749058416465,0.0041697881428822,0.0058095370925524,0.0012301130031817,610,0.0173609303838646,0.125,684.0,622.4264934592492,12.426493459249173,0.020371300752867496,12.426493459249173
721,0.3,248,303,13,1.0,303.0,0.0980187695516162,0.0091163443768776,0.0570262908498661,0.0040202126063063,0.0058095370925524,0.0012362537667653,610,0.0111734637907527,0.0714285714285714,1710.0,621.4214188058945,11.421418805894518,0.018723637386712327,11.421418805894518
721,0.5,413,425,13,2.0,212.5,0.0980187695516162,0.0086119119180518,0.0570262908498661,0.0039028693824253,0.0058095370925524,0.0012630104971337,610,0.0081103691744919,0.048780487804878,560.0,615.9231232048572,5.923123204857234,0.009710038040749564,5.923123204857234
725,0.1,83,128,13,1.0,128.0,0.0980187695516162,0.0112177398331594,0.0492079830055308,0.0051372225147829,0.0058095370925524,0.0013865844720779,613,0.005688934580444,0.0416666666666666,897.0,618.9868649330363,5.986864933036259,0.009766500706421303,5.986864933036259
725,0.2,166,223,13,1.0,223.0,0.0980187695516162,0.009871082078211,0.0570262908498661,0.004496267770472,0.0058095370925524,0.0013190391236662,613,0.0097974822112753,0.0714285714285714,1120.0,621.0563224546703,8.056322454670294,0.013142450986411572,8.056322454670294
725,0.3,249,309,13,1.0,309.0,0.0980187695516162,0.0095231346028595,0.0570262908498661,0.0041411385204093,0.0058095370925524,0.001251462535854,613,0.0150474525474525,0.0952380952380952,504.0,622.4277955938727,9.427795593872702,0.015379764427198534,9.427795593872702
725,0.5,414,420,13,1.5,280.0,0.0980187695516162,0.0085356770445403,0.0570262908498661,0.0036264338323405,0.0058095370925524,0.001228256704777,613,0.0058333333333333,0.0666666666666666,400.0,617.2845621809093,4.284562180909347,0.006989497848139229,4.284562180909347
726,0.1,85,123,13,1.0,123.0,0.0761209593326381,0.0118263434980543,0.031948254360793,0.0048120957710247,0.0039956275909326,0.0012401770446542,632,0.0206248793365398,0.1428571428571428,1050.0,628.4166198529279,3.5833801470721482,0.005669905296000235,-3.5833801470721482
726,0.2,169,223,13,1.0,223.0,0.0980187695516162,0.0103994725447377,0.0464749058416465,0.0043697524392597,0.0058095370925524,0.0012866641445092,632,0.0053296703296703,0.0476190476190476,520.0,626.472461615653,5.527538384347054,0.008746105038523818,-5.527538384347054
726,0.3,253,308,13,1.0,308.0,0.0980187695516162,0.0094491014720419,0.0570262908498661,0.0041234915514041,0.0058095370925524,0.0012837905184118,632,0.0104375189541981,0.0625,850.0,626.9924843279158,5.007515672084196,0.007923284291272462,-5.007515672084196
726,0.5,421,444,13,1.5,296.0,0.0980187695516162,0.0083067948031451,0.0570262908498661,0.0035446750078705,0.0058095370925524,0.0012474555610016,632,0.0107209215904868,0.0769230769230769,336.0,636.5179434324822,4.517943432482184,0.0071486446716490255,4.517943432482184
727,0.1,84,127,13,1.0,127.0,0.0980187695516162,0.0126197728933517,0.0570262908498661,0.0057199325112887,0.0044179097289399,0.0013534211315313,627,0.0182973263633641,0.1428571428571428,600.0,624.062006408685,2.937993591315035,0.004685795201459386,-2.937993591315035
727,0.2,167,221,13,1.0,221.0,0.0980187695516162,0.0106964739854391,0.0570262908498661,0.0049368396307356,0.0052421649220672,0.0013421871131183,627,0.0051311626969521,0.0526315789473684,1121.0,623.1261463858885,3.8738536141114537,0.006178394918838044,-3.8738536141114537
727,0.3,250,289,13,1.0,289.0,0.0980187695516162,0.0095146688989034,0.0570262908498661,0.0042815893345265,0.0056186378747126,0.0012489097167956,627,0.00825,0.0476190476190476,1003.0,618.1594557920807,8.840544207919265,0.014099751527781923,-8.840544207919265
727,0.5,417,427,13,1.5,284.6666666666667,0.0980187695516162,0.0086399523312974,0.0570262908498661,0.0038109023561564,0.0058095370925524,0.001261115396886,627,0.0034382284382284,0.0384615384615384,531.0,622.0779807331829,4.922019266817074,0.007850110473392463,-4.922019266817074
728,0.1,82,122,13,1.0,122.0,0.0980187695516162,0.0123164498538436,0.0464749058416465,0.0054103540428078,0.0056186378747126,0.0012958403206208,619,0.0119433204534363,0.1111111111111111,780.0,620.8056171694394,1.8056171694394152,0.002916990580677569,1.8056171694394152
728,0.2,164,216,13,1.0,216.0,0.0980187695516162,0.0102440814119645,0.0464749058416465,0.0044424725540627,0.0058095370925524,0.0012728720249331,619,0.0112145227539565,0.0697674418604651,798.0,620.9396063419141,1.9396063419141,0.003133451279344265,1.9396063419141
728,0.3,246,294,13,1.0,294.0,0.0980187695516162,0.0096188631865675,0.0464749058416465,0.0041021351215026,0.0058095370925524,0.0012128597861313,619,0.0451723113487819,0.8333333333333334,1794.0,618.7532410774542,0.24675892254583687,0.0003986412318995749,-0.24675892254583687
728,0.5,409,410,13,1.714286,239.1666268055622,0.0980187695516162,0.0087260611917901,0.0570262908498661,0.0038360759695249,0.0058095370925524,0.0012380700971865,619,0.003018018018018,0.0333333333333333,603.0,611.7223917363175,7.2776082636825095,0.01175704081370357,-7.2776082636825095
730,0.1,83,125,12,1.0,125.0,0.0980187695516162,0.0118289885297184,0.0570262908498661,0.0056305450508007,0.0045513414488271,0.0013801152839231,616,0.0214769252999822,0.2222222222222222,493.0,623.6887857918733,7.688785791873329,0.012481795116677482,7.688785791873329
730,0.2,165,224,13,1.0,224.0,0.0980187695516162,0.0104927007299269,0.0570262908498661,0.00465376870006,0.0045513414488271,0.0013144930974192,616,0.0257335949807693,0.1666666666666666,700.0,621.3540206765778,5.354020676577761,0.00869159200743143,5.354020676577761
730,0.3,248,297,13,1.0,297.0,0.0980187695516162,0.0096761848586665,0.0570262908498661,0.0042316803547494,0.0056186378747126,0.001276461888741,616,0.0019230769230769,0.0384615384615384,342.0,618.933684701007,2.933684701006996,0.004762475163972396,2.933684701006996
730,0.5,412,420,13,1.8,233.3333333333333,0.0980187695516162,0.0086747107602164,0.0570262908498661,0.0038176464810081,0.0056186378747126,0.0012518697359099,616,0.0226173408431472,0.16,760.0,616.3394009819624,0.3394009819623989,0.0005509756200688294,0.3394009819623989
734,0.1,85,126,13,1.0,126.0,0.0980187695516162,0.0124054487975238,0.0464749058416465,0.0052735385652018,0.0058095370925524,0.001267420770547,620,0.0050085034013605,0.0416666666666666,504.0,626.7354428101572,6.735442810157224,0.010863617435737457,6.735442810157224
734,0.2,170,226,13,1.0,226.0,0.0980187695516162,0.0103813891682891,0.0570262908498661,0.0045579402050533,0.0058095370925524,0.0013283415569904,620,0.0218347483741221,0.2,2400.0,627.4040439284645,7.404043928464489,0.011942006336233046,7.404043928464489
734,0.3,255,313,13,1.0,313.0,0.0980187695516162,0.0092082074311965,0.0570262908498661,0.0040406343130124,0.0058095370925524,0.0012520988183531,620,0.0147581073896863,0.1111111111111111,520.0,632.447319793845,12.447319793845054,0.020076322248137185,12.447319793845054
734,0.5,425,460,13,1.5,306.6666666666667,0.0980187695516162,0.0084848347463389,0.0570262908498661,0.0037452265805259,0.0058095370925524,0.0012687073511969,620,0.0135495709963795,0.0769230769230769,1200.0,639.8247771038856,19.824777103885594,0.03197544694175096,19.824777103885594
736,0.1,79,120,12,1.0,120.0,0.0980187695516162,0.0125477928397635,0.0570262908498661,0.0058728130058926,0.0058095370925524,0.0014268424161771,615,0.0226346526102623,0.12,1500.0,613.5065799995559,1.4934200004440754,0.0024283252039741065,-1.4934200004440754
736,0.2,158,215,13,1.0,215.0,0.0980187695516162,0.0110871304896087,0.0570262908498661,0.0051387021385951,0.0058095370925524,0.0014139184459476,615,0.0105080112497915,0.0384615384615384,1400.0,609.4226153824591,5.577384617540929,0.009068918077302323,-5.577384617540929
736,0.3,237,291,13,1.0,291.0,0.0980187695516162,0.0099831941204504,0.0570262908498661,0.0045506780059345,0.0058095370925524,0.0013652298691671,615,0.0115665174057489,0.1428571428571428,480.0,611.7573739745613,3.2426260254386534,0.00527256264298968,-3.2426260254386534
736,0.5,395,418,13,1.571429,265.99992745456524,0.0980187695516162,0.00878107677954,0.0570262908498661,0.003869380824845,0.0058095370925524,0.0012938099471905,615,0.0157932595988403,0.0909090909090909,510.0,612.3682296559891,2.6317703440108744,0.004279301372375406,-2.6317703440108744
739,0.1,82,125,13,1.0,125.0,0.0980187695516162,0.0108112617309697,0.0464749058416465,0.0042419560408858,0.0044179097289399,0.0012256526395051,622,0.0143104992595124,0.0833333333333333,1482.0,622.0613018374008,0.06130183740083339,9.855600868301188e-05,0.06130183740083339
739,0.2,163,217,13,1.0,217.0,0.0980187695516162,0.0104371393012113,0.0570262908498661,0.0047438117761156,0.0058095370925524,0.0013376611528659,622,0.0090358724134815,0.0714285714285714,960.0,620.6439048480888,1.3560951519111768,0.002180217286030831,-1.3560951519111768
739,0.3,244,302,13,1.0,302.0,0.0980187695516162,0.0094296625209758,0.0570262908498661,0.0042255963901475,0.0058095370925524,0.0013146676312989,622,0.0072802360631307,0.0714285714285714,737.0,618.8625344850511,3.1374655149488717,0.0050441567764451314,-3.1374655149488717
739,0.5,406,424,13,1.333333,318.00007950001987,0.0980187695516162,0.008401046687784,0.0570262908498661,0.0036701498109344,0.0058095370925524,0.0012519427102886,622,0.0033934252386002,0.0434782608695652,320.0,617.0958577337349,4.904142266265126,0.00788447309688927,-4.904142266265126
740,0.1,85,117,13,1.0,117.0,0.0980187695516162,0.0121208880332967,0.0464749058416465,0.0049525258373301,0.0039956275909326,0.0012263849326104,623,0.0074092055706124,0.0625,648.0,626.353131430021,3.3531314300209942,0.005382233435025673,3.3531314300209942
740,0.2,169,225,13,1.0,225.0,0.0980187695516162,0.0102838605028385,0.0570262908498661,0.004636997670482,0.0058095370925524,0.0013206138872187,623,0.011434331797235,0.125,980.0,624.6555469014269,1.6555469014268738,0.0026573786539757205,1.6555469014268738
740,0.3,254,307,13,1.0,307.0,0.0980187695516162,0.0095206393739406,0.0570262908498661,0.0043124200764565,0.0058095370925524,0.001299809391162,623,0.0352924159174159,0.2857142857142857,780.0,627.4802064128376,4.4802064128375605,0.007191342556721606,4.4802064128375605
740,0.5,422,436,13,1.666667,261.5999476800105,0.0980187695516162,0.0086194526025771,0.0570262908498661,0.0038129536066763,0.0058095370925524,0.0012770360478824,623,0.004986802413273,0.0416666666666666,540.0,624.0363468096186,1.0363468096186352,0.0016634780250700406,1.0363468096186352
743,0.1,84,122,12,1.0,122.0,0.0980187695516162,0.011701054718884,0.0464749058416465,0.0047550385314709,0.0056186378747126,0.0013038456194808,620,0.0129285692670822,0.0833333333333333,960.0,627.0874510282512,7.0874510282511665,0.011431372626211559,7.0874510282511665
743,0.2,167,216,13,1.0,216.0,0.0980187695516162,0.010610975939443,0.0464749058416465,0.0045981779691458,0.0056186378747126,0.0013176793651208,620,0.0238721649064271,0.1111111111111111,588.0,622.8451997785619,2.8451997785618914,0.004589031900906276,2.8451997785618914
743,0.3,250,296,13,1.0,296.0,0.0980187695516162,0.0095961446326409,0.0570262908498661,0.0042629827750748,0.0058095370925524,0.0013016774766228,620,0.0035759897828863,0.037037037037037,196.0,619.8023999088132,0.1976000911868141,0.00031870982449486146,-0.1976000911868141
743,0.5,417,436,13,1.5,290.6666666666667,0.0980187695516162,0.0085309621069347,0.0570262908498661,0.0038032655813367,0.0058095370925524,0.0012616769883479,620,0.0096479549594303,0.1111111111111111,792.0,625.621946795246,5.621946795246004,0.009067656121364521,5.621946795246004
745,0.1,83,127,13,1.0,127.0,0.0980187695516162,0.012135344395819,0.0570262908498661,0.0052094360900737,0.0040871733233292,0.001335840178757,617,0.0302480158730158,0.5,800.0,622.7681451374676,5.768145137467627,0.00934869552263797,5.768145137467627
745,0.2,165,225,13,1.0,225.0,0.0980187695516162,0.0104877766191634,0.0570262908498661,0.0045089773384739,0.0056186378747126,0.0012801812072417,617,0.0072265741402944,0.0588235294117647,1534.0,621.7589727918229,4.758972791822885,0.007713083941366101,4.758972791822885
745,0.3,247,300,13,1.0,300.0,0.0980187695516162,0.0093778241223496,0.0570262908498661,0.0041176849883313,0.0056186378747126,0.0012593437385856,617,0.0108544924658379,0.0714285714285714,819.0,620.8955909772677,3.895590977267716,0.006313761713561938,3.895590977267716
745,0.5,411,437,13,1.5,291.3333333333333,0.0980187695516162,0.008382587697425,0.0570262908498661,0.0036884030309865,0.0056186378747126,0.0012530042369699,617,0.0166455766455766,0.0909090909090909,450.0,624.2211309074746,7.221130907474617,0.01170361573334622,7.221130907474617
748,0.1,77,116,12,1.0,116.0,0.0980187695516162,0.0126029268994282,0.0464749058416465,0.0053585497808323,0.0056186378747126,0.001351586924085,593,0.011554884180678,0.1,1829.0,609.2029298908566,16.20292989085658,0.02732365917513757,16.20292989085658
748,0.2,154,208,13,1.0,208.0,0.0980187695516162,0.0101518007539904,0.0464749058416465,0.0042585019226796,0.0058095370925524,0.0013116853465712,593,0.0125905797101449,0.074074074074074,210.0,615.4711645811517,22.471164581151697,0.037894038079513824,22.471164581151697
748,0.3,231,290,13,1.0,290.0,0.0980187695516162,0.0092445435259429,0.0464749058416465,0.0038379766301442,0.0058095370925524,0.001229355240542,593,0.0514564871403106,0.7142857142857143,832.0,609.9776473558597,16.977647355859744,0.028630096721517277,16.977647355859744
748,0.5,385,411,13,1.8,228.3333333333333,0.0980187695516162,0.0088672050417481,0.0570262908498661,0.0040039475623194,0.0058095370925524,0.001286243525187,593,0.0047964098089348,0.03125,469.0,608.1261171033401,15.126117103340107,0.02550778600900524,15.126117103340107
749,0.1,86,121,12,1.0,121.0,0.0980187695516162,0.0125992123337842,0.0464749058416465,0.005273177032554,0.0056186378747126,0.0012685545551693,634,0.0088756334105171,0.0454545454545454,3120.0,633.5046427940592,0.4953572059407634,0.0007813205141021505,-0.4953572059407634
749,0.2,172,221,13,1.0,221.0,0.0980187695516162,0.0098896380562331,0.0464749058416465,0.0040379396423221,0.0056186378747126,0.0011811703848212,634,0.0044639179118451,0.037037037037037,1900.0,631.4520595118522,2.5479404881477876,0.00401883357752017,-2.5479404881477876
749,0.3,258,317,13,1.0,317.0,0.0980187695516162,0.0090689894507619,0.0492079830055308,0.0039232016737084,0.0058095370925524,0.0011849870816229,634,0.0110687523534348,0.0909090909090909,800.0,640.5761887572755,6.576188757275531,0.010372537472043425,6.576188757275531
749,0.5,430,434,13,2.0,217.0,0.0980187695516162,0.0085967045165134,0.0570262908498661,0.0037514351683913,0.0058095370925524,0.0012276518191824,634,0.0018518518518518,0.037037037037037,585.0,627.6407922657887,6.359207734211282,0.010030296110743346,-6.359207734211282
753,0.1,85,127,12,1.0,127.0,0.0980187695516162,0.0130877800858833,0.0464749058416465,0.0054864489000137,0.0052421649220672,0.0014133008938333,600,0.0103156501823084,0.0813953488372093,1170.0,626.8072543259741,26.8072543259741,0.044678757209956836,26.8072543259741
753,0.2,169,219,13,1.0,219.0,0.0980187695516162,0.0107036915356082,0.0464749058416465,0.0045196943816932,0.0052421649220672,0.0012872021542596,600,0.0083333333333333,0.125,600.0,626.1266644397705,26.12666443977048,0.0435444407329508,26.12666443977048
753,0.3,253,292,13,1.0,292.0,0.0980187695516162,0.0097561672404187,0.0570262908498661,0.0043773448368017,0.0052421649220672,0.0012745136340942,600,0.0349041533356229,0.5,2166.0,622.3648178214064,22.364817821406405,0.03727469636901067,22.364817821406405
753,0.5,421,424,13,1.666667,254.3999491200102,0.0980187695516162,0.0086937061010879,0.0570262908498661,0.0039160615724548,0.0056186378747126,0.0012896170508903,600,0.0188768472906403,0.2,560.0,620.8433351848249,20.843335184824923,0.034738891974708204,20.843335184824923
761,0.1,82,128,13,1.0,128.0,0.0761209593326381,0.0118531673618351,0.0570262908498661,0.0053204494841196,0.0045513414488271,0.0012698219399358,613,0.0074410949410949,0.0833333333333333,312.0,621.2535419422736,8.253541942273614,0.013464179351180447,8.253541942273614
761,0.2,164,221,13,1.0,221.0,0.0980187695516162,0.0102435134637796,0.0570262908498661,0.0044505073015841,0.0045513414488271,0.0012629985692689,613,0.0153738270093839,0.1111111111111111,936.0,621.7068066348681,8.706806634868144,0.014203599730616875,8.706806634868144
761,0.3,246,297,13,1.0,297.0,0.0980187695516162,0.0093847758081334,0.0570262908498661,0.0042112244183898,0.0056186378747126,0.0012617797368144,613,0.0035759897828863,0.037037037037037,225.0,618.2938592616647,5.293859261664693,0.008635985744966873,5.293859261664693
761,0.5,409,425,13,1.666667,254.99994900001025,0.0980187695516162,0.0086389008158007,0.0570262908498661,0.003867129089839,0.0056186378747126,0.0012749150279717,613,0.0209703079992845,0.0869565217391304,680.0,617.8468329812356,4.846832981235593,0.007906742220612713,4.846832981235593
764,0.1,82,125,13,1.0,125.0,0.0980187695516162,0.0124713242961417,0.0464749058416465,0.0051595357908854,0.0056186378747126,0.0013499999737021,614,0.0070004365155804,0.0606060606060606,1500.0,620.5229136416987,6.522913641698665,0.010623637852929422,6.522913641698665
764,0.2,164,212,13,1.0,212.0,0.0980187695516162,0.0110079288567099,0.0570262908498661,0.0049941560065037,0.0056186378747126,0.0013403789797807,614,0.0072972370766488,0.0588235294117647,323.0,617.4274370377901,3.4274370377901278,0.005582145012687505,3.4274370377901278
764,0.3,246,293,13,1.0,293.0,0.0980187695516162,0.0096943986732481,0.0570262908498661,0.0043445947687452,0.0056186378747126,0.0013063314791313,614,0.0206026626297429,0.1,2000.0,617.9624731250748,3.96247312507478,0.006453539291652736,3.96247312507478
764,0.5,410,433,13,1.5,288.6666666666667,0.0980187695516162,0.0086117419270939,0.0570262908498661,0.0038438558785437,0.0058095370925524,0.0012841944783753,614,0.0012820512820512,0.0256410256410256,900.0,622.1368937978364,8.136893797836365,0.013252270029049454,8.136893797836365
766,0.1,86,133,12,1.0,133.0,0.0980187695516162,0.0106235348538185,0.0464749058416465,0.004421499732637,0.0058095370925524,0.0012612728135296,614,0.0122986036519871,0.1111111111111111,828.0,629.4302022216646,15.430202221664558,0.02513062251085433,15.430202221664558
766,0.2,171,237,13,1.0,237.0,0.0980187695516162,0.009525569444261,0.0464749058416465,0.0040237180196074,0.0058095370925524,0.0012916516140251,614,0.0131720430107526,0.1428571428571428,624.0,631.076537097121,17.07653709712099,0.02781194966957816,17.07653709712099
766,0.3,257,310,13,1.0,310.0,0.0980187695516162,0.0098725150526421,0.0570262908498661,0.0044266378282128,0.0058095370925524,0.0013319247097878,614,0.016063829787234,0.3,728.0,627.804678780955,13.804678780954987,0.022483190196995094,13.804678780954987
766,0.5,427,425,13,1.4,303.5714285714286,0.0980187695516162,0.0088106483469299,0.0570262908498661,0.003969180723762,0.0058095370925524,0.0012830986932057,614,0.0033333333333333,0.0666666666666666,484.0,626.2092577044349,12.20925770443489,0.019884784534910244,12.20925770443489
767,0.1,86,134,13,1.0,134.0,0.0980187695516162,0.01006956873609,0.0570262908498661,0.0041898629262832,0.0044179097289399,0.0012996147621936,627,0.0049824805808848,0.05,938.0,628.6819333686276,1.6819333686275968,0.0026825093598526265,1.6819333686275968
767,0.2,172,242,13,1.0,242.0,0.0980187695516162,0.0101948482837666,0.0570262908498661,0.0046115407110377,0.0056186378747126,0.0013799728171196,627,0.0066417987680488,0.048780487804878,1541.0,630.7971287965657,3.797128796565744,0.006056026788781091,3.797128796565744
767,0.3,258,309,13,1.0,309.0,0.0980187695516162,0.0093881504128828,0.0570262908498661,0.0041752256028189,0.0056186378747126,0.0013163181602283,627,0.0407280340676997,0.4,588.0,628.533101005588,1.533101005588037,0.002445137169996869,1.533101005588037
767,0.5,429,438,13,1.666667,262.79994744001056,0.0980187695516162,0.0084967693706819,0.0570262908498661,0.003736897345118,0.0058095370925524,0.0012459075275672,627,0.0052760001168872,0.0588235294117647,350.0,629.9775997209357,2.9775997209357,0.004748962872305742,2.9775997209357
769,0.1,90,137,13,1.0,137.0,0.0980187695516162,0.0126348157676411,0.0570262908498661,0.0058684085880283,0.0056186378747126,0.0014325524022607,644,0.010840082958727,0.0677966101694915,2052.0,637.3561284033883,6.643871596611689,0.010316570802192063,-6.643871596611689
769,0.2,180,236,13,1.0,236.0,0.0980187695516162,0.0102552093458934,0.0570262908498661,0.0045896353479143,0.0056186378747126,0.0012996976167009,644,0.0044725274725274,0.04,700.0,634.3686019461829,9.631398053817065,0.01495558704008861,-9.631398053817065
769,0.3,270,318,13,1.0,318.0,0.0980187695516162,0.0094175667788117,0.0570262908498661,0.0041120545335282,0.0056186378747126,0.0012816143410857,644,0.0017857142857142,0.0357142857142857,288.0,635.170947290203,8.829052709796997,0.013709709176703411,-8.829052709796997
769,0.5,449,456,13,1.5,304.0,0.0980187695516162,0.0083854709767118,0.0570262908498661,0.0035860610104036,0.0058095370925524,0.0012504494950914,644,0.0093682482067237,0.1052631578947368,221.0,644.7932167333364,0.7932167333364077,0.0012317030020751673,0.7932167333364077
770,0.1,82,119,12,1.0,119.0,0.0980187695516162,0.0117769735631478,0.0570262908498661,0.0051201438936335,0.0052421649220672,0.0012998561123547,619,0.0465080107244641,0.7142857142857143,1950.0,620.9141980263702,1.9141980263701726,0.003092403919822573,1.9141980263701726
770,0.2,163,209,13,1.0,209.0,0.0980187695516162,0.0100583243111095,0.0570262908498661,0.0045795536787306,0.0056186378747126,0.0012820429810962,619,0.015279913314797,0.08,1400.0,619.9265483479188,0.9265483479188106,0.0014968470887218265,0.9265483479188106
770,0.3,244,290,13,1.0,290.0,0.0980187695516162,0.009287691920463,0.0570262908498661,0.0041411555160319,0.0056186378747126,0.0012369790606645,619,0.0051310446659283,0.0555555555555555,804.0,617.9187818932422,1.081218106757774,0.001746717458413205,-1.081218106757774
770,0.5,407,421,13,1.714286,245.5832924027846,0.0980187695516162,0.0083073470732329,0.0570262908498661,0.0037584423114338,0.0056186378747126,0.001255677453636,619,0.0087960396382661,0.0816326530612244,646.0,617.4073492445373,1.5926507554627278,0.0025729414466279933,-1.5926507554627278
771,0.1,85,124,13,1.0,124.0,0.0980187695516162,0.0116132395976991,0.0464749058416465,0.005028929641097,0.0058095370925524,0.0013442183231441,620,0.0214185269610252,0.125,1200.0,626.8546624888659,6.85466248886587,0.011055907240106242,6.85466248886587
771,0.2,169,222,13,1.0,222.0,0.0980187695516162,0.0096806921624439,0.0570262908498661,0.0044827866478317,0.0058095370925524,0.0013125254211042,620,0.0092105263157894,0.1,805.0,628.3658744244119,8.365874424411913,0.013493345845825667,8.365874424411913
771,0.3,253,310,13,1.0,310.0,0.0980187695516162,0.0090484039153687,0.0570262908498661,0.0040734729806842,0.0058095370925524,0.001257851260319,620,0.0099010213087883,0.1428571428571428,546.0,628.7571980309514,8.757198030951372,0.014124512953147374,8.757198030951372
771,0.5,421,441,13,1.5,294.0,0.0980187695516162,0.0084957166738784,0.0570262908498661,0.0037702421376333,0.0058095370925524,0.0012537202056583,620,0.0080822649572649,0.0769230769230769,651.0,630.8631203858771,10.863120385877096,0.017521161912704992,10.863120385877096
772,0.1,92,137,13,1.0,137.0,0.0980187695516162,0.0109983787856876,0.0464749058416465,0.0047806072157238,0.0052421649220672,0.0013017322109051,664,0.0024809949522593,0.0142857142857142,798.0,633.2116711811843,30.78832881881567,0.046367965088577816,-30.78832881881567
772,0.2,183,238,13,1.0,238.0,0.0980187695516162,0.0095994602220449,0.0570262908498661,0.0043455143361953,0.0056186378747126,0.0012488548168145,664,0.0100897435897435,0.0833333333333333,420.0,635.858746414932,28.141253585067943,0.04238140600160835,-28.141253585067943
772,0.3,274,330,13,1.0,330.0,0.0980187695516162,0.0092015040920149,0.0570262908498661,0.0040983732252957,0.0056186378747126,0.0012589977322454,664,0.0100513282235971,0.0833333333333333,400.0,639.3742774395516,24.625722560448366,0.03708693156694031,-24.625722560448366
772,0.5,456,468,13,1.5,312.0,0.0980187695516162,0.008243986346176,0.0570262908498661,0.0036618987995026,0.0058095370925524,0.0012395697377291,664,0.0015151515151515,0.0303030303030303,546.0,652.3211503088095,11.678849691190521,0.017588629052997774,-11.678849691190521
773,0.1,86,125,12,1.0,125.0,0.0980187695516162,0.0109113660062564,0.0492079830055308,0.0047175925030366,0.0045513414488271,0.0012233064759003,626,0.0092230147873102,0.0666666666666666,690.0,633.686868767985,7.686868767984947,0.01227934307984816,7.686868767984947
773,0.2,171,228,13,1.0,228.0,0.0980187695516162,0.0101988548012366,0.0492079830055308,0.0045388847868492,0.0052421649220672,0.0012873354511639,626,0.0057918071039668,0.04,640.0,630.2604988163511,4.26049881635106,0.006805908652317987,4.26049881635106
773,0.3,256,302,13,1.0,302.0,0.0980187695516162,0.0095056246504015,0.0570262908498661,0.0043622013919338,0.0056186378747126,0.0012518017710287,626,0.018776764171501,0.0909090909090909,1596.0,627.1332838099339,1.1332838099339142,0.001810357523856093,1.1332838099339142
773,0.5,426,423,13,2.0,211.5,0.0980187695516162,0.0086476999041061,0.0570262908498661,0.0038869428510214,0.0058095370925524,0.0012489565229082,626,0.0169493445151339,0.125,798.0,624.5061166002746,1.493883399725405,0.0023863952072290815,-1.493883399725405
776,0.1,84,121,12,1.0,121.0,0.0980187695516162,0.012366531941847,0.0570262908498661,0.0055961667482545,0.0056186378747126,0.0012604385151963,646,0.0279217970652413,0.2857142857142857,2412.0,624.4720522359883,21.527947764011742,0.033324996538717865,-21.527947764011742
776,0.2,168,220,13,1.0,220.0,0.0980187695516162,0.0105934211773627,0.0570262908498661,0.00467776468917,0.0056186378747126,0.0012962197499765,646,0.0113373015873015,0.0555555555555555,630.0,625.4526208896045,20.547379110395468,0.03180708840618494,-20.547379110395468
776,0.3,252,315,13,1.0,315.0,0.0980187695516162,0.0096462916066669,0.0570262908498661,0.0041817413302895,0.0056186378747126,0.0012468076695611,646,0.0109769580118417,0.0769230769230769,1600.0,627.7178363572407,18.282163642759315,0.028300562914488105,-18.282163642759315
776,0.5,419,456,13,1.5,304.0,0.0980187695516162,0.0083465964180523,0.0570262908498661,0.0035871673217902,0.0058095370925524,0.0012215878458314,646,0.0078577414623926,0.0697674418604651,1092.0,642.3212301885595,3.6787698114404748,0.00569469011058897,-3.6787698114404748
777,0.1,85,119,13,1.0,119.0,0.0980187695516162,0.0127233375101865,0.0570262908498661,0.0057373710377062,0.0058095370925524,0.0014946049575426,614,0.017046654326066,0.125,832.0,622.4439372643412,8.44393726434123,0.013752340821402654,8.44393726434123
777,0.2,169,215,13,1.0,215.0,0.0980187695516162,0.0106845793825932,0.0570262908498661,0.0049004223836811,0.0058095370925524,0.0013782530396917,614,0.022497947454844,0.1,800.0,624.2033550598592,10.203355059859177,0.01661784211703449,10.203355059859177
777,0.3,253,291,13,1.0,291.0,0.0980187695516162,0.0097896935883239,0.0570262908498661,0.0044020236526052,0.0058095370925524,0.001355215627964,614,0.0146509170342841,0.1363636363636363,1600.0,620.3402413290796,6.340241329079618,0.010326125943126412,6.340241329079618
777,0.5,421,420,13,1.5,280.0,0.0980187695516162,0.0088758130989621,0.0570262908498661,0.0038635247678222,0.0058095370925524,0.0012852544028708,614,0.0066687430786267,0.0625,225.0,616.4275213366316,2.427521336631571,0.003953617812103536,2.427521336631571
780,0.1,79,125,13,1.0,125.0,0.0980187695516162,0.0111366006256516,0.0492079830055308,0.0050819283849302,0.0058095370925524,0.0013296115417407,601,0.0114732135866888,0.0526315789473684,1534.0,607.0717466711804,6.071746671180449,0.010102739885491596,6.071746671180449
780,0.2,157,223,13,1.0,223.0,0.0980187695516162,0.0105631333087062,0.0570262908498661,0.0048411926441451,0.0058095370925524,0.0013135749088294,601,0.0410757275132275,0.4444444444444444,372.0,603.3589887204955,2.3589887204955176,0.003925106024118998,2.3589887204955176
780,0.3,235,305,13,1.0,305.0,0.0980187695516162,0.009607001829091,0.0570262908498661,0.0043562293202126,0.0058095370925524,0.0013131719932892,601,0.0102877906976744,0.1,440.0,615.106100870815,14.106100870814998,0.023471049701855238,14.106100870814998
780,0.5,391,428,13,1.5,285.3333333333333,0.0980187695516162,0.0086368198961144,0.0570262908498661,0.0038295542681628,0.0058095370925524,0.0012567103447064,601,0.0026315789473684,0.0526315789473684,234.0,616.1977992236972,15.197799223697189,0.025287519506983675,15.197799223697189
783,0.1,86,121,13,1.0,121.0,0.0980187695516162,0.0119701134963244,0.0464749058416465,0.0047398819141091,0.0056186378747126,0.0012051786956181,622,0.0155225842526127,0.0833333333333333,1716.0,630.6566492295955,8.656649229595473,0.01391744249131105,8.656649229595473
783,0.2,171,230,13,1.0,230.0,0.0980187695516162,0.0097066690846442,0.0464749058416465,0.0038604197376614,0.0056186378747126,0.0012130915316443,622,0.0156268377848566,0.0909090909090909,832.0,633.0115162393331,11.011516239333105,0.01770340231404036,11.011516239333105
783,0.3,257,305,13,1.0,305.0,0.0980187695516162,0.0089300671806355,0.0464749058416465,0.0037585224385715,0.0058095370925524,0.0012604338508189,622,0.0237043544690603,0.1818181818181818,480.0,627.3503935697753,5.350393569775292,0.008601918922468315,5.350393569775292
783,0.5,427,433,13,1.666667,259.7999480400104,0.0980187695516162,0.0084503921762227,0.0570262908498661,0.0036970333913289,0.0058095370925524,0.0012688898120269,622,0.0172578728461081,0.1111111111111111,2596.0,628.6367770504567,6.636777050456658,0.010670059566650575,6.636777050456658
785,0.1,82,121,13,1.0,121.0,0.0656934306569343,0.0102379372452364,0.0570262908498661,0.0042708902211197,0.0048729601732022,0.0012064587699227,621,0.0485694249649368,0.7142857142857143,1260.0,621.197779598985,0.19777959898499375,0.000318485666642502,0.19777959898499375
785,0.2,164,224,13,1.0,224.0,0.0980187695516162,0.0096827051988678,0.0570262908498661,0.0041823556690641,0.0052421649220672,0.0012407927894804,621,0.0090410809632777,0.0952380952380952,1500.0,622.1695137211468,1.1695137211468136,0.0018832749132798932,1.1695137211468136
785,0.3,246,300,13,1.0,300.0,0.0980187695516162,0.0092874522071601,0.0570262908498661,0.0040085499192547,0.0056186378747126,0.0012531328819286,621,0.006512001352265,0.0689655172413793,576.0,620.7935696077133,0.20643039228673388,0.00033241609063886293,-0.20643039228673388
785,0.5,409,437,13,1.666667,262.1999475600105,0.0980187695516162,0.0085997284547451,0.0570262908498661,0.0038741770585467,0.0058095370925524,0.0012781834592189,621,0.0060125477359519,0.04,1404.0,621.6924943304011,0.6924943304011322,0.0011151277462176042,0.6924943304011322
786,0.1,80,110,12,1.0,110.0,0.0980187695516162,0.0138970518532561,0.0464749058416465,0.0056641855924147,0.0039956275909326,0.0013914150354345,611,0.0219493619398742,0.1428571428571428,560.0,611.3609657859413,0.36096578594128914,0.0005907787003949085,0.36096578594128914
786,0.2,160,209,12,1.0,209.0,0.0980187695516162,0.0103377222086403,0.0464749058416465,0.0043764532652226,0.0058095370925524,0.0013558375209003,611,0.017340749752149,0.0869565217391304,560.0,613.6925647525293,2.692564752529279,0.004406816288918623,2.692564752529279
786,0.3,240,290,12,1.0,290.0,0.0980187695516162,0.0097479414620113,0.0570262908498661,0.0043274084199766,0.0058095370925524,0.0013140898025182,611,0.016168430513881,0.0833333333333333,936.0,611.7257682417359,0.7257682417358637,0.0011878367295185986,0.7257682417358637
786,0.5,400,415,13,1.75,237.1428571428572,0.0980187695516162,0.008849579758031,0.0570262908498661,0.0039889614795985,0.0058095370925524,0.0013094918726115,611,0.0108671049064787,0.1,640.0,611.7852675843045,0.7852675843045063,0.00128521699558839,0.7852675843045063
789,0.1,82,128,12,1.0,128.0,0.0980187695516162,0.0115680396246089,0.0464749058416465,0.0049271667531392,0.0058095370925524,0.0012444119405604,618,0.0116113555956202,0.0714285714285714,600.0,620.6853362598252,2.685336259825249,0.004345204303924351,2.685336259825249
789,0.2,164,213,12,1.0,213.0,0.0980187695516162,0.0101386910269401,0.0570262908498661,0.0046992758538104,0.0058095370925524,0.0012929002147124,618,0.0077441773570805,0.054054054054054,504.0,620.2718406572387,2.2718406572387266,0.003676117568347454,2.2718406572387266
789,0.3,246,294,12,1.0,294.0,0.0980187695516162,0.0098458570080795,0.0570262908498661,0.0044655636412458,0.0058095370925524,0.0013105608316594,618,0.0056593231162196,0.0416666666666666,560.0,617.9529831630608,0.047016836939178575,7.607902417342811e-05,-0.047016836939178575
789,0.5,410,397,12,1.5,264.6666666666667,0.0980187695516162,0.0090144278123464,0.0570262908498661,0.004072238382724,0.0058095370925524,0.001278631781471,618,0.0056318681318681,0.0769230769230769,352.0,602.5052524679976,15.494747532002407,0.02507240700971263,-15.494747532002407
792,0.1,84,125,12,1.0,125.0,0.0980187695516162,0.0114285714285713,0.0570262908498661,0.0058623060494894,0.0058095370925524,0.0014832456465182,617,0.0039561482161102,0.0384615384615384,2000.0,625.9205400428004,8.92054004280044,0.014457925515073645,8.92054004280044
792,0.2,168,223,13,1.0,223.0,0.0980187695516162,0.0104929929812911,0.0570262908498661,0.0049709818792114,0.0058095370925524,0.00138752363511,617,0.0105789417554123,0.0598290598290598,2400.0,624.6555469014269,7.655546901426874,0.012407693519330427,7.655546901426874
792,0.3,252,296,13,1.0,296.0,0.0980187695516162,0.009814559084632,0.0570262908498661,0.0045056651657717,0.0058095370925524,0.001332477454554,617,0.0231775362580316,0.1111111111111111,1180.0,621.3510068189372,4.351006818937208,0.007051874909136479,4.351006818937208
792,0.5,420,417,13,1.5,278.0,0.0980187695516162,0.0085895829738711,0.0570262908498661,0.0038777172104408,0.0058095370925524,0.001296248038204,617,0.0104172854172854,0.1428571428571428,256.0,619.991758903124,2.991758903124037,0.004848879907818536,2.991758903124037
795,0.1,85,120,12,1.0,120.0,0.0980187695516162,0.0121480709071949,0.0464749058416465,0.0049593346538515,0.0039956275909326,0.0012888428190761,641,0.0302114390036459,0.1818181818181818,800.0,627.2610455691419,13.738954430858143,0.021433626257188993,-13.738954430858143
795,0.2,169,227,12,1.0,227.0,0.0980187695516162,0.0100554450533549,0.0464749058416465,0.0042845562090519,0.0056186378747126,0.00129659144449,641,0.0134818020045008,0.074074074074074,1520.0,625.7920567293583,15.20794327064175,0.02372534051582176,-15.20794327064175
795,0.3,254,305,13,1.0,305.0,0.0980187695516162,0.0090975914118189,0.0570262908498661,0.0040256599538916,0.0056186378747126,0.0012500061778855,641,0.0099319811013359,0.0909090909090909,1000.0,626.3673236342826,14.63267636571743,0.022827888246049033,-14.63267636571743
795,0.5,423,437,13,1.666667,262.1999475600105,0.0980187695516162,0.0082752103998491,0.0570262908498661,0.003684085181163,0.0056186378747126,0.0012461628981674,641,0.0250598495212038,0.3333333333333333,360.0,629.0691668563945,11.930833143605469,0.01861284421779324,-11.930833143605469
796,0.1,83,131,12,1.0,131.0,0.0980187695516162,0.0099180921602495,0.0464749058416465,0.0043560855767727,0.0058095370925524,0.0012657167906896,632,0.0091536389330506,0.0588235294117647,570.0,627.966201353579,4.033798646421019,0.006382592794969967,-4.033798646421019
796,0.2,166,233,13,1.0,233.0,0.0980187695516162,0.0099755199219501,0.0570262908498661,0.0047272726363079,0.0058095370925524,0.0013007012275956,632,0.0021320346320346,0.0259740259740259,1560.0,623.8200154923422,8.179984507657764,0.012943013461483804,-8.179984507657764
796,0.3,248,313,13,1.0,313.0,0.0980187695516162,0.0093581239776523,0.0570262908498661,0.004269453087313,0.0058095370925524,0.0012572843741133,632,0.0202420546932742,0.1818181818181818,460.0,627.5727687686671,4.427231231332939,0.007005112707805284,-4.427231231332939
796,0.5,413,433,13,1.666667,259.7999480400104,0.0980187695516162,0.0085154137176186,0.0570262908498661,0.0037859499570186,0.0058095370925524,0.0012547888494814,632,0.0214342158386276,0.0909090909090909,308.0,621.6917571033844,10.308242896615639,0.016310510912366516,-10.308242896615639
804,0.1,80,113,13,1.0,113.0,0.0980187695516162,0.0133989129532052,0.0464749058416465,0.0058220946591519,0.0040871733233292,0.0012886154870963,619,0.01294877608529,0.0909090909090909,442.0,609.4014501577786,9.59854984222136,0.015506542556092665,-9.59854984222136
804,0.2,160,208,13,1.0,208.0,0.0980187695516162,0.0105227801395684,0.0464749058416465,0.0045219038337793,0.0040871733233292,0.0012698391248053,619,0.0054089352085091,0.0344827586206896,2124.0,614.0545859921475,4.9454140078524915,0.007989360271167192,-4.9454140078524915
804,0.3,240,298,13,1.0,298.0,0.0980187695516162,0.0094092700030092,0.0570262908498661,0.0042386679675796,0.0052421649220672,0.0012467932218755,619,0.0014705882352941,0.0294117647058823,306.0,613.1426425720687,5.857357427931333,0.0094626129691944,-5.857357427931333
804,0.5,399,423,13,1.666667,253.79994924001016,0.0980187695516162,0.0085786760736286,0.0570262908498661,0.0037502181618445,0.0056186378747126,0.0012065975370433,619,0.0067208994708994,0.0416666666666666,378.0,618.2370327162712,0.7629672837288126,0.00123258042605624,-0.7629672837288126
805,0.1,81,118,12,1.0,118.0,0.0980187695516162,0.0117088775383962,0.0464749058416465,0.0048971100286593,0.0056186378747126,0.0012451783234902,616,0.0149589066847131,0.08,1216.0,612.8528143069013,3.1471856930986633,0.005109067683601726,-3.1471856930986633
805,0.2,162,206,13,1.0,206.0,0.0980187695516162,0.0099820808487805,0.0464749058416465,0.0042962063347364,0.0058095370925524,0.0012399839032117,616,0.0149912382582472,0.1428571428571428,252.0,618.6652772006167,2.6652772006167424,0.004326748702299907,2.6652772006167424
805,0.3,243,279,13,1.0,279.0,0.0980187695516162,0.00907830363917,0.0464749058416465,0.0038814553695522,0.0058095370925524,0.001206208317483,616,0.0108197025310085,0.0930232558139534,1248.0,614.3587259737093,1.6412740262907164,0.0026644058868355784,-1.6412740262907164
805,0.5,405,422,13,1.5,281.3333333333333,0.0980187695516162,0.0087645602399813,0.0570262908498661,0.0039117856331389,0.0058095370925524,0.0012907377703193,616,0.0037123572170301,0.0555555555555555,900.0,614.557536942895,1.4424630571049875,0.002341660806988616,-1.4424630571049875
806,0.1,86,131,13,1.0,131.0,0.0980187695516162,0.0104354886212577,0.0570262908498661,0.0047076655966124,0.0045513414488271,0.0012638255847896,628,0.0170711757908421,0.125,510.0,630.4286507832068,2.4286507832067628,0.003867278317208221,2.4286507832067628
806,0.2,172,233,13,1.0,233.0,0.0980187695516162,0.0094116278133069,0.0570262908498661,0.0043736440812679,0.0052421649220672,0.0013244234770267,628,0.0099116161616161,0.1111111111111111,209.0,634.141556435212,6.14155643521201,0.009779548463713391,6.14155643521201
806,0.3,258,324,13,1.0,324.0,0.0980187695516162,0.0086670786184167,0.0570262908498661,0.0039525786004049,0.0052421649220672,0.0012632337373176,628,0.0063220551378446,0.0526315789473684,920.0,632.9265613494028,4.926561349402846,0.007844842913061856,4.926561349402846
806,0.5,429,447,13,1.5,298.0,0.0980187695516162,0.0080994137722692,0.0570262908498661,0.0035924927541133,0.0056186378747126,0.0012402121362064,628,0.0106878019323671,0.08,540.0,644.4356221056952,16.435622105695188,0.026171372779769407,16.435622105695188
807,0.1,84,123,12,1.0,123.0,0.0980187695516162,0.0127249760505946,0.0570262908498661,0.0059778278016342,0.0058095370925524,0.0014308450302138,615,0.0148377685988822,0.1111111111111111,756.0,624.9514294368308,9.951429436830836,0.0161811860761477,9.951429436830836
807,0.2,167,211,12,1.0,211.0,0.0980187695516162,0.0103336314980552,0.0570262908498661,0.0049012153526805,0.0058095370925524,0.0013615962684229,615,0.0095246534590796,0.0666666666666666,988.0,620.4643887734896,5.464388773489645,0.008885184997544138,5.464388773489645
807,0.3,251,296,13,1.0,296.0,0.0980187695516162,0.0095503480539976,0.0570262908498661,0.0044052860051602,0.0058095370925524,0.0013150518200426,615,0.0213032129161161,0.2,256.0,620.0137761322771,5.013776132277144,0.008152481515897795,5.013776132277144
807,0.5,417,426,13,1.5,284.0,0.0980187695516162,0.0086724727929621,0.0570262908498661,0.0039500325111845,0.0058095370925524,0.0012788019011929,615,0.0098633069828721,0.0666666666666666,300.0,622.1127848380036,7.112784838003563,0.011565503801631809,7.112784838003563
813,0.1,84,134,13,1.0,134.0,0.0980187695516162,0.0105598182186045,0.0492079830055308,0.0046363681465062,0.0058095370925524,0.0012523253420022,635,0.0569112874143526,1.0,576.0,631.0113470580181,3.9886529419818544,0.006281343215719455,-3.9886529419818544
813,0.2,168,231,13,1.0,231.0,0.0980187695516162,0.0097504164240347,0.0570262908498661,0.0044123433428163,0.0058095370925524,0.0013023329715767,635,0.0079945799457994,0.0833333333333333,612.0,626.6534050641236,8.346594935876396,0.013144243993506137,-8.346594935876396
813,0.3,251,307,13,1.0,307.0,0.0980187695516162,0.0091572043354063,0.0570262908498661,0.0041782242405788,0.0058095370925524,0.0012967841570734,635,0.0328787878787878,0.5,220.0,627.0166947770833,7.98330522291667,0.01257213420931759,-7.98330522291667
813,0.5,418,441,13,1.5,294.0,0.0980187695516162,0.0084720714841375,0.0570262908498661,0.0037583441965198,0.0058095370925524,0.0012670180646978,635,0.0,0.0,340.0,629.3216882452018,5.678311754798187,0.008942223235902658,-5.678311754798187
815,0.1,80,123,12,1.0,123.0,0.0594369134515119,0.0105886043219138,0.0267679426794943,0.0042978811643971,0.0040871733233292,0.0012801870494462,620,0.0146343329960787,0.1304347826086956,992.0,618.1868510210865,1.8131489789135458,0.0029244338369573317,-1.8131489789135458
815,0.2,159,220,12,1.0,220.0,0.0980187695516162,0.0106455588207412,0.0464749058416465,0.0047503309361417,0.0056186378747126,0.0013740036550299,620,0.011277025980262,0.0689655172413793,2166.0,609.937732621409,10.062267378590946,0.016229463513856363,-10.062267378590946
815,0.3,239,293,12,1.0,293.0,0.0980187695516162,0.0095911910515432,0.0464749058416465,0.0041583831406255,0.0056186378747126,0.001309980816041,620,0.0167535640992628,0.1428571428571428,704.0,612.0161531148443,7.983846885155685,0.012877172395412396,-7.983846885155685
815,0.5,397,423,13,1.555556,271.9284937347161,0.0980187695516162,0.0088720273531579,0.0570262908498661,0.0038239441873593,0.0058095370925524,0.0012750813640176,620,0.0037274618585298,0.0388349514563106,950.0,610.7358280899552,9.264171910044752,0.014942212758136696,-9.264171910044752
816,0.1,83,136,12,1.0,136.0,0.0980187695516162,0.0116849659571857,0.0570262908498661,0.0056262760366595,0.0058095370925524,0.0015012905658845,628,0.0062890812890812,0.037037037037037,768.0,619.8632951301469,8.136704869853133,0.012956536416963588,-8.136704869853133
816,0.2,165,225,13,1.0,225.0,0.0980187695516162,0.010571196848569,0.0570262908498661,0.0046984828934271,0.0058095370925524,0.0013355670768347,628,0.0090158045977011,0.125,580.0,620.8025708368644,7.197429163135553,0.011460874463591644,-7.197429163135553
816,0.3,247,310,13,1.0,310.0,0.0980187695516162,0.0093477748999293,0.0570262908498661,0.0041219086294125,0.0058095370925524,0.0012756337622381,628,0.0189164050358872,0.1052631578947368,1848.0,624.3366781836378,3.663321816362213,0.005833314994207346,-3.663321816362213
816,0.5,411,420,13,1.666667,251.9999496000101,0.0980187695516162,0.0085505735140771,0.0570262908498661,0.0037456607081281,0.0058095370925524,0.0012436069133888,628,0.0166370519566799,0.0652173913043478,648.0,618.3860657808517,9.613934219148291,0.015308812450873075,-9.613934219148291
819,0.1,90,145,12,1.0,145.0,0.0980187695516162,0.0109021610154255,0.0464749058416465,0.0046782293971842,0.0058095370925524,0.0013567302668201,633,0.012646940618543,0.0666666666666666,264.0,636.1726960669519,3.1726960669518576,0.005012158083652223,3.1726960669518576
819,0.2,179,242,12,1.0,242.0,0.0980187695516162,0.0100871258800919,0.0570262908498661,0.0044621997989899,0.0058095370925524,0.0013465284914437,633,0.0062925278219395,0.0588235294117647,700.0,634.2108860709845,1.210886070984543,0.001912932181650147,1.210886070984543
819,0.3,268,314,12,1.0,314.0,0.0980187695516162,0.0093947384151484,0.0570262908498661,0.0042026530810821,0.0058095370925524,0.0013294206662964,633,0.0171673990697196,0.1666666666666666,4000.0,631.2556333811076,1.7443666188923999,0.0027557134579658765,-1.7443666188923999
819,0.5,447,437,12,1.666667,262.1999475600105,0.0980187695516162,0.008382587697425,0.0570262908498661,0.0036242923240052,0.0058095370925524,0.0012660787096114,633,0.0065922990783013,0.0638297872340425,1040.0,632.5174199065234,0.48258009347659936,0.0007623698159187984,-0.48258009347659936
820,0.1,82,119,13,1.0,119.0,0.0980187695516162,0.0102347508346403,0.0464749058416465,0.0040911695504634,0.0039254903849993,0.0011556767337503,630,0.0042272561198392,0.0434782608695652,600.0,618.232973279378,11.76702672062197,0.018677820191463444,-11.76702672062197
820,0.2,163,228,13,1.0,228.0,0.0980187695516162,0.0100067687466841,0.0570262908498661,0.0044481110526621,0.0056186378747126,0.0013737499784134,630,0.0119994544462629,0.1333333333333333,1152.0,621.4628817298131,8.537118270186852,0.013550981381248972,-8.537118270186852
820,0.3,244,309,13,1.0,309.0,0.0980187695516162,0.008777346953238,0.0570262908498661,0.0039118618580598,0.0056186378747126,0.0013085351021721,630,0.0056666666666666,0.08,234.0,622.6162500834279,7.383749916572128,0.011720237962812902,-7.383749916572128
820,0.5,406,443,13,1.5,295.3333333333333,0.0980187695516162,0.0083302537208387,0.0570262908498661,0.003742989397134,0.0056186378747126,0.0013002898235011,630,0.0100671717088508,0.0909090909090909,522.0,633.0670347392922,3.0670347392922395,0.004868309109987682,3.0670347392922395
822,0.1,83,125,13,1.0,125.0,0.0980187695516162,0.0118289885297184,0.0570262908498661,0.0052469508381041,0.0040871733233292,0.0012985537554907,617,0.0099935875821005,0.0714285714285714,663.0,621.1186907544707,4.118690754470663,0.006675349683096698,4.118690754470663
822,0.2,165,223,13,1.0,223.0,0.0980187695516162,0.009843025947245,0.0570262908498661,0.0042560914455948,0.0040871733233292,0.0012346049560461,617,0.0146775515917453,0.0666666666666666,512.0,622.4557807768201,5.45578077682012,0.008842432377342172,5.45578077682012
822,0.3,248,303,13,1.0,303.0,0.0980187695516162,0.0089821286612498,0.0570262908498661,0.0038500098434812,0.0056186378747126,0.0011987341520551,617,0.0093502305228311,0.0714285714285714,640.0,622.9869291358733,5.986929135873311,0.009703288712922708,5.986929135873311
822,0.5,413,430,13,1.333333,322.50008062502013,0.0980187695516162,0.0084293231806387,0.0570262908498661,0.0036951281229451,0.0058095370925524,0.0012498322250704,617,0.0,0.0,930.0,622.7012221667702,5.701222166770208,0.00924023041615917,5.701222166770208
832,0.1,87,128,13,1.0,128.0,0.0980187695516162,0.011787995307612,0.0464749058416465,0.0050463079040183,0.0040871733233292,0.0012818795118811,630,0.011485469187675,0.0833333333333333,544.0,634.811370252585,4.811370252584993,0.007637095639023798,4.811370252584993
832,0.2,174,225,13,1.0,225.0,0.0980187695516162,0.0109095122233807,0.0570262908498661,0.0048812753765217,0.0048729601732022,0.0013226528890811,630,0.0011904761904761,0.0238095238095238,598.0,633.2439834138039,3.243983413803903,0.005149180021910957,3.243983413803903
832,0.3,261,299,13,1.0,299.0,0.0980187695516162,0.0098067594100599,0.0570262908498661,0.0044643481164792,0.0058095370925524,0.0013107682536705,630,0.0106477829024557,0.1071428571428571,900.0,629.0563952191129,0.9436047808870853,0.001497785366487437,-0.9436047808870853
832,0.5,434,436,13,1.6,272.5,0.0980187695516162,0.0087677339736537,0.0570262908498661,0.0040292639178153,0.0058095370925524,0.0012798665619085,630,0.0203956582633053,0.1666666666666666,374.0,625.8126490517049,4.187350948295148,0.006646588806817694,-4.187350948295148
836,0.1,89,133,13,1.0,133.0,0.0980187695516162,0.0118387731581298,0.0492079830055308,0.0054347987639937,0.0058095370925524,0.0013540167555258,641,0.01559094810932,0.109090909090909,1000.0,637.1470259535184,3.852974046481563,0.006010879947709147,-3.852974046481563
836,0.2,178,237,13,1.0,237.0,0.0980187695516162,0.010717915550217,0.0570262908498661,0.0049112658055014,0.0058095370925524,0.0013705501600371,641,0.0449498361998362,0.625,1200.0,633.9329368240167,7.067063175983321,0.011025059556916258,-7.067063175983321
836,0.3,267,321,13,1.0,321.0,0.0980187695516162,0.00968038487651,0.0570262908498661,0.0044783753671538,0.0058095370925524,0.0013305201503895,641,0.0104166666666666,0.1,600.0,634.4640984174395,6.535901582560541,0.01019641432536746,-6.535901582560541
836,0.5,445,450,13,1.5,300.0,0.0980187695516162,0.0084208087127794,0.0570262908498661,0.003766053420919,0.0058095370925524,0.00124757737615,641,0.0078352490421455,0.0666666666666666,936.0,641.7578896893818,0.757889689381841,0.0011823552096440577,0.757889689381841
839,0.1,83,133,12,1.0,133.0,0.0980187695516162,0.0119642171121233,0.0570262908498661,0.0056457091616917,0.0052421649220672,0.0013872172660236,612,0.006393018018018,0.0666666666666666,1003.0,620.4601381930128,8.460138193012767,0.013823755217341123,8.460138193012767
839,0.2,166,223,12,1.0,223.0,0.0980187695516162,0.010806286443745,0.0570262908498661,0.0050439992180969,0.0056186378747126,0.0014117114983955,612,0.0026494565217391,0.03125,522.0,618.9582480410745,6.958248041074512,0.01136968634162502,6.958248041074512
839,0.3,249,298,12,1.0,298.0,0.0980187695516162,0.0099656381437598,0.0570262908498661,0.0045964211430728,0.0056186378747126,0.001343534160433,612,0.0101399964557859,0.0909090909090909,385.0,619.4057310458363,7.405731045836319,0.01210086772195477,7.405731045836319
839,0.5,414,426,12,1.5,284.0,0.0980187695516162,0.0086014872691134,0.0570262908498661,0.0038286104613972,0.0056186378747126,0.0012733218114504,612,0.0278621998524547,0.1034482758620689,315.0,618.5591695122177,6.55916951221775,0.010717597242185866,6.55916951221775
840,0.1,84,127,12,1.0,127.0,0.0980187695516162,0.0122338722258257,0.0570262908498661,0.0056020099036304,0.0044179097289399,0.0014337100880245,616,0.0069867086262492,0.0606060606060606,1824.0,624.889545832778,8.889545832778026,0.014431080897366926,8.889545832778026
840,0.2,167,232,13,1.0,232.0,0.0980187695516162,0.0111556578332314,0.0570262908498661,0.0049102625668227,0.0056186378747126,0.001402201367544,616,0.023418487788494,0.1818181818181818,819.0,625.3204879698752,9.320487969875217,0.015130662288758468,9.320487969875217
840,0.3,250,318,13,1.0,318.0,0.0980187695516162,0.0097749883592053,0.0570262908498661,0.0042275168702719,0.0056186378747126,0.0012997738297798,616,0.0008928571428571,0.0178571428571428,680.0,624.3247657249386,8.32476572493863,0.01351423007295232,8.32476572493863
840,0.5,416,427,13,1.666667,256.1999487600103,0.0980187695516162,0.0087156557010742,0.0570262908498661,0.0037354254870656,0.0056186378747126,0.0012776606383388,616,0.0212918871252204,0.125,1302.0,617.9068926767345,1.9068926767345147,0.0030956049946988876,1.9068926767345147
841,0.1,86,132,13,1.0,132.0,0.0980187695516162,0.0117625683319113,0.0464749058416465,0.0051642537903207,0.0056186378747126,0.001424070195994,641,0.015432453416149,0.0869565217391304,324.0,630.2900871384734,10.709912861526618,0.016708132389277094,-10.709912861526618
841,0.2,171,232,13,1.0,232.0,0.0980187695516162,0.0107376577613174,0.0570262908498661,0.0048314967184902,0.0056186378747126,0.001367920253063,641,0.0108283248081841,0.0705882352941176,1608.0,629.0839022285226,11.916097771477439,0.018589856117749513,-11.916097771477439
841,0.3,257,309,13,1.0,309.0,0.0980187695516162,0.0095062615791125,0.0570262908498661,0.0041737709212803,0.0056186378747126,0.0013004936819396,641,0.0064230769230769,0.05,460.0,627.192438534858,13.807561465142044,0.021540657511922065,-13.807561465142044
841,0.5,427,439,13,1.666667,263.39994732001054,0.0980187695516162,0.0083990299310452,0.0570262908498661,0.0037298754510657,0.0056186378747126,0.001272684511575,641,0.0111840093068639,0.0606060606060606,288.0,631.2514018634713,9.748598136528699,0.015208421429841964,-9.748598136528699
843,0.1,82,113,13,1.0,113.0,0.0980187695516162,0.011248811907684,0.0464749058416465,0.0042410946030672,0.0056186378747126,0.0010748304899994,626,0.0116487939552455,0.0833333333333333,1400.0,622.4000382501629,3.599961749837121,0.0057507376195481165,-3.599961749837121
843,0.2,164,216,13,1.0,216.0,0.0980187695516162,0.0096647742633143,0.0464749058416465,0.0040500611097039,0.0056186378747126,0.0012868892399373,626,0.0068376068376068,0.1111111111111111,493.0,621.1745496524575,4.825450347542528,0.007708387136649406,-4.825450347542528
843,0.3,246,303,13,1.0,303.0,0.0980187695516162,0.0088547958028336,0.0492079830055308,0.0038666747587699,0.0056186378747126,0.0012525471654552,626,0.0063095238095238,0.0666666666666666,767.0,621.20214516084,4.797854839159982,0.007664304854888149,-4.797854839159982
843,0.5,410,432,13,1.5,288.0,0.0980187695516162,0.008684779670181,0.0570262908498661,0.0039165341480687,0.0058095370925524,0.0012739859551602,626,0.0054363893441305,0.048780487804878,800.0,620.0881211101503,5.911878889849731,0.00944389599017529,-5.911878889849731
847,0.1,86,133,12,1.0,133.0,0.0980187695516162,0.0110077069629234,0.0570262908498661,0.0046490774682171,0.0039254903849993,0.0011381070461667,632,0.0307355469589512,0.2222222222222222,650.0,635.6121363715157,3.612136371515703,0.005715405651132442,3.612136371515703
847,0.2,171,234,13,1.0,234.0,0.0980187695516162,0.0104498097198826,0.0570262908498661,0.0045467195310006,0.0052421649220672,0.0012653243915178,632,0.0214593925344432,0.1,1170.0,630.5055179130239,1.4944820869760633,0.002364686846481113,-1.4944820869760633
847,0.3,256,327,13,1.0,327.0,0.0980187695516162,0.0093337542610963,0.0570262908498661,0.0040921501469747,0.0052421649220672,0.0012205052586263,632,0.0011904761904761,0.0238095238095238,575.0,638.8777717588517,6.877771758851736,0.010882550251347684,6.877771758851736
847,0.5,427,455,13,1.5,303.3333333333333,0.0980187695516162,0.0083901499959893,0.0570262908498661,0.0037395126481636,0.0058095370925524,0.0012315170248768,632,0.0122760171251963,0.0588235294117647,320.0,640.5761605471113,8.576160547111272,0.01356987428340391,8.576160547111272
848,0.1,86,138,12,1.0,138.0,0.0980187695516162,0.0108657871272913,0.0464749058416465,0.0048779619443099,0.0039956275909326,0.0013628495098438,638,0.0108164333086933,0.0526315789473684,1596.0,632.1591134938511,5.840886506148877,0.009154994523744322,-5.840886506148877
848,0.2,171,238,12,1.0,238.0,0.0980187695516162,0.009901770927349,0.0464749058416465,0.0043997043863857,0.0058095370925524,0.001373857002155,638,0.0130878037579748,0.1304347826086956,840.0,630.5058379624966,7.494162037503429,0.011746335481980296,-7.494162037503429
848,0.3,257,324,12,1.0,324.0,0.0980187695516162,0.0091401794564811,0.0570262908498661,0.0041531146339569,0.0058095370925524,0.0013334315110895,638,0.0051668810748999,0.0333333333333333,696.0,627.1816037010501,10.818396298949892,0.01695673401089325,-10.818396298949892
848,0.5,427,448,13,1.5,298.6666666666667,0.0980187695516162,0.0082046961120214,0.0570262908498661,0.003699380280908,0.0058095370925524,0.0012714975664628,638,0.0070488721804511,0.1052631578947368,252.0,642.1423746171754,4.142374617175392,0.006492750183660489,4.142374617175392
849,0.1,81,117,13,1.0,117.0,0.0980187695516162,0.0116663547320481,0.0464749058416465,0.0048299113264009,0.0039956275909326,0.0011523278801559,618,0.0153309725620097,0.0909090909090909,1064.0,614.1230483286074,3.8769516713925896,0.006273384581541407,-3.8769516713925896
849,0.2,162,236,13,1.0,236.0,0.0980187695516162,0.0096896484685671,0.0464749058416465,0.0040408914430957,0.0058095370925524,0.0012512354914861,618,0.003030303030303,0.0606060606060606,760.0,619.6102439172048,1.610243917204798,0.0026055726815611617,1.610243917204798
849,0.3,243,316,13,1.0,316.0,0.0980187695516162,0.0090778896793864,0.0570262908498661,0.0039222665518331,0.0058095370925524,0.0012330389916842,618,0.010758750293634,0.0909090909090909,456.0,623.9725037590407,5.9725037590407055,0.009664245564790785,5.9725037590407055
849,0.5,404,431,13,1.5,287.3333333333333,0.0980187695516162,0.008530734596411,0.0570262908498661,0.0036706487823968,0.0058095370925524,0.0012371192126799,618,0.0075699456653961,0.0666666666666666,1120.0,622.6774375868905,4.677437586890505,0.007568669234450656,4.677437586890505
854,0.1,82,126,12,1.0,126.0,0.0594369134515119,0.0118261416488736,0.0293591471972982,0.0051338626886356,0.0056186378747126,0.0014304779555753,612,0.0066269091269091,0.0571428571428571,540.0,615.916232662676,3.9162326626759523,0.00639907297822868,3.9162326626759523
854,0.2,163,217,13,1.0,217.0,0.0980187695516162,0.0107542899429608,0.0464749058416465,0.0047335583419873,0.0056186378747126,0.0013472475205769,612,0.0087896254984581,0.0434782608695652,2000.0,619.5255615615587,7.525561561558675,0.01229666921823313,7.525561561558675
854,0.3,244,306,13,1.0,306.0,0.0980187695516162,0.0094870064814246,0.0464749058416465,0.0040383880969883,0.0056186378747126,0.0012625926181656,612,0.0258334512303688,0.125,1500.0,624.8610184845827,12.8610184845827,0.021014736085919444,12.8610184845827
854,0.5,406,428,13,1.666667,256.7999486400103,0.0980187695516162,0.0085612934033698,0.0570262908498661,0.0037769417313504,0.0058095370925524,0.001243257489968,612,0.007754944426283,0.0625,1742.0,619.0371151212719,7.037115121271881,0.011498554119725297,7.037115121271881
856,0.1,83,128,12,1.0,128.0,0.0656934306569343,0.0088226668404587,0.0570262908498661,0.003654792016668,0.0044179097289399,0.0012226551820363,617,0.0059667359667359,0.0769230769230769,780.0,622.5367974278927,5.5367974278926795,0.008973739753472739,5.5367974278926795
856,0.2,165,226,12,1.0,226.0,0.0980187695516162,0.0098415569315381,0.0570262908498661,0.0041447292010245,0.0044179097289399,0.0012815821797344,617,0.006084656084656,0.074074074074074,531.0,621.381129149112,4.381129149111985,0.00710069554151051,4.381129149111985
856,0.3,248,292,12,1.0,292.0,0.0980187695516162,0.0097490250974902,0.0570262908498661,0.0042750007703335,0.0056186378747126,0.0013278181980728,617,0.0137487839909707,0.0869565217391304,1139.0,618.1461536331243,1.1461536331242996,0.0018576233924218794,1.1461536331242996
856,0.5,412,430,13,1.5,286.6666666666667,0.0980187695516162,0.0086742488541843,0.0570262908498661,0.0038104988217355,0.0058095370925524,0.0012913241897679,617,0.0229411764705882,0.4,184.0,619.2103595615233,2.210359561523319,0.003582430407655298,2.210359561523319
857,0.1,82,125,13,1.0,125.0,0.0980187695516162,0.0111949947862356,0.0464749058416465,0.0046313872807018,0.0056186378747126,0.0012897082674635,615,0.0078415032679738,0.0555555555555555,500.0,621.689604588941,6.689604588941052,0.010877405835676507,6.689604588941052
857,0.2,163,218,13,1.0,218.0,0.0980187695516162,0.0102457644143842,0.0464749058416465,0.0043603976525229,0.0058095370925524,0.0013357811126223,615,0.0039222148978246,0.054054054054054,420.0,621.0011229980989,6.001122998098936,0.00975792357414461,6.001122998098936
857,0.3,245,305,13,1.0,305.0,0.0980187695516162,0.0092822099523068,0.0464749058416465,0.003982826492778,0.0058095370925524,0.001327970245393,615,0.0222667018889429,0.2,416.0,620.2085784126016,5.208578412601582,0.008469233191222085,5.208578412601582
857,0.5,407,435,13,1.5,290.0,0.0980187695516162,0.0084882480553257,0.0570262908498661,0.0037721936052787,0.0058095370925524,0.001270743608216,615,0.0102655075187969,0.0526315789473684,260.0,620.7731059058209,5.773105905820898,0.009387164074505527,5.773105905820898
858,0.1,82,128,12,1.0,128.0,0.0980187695516162,0.0111688607924921,0.0464749058416465,0.004808633038089,0.0058095370925524,0.0013311186388736,631,0.0203480604115237,0.0967741935483871,2000.0,621.3716446765151,9.628355323484925,0.01525888323848641,-9.628355323484925
858,0.2,164,228,12,1.0,228.0,0.0980187695516162,0.0103726469458316,0.0570262908498661,0.0048934102448277,0.0058095370925524,0.0013918459407069,631,0.0170200101317122,0.238095238095238,2166.0,621.5997547916608,9.400245208339243,0.01489737750925395,-9.400245208339243
858,0.3,246,314,13,1.0,314.0,0.0980187695516162,0.0097567131366935,0.0570262908498661,0.0045463977452902,0.0058095370925524,0.0013264947696875,631,0.0141792929292929,0.1666666666666666,826.0,618.1615479791668,12.838452020833188,0.020346199716058933,-12.838452020833188
858,0.5,410,439,13,1.666667,263.39994732001054,0.0980187695516162,0.0089453469231664,0.0570262908498661,0.0040720234839041,0.0058095370925524,0.001292409360629,631,0.0371910932205049,0.4285714285714285,506.0,622.66864706182,8.331352938179975,0.013203411946402496,-8.331352938179975
861,0.1,85,128,13,1.0,128.0,0.0980187695516162,0.0103134775808133,0.0464749058416465,0.0041417185429315,0.0039254903849993,0.0011927324052927,649,0.0142709090094874,0.0909090909090909,2800.0,626.8112751413563,22.188724858643695,0.03418909839544483,-22.188724858643695
861,0.2,170,232,13,1.0,232.0,0.0980187695516162,0.0098522167487684,0.0464749058416465,0.0041004281578612,0.0056186378747126,0.0012389061467819,649,0.0086984730549553,0.0606060606060606,828.0,630.9129081805319,18.087091819468128,0.02786917075418818,-18.087091819468128
861,0.3,255,315,13,1.0,315.0,0.0980187695516162,0.0087591240875911,0.0464749058416465,0.0036969277163155,0.0056186378747126,0.0012284058535989,649,0.0124522144522144,0.0769230769230769,1000.0,634.407730277478,14.592269722522019,0.022484236860588626,-14.592269722522019
861,0.5,424,444,13,1.5,296.0,0.0980187695516162,0.0082927035481779,0.0570262908498661,0.0036647945275513,0.0056186378747126,0.001241825671129,649,0.0041528404095408,0.0476190476190476,469.0,639.0681665810956,9.931833418904375,0.015303287240222459,-9.931833418904375
863,0.1,82,120,13,1.0,120.0,0.0980187695516162,0.0123479318734792,0.0570262908498661,0.005636250003623,0.0040328017800694,0.0013484626218993,618,0.0171360634842654,0.1123595505617977,2144.0,621.9744585609687,3.974458560968742,0.006431162720014145,3.974458560968742
863,0.2,164,224,13,1.0,224.0,0.0980187695516162,0.0097618426932816,0.0570262908498661,0.0043020128850512,0.0040328017800694,0.0013115215090968,618,0.0080465519541149,0.1111111111111111,400.0,622.2052660004645,4.205266000464462,0.006804637541204631,4.205266000464462
863,0.3,246,306,13,1.0,306.0,0.0980187695516162,0.0093949988754625,0.0570262908498661,0.0042816584346233,0.0045513414488271,0.0013075947307069,618,0.0135524737737731,0.1034482758620689,598.0,621.5732756219375,3.573275621937455,0.005781999388248309,3.573275621937455
863,0.5,410,428,13,1.5,285.3333333333333,0.0980187695516162,0.0087562004814204,0.0570262908498661,0.0039562720625735,0.0056186378747126,0.0013054410774422,618,0.0104520697167755,0.074074074074074,702.0,618.0385724857734,0.03857248577344308,6.241502552337068e-05,0.03857248577344308
870,0.1,82,122,13,1.0,122.0,0.0980187695516162,0.0115557530897963,0.0464749058416465,0.0050188912795948,0.0039956275909326,0.0012526410810014,617,0.0154520685192504,0.1052631578947368,646.0,620.9291689855646,3.9291689855646155,0.0063681831208502685,3.9291689855646155
870,0.2,163,230,13,1.0,230.0,0.0980187695516162,0.0096567982953257,0.0492079830055308,0.004291684016408,0.0056186378747126,0.0013046164011837,617,0.011300505050505,0.125,1440.0,622.7721591754378,5.772159175437764,0.0093552012567873,5.772159175437764
870,0.3,245,301,13,1.0,301.0,0.0980187695516162,0.0089725246744428,0.0570262908498661,0.0040462256571629,0.0056186378747126,0.0012584294662687,617,0.0069617764647088,0.0434782608695652,532.0,620.7935696077133,3.793569607713266,0.006148411033570934,3.793569607713266
870,0.5,408,446,13,1.4,318.5714285714286,0.0980187695516162,0.0082438264821819,0.0570262908498661,0.0035632283405847,0.0056186378747126,0.0012205282458067,617,0.0136630010856017,0.1818181818181818,306.0,637.7813527539089,20.78135275390889,0.03368128485236449,20.78135275390889
872,0.1,81,123,13,1.0,123.0,0.0980187695516162,0.0117500445077442,0.0464749058416465,0.0047812681029565,0.0037580805554219,0.0012425332880285,615,0.0085937604279288,0.0588235294117647,1500.0,615.9734872347904,0.9734872347903547,0.001582906072829845,0.9734872347903547
872,0.2,162,214,13,1.0,214.0,0.0980187695516162,0.0103252024597272,0.0464749058416465,0.0043037518075542,0.0056186378747126,0.0012690687476948,615,0.02182416635905,0.1428571428571428,500.0,617.7214156133457,2.721415613345698,0.004425066037960485,2.721415613345698
872,0.3,243,283,13,1.0,283.0,0.0980187695516162,0.009480576424942,0.0464749058416465,0.0039533876948816,0.0056186378747126,0.0012226051690527,615,0.022497857688778,0.1666666666666666,1888.0,615.8745048298407,0.8745048298407028,0.0014219590729117118,0.8745048298407028
872,0.5,404,420,13,1.666667,251.9999496000101,0.0980187695516162,0.008644917821143,0.0570262908498661,0.0038115952126115,0.0056186378747126,0.0012376683037166,615,0.0078035099509526,0.0555555555555555,750.0,615.3701915626418,0.3701915626418213,0.0006019375002306038,0.3701915626418213
875,0.1,80,123,13,1.0,123.0,0.0980187695516162,0.0113261612282441,0.0570262908498661,0.0046779360610235,0.0044179097289399,0.0011916911597935,623,0.0060855706204543,0.0714285714285714,360.0,612.0231404821399,10.976859517860134,0.017619357171525095,-10.976859517860134
875,0.2,160,214,13,1.0,214.0,0.0980187695516162,0.0099500063344799,0.0570262908498661,0.0042768441383162,0.0044179097289399,0.00121172979095,623,0.0096738565488565,0.0769230769230769,576.0,616.7847542640019,6.21524573599811,0.009976317393255394,-6.21524573599811
875,0.3,240,302,13,1.0,302.0,0.0980187695516162,0.009460737937559,0.0570262908498661,0.0041160998330974,0.0052421649220672,0.0012641533486688,623,0.0093412403275486,0.0588235294117647,600.0,613.5407231098645,9.45927689013547,0.015183430000217449,-9.45927689013547
875,0.5,400,433,13,1.5,288.6666666666667,0.0980187695516162,0.0086045173113833,0.0570262908498661,0.0037310065232283,0.0056186378747126,0.0012419409540928,623,0.0094230769230769,0.0714285714285714,324.0,619.7122401793022,3.287759820697829,0.005277303082982069,-3.287759820697829
876,0.1,83,122,12,1.0,122.0,0.0980187695516162,0.0128720149062376,0.0464749058416465,0.0054934444650711,0.0056186378747126,0.0013446578527775,625,0.0113362235959255,0.1428571428571428,702.0,619.0842515362654,5.915748463734644,0.009465197541975431,-5.915748463734644
876,0.2,165,229,13,1.0,229.0,0.0980187695516162,0.0110468054878853,0.0492079830055308,0.0049071977377847,0.0058095370925524,0.0013736193576504,625,0.0215935604732147,0.1,380.0,621.2207290891431,3.7792709108568943,0.0060468334573710305,-3.7792709108568943
876,0.3,247,315,13,1.0,315.0,0.0980187695516162,0.0098250492411075,0.0570262908498661,0.0044260321052532,0.0058095370925524,0.0013122369789377,625,0.0205590194689031,0.125,420.0,620.4420999170653,4.55790008293468,0.007292640132695488,-4.55790008293468
876,0.5,412,430,13,1.6,268.75,0.0980187695516162,0.0087106239542158,0.0570262908498661,0.0038881921541928,0.0058095370925524,0.0012721181525246,625,0.0105644338380513,0.0625,513.0,618.3275364620324,6.672463537967587,0.01067594166074814,-6.672463537967587
879,0.1,82,122,13,1.0,122.0,0.0980187695516162,0.0126326945759756,0.0464749058416465,0.0052636216069656,0.0039254903849993,0.0013127240838442,612,0.0186663648159693,0.0666666666666666,3000.0,619.2156198153967,7.215619815396735,0.011790228456530613,7.215619815396735
879,0.2,163,229,13,1.0,229.0,0.0980187695516162,0.0106870785161034,0.0492079830055308,0.0047875766450107,0.0058095370925524,0.001376681718982,612,0.0068384999419482,0.074074074074074,780.0,620.8271307054673,8.827130705467312,0.014423416185404103,8.827130705467312
879,0.3,244,314,13,1.0,314.0,0.0980187695516162,0.0096604079355485,0.0570262908498661,0.0042745169679559,0.0058095370925524,0.0013204880368699,612,0.0122737262737262,0.0606060606060606,608.0,617.4440615517725,5.444061551772506,0.008895525411392984,5.444061551772506
879,0.5,406,432,13,1.666667,259.1999481600104,0.0980187695516162,0.00862443517553,0.0570262908498661,0.0037649646927246,0.0058095370925524,0.0012680301582342,612,0.0155456349206349,0.1428571428571428,544.0,621.0803365259558,9.080336525955772,0.014837151186202243,9.080336525955772
881,0.1,86,133,13,1.0,133.0,0.0980187695516162,0.0123013477384806,0.0464749058416465,0.0052631060902387,0.0056186378747126,0.0013758761781309,615,0.0100787536380756,0.0666666666666666,720.0,631.2452138767435,16.24521387674349,0.02641498191340405,16.24521387674349
881,0.2,172,225,13,1.0,225.0,0.0980187695516162,0.0106453481635962,0.0464749058416465,0.0045531758437835,0.0056186378747126,0.0012839855874369,615,0.0174972218060133,0.1666666666666666,1260.0,630.4252858137455,15.425285813745518,0.02508176555080572,15.425285813745518
881,0.3,258,305,13,1.0,305.0,0.0980187695516162,0.0093437494658027,0.0464749058416465,0.0038465838530087,0.0056186378747126,0.0012151676841847,615,0.0126039776164549,0.0833333333333333,1560.0,630.420644059542,15.420644059542042,0.02507421798299519,15.420644059542042
881,0.5,429,430,13,1.5,286.6666666666667,0.0980187695516162,0.0085117734073768,0.0570262908498661,0.0036548019767205,0.0058095370925524,0.0012440419437396,615,0.0133838383838383,0.1111111111111111,286.0,629.3401946485973,14.340194648597276,0.023317389672515895,14.340194648597276
887,0.1,83,116,12,1.0,116.0,0.0980187695516162,0.0120186257236344,0.0492079830055308,0.0054001990712374,0.0045513414488271,0.0012234613424361,631,0.0425420168067226,0.7142857142857143,1050.0,622.9326521265039,8.067347873496146,0.012785020401737157,-8.067347873496146
887,0.2,166,213,13,1.0,213.0,0.0980187695516162,0.0106478285773031,0.0570262908498661,0.0046100916769507,0.0045513414488271,0.0012339402197854,631,0.0229630933675051,0.1428571428571428,2400.0,620.1120060377809,10.88799396221907,0.017255140986084105,-10.88799396221907
887,0.3,249,293,13,1.0,293.0,0.0980187695516162,0.0097548996928683,0.0570262908498661,0.0042464334766178,0.0056186378747126,0.0012168944056566,631,0.0265968508615567,0.2727272727272727,360.0,620.8374928444213,10.162507155578737,0.01610539961264459,-10.162507155578737
887,0.5,415,427,13,1.5,284.6666666666667,0.0980187695516162,0.008637510287111,0.0570262908498661,0.0038485306385857,0.0058095370925524,0.0012380007848859,631,0.0115530303030303,0.0833333333333333,266.0,619.3479351899382,11.652064810061802,0.018466029809923616,-11.652064810061802
888,0.1,87,135,12,1.0,135.0,0.0980187695516162,0.0125439307921059,0.0492079830055308,0.0054390044339969,0.0045513414488271,0.0013148514200921,618,0.0163046469001657,0.1025641025641025,1140.0,633.6564132630167,15.656413263016702,0.025334002043716348,15.656413263016702
888,0.2,174,241,12,1.0,241.0,0.0980187695516162,0.0104015680233991,0.0570262908498661,0.0044271894826211,0.0045513414488271,0.0012682353661228,618,0.0149882154882154,0.0714285714285714,1296.0,635.4195949179981,17.419594917998097,0.02818704679287718,17.419594917998097
888,0.3,261,320,12,1.0,320.0,0.0980187695516162,0.0093815172054222,0.0570262908498661,0.0040602537211375,0.0052421649220672,0.0012783188121675,618,0.0061335403726708,0.0434782608695652,450.0,635.5993399977751,17.599339997775132,0.02847789643652934,17.599339997775132
888,0.5,434,433,13,1.666667,259.7999480400104,0.0980187695516162,0.0087080701365692,0.0570262908498661,0.003869053053188,0.0056186378747126,0.0012967614611762,618,0.0182759784075573,0.1052631578947368,169.0,623.8855005422798,5.8855005422798286,0.009523463660646972,5.8855005422798286
889,0.1,81,129,13,1.0,129.0,0.0980187695516162,0.0111631140318968,0.0464749058416465,0.0043564552103306,0.0032604583829249,0.0011165293153294,633,0.0102874325773866,0.0689655172413793,2950.0,611.263005080931,21.736994919069048,0.03433964442191003,-21.736994919069048
889,0.2,162,224,13,1.0,224.0,0.0980187695516162,0.0095942574109935,0.0492079830055308,0.0040555299021081,0.0056186378747126,0.0012082182991089,633,0.0077185314685314,0.0909090909090909,560.0,620.0596611345948,12.940338865405238,0.020442873405063566,-12.940338865405238
889,0.3,243,299,13,1.0,299.0,0.0980187695516162,0.0089279175283617,0.0570262908498661,0.0040041182833155,0.0058095370925524,0.001236493451356,633,0.0013157894736842,0.0263157894736842,520.0,618.1533461928799,14.846653807120106,0.02345442939513445,-14.846653807120106
889,0.5,405,447,13,1.5,298.0,0.0980187695516162,0.0083046984531332,0.0570262908498661,0.003716989496403,0.0058095370925524,0.0012509705405864,633,0.0089043039503191,0.032258064516129,1326.0,632.4123767083057,0.5876232916942854,0.000928314836799819,-0.5876232916942854
890,0.1,83,128,13,1.0,128.0,0.0980187695516162,0.0107615354535974,0.0464749058416465,0.0043274211678094,0.0039956275909326,0.0011517461796976,622,0.0040969899665551,0.0434782608695652,260.0,621.5831468245262,0.41685317547376144,0.0006701819541378801,-0.41685317547376144
890,0.2,166,233,13,1.0,233.0,0.0980187695516162,0.0097249012069975,0.0570262908498661,0.0042229520111979,0.0052421649220672,0.0012585500048637,622,0.0070833333333333,0.0666666666666666,612.0,622.6282970305931,0.628297030593103,0.0010101238433972719,0.628297030593103
890,0.3,248,314,13,1.0,314.0,0.0980187695516162,0.0092751871309683,0.0570262908498661,0.0040547654283795,0.0058095370925524,0.0012817659062641,622,0.0424316334072431,0.5555555555555556,340.0,624.8003275537017,2.8003275537016634,0.00450213433071007,2.8003275537016634
890,0.5,413,427,13,1.5,284.6666666666667,0.0980187695516162,0.0086961193475834,0.0570262908498661,0.0038008185115918,0.0058095370925524,0.0012820910847621,622,0.0060459307992202,0.0526315789473684,600.0,617.6828257420943,4.317174257905663,0.006940794626857979,-4.317174257905663
891,0.1,84,123,12,1.0,123.0,0.0980187695516162,0.0128012750409046,0.0492079830055308,0.006049056306019,0.0056186378747126,0.0014461686060068,617,0.0164928973465558,0.1,570.0,617.9573015893947,0.9573015893946604,0.0015515422842701141,0.9573015893946604
891,0.2,168,213,13,1.0,213.0,0.0980187695516162,0.0107995907317383,0.0492079830055308,0.004803124018403,0.0058095370925524,0.0013317397001377,617,0.0176613408521303,0.125,378.0,624.8733819824946,7.873381982494607,0.012760748756069055,7.873381982494607
891,0.3,252,305,13,1.0,305.0,0.0980187695516162,0.0097745260602744,0.0570262908498661,0.0043157847613076,0.0058095370925524,0.0012660512760416,617,0.0161263616557734,0.16,720.0,624.2671283290283,7.26712832902831,0.011778165849316548,7.26712832902831
891,0.5,420,425,13,1.666667,254.99994900001025,0.0980187695516162,0.0086879715389805,0.0570262908498661,0.0038384507419592,0.0058095370925524,0.0012824046275976,617,0.0226005003450655,0.125,804.0,621.641479952064,4.641479952063946,0.007522657944998292,4.641479952063946
898,0.1,85,133,12,1.0,133.0,0.0980187695516162,0.0113918790720283,0.0570262908498661,0.0052475599498091,0.0058095370925524,0.0012662961355686,624,0.0071491228070175,0.0833333333333333,650.0,628.1751545700096,4.175154570009568,0.006690952836553794,4.175154570009568
898,0.2,170,229,12,1.0,229.0,0.0980187695516162,0.0103501190741811,0.0570262908498661,0.0049899971467066,0.0058095370925524,0.0013575228062472,624,0.0073012910410823,0.0625,540.0,627.9775873755275,3.9775873755274915,0.006374338742832519,3.9775873755274915
898,0.3,255,300,13,1.0,300.0,0.0980187695516162,0.0095968022245394,0.0570262908498661,0.0044433184145214,0.0058095370925524,0.0012991900324075,624,0.0144608288358288,0.0625,900.0,624.8307488700484,0.83074887004841,0.0013313283173852725,0.83074887004841
898,0.5,424,437,13,1.666667,262.1999475600105,0.0980187695516162,0.0086474516981122,0.0570262908498661,0.0038906020428537,0.0058095370925524,0.0012866301960928,624,0.017550505050505,0.1111111111111111,406.0,625.5373549242283,1.5373549242283389,0.002463709814468492,1.5373549242283389
899,0.1,85,125,13,1.0,125.0,0.0980187695516162,0.0114285714285713,0.0570262908498661,0.0048374227949339,0.0052421649220672,0.0012539000917504,618,0.0144273618538324,0.1,816.0,627.1087664877215,9.108766487721482,0.014739104349063887,9.108766487721482
899,0.2,170,225,13,1.0,225.0,0.0980187695516162,0.0102514193025141,0.0570262908498661,0.0044963943099885,0.0056186378747126,0.0012584983076191,618,0.0110496010711821,0.064516129032258,912.0,629.2332662968636,11.233266296863576,0.018176806305604493,11.233266296863576
899,0.3,254,305,13,1.0,305.0,0.0980187695516162,0.0098052958170224,0.0570262908498661,0.0042267106572246,0.0056186378747126,0.001258975327,618,0.0038815789473684,0.0526315789473684,288.0,624.8273624960301,6.827362496030105,0.011047512129498551,6.827362496030105
899,0.5,423,447,13,1.75,255.42857142857144,0.0980187695516162,0.0085006520121397,0.0570262908498661,0.0036698853257678,0.0056186378747126,0.0012696368162725,618,0.0080390372834464,0.0625,644.0,631.4039121915641,13.403912191564132,0.02168917830350183,13.403912191564132
906,0.1,85,123,12,1.0,123.0,0.0980187695516162,0.011182040913214,0.0570262908498661,0.0052363821090914,0.0045513414488271,0.0012298947409745,639,0.0187212880677195,0.0930232558139534,1700.0,629.2906210960908,9.709378903909169,0.015194646172001829,-9.709378903909169
906,0.2,170,236,12,1.0,236.0,0.0980187695516162,0.0100342871281878,0.0570262908498661,0.0045574156928063,0.0056186378747126,0.0013038300732239,639,0.0113095238095238,0.1428571428571428,490.0,629.2278849740527,9.7721150259473,0.01529282476674069,-9.7721150259473
906,0.3,255,317,12,1.0,317.0,0.0980187695516162,0.0088716229774047,0.0570262908498661,0.0039780381236035,0.0056186378747126,0.0012290660316041,639,0.0125941857849752,0.1111111111111111,1600.0,637.1493975866506,1.8506024133494066,0.002896091413692342,-1.8506024133494066
906,0.5,424,438,12,1.5,292.0,0.0980187695516162,0.0083991600839915,0.0570262908498661,0.0037753526646484,0.0058095370925524,0.0012574051491432,639,0.0144914823290109,0.1111111111111111,1800.0,630.0510906606465,8.948909339353463,0.014004552956734685,-8.948909339353463
907,0.1,82,132,13,1.0,132.0,0.0980187695516162,0.0127500236989287,0.0570262908498661,0.0059441786311404,0.0052421649220672,0.0014817126558534,616,0.0127443762199859,0.0769230769230769,775.0,616.5747386514792,0.5747386514791515,0.0009330172913622589,0.5747386514791515
907,0.2,164,227,13,1.0,227.0,0.0980187695516162,0.0108363612977908,0.0570262908498661,0.0050801940510422,0.0056186378747126,0.0014028296793909,616,0.0201332901265712,0.1052631578947368,2124.0,620.3650172513294,4.365017251329391,0.007086066966443817,4.365017251329391
907,0.3,246,308,13,1.0,308.0,0.0980187695516162,0.0097504164240347,0.0570262908498661,0.0045240419349981,0.0056186378747126,0.0013416996380763,616,0.0133680713344689,0.0652173913043478,630.0,617.2578816605921,1.2578816605921475,0.00204201568277946,1.2578816605921475
907,0.5,409,430,13,1.5,286.6666666666667,0.0980187695516162,0.0087009239275407,0.0570262908498661,0.0038618867759441,0.0058095370925524,0.0012523063067964,616,0.005,0.1,465.0,619.6779785934688,3.677978593468765,0.005970744469916827,3.677978593468765
914,0.1,84,127,13,1.0,127.0,0.0980187695516162,0.0120286059133118,0.0464749058416465,0.0051049338416194,0.0056186378747126,0.0013287745399539,645,0.0105316507488117,0.0925925925925925,1040.0,624.2602406502929,20.73975934970713,0.03215466565846067,-20.73975934970713
914,0.2,167,213,13,1.0,213.0,0.0980187695516162,0.0097666289709056,0.0492079830055308,0.0044714960017971,0.0056186378747126,0.0013611123127963,645,0.0202861579414374,0.2857142857142857,620.0,623.1367371404393,21.863262859560677,0.03389653156521035,-21.863262859560677
914,0.3,250,298,13,1.0,298.0,0.0980187695516162,0.0092098172733061,0.0492079830055308,0.0041936366759909,0.0056186378747126,0.0013190568877616,645,0.0262105182118713,0.125,708.0,620.923544410867,24.076455589133047,0.0373278381226869,-24.076455589133047
914,0.5,417,434,13,1.5,289.3333333333333,0.0980187695516162,0.0083660495043319,0.0570262908498661,0.0037855746922152,0.0056186378747126,0.001291119731218,645,0.0071218652037617,0.0625,340.0,622.4746222200579,22.52537777994212,0.03492306632549166,-22.52537777994212
916,0.1,85,125,13,1.0,125.0,0.0980187695516162,0.011912408759124,0.0570262908498661,0.0052289905203236,0.0056186378747126,0.0012616550679679,628,0.0124372744776501,0.088235294117647,897.0,628.4969045497818,0.4969045497817888,0.0007912492830920204,0.4969045497817888
916,0.2,170,223,13,1.0,223.0,0.0980187695516162,0.010764202247296,0.0570262908498661,0.0048376306413468,0.0058095370925524,0.001329770734805,628,0.0086322463768115,0.0666666666666666,432.0,626.5594378576136,1.4405621423863977,0.00229388876176178,-1.4405621423863977
916,0.3,254,311,13,1.0,311.0,0.0980187695516162,0.0093747170987999,0.0570262908498661,0.0040969235355919,0.0058095370925524,0.0012439429846724,628,0.0166978854478854,0.125,450.0,630.3431344128477,2.3431344128476894,0.0037311057529421806,2.3431344128476894
916,0.5,423,451,13,1.5,300.6666666666667,0.0980187695516162,0.0085154297367221,0.0570262908498661,0.0037561680047766,0.0058095370925524,0.0012713868599182,628,0.012515890038576,0.0833333333333333,375.0,631.9561761372106,3.956176137210605,0.006299643530590135,3.956176137210605
920,0.1,83,123,12,1.0,123.0,0.0980187695516162,0.0118941648227743,0.0492079830055308,0.0051566843960289,0.0045513414488271,0.0013391698991419,624,0.0119036253673021,0.0555555555555555,3200.0,620.7874663390938,3.2125336609061605,0.0051482911232470525,-3.2125336609061605
920,0.2,165,217,12,1.0,217.0,0.0980187695516162,0.010465971177734,0.0492079830055308,0.0046730519419234,0.0056186378747126,0.0013352138057818,624,0.0105538827726327,0.054054054054054,1000.0,621.4459739351081,2.5540260648919,0.004092990488608814,-2.5540260648919
920,0.3,247,299,12,1.0,299.0,0.0980187695516162,0.0092871267101669,0.0570262908498661,0.0040937309724925,0.0056186378747126,0.0012409838130522,624,0.0178749290084456,0.1123595505617977,2144.0,621.4108332538458,2.5891667461542056,0.004149305682939432,-2.5891667461542056
920,0.5,411,434,13,1.5,289.3333333333333,0.0980187695516162,0.0085654699836138,0.0570262908498661,0.0037949430073815,0.0058095370925524,0.0012588267065764,624,0.0046612714409324,0.054054054054054,800.0,621.4381287700533,2.561871229946746,0.0041055628685044004,-2.561871229946746
929,0.1,85,116,12,1.0,116.0,0.0980187695516162,0.0131962173240803,0.0464749058416465,0.0057624806787454,0.0056186378747126,0.001353999812637,630,0.0106527388219765,0.0625,560.0,625.2714822886635,4.728517711336508,0.007505583668788108,-4.728517711336508
929,0.2,170,218,13,1.0,218.0,0.0980187695516162,0.0097817872210157,0.0464749058416465,0.0041025545664791,0.0056186378747126,0.001240472617032,630,0.0180333787809927,0.1,2900.0,630.060375287374,0.06037528737397224,9.583378948249562e-05,0.06037528737397224
929,0.3,254,295,13,1.0,295.0,0.0980187695516162,0.008928792350789,0.0464749058416465,0.0038432070687351,0.0056186378747126,0.0012542136379233,630,0.0076013513513513,0.125,300.0,623.8232613042107,6.176738695789254,0.00980434713617342,-6.176738695789254
929,0.5,423,435,13,1.5,290.0,0.0980187695516162,0.0083156544772451,0.0570262908498661,0.0035638728586589,0.0056186378747126,0.00123577025042,630,0.00625,0.0714285714285714,546.0,632.8781041773474,2.8781041773473817,0.004568419329122828,2.8781041773473817
930,0.1,85,133,13,1.0,133.0,0.0980187695516162,0.0118387731581299,0.0570262908498661,0.0055994897401656,0.0045513414488271,0.0013875744270788,627,0.0233051229054403,0.3,2144.0,631.1894747566793,4.18947475667926,0.006681777921338533,4.18947475667926
930,0.2,169,229,13,1.0,229.0,0.0980187695516162,0.0106916320220753,0.0570262908498661,0.0046966762135866,0.0045513414488271,0.0013033102352845,627,0.0013157894736842,0.0263157894736842,1512.0,624.7005127434454,2.2994872565545847,0.0036674437903581893,-2.2994872565545847
930,0.3,253,315,13,1.0,315.0,0.0980187695516162,0.0092953969909131,0.0570262908498661,0.0040411132399675,0.0045513414488271,0.0012022199954517,627,0.0132120166287551,0.2,720.0,633.2066609041563,6.2066609041562515,0.009898980708383177,6.2066609041562515
930,0.5,421,436,13,1.75,249.1428571428572,0.0980187695516162,0.0085740115372472,0.0570262908498661,0.0037240889650809,0.0058095370925524,0.0012214314180841,627,0.0046875,0.0625,272.0,627.6115199609859,0.6115199609859019,0.000975310942561247,0.6115199609859019
932,0.1,83,126,13,1.0,126.0,0.0980187695516162,0.0123475180826588,0.0570262908498661,0.0056321131186495,0.0052421649220672,0.0012953605744123,612,0.012269551583847,0.0909090909090909,780.0,619.9408232054823,7.940823205482275,0.012975201316147508,7.940823205482275
932,0.2,166,219,13,1.0,219.0,0.0980187695516162,0.0101132743868469,0.0570262908498661,0.0043455345829313,0.0052421649220672,0.0012172722937448,612,0.007760887443891,0.0666666666666666,4000.0,622.7261567667658,10.726156766765826,0.017526399945695794,10.726156766765826
932,0.3,248,299,13,1.0,299.0,0.0980187695516162,0.009192965079985,0.0570262908498661,0.0040316272910446,0.0052421649220672,0.0012419061770355,612,0.0193273439038056,0.0909090909090909,238.0,621.4703012733446,9.470301273344603,0.015474348485857194,9.470301273344603
932,0.5,413,415,13,1.75,237.1428571428572,0.0980187695516162,0.0086209279244192,0.0570262908498661,0.0038002443549313,0.0056186378747126,0.0012670979137895,612,0.0143646723646723,0.0833333333333333,198.0,616.8710646164451,4.871064616445096,0.007959255909224014,4.871064616445096
933,0.1,83,128,13,1.0,128.0,0.0980187695516162,0.0106067518248174,0.0464749058416465,0.0047606799938437,0.0058095370925524,0.0013705125673535,634,0.0099805139447083,0.0714285714285714,392.0,620.9714195362814,13.02858046371864,0.020549811456969463,-13.02858046371864
933,0.2,166,235,13,1.0,235.0,0.0980187695516162,0.0093137798682137,0.0464749058416465,0.0040511129209691,0.0058095370925524,0.0012828587218605,634,0.042967563837129,0.3333333333333333,420.0,622.0459114277874,11.95408857221264,0.01885502929371079,-11.95408857221264
933,0.3,249,320,13,1.0,320.0,0.0980187695516162,0.0089578988529718,0.0570262908498661,0.0040729159191622,0.0058095370925524,0.0012655861584036,634,0.0136917701863354,0.1428571428571428,208.0,625.5498139800587,8.45018601994127,0.013328369116626609,-8.45018601994127
933,0.5,415,448,13,1.5,298.6666666666667,0.0980187695516162,0.0087493482794577,0.0570262908498661,0.0040090095556306,0.0058095370925524,0.0012877675868654,634,0.008614334837739,0.0555555555555555,320.0,625.9964316726091,8.003568327390894,0.012623924806610244,-8.003568327390894
938,0.1,85,123,12,1.0,123.0,0.0980187695516162,0.0115804911959442,0.0464749058416465,0.0044119033621487,0.0026430161346822,0.0010652711122663,645,0.0276648130743525,0.2,650.0,628.7643186105654,16.235681389434603,0.02517159905338698,-16.235681389434603
938,0.2,170,215,13,1.0,215.0,0.0980187695516162,0.0097727768751363,0.0464749058416465,0.0038426182119308,0.0039956275909326,0.0011161596598381,645,0.0184114743833413,0.0909090909090909,1240.0,630.9728155744123,14.027184425587734,0.0217475727528492,-14.027184425587734
938,0.3,255,295,13,1.0,295.0,0.0980187695516162,0.0088510277301567,0.0464749058416465,0.0036090795950424,0.0058095370925524,0.0011331081355834,645,0.0121428571428571,0.1428571428571428,400.0,636.7764928732583,8.223507126741652,0.012749623452312639,-8.223507126741652
938,0.5,425,434,13,1.666667,260.39994792001045,0.0980187695516162,0.0084189079446235,0.0570262908498661,0.0037745520932592,0.0058095370925524,0.0012286479304554,645,0.0220300472474385,0.1304347826086956,360.0,631.4621041043926,13.537895895607448,0.02098898588466271,-13.537895895607448
945,0.1,81,119,13,1.0,119.0,0.0980187695516162,0.0117331604174516,0.0464749058416465,0.0052065513581478,0.0039956275909326,0.0012902819931261,620,0.0274891774891774,0.4545454545454545,400.0,618.0350651007569,1.964934899243076,0.003169249837488832,-1.964934899243076
945,0.2,162,222,13,1.0,222.0,0.0980187695516162,0.0097135717573673,0.0464749058416465,0.0040958323747821,0.0056186378747126,0.0012392965932623,620,0.0206588430283826,0.1176470588235294,2242.0,618.7944155550321,1.2055844449679398,0.0019444910402708706,-1.2055844449679398
945,0.3,243,301,13,1.0,301.0,0.0980187695516162,0.0089621317887195,0.0464749058416465,0.003732690238416,0.0056186378747126,0.0012079140795606,620,0.0258440999138673,0.125,1326.0,618.1674497304598,1.8325502695402065,0.0029557262411938814,-1.8325502695402065
945,0.5,404,429,13,1.5,286.0,0.0980187695516162,0.0085632129427749,0.0570262908498661,0.0038021266550958,0.0056186378747126,0.0012821520725698,620,0.0075458532695374,0.0526315789473684,616.0,616.9582522250607,3.0417477749392674,0.0049060447982891406,-3.0417477749392674
954,0.1,82,125,12,1.0,125.0,0.0980187695516162,0.0128467153284671,0.0570262908498661,0.0058180396769083,0.0044179097289399,0.0013767470584831,620,0.015060606060606,0.1,1180.0,620.0365857270338,0.036585727033752846,5.9009237151214265e-05,0.036585727033752846
954,0.2,164,224,13,1.0,224.0,0.0980187695516162,0.0108558021748845,0.0570262908498661,0.0048009429095873,0.0044179097289399,0.0013138967799987,620,0.0182794332629664,0.1,780.0,619.4601662223042,0.539833777695776,0.0008706996414448,-0.539833777695776
954,0.3,246,297,13,1.0,297.0,0.0980187695516162,0.0095217029523598,0.0570262908498661,0.0042917989582266,0.0044179097289399,0.0012824251638894,620,0.0047799227799227,0.04,651.0,618.3628364103793,1.6371635896207408,0.0026405864348721625,-1.6371635896207408
954,0.5,410,429,13,1.571429,272.99992554547487,0.0980187695516162,0.0086628699767385,0.0570262908498661,0.0039127816794098,0.0058095370925524,0.0012604725047206,620,0.0096078431372549,0.0588235294117647,1080.0,617.9993716574387,2.000628342561299,0.003226819907356934,-2.000628342561299
956,0.1,85,131,13,1.0,131.0,0.0980187695516162,0.0107379665523087,0.0464749058416465,0.0040890779012761,0.0034121486335321,0.0012139134055629,618,0.0112137486573576,0.0857142857142857,440.0,627.6745030496237,9.674503049623695,0.015654535679002744,9.674503049623695
956,0.2,169,236,13,1.0,236.0,0.0980187695516162,0.0099945211290008,0.0570262908498661,0.0043434337542768,0.0048729601732022,0.0012717064334976,618,0.004987454778854,0.0526315789473684,684.0,627.3847992869498,9.384799286949828,0.015185759363996486,9.384799286949828
956,0.3,254,329,13,1.0,329.0,0.0980187695516162,0.0094545039634116,0.0570262908498661,0.0041476108957653,0.0052421649220672,0.0012876478983279,618,0.0039331501831501,0.0357142857142857,500.0,631.7678724830824,13.767872483082442,0.02227811081404926,13.767872483082442
956,0.5,423,434,13,1.5,289.3333333333333,0.0980187695516162,0.0087288506172423,0.0570262908498661,0.003940237669792,0.0056186378747126,0.0012892674151175,618,0.0260750156936597,0.25,950.0,624.4777523405689,6.477752340568941,0.010481799903833237,6.477752340568941
958,0.1,86,133,12,1.0,133.0,0.0980187695516162,0.0116114059915168,0.0570262908498661,0.0052655491056233,0.0039956275909326,0.0013609173569852,626,0.0137233793038746,0.109090909090909,928.0,631.5078024917568,5.50780249175682,0.008798406536352747,5.50780249175682
958,0.2,171,228,12,1.0,228.0,0.0980187695516162,0.0102948978285128,0.0570262908498661,0.0046687638890908,0.0056186378747126,0.0013473676721214,626,0.0145132645132645,0.1111111111111111,288.0,628.8496198823403,2.8496198823403347,0.004552108438243346,2.8496198823403347
958,0.3,256,310,12,1.0,310.0,0.0980187695516162,0.0094789599381075,0.0570262908498661,0.0041953849467504,0.0058095370925524,0.0012896467892049,626,0.0159112319746727,0.0909090909090909,840.0,629.2914797847704,3.291479784770445,0.005257954927748314,3.291479784770445
958,0.5,427,445,12,1.666667,266.9999466000107,0.0980187695516162,0.0087169453199141,0.0570262908498661,0.0038984348702694,0.0058095370925524,0.0012770643831584,626,0.006798245614035,0.0833333333333333,338.0,629.4063997854096,3.406399785409576,0.005441533203529674,3.406399785409576
959,0.1,87,136,12,1.0,136.0,0.0980187695516162,0.0121603385879898,0.0464749058416465,0.0051008788210026,0.0052421649220672,0.0013358148567715,630,0.0085821286264044,0.0519480519480519,2596.0,633.8326172173382,3.8326172173382247,0.006083519392600357,3.8326172173382247
959,0.2,174,226,13,1.0,226.0,0.0980187695516162,0.0105151937397915,0.0464749058416465,0.0045020656298354,0.0052421649220672,0.0013205232446471,630,0.0141938138662321,0.1212121212121212,708.0,633.088241840039,3.088241840039018,0.004901971174665108,3.088241840039018
959,0.3,260,312,13,1.0,312.0,0.0980187695516162,0.0094683297238041,0.0570262908498661,0.0041035713762674,0.0052421649220672,0.0012812065266819,630,0.0068545814228685,0.0555555555555555,1100.0,632.0960068095295,2.096006809529513,0.0033269949357611316,2.096006809529513
959,0.5,433,440,13,1.6,275.0,0.0980187695516162,0.0084415584415583,0.0570262908498661,0.0036531558860367,0.0052421649220672,0.0012599766140514,630,0.0039761904761904,0.0416666666666666,722.0,633.3225303611828,3.3225303611827712,0.005273857716163129,3.3225303611827712
963,0.1,85,118,13,1.0,118.0,0.0761209593326381,0.0110107633304465,0.031948254360793,0.0047693792658107,0.0056186378747126,0.0012327892171925,635,0.0112544785356002,0.0714285714285714,504.0,629.046520973242,5.953479026758032,0.009375557522453594,-5.953479026758032
963,0.2,169,225,13,1.0,225.0,0.0980187695516162,0.0099084694705132,0.0492079830055308,0.0044381435031098,0.0056186378747126,0.0012497019204224,635,0.0167987201477767,0.0909090909090909,720.0,627.2085066746478,7.791493325352235,0.012270068228901157,-7.791493325352235
963,0.3,253,308,13,1.0,308.0,0.0980187695516162,0.0089920507021653,0.0492079830055308,0.004168870269864,0.0058095370925524,0.0012652644802966,635,0.0474346242994155,0.7142857142857143,920.0,628.5969976572159,6.403002342784134,0.010083468256352967,-6.403002342784134
963,0.5,421,449,13,1.333333,336.750084187521,0.0980187695516162,0.0085649723287295,0.0570262908498661,0.0038491458586654,0.0058095370925524,0.0012866302987138,635,0.0,0.0,960.0,633.4208688522531,1.5791311477469208,0.002486820705113261,-1.5791311477469208
973,0.1,82,127,13,1.0,127.0,0.0980187695516162,0.0117658650332941,0.0464749058416465,0.0050421299059867,0.0056186378747126,0.0013706294788266,619,0.0088562753036437,0.1578947368421052,195.0,628.154041519512,9.15404151951202,0.01478843541116643,9.15404151951202
973,0.2,163,218,13,1.0,218.0,0.0980187695516162,0.0103079469248356,0.0570262908498661,0.0044709751580329,0.0056186378747126,0.0012966457636218,619,0.0086769617892565,0.0666666666666666,684.0,621.1710247346068,2.171024734606817,0.0035073097489609325,2.171024734606817
973,0.3,245,296,13,1.0,296.0,0.0980187695516162,0.0096067130738663,0.0570262908498661,0.0041535975891225,0.0056186378747126,0.0012651910154403,619,0.0121567929787107,0.1818181818181818,1368.0,618.6550621199958,0.34493788000418135,0.0005572502100229101,-0.34493788000418135
973,0.5,407,418,13,1.5,278.6666666666667,0.0980187695516162,0.0088758724947737,0.0570262908498661,0.003865337705483,0.0058095370925524,0.0012593553471834,619,0.0157256850346281,0.1666666666666666,1005.0,614.1665079180209,4.833492081979102,0.00780854940545897,-4.833492081979102
977,0.1,84,122,12,1.0,122.0,0.0980187695516162,0.0125985059573667,0.0570262908498661,0.0053628160180974,0.0039956275909326,0.0012887433330052,634,0.0177655728361708,0.125,826.0,624.8739404016828,9.12605959831717,0.014394415770216357,-9.12605959831717
977,0.2,168,222,13,1.0,222.0,0.0980187695516162,0.0103993461657694,0.0570262908498661,0.0044115483971359,0.0056186378747126,0.0012188775627124,634,0.0109677336020047,0.0909090909090909,336.0,628.2870274276504,5.712972572349599,0.009010997748185487,-5.712972572349599
977,0.3,252,314,13,1.0,314.0,0.0980187695516162,0.0091788819298233,0.0570262908498661,0.0039336886840198,0.0058095370925524,0.001250602717363,634,0.0091911764705882,0.125,364.0,628.7571980309514,5.242801969048628,0.00826940373666976,-5.242801969048628
977,0.5,419,438,13,1.5,292.0,0.0980187695516162,0.0083920179410629,0.0570262908498661,0.0037299937284888,0.0058095370925524,0.0012603554611457,634,0.0054985337243401,0.064516129032258,420.0,626.5449983061773,7.455001693822737,0.01175867775050905,-7.455001693822737
981,0.1,82,126,12,1.0,126.0,0.0761209593326381,0.0110978698048562,0.0570262908498661,0.0052532728445167,0.0058095370925524,0.0014058713986374,606,0.0226101583894608,0.1666666666666666,864.0,616.2552318494488,10.255231849448819,0.01692282483407396,10.255231849448819
981,0.2,163,217,12,1.0,217.0,0.0980187695516162,0.0101488205359845,0.0570262908498661,0.0047240861758975,0.0058095370925524,0.0013571612782198,606,0.0120233209814254,0.0588235294117647,520.0,621.0061508265334,15.006150826533371,0.02476262512629269,15.006150826533371
981,0.3,244,293,13,1.0,293.0,0.0980187695516162,0.0099221672177004,0.0570262908498661,0.0044975826628437,0.0058095370925524,0.0013104620327171,606,0.0061917706001492,0.0566037735849056,640.0,616.2759232175806,10.275923217580612,0.0169569690059086,10.275923217580612
981,0.5,406,419,13,1.666667,251.39994972001008,0.0980187695516162,0.0086904367865292,0.0570262908498661,0.0039515819874058,0.0058095370925524,0.0012833088518942,606,0.0027526395173453,0.0294117647058823,400.0,612.7543211158303,6.754321115830294,0.011145744415561541,6.754321115830294
982,0.1,80,122,13,1.0,122.0,0.0980187695516162,0.0110343766560111,0.0464749058416465,0.0045013873176973,0.0039956275909326,0.0012522269006447,598,0.0100807669082125,0.1304347826086956,750.0,617.2233602847413,19.22336028474126,0.032146087432677696,19.22336028474126
982,0.2,159,230,13,1.0,230.0,0.0980187695516162,0.0097610735820827,0.0570262908498661,0.0043290764885258,0.0056186378747126,0.001274615661016,598,0.013082621082621,0.1,1120.0,616.8640848292202,18.864084829220246,0.03154529235655559,18.864084829220246
982,0.3,238,305,13,1.0,305.0,0.0980187695516162,0.0091112668592625,0.0570262908498661,0.0040266143078485,0.0056186378747126,0.0012556449803688,598,0.0068542568542568,0.1111111111111111,1560.0,615.1452139752639,17.145213975263914,0.02867092638003999,17.145213975263914
982,0.5,397,416,13,1.666667,249.59995008001,0.0980187695516162,0.0084999398411806,0.0570262908498661,0.0037592156380273,0.0056186378747126,0.0012651386534945,598,0.0017536475869809,0.0227272727272727,312.0,614.9940917393403,16.99409173934032,0.02841821361093699,16.99409173934032
983,0.1,84,128,12,1.0,128.0,0.0980187695516162,0.0119183394160583,0.0570262908498661,0.0052163487209888,0.0044179097289399,0.0012968108415264,630,0.0054457953394123,0.0638297872340425,576.0,627.0623051034024,2.937694896597577,0.004663007772377106,-2.937694896597577
983,0.2,168,221,12,1.0,221.0,0.0980187695516162,0.0106728822916027,0.0570262908498661,0.0046150840479451,0.0052421649220672,0.0013166554153085,630,0.0229017948867454,0.0833333333333333,1824.0,624.7627670630197,5.237232936980263,0.008313068153936926,-5.237232936980263
983,0.3,251,303,13,1.0,303.0,0.0980187695516162,0.009481135809097,0.0570262908498661,0.0041027363625354,0.0056186378747126,0.0012649678050466,630,0.0099959626430214,0.05,4200.0,623.2795798304676,6.720420169532417,0.010667333602432409,-6.720420169532417
983,0.5,418,425,13,1.5,283.3333333333333,0.0980187695516162,0.0085309452248052,0.0570262908498661,0.0037553230212601,0.0058095370925524,0.0012903970985135,630,0.0040833333333333,0.0416666666666666,200.0,618.1998016989821,11.800198301017872,0.01873047349367916,-11.800198301017872
988,0.1,86,123,13,1.0,123.0,0.0980187695516162,0.0118772094915943,0.0464749058416465,0.0050671744372993,0.0039956275909326,0.001266961307403,631,0.0059482758620689,0.05,600.0,632.7473746672293,1.7473746672293373,0.0027692150035330226,1.7473746672293373
988,0.2,171,227,13,1.0,227.0,0.0980187695516162,0.009632831556366,0.0464749058416465,0.0041653717441009,0.0039956275909326,0.0012335168464693,631,0.013056792561814,0.1,440.0,631.4395340990285,0.43953409902849216,0.0006965675103462633,0.43953409902849216
988,0.3,256,312,13,1.0,312.0,0.0980187695516162,0.009080639555092,0.0570262908498661,0.0040086070040728,0.0058095370925524,0.0012280343713753,631,0.0180544930369614,0.0909090909090909,390.0,635.910547938836,4.910547938835975,0.007782167890389819,4.910547938835975
988,0.5,426,439,13,1.5,292.6666666666667,0.0980187695516162,0.0085653003199516,0.0570262908498661,0.0038021500644731,0.0058095370925524,0.0012618837859896,631,0.0035714285714285,0.0714285714285714,468.0,628.7290166669834,2.270983333016602,0.003599022714764821,-2.270983333016602
993,0.1,88,127,13,1.0,127.0,0.0980187695516162,0.0104767925907071,0.0464749058416465,0.0042005345706424,0.0039956275909326,0.0012123425347471,626,0.0181426182513139,0.1538461538461538,416.0,634.8495911889472,8.849591188947215,0.014136727138893315,8.849591188947215
993,0.2,176,232,13,1.0,232.0,0.0980187695516162,0.0094566897990003,0.0492079830055308,0.0041532364075326,0.0058095370925524,0.0013143883335159,626,0.0048538011695906,0.0526315789473684,546.0,631.0106289529604,5.01062895296036,0.008004199605367987,5.01062895296036
993,0.3,264,316,13,1.0,316.0,0.0980187695516162,0.0091306872929343,0.0570262908498661,0.0041157395489692,0.0058095370925524,0.0012904683017416,626,0.0100841806660772,0.0769230769230769,252.0,635.723902720406,9.723902720406045,0.015533390927166206,9.723902720406045
993,0.5,439,450,13,1.666667,269.9999460000108,0.0980187695516162,0.00844629822732,0.0570262908498661,0.003824369638348,0.0058095370925524,0.0012903282942591,626,0.0131036871106384,0.0952380952380952,1512.0,632.5085933408395,6.508593340839525,0.010397113963002436,6.508593340839525
997,0.1,86,135,13,1.0,135.0,0.0980187695516162,0.0123199320279611,0.0570262908498661,0.0057387091686762,0.0058095370925524,0.001418491472418,614,0.0152484089984089,0.125,804.0,631.3976702620375,17.397670262037536,0.02833496785348133,17.397670262037536
997,0.2,171,227,13,1.0,227.0,0.0980187695516162,0.0106342417992309,0.0570262908498661,0.0048950056028963,0.0058095370925524,0.0013689854711809,614,0.0367586154820197,0.2,720.0,628.3880132116396,14.388013211639645,0.02343324627302874,14.388013211639645
997,0.3,257,300,13,1.0,300.0,0.0980187695516162,0.0099165797705943,0.0570262908498661,0.0045538388252658,0.0058095370925524,0.0013234240074632,614,0.0201028170252662,0.0909090909090909,1300.0,624.0015880412551,10.001588041255104,0.016289231337549028,10.001588041255104
997,0.5,428,428,13,1.857143,230.4615207337292,0.0980187695516162,0.0083639499868437,0.0570262908498661,0.0037456616353264,0.0058095370925524,0.0012328807049839,614,0.0092616800514125,0.048780487804878,1300.0,627.6536608561648,13.653660856164834,0.022237232664763573,13.653660856164834
