src,dst,label,common_neighbors,jaccard_coeff,adamic_adar,preferential_attachment,resource_allocation,out_deg_u,in_deg_v
drudge.com,huffingtonpost.com,1,0,0.0,0.0,270,0.0,5,8
drudge.com,afterdowningstreet.org,1,0,0.0,0.0,63,0.0,5,5
digg.com/politics,feeds.huffingtonpost.com,1,0,0.0,0.0,6,0.0,4,1
digg.com/politics,bit.ly,1,0,0.0,0.0,48,0.0,4,6
detnews.com,bulletin.aarp.org,1,0,0.0,0.0,133,0.0,1,11
demonoid.com,readingeagle.com,1,0,0.0,0.0,8,0.0,0,5
delcotimes.com,detnews.com,1,1,0.09090909090909091,0.36926937306885504,35,0.06666666666666667,0,6
dailylocal.com,detnews.com,1,0,0.0,0.0,49,0.0,1,6
dailykos.com,drudge.com,1,0,0.0,0.0,81,0.0,5,4
daily-jeff.com,amazon.com,1,0,0.0,0.0,14,0.0,0,7
d-day.blogspot.com,catholicexchange.com,1,0,0.0,0.0,24,0.0,1,3
crooksandliars.com,seattlepi.nwsource.com,1,0,0.0,0.0,198,0.0,1,7
crooksandliars.com,prnewswire.com,1,0,0.0,0.0,90,0.0,1,5
crooksandliars.com,kypost.com,1,0,0.0,0.0,18,0.0,1,2
crooksandliars.com,forum.dvdtalk.com,1,0,0.0,0.0,66,0.0,1,7
conservapedia.com,jihadwatch.org,1,0,0.0,0.0,80,0.0,5,6
cleveland.com,injesus.com,1,0,0.0,0.0,21,0.0,3,2
chroniclet.com,theoaklandpress.com,1,0,0.0,0.0,0,0.0,0,0
chron.com,gazette.com,1,1,0.045454545454545456,0.2518706487516997,132,0.018867924528301886,6,8
care2.com,wikio.co.uk,1,0,0.0,0.0,95,0.0,0,9
care2.com,clipmarks.com,1,0,0.0,0.0,150,0.0,0,17
capitolhillcoffeehouse.com,latimes.com,1,0,0.0,0.0,27,0.0,1,3
canadafreepress.com,sanluisobispo.com,1,0,0.0,0.0,40,0.0,1,5
californiachronicle.com,uk.news.yahoo.com,1,0,0.0,0.0,216,0.0,3,12
californiachronicle.com,hollywoodreporter.com,1,0,0.0,0.0,12,0.0,3,1
businessweek.com,mg.co.za,1,0,0.0,0.0,35,0.0,0,5
bsimmons.wordpress.com,spectator.org,1,0,0.0,0.0,8,0.0,1,1
bsimmons.wordpress.com,marketwatch.com,1,0,0.0,0.0,92,0.0,1,3
brownpelicanla.com,dailylocal.com,1,0,0.0,0.0,42,0.0,0,6
blogs.abcnews.com,uspolitics.tribe.net,1,0,0.0,0.0,225,0.0,23,4
blogs.abcnews.com,digg.com/politics,1,1,0.03333333333333333,0.45511961331341866,150,0.1111111111111111,23,2
blognetwork.knoxnews.com,news.bbc.co.uk,1,0,0.0,0.0,160,0.0,1,5
blognetnews.com,blogher.com,1,0,0.0,0.0,96,0.0,2,7
blogher.com,sports.espn.go.com,1,0,0.0,0.0,168,0.0,5,5
blogher.com,foxnews.com,1,0,0.0,0.0,180,0.0,5,8
blogher.com,articleslide.com,1,0,0.0,0.0,24,0.0,5,2
blog.taragana.com,bleacherreport.com,1,0,0.0,0.0,91,0.0,6,5
bit.ly,truthdig.com,1,0,0.0,0.0,8,0.0,2,1
baltimoresun.com,thereporteronline.com,1,0,0.0,0.0,68,0.0,10,2
article.wn.com,detnews.com,1,0,0.0,0.0,56,0.0,1,6
area52hkh.net,indeonline.com,1,0,0.0,0.0,12,0.0,2,1
answerbag.com,forums.slickdeals.net,1,0,0.0,0.0,9,0.0,1,3
americanchronicle.com,journalstar.com,1,0,0.0,0.0,96,0.0,3,2
altweeklies.com,thisfuckingwar.blogspot.com,1,0,0.0,0.0,6,0.0,1,3
altweeklies.com,blognetnews.com,1,0,0.0,0.0,16,0.0,1,6
althouse.blogspot.com,popwatch.ew.com,1,0,0.0,0.0,7,0.0,0,5
alternet.org,news.scotsman.com,1,1,0.023809523809523808,0.3396232718951086,432,0.05263157894736842,7,2
abclocal.go.com,ocregister.com,1,0,0.0,0.0,32,0.0,0,4
411mania.com,uncyclopedia.wikia.com,1,0,0.0,0.0,54,0.0,3,3
411mania.com,starpulse.com,1,0,0.0,0.0,90,0.0,3,3
411mania.com,article.wn.com,1,0,0.0,0.0,72,0.0,3,7
2theadvocate.com,semissourian.com,1,0,0.0,0.0,6,0.0,0,4
1800blogger.com,news.bbc.co.uk,1,1,0.020833333333333332,0.5138983423697507,360,0.14285714285714285,3,5
thevelvethottub.com,newsday.com,1,2,0.08333333333333333,0.5762101844945259,133,0.06285178236397748,13,5
britanniaradio.blogspot.com,lewrockwell.com,1,0,0.0,0.0,35,0.0,1,4
blog.sina.com.cn,fanfiction.net,1,0,0.0,0.0,78,0.0,2,4
politico.com,eonline.com,1,0,0.0,0.0,156,0.0,11,6
livenews.com.au,wikio.co.uk,1,0,0.0,0.0,190,0.0,5,9
uk.news.yahoo.com,huffingtonpost.com,1,4,0.06451612903225806,1.1136578971802762,1080,0.1180911680911681,25,8
salon.com,sg.news.yahoo.com,1,1,0.024390243902439025,0.2222316216158104,80,0.011111111111111112,32,2
npr.org,theglobeandmail.com,1,1,0.022727272727272728,0.33380820069533407,164,0.05,2,12
npr.org,freep.com,1,0,0.0,0.0,36,0.0,2,7
daytondailynews.com,chronicle.augusta.com,1,0,0.0,0.0,30,0.0,2,4
cbsnews.com,bostonherald.com,1,0,0.0,0.0,220,0.0,9,10
bostonherald.com,sfgate.com,1,0,0.0,0.0,297,0.0,1,13
baltimoresun.com,usatoday.com,1,0,0.0,0.0,272,0.0,10,5
thejakartapost.com,amazon.com,1,0,0.0,0.0,42,0.0,3,7
taipeitimes.com,wotarticle.com,1,0,0.0,0.0,33,0.0,1,0
au.answers.yahoo.com,countercurrents.org,1,0,0.0,0.0,77,0.0,1,3
seattletimes.nwsource.com,salon.com,1,3,0.046153846153846156,0.974544077820803,1120,0.13846153846153847,20,8
news.theage.com.au,iafrica.com,1,1,0.05555555555555555,0.32351545314867247,88,0.045454545454545456,5,5
news.smh.com.au,iafrica.com,1,2,0.1,0.5581096588702831,112,0.05953905249679898,8,5
wikio.com,thestar.com,1,2,0.03076923076923077,0.6861651306549514,702,0.11886792452830189,47,5
kansascity.com,post-gazette.com,1,0,0.0,0.0,414,0.0,10,11
countercurrents.org,dissidentvoice.org,1,2,0.11764705882352941,1.2352458628142324,88,0.39285714285714285,8,1
tdn.com,washingtonpost.com,1,1,0.01694915254237288,0.43429448190325176,891,0.1,21,7
wikio.com,daily-herald.com,1,1,0.017543859649122806,0.25562221863533147,216,0.02,47,3
topnews.in,ca.eonline.com,1,1,0.024390243902439025,0.30341307554227914,117,0.037037037037037035,31,3
theautomaticearth.blogspot.com,afterdowningstreet.org,1,0,0.0,0.0,63,0.0,6,5
sott.net,indybay.org,1,3,0.08108108108108109,1.5046628859044442,256,0.4083333333333333,22,3
seattletimes.nwsource.com,app.com,1,0,0.0,0.0,112,0.0,20,4
news.bbc.co.uk,icwolverhampton.icnetwork.co.uk,1,3,0.07317073170731707,0.9709802330977576,160,0.15376704672479322,35,4
news.bbc.co.uk,icscotland.icnetwork.co.uk,1,4,0.0975609756097561,1.4848785754675082,200,0.29662418958193604,35,5
topnews.in,uk.eonline.com,1,3,0.057692307692307696,1.12287507134837,624,0.2112794612794613,31,4
topnews.in,au.eonline.com,1,2,0.04878048780487805,0.7058426799241238,156,0.12037037037037036,31,4
freerepublic.com,huffingtonpost.com,1,7,0.09210526315789473,2.448200557385966,1590,0.43525641025641026,45,8
blog.taragana.com,huffingtonpost.com,1,0,0.0,0.0,390,0.0,6,8
theledger.com,washingtonpost.com,1,0,0.0,0.0,396,0.0,4,7
freerepublic.com,seattletimes.nwsource.com,1,1,0.0125,0.33380820069533407,1484,0.05,45,10
elmundo.es,informador.com.mx,1,0,0.0,0.0,0,0.0,0,2
lfpress.ca,thechronicleherald.ca,1,0,0.0,0.0,24,0.0,0,8
blog.taragana.com,feeds.cbsnews.com,1,0,0.0,0.0,52,0.0,6,2
nydailynews.com,voices.washingtonpost.com,1,1,0.029411764705882353,0.5581106265512472,276,0.16666666666666666,3,0
cnsnews.com,voices.washingtonpost.com,1,0,0.0,0.0,368,0.0,9,0
wmtw.com,kfoxtv.com,1,3,0.12,1.2640791973971295,160,0.29224738675958184,4,1
wikio.es,ireport.com,1,0,0.0,0.0,40,0.0,0,11
tucsoncitizen.com,nashuatelegraph.com,1,1,0.058823529411764705,0.32351545314867247,56,0.045454545454545456,7,3
timesoftheinternet.com,feeds.gawker.com,1,0,0.0,0.0,196,0.0,7,7
therearenosunglasses.wordpress.com,globalresearch.ca,1,0,0.0,0.0,154,0.0,7,4
sott.net,pajamasmedia.com,1,2,0.05,0.8513268733274981,320,0.19090909090909092,22,7
showhype.com,in.news.yahoo.com,1,1,0.021739130434782608,0.31465798044412485,510,0.041666666666666664,22,10
semissourian.com,in.answers.yahoo.com,1,0,0.0,0.0,42,0.0,2,4
semissourian.com,au.answers.yahoo.com,1,0,0.0,0.0,42,0.0,2,6
seattlepi.nwsource.com,freedomeden.blogspot.com,1,0,0.0,0.0,165,0.0,26,3
sacbee.com,theautomaticearth.blogspot.com,1,0,0.0,0.0,198,0.0,14,4
reuters.com,article.wn.com,1,0,0.0,0.0,248,0.0,23,7
prairiepundit.blogspot.com,boards.historychannel.com,1,0,0.0,0.0,50,0.0,7,5
physorg.com,ecoearth.info,1,1,0.08333333333333333,0.2729584204093974,40,0.02564102564102564,5,5
physorg.com,climateark.org,1,1,0.09090909090909091,0.2729584204093974,32,0.02564102564102564,5,4
philly.com,latimes.com,1,0,0.0,0.0,198,0.0,12,3
opinionsource.com,docstalk.blogspot.com,1,2,0.07407407407407407,1.531574161186449,210,0.5333333333333333,8,9
nydailynews.com,phillyburbs.com,1,0,0.0,0.0,60,0.0,3,4
nowpublic.com,avaxhome.ws,1,0,0.0,0.0,60,0.0,11,3
mtv.com,vh1.com,1,3,0.3333333333333333,0.8558185909637362,35,0.096256038647343,2,3
mtv.com,latimes.com,1,0,0.0,0.0,45,0.0,2,3
mercurynews.com,theautomaticearth.blogspot.com,1,1,0.05263157894736842,0.33380820069533407,99,0.05,4,4
luxlibertas.com,boards.historychannel.com,1,0,0.0,0.0,65,0.0,6,5
ksby.com,tulsaworld.com,1,0,0.0,0.0,8,0.0,1,2
huffingtonpost.com,macombdaily.com,1,0,0.0,0.0,60,0.0,22,2
huffingtonpost.com,kentucky.com,1,2,0.05,0.5995437694348679,360,0.07261904761904761,22,6
hindustantimes.com,thehindu.com,1,0,0.0,0.0,35,0.0,2,5
freerepublic.com,money.cnn.com,1,0,0.0,0.0,212,0.0,45,2
examiner.com,iol.co.za,1,0,0.0,0.0,132,0.0,8,9
earthtimes.org,abcactionnews.com:80,1,0,0.0,0.0,44,0.0,7,3
clipmarks.com,uspolitics.tribe.net,1,0,0.0,0.0,270,0.0,15,4
blogher.com,chicagotribune.com,1,0,0.0,0.0,108,0.0,5,5
64.90.166.18,journalgazette.net,1,0,0.0,0.0,78,0.0,23,3
mashget.com,newsday.com,1,0,0.0,0.0,126,0.0,10,5
wusa9.com,cbsnews.com,1,1,0.02702702702702703,0.36926937306885504,360,0.06666666666666667,14,11
seattlepi.nwsource.com,reuters.com,1,2,0.03225806451612903,0.7849833730515675,1023,0.16785714285714284,26,8
seattlepi.nwsource.com,postchronicle.com,1,3,0.06,0.9047224063721313,660,0.11096491228070174,26,12
people.com,in.news.yahoo.com,1,2,0.06060606060606061,0.68392735351298,306,0.10833333333333334,14,10
northjersey.com,sott.net,1,1,0.021739130434782608,0.33380820069533407,480,0.05,5,13
freerepublic.com,sefermpost.com,1,3,0.05454545454545454,0.8309037058551414,265,0.08611111111111111,45,5
bsimmons.wordpress.com,brownpelicanla.com,1,0,0.0,0.0,24,0.0,1,6
mysinchew.com,abs-cbnnews.com,1,1,0.05555555555555555,0.23459420572161058,84,0.014084507042253521,3,4
wmtw.com,wsoctv.com,1,3,0.23076923076923078,1.1612013353109722,64,0.24105691056910566,4,5
blog.sina.com.cn,facebook.com,1,0,0.0,0.0,78,0.0,2,5
stltoday.com,popmatters.com,1,0,0.0,0.0,24,0.0,4,2
thechronicleherald.ca,thestate.com,1,0,0.0,0.0,84,0.0,4,3
wgnradio.com,thehour.com,1,0,0.0,0.0,16,0.0,4,2
weblogs.baltimoresun.com,usatoday.com,1,0,0.0,0.0,256,0.0,10,5
washingtonpost.com,sports.yahoo.com,1,1,0.015625,0.43429448190325176,1056,0.1,26,5
voices.washingtonpost.com,nydailynews.com,1,1,0.029411764705882353,0.5581106265512472,276,0.16666666666666666,23,9
turkishpress.com,twocircles.net,1,0,0.0,0.0,75,0.0,1,13
open.salon.com,squidoo.com,1,0,0.0,0.0,176,0.0,15,3
npr.org,seattlepi.nwsource.com,1,0,0.0,0.0,132,0.0,2,7
biz.yahoo.com,bulletin.aarp.org,1,0,0.0,0.0,0,0.0,0,11
seattletimes.nwsource.com,dailypress.com,1,1,0.029411764705882353,0.35295612386476116,196,0.058823529411764705,20,6
examiner.com,cbs11tv.com,1,0,0.0,0.0,22,0.0,8,2
nypost.com,soccerblogs.net,1,0,0.0,0.0,36,0.0,7,3
dandelionsalad.wordpress.com,globalresearch.ca,1,1,0.047619047619047616,0.48089834696298783,112,0.125,2,4
open.salon.com,newonlinearticles.com,1,0,0.0,0.0,154,0.0,15,4
open.salon.com,articleslide.com,1,0,0.0,0.0,44,0.0,15,2
freerepublic.com,blog.taragana.com,1,4,0.06451612903225806,1.9004272016122816,689,0.49048174048174054,45,7
kansascity.com,timesoftheinternet.com,1,0,0.0,0.0,252,0.0,10,8
timesonline.co.uk,topnews.in,1,0,0.0,0.0,897,0.0,18,9
feeds.stlouisnews.net,nydailynews.com,1,0,0.0,0.0,132,0.0,6,9
celebritygossip.epicureforum.com,msnbc.msn.com,1,1,0.038461538461538464,0.4170323914242463,182,0.09090909090909091,8,11
news.smh.com.au,independent.co.uk,1,0,0.0,0.0,98,0.0,8,4
startribune.com,wcbstv.com,1,2,0.020618556701030927,0.6726546100595778,810,0.11090909090909092,83,4
bostonherald.com,showhype.com,1,1,0.025,0.30692767643013485,330,0.038461538461538464,1,10
chron.com,theledger.com,1,1,0.043478260869565216,0.2222316216158104,144,0.011111111111111112,6,8
telegraph.co.uk,news.bbc.co.uk,1,3,0.05172413793103448,1.5618658237726943,840,0.4383269312846777,12,5
64.90.166.18,gle.am,1,0,0.0,0.0,208,0.0,23,4
forbes.com,sfgate.com,1,2,0.04878048780487805,0.6838853490464861,432,0.11025641025641025,5,13
freerepublic.com,topnews.in,1,13,0.16455696202531644,6.111523121338122,2067,1.580962555962556,45,9
news.theage.com.au,newsinfo.inquirer.net,1,1,0.08333333333333333,0.2222316216158104,22,0.011111111111111112,5,2
wbt.com,feeds.cbsnews.com,1,1,0.018867924528301886,0.6213349345596119,200,0.2,49,2
wikio.com,kdvr.com,1,0,0.0,0.0,0,0.0,47,0
topnews.in,guardian.co.uk,1,1,0.0196078431372549,0.2710850306818168,507,0.025,31,7
counterpunch.org,sott.net,1,2,0.058823529411764705,0.9947966893327386,128,0.26785714285714285,3,13
truthout.org,rawstory.com,1,0,0.0,0.0,38,0.0,11,2
iht.com,theledger.com,1,1,0.03333333333333333,0.3898712452512801,228,0.07692307692307693,11,8
64.90.166.18,freshnews.in,1,3,0.08108108108108109,1.197172489590372,364,0.24707602339181284,23,7
politicalticker.blogs.cnn.com,docudharma.com,1,0,0.0,0.0,19,0.0,16,1
guardian.co.uk,news.com.au,1,2,0.06060606060606061,0.8285563228138756,286,0.1845238095238095,6,8
wikio.co.uk,timesonline.co.uk,1,1,0.024390243902439025,0.2790553132756236,437,0.027777777777777776,11,6
telegraph.co.uk,dailyexpress.co.uk,1,0,0.0,0.0,63,0.0,12,3
sefermpost.com,wntp.townhall.com,1,0,0.0,0.0,25,0.0,0,3
sefermpost.com,krla870.townhall.com,1,0,0.0,0.0,15,0.0,0,3
sefermpost.com,860wgul.townhall.com,1,0,0.0,0.0,15,0.0,0,3
sefermpost.com,560wind.townhall.com,1,1,0.1,0.2729584204093974,30,0.02564102564102564,0,4
sacbee.com,sltrib.com,1,0,0.0,0.0,264,0.0,14,4
reuters.com,counterpunch.org,1,0,0.0,0.0,124,0.0,23,2
realclearpolitics.com,japantoday.com,1,0,0.0,0.0,20,0.0,7,1
prnewswire.com,scouty.de,1,0,0.0,0.0,315,0.0,10,7
philly.com,honoluluadvertiser.com,1,1,0.043478260869565216,0.3396232718951086,44,0.05263157894736842,12,1
open.salon.com,news.com.au,1,0,0.0,0.0,484,0.0,15,8
newsobserver.com,usatoday.com,1,0,0.0,0.0,144,0.0,2,5
news.cnet.com,news.theage.com.au,1,0,0.0,0.0,132,0.0,8,6
megite.com,news.theage.com.au,1,1,0.04,0.2222316216158104,165,0.011111111111111112,6,6
mashget.com,themoneytimes.com,1,0,0.0,0.0,288,0.0,10,12
huffingtonpost.com,answerbag.com,1,0,0.0,0.0,90,0.0,22,2
guardian.co.uk,opinionsource.com,1,0,0.0,0.0,182,0.0,6,7
gopusa.com,chronwatch-america.com,1,0,0.0,0.0,25,0.0,0,3
examiner.com,embeds.blogs.foxnews.com,1,0,0.0,0.0,22,0.0,8,1
cnn.com,blogs.abcnews.com,1,2,0.04,0.8831677154386057,675,0.2095238095238095,19,4
canada.com,nbcchicago.com,1,0,0.0,0.0,28,0.0,2,2
townhall.com,seekingalpha.com,1,2,0.06451612903225806,0.8044138001116603,270,0.17045454545454547,13,5
washingtonpost.com,daytondailynews.com,1,0,0.0,0.0,198,0.0,26,4
tucsoncitizen.com,latimes.com,1,1,0.045454545454545456,0.3459762562611936,126,0.05555555555555555,7,3
kansascity.com,stltoday.com,1,0,0.0,0.0,144,0.0,10,5
abc.es,eluniversal.com,1,1,0.3333333333333333,0.5581106265512472,3,0.16666666666666666,0,1
vh1.com,thestar.com,1,1,0.05263157894736842,0.43429448190325176,91,0.1,4,5
opednews.com,dissidentvoice.org,1,1,0.0625,0.28853900817779266,72,0.03125,4,1
embeds.blogs.foxnews.com,blogs.myspace.com,1,1,0.043478260869565216,0.3459762562611936,44,0.05555555555555555,1,5
theaustralian.news.com.au,breakingnews.ie,1,2,0.10526315789473684,0.5581096588702831,104,0.05953905249679898,5,6
sott.net,beltwayblips.dailyradar.com,1,3,0.08108108108108109,1.1973031295886916,256,0.24646464646464647,22,6
news.scotsman.com,icwolverhampton.icnetwork.co.uk,1,2,0.06896551724137931,0.736386027376147,108,0.13968253968253969,25,4
news.scotsman.com,icscotland.icnetwork.co.uk,1,3,0.10344827586206896,1.2502843697458976,135,0.28253968253968254,25,5
news.scotsman.com,dailyexpress.co.uk,1,0,0.0,0.0,81,0.0,25,3
dandelionsalad.wordpress.com,counterpunch.org,1,2,0.2,0.859821528652939,32,0.19642857142857142,2,2
open.salon.com,earthtimes.org,1,1,0.03125,0.5581106265512472,242,0.16666666666666666,15,5
squidoo.com,youtube.com,1,0,0.0,0.0,24,0.0,5,2
youtube.com,timesonline.co.uk,1,0,0.0,0.0,69,0.0,1,6
youtube.com,journalgazette.net,1,0,0.0,0.0,9,0.0,1,3
youtube.com,gather.com,1,0,0.0,0.0,57,0.0,1,8
x.techwheat.com,stuff.co.nz,1,0,0.0,0.0,88,0.0,0,15
x.techwheat.com,sermoncentral.com,1,0,0.0,0.0,20,0.0,0,3
x.techwheat.com,patdollard.com,1,0,0.0,0.0,40,0.0,0,5
winnipegfreepress.com,people.com,1,0,0.0,0.0,234,0.0,9,4
winnipegfreepress.com,northjersey.com,1,0,0.0,0.0,195,0.0,9,10
winnipegfreepress.com,mtv.com,1,0,0.0,0.0,65,0.0,9,3
weblogs.chicagotribune.com,mininova.org,1,0,0.0,0.0,27,0.0,6,1
weblogs.baltimoresun.com,mininova.org,1,0,0.0,0.0,48,0.0,10,1
weblogs.baltimoresun.com,haaretz.com,1,0,0.0,0.0,48,0.0,10,2
weblogs.baltimoresun.com,conservapedia.com,1,0,0.0,0.0,128,0.0,10,3
wbztv.com,kxan.com,1,0,0.0,0.0,8,0.0,0,2
wattpad.com,jezebel.com,1,0,0.0,0.0,45,0.0,7,4
washingtonpost.com,nwherald.com,1,0,0.0,0.0,165,0.0,26,1
washingtonpost.com,examiner.com,1,1,0.023255813953488372,0.48089834696298783,363,0.125,26,3
vosizneias.com,blog.taragana.com,1,0,0.0,0.0,143,0.0,8,7
voices.washingtonpost.com,townhall.com,1,1,0.025,0.318928988903801,414,0.043478260869565216,23,5
voices.washingtonpost.com,crooksandliars.com,1,0,0.0,0.0,138,0.0,23,5
vnnforum.com,bnd.com,1,0,0.0,0.0,28,0.0,3,1
vh1.com,tuscaloosanews.com,1,0,0.0,0.0,28,0.0,4,2
variety.com,www2.journalnow.com,1,0,0.0,0.0,114,0.0,3,8
usatoday.com,mlb.mlb.com,1,1,0.045454545454545456,0.7213475204444817,112,0.25,11,2
upi.com,uspolitics.tribe.net,1,0,0.0,0.0,216,0.0,16,4
upi.com,opinionsource.com,1,0,0.0,0.0,336,0.0,16,7
upi.com,kdwn.com,1,0,0.0,0.0,192,0.0,16,4
uk.reuters.com,althouse.blogspot.com,1,0,0.0,0.0,40,0.0,35,1
uk.news.yahoo.com,althouse.blogspot.com,1,0,0.0,0.0,36,0.0,25,1
tulsaworld.com,lohud.com,1,0,0.0,0.0,24,0.0,2,2
tulsaworld.com,ksdk.com,1,0,0.0,0.0,20,0.0,2,2
tucsoncitizen.com,postcrescent.com,1,0,0.0,0.0,28,0.0,7,1
tthfanfic.org,wsbtv.com,1,0,0.0,0.0,9,0.0,0,7
truthseeker2473.blogspot.com,answerbag.com,1,0,0.0,0.0,21,0.0,5,2
toledoblade.com,nymag.com,1,0,0.0,0.0,25,0.0,1,3
todayszaman.com,usnews.com,1,0,0.0,0.0,48,0.0,4,2
timesdaily.com,seattletimes.nwsource.com,1,0,0.0,0.0,84,0.0,2,10
timesargus.com,mercurynews.com,1,0,0.0,0.0,66,0.0,0,7
timesanddemocrat.com,ocala.com,1,0,0.0,0.0,4,0.0,0,2
timesanddemocrat.com,newsobserver.com,1,0,0.0,0.0,9,0.0,0,7
thestar.com,washingtonexaminer.com,1,1,0.05263157894736842,0.2518706487516997,91,0.018867924528301886,8,7
thestar.com,bostonherald.com,1,1,0.043478260869565216,0.30692767643013485,143,0.038461538461538464,8,10
theragblog.blogspot.com,timesunion.com,1,0,0.0,0.0,12,0.0,2,1
theragblog.blogspot.com,northjersey.com,1,0,0.0,0.0,90,0.0,2,10
theragblog.blogspot.com,muscatinejournal.com,1,0,0.0,0.0,30,0.0,2,2
theolympian.com,heraldnet.com,1,0,0.0,0.0,24,0.0,0,3
thenation.com,variety.com,1,0,0.0,0.0,30,0.0,2,3
thenation.com,seattlepi.nwsource.com,1,1,0.02702702702702703,0.2835784920513334,165,0.029411764705882353,2,7
themoneytimes.com,nj.com,1,0,0.0,0.0,80,0.0,4,3
themoneytimes.com,nationalpost.com,1,1,0.05,0.2790553132756236,80,0.027777777777777776,4,5
thehimalayantimes.com,wsbt.com,1,0,0.0,0.0,70,0.0,3,1
thehimalayantimes.com,winnipegsun.com,1,0,0.0,0.0,56,0.0,3,4
thehimalayantimes.com,trentonian.com,1,0,0.0,0.0,28,0.0,3,2
thehimalayantimes.com,torontosun.com,1,0,0.0,0.0,28,0.0,3,3
thehimalayantimes.com,stuff.co.nz,1,2,0.07407407407407407,0.544704502234203,154,0.05185185185185185,3,15
thehimalayantimes.com,ottawasun.com,1,1,0.09090909090909091,0.2506903984389969,35,0.018518518518518517,3,4
thehimalayantimes.com,jam.canoe.ca,1,0,0.0,0.0,21,0.0,3,3
thehimalayantimes.com,edmontonsun.com,1,0,0.0,0.0,49,0.0,3,5
thehimalayantimes.com,calgarysun.com,1,0,0.0,0.0,14,0.0,3,2
thehimalayantimes.com,brandonsun.com,1,0,0.0,0.0,28,0.0,3,1
theday.com,theglobeandmail.com,1,0,0.0,0.0,123,0.0,2,12
theaustralian.news.com.au,timesdaily.com,1,0,0.0,0.0,39,0.0,5,1
tfponline.com,thelife.com,1,0,0.0,0.0,0,0.0,0,0
storage.itworld.com,pheedo.com,1,0,0.0,0.0,143,0.0,12,1
storage.itworld.com,losangeles.craigslist.org,1,0,0.0,0.0,13,0.0,12,0
stltoday.com,thelife.com,1,0,0.0,0.0,0,0.0,4,0
star-telegram.com,examiner.com,1,0,0.0,0.0,33,0.0,1,3
star-telegram.com,cbs2chicago.com,1,1,0.07692307692307693,0.2222316216158104,33,0.011111111111111112,1,4
squidoo.com,cnsnews.com,1,0,0.0,0.0,128,0.0,5,8
sportsnipe.com,statesman.com,1,0,0.0,0.0,96,0.0,1,10
sportsnipe.com,digitalspy.co.uk,1,0,0.0,0.0,32,0.0,1,8
sportingnews.com,digitalspy.co.uk,1,0,0.0,0.0,88,0.0,8,8
southcoasttoday.com,abcactionnews.com:80,1,0,0.0,0.0,164,0.0,35,3
sott.net,losangeles.craigslist.org,1,0,0.0,0.0,32,0.0,22,0
sott.net,dissidentvoice.org,1,3,0.08108108108108109,1.3972262937145832,256,0.35119047619047616,22,1
soccerblogs.net,pheedo.com,1,0,0.0,0.0,44,0.0,1,1
smh.com.au,media.idahostatesman.com,1,0,0.0,0.0,284,0.0,63,3
smh.com.au,idahostatesman.com,1,2,0.025974025974025976,0.619959771507852,568,0.08518518518518518,63,6
sltrib.com,insidebayarea.com,1,0,0.0,0.0,60,0.0,8,4
sltrib.com,fresnobee.com,1,0,0.0,0.0,24,0.0,8,2
sfgate.com,thevelvethottub.com,1,1,0.022222222222222223,0.40242960438184466,513,0.08333333333333333,14,6
sfgate.com,celebrityblend.com,1,0,0.0,0.0,270,0.0,14,7
sfgate.com,celebitchy.com,1,1,0.02857142857142857,0.48089834696298783,243,0.125,14,5
seekingalpha.com,theglobeandmail.com,1,1,0.01818181818181818,0.31465798044412485,615,0.041666666666666664,10,12
sdpnoticias.com,farodevigo.es,1,1,0.09090909090909091,0.48089834696298783,36,0.125,4,5
sdpnoticias.com,elecodiario.es,1,0,0.0,0.0,0,0.0,4,0
sdpnoticias.com,diarioinformacion.com,1,0,0.0,0.0,48,0.0,4,4
scdfa.org,thenation.com,1,0,0.0,0.0,40,0.0,3,3
scdfa.org,dailyreportonline.com,1,0,0.0,0.0,32,0.0,3,4
scdfa.org,bloomberg.com,1,0,0.0,0.0,160,0.0,3,7
sacbee.com,scrippsnews.net,1,0,0.0,0.0,198,0.0,14,4
sacbee.com,scrippsnews.com,1,0,0.0,0.0,154,0.0,14,5
rssjunky.com,wral.com,1,0,0.0,0.0,240,0.0,1,4
rssjunky.com,thelife.com,1,0,0.0,0.0,0,0.0,1,0
riverdaughter.wordpress.com,au.answers.yahoo.com,1,0,0.0,0.0,42,0.0,1,6
riverdaughter.wordpress.com,am1070wdia.com,1,0,0.0,0.0,48,0.0,1,7
realclearpolitics.com,dailykos.com,1,0,0.0,0.0,90,0.0,7,4
readingeagle.com,soccerblogs.net,1,0,0.0,0.0,32,0.0,3,3
readingeagle.com,lansingstatejournal.com,1,0,0.0,0.0,24,0.0,3,1
quizilla.com,thejakartapost.com,1,0,0.0,0.0,60,0.0,5,3
quizilla.com,fanfiction.net,1,2,0.09523809523809523,1.039008973514235,130,0.29166666666666663,5,4
prisonplanet.com,saukvalley.com,1,0,0.0,0.0,60,0.0,12,2
prevuze.blogspot.com,open.salon.com,1,0,0.0,0.0,110,0.0,1,7
pr-inside.com,reddit.com,1,0,0.0,0.0,144,0.0,7,4
pr-inside.com,losangeles.craigslist.org,1,0,0.0,0.0,12,0.0,7,0
post-gazette.com,gle.am,1,0,0.0,0.0,184,0.0,12,4
post-gazette.com,aikenstandard.com,1,0,0.0,0.0,46,0.0,12,2
politico.com,jg-tc.com,1,0,0.0,0.0,13,0.0,11,1
politico.com,jacksonville.com,1,0,0.0,0.0,91,0.0,11,1
politico.com,conservapedia.com,1,0,0.0,0.0,104,0.0,11,3
phillyburbs.com,hattiesburgamerican.com,1,0,0.0,0.0,30,0.0,1,2
philly.com,hattiesburgamerican.com,1,0,0.0,0.0,132,0.0,12,2
pheedo.com,daytondailynews.com,1,0,0.0,0.0,66,0.0,10,4
pheedcontent.com,mercurynews.com,1,0,0.0,0.0,66,0.0,2,7
people.com,metrowestdailynews.com,1,0,0.0,0.0,108,0.0,14,4
people.com,californiachronicle.com,1,0,0.0,0.0,108,0.0,14,3
patdollard.com,americannonsense.com,1,1,0.07142857142857142,0.40242960438184466,50,0.08333333333333333,6,2
partisan.blogs.hopelesslypartisan.com,demonoid.com,1,0,0.0,0.0,3,0.0,0,1
opinionsource.com,opednews.com,1,1,0.045454545454545456,0.35295612386476116,126,0.058823529411764705,8,5
opinionsource.com,indybay.org,1,0,0.0,0.0,112,0.0,8,3
opinionsource.com,globalresearch.ca,1,0,0.0,0.0,196,0.0,8,4
ocregister.com,quizilla.com,1,1,0.058823529411764705,0.30692767643013485,80,0.038461538461538464,4,5
nytimes.com,newsobserver.com,1,2,0.08,0.7088002341550811,162,0.12040133779264214,12,7
nydailynews.com,californiachronicle.com,1,0,0.0,0.0,72,0.0,3,3
northjersey.com,lohud.com,1,0,0.0,0.0,90,0.0,5,2
northjersey.com,jacksonville.com,1,1,0.047619047619047616,0.25562221863533147,105,0.02,5,1
newsobserver.com,news.com.au,1,0,0.0,0.0,198,0.0,2,8
newser.com,mercurynews.com,1,1,0.058823529411764705,0.3396232718951086,77,0.05263157894736842,3,7
news.google.com,crooksandliars.com,1,0,0.0,0.0,6,0.0,1,5
news.com.au,mahalo.com,1,0,0.0,0.0,308,0.0,15,4
nbc12.com,examiner.com,1,0,0.0,0.0,0,0.0,0,3
msn.foxsports.com,mlive.com,1,0,0.0,0.0,64,0.0,1,2
money.cnn.com,ctv.ca,1,0,0.0,0.0,40,0.0,2,8
modernghana.com,philly.com,1,0,0.0,0.0,110,0.0,3,10
michnews.com,dprogram.net,1,0,0.0,0.0,60,0.0,0,10
mercurynews.com,chron.com,1,1,0.045454545454545456,0.28853900817779266,132,0.03125,4,6
medlogs.com,uk.news.yahoo.com,1,0,0.0,0.0,180,0.0,1,12
medlogs.com,physorg.com,1,0,0.0,0.0,40,0.0,1,3
medlogs.com,news.yahoo.com,1,0,0.0,0.0,120,0.0,1,9
medlogs.com,news.cnet.com,1,1,0.0625,0.5138983423697507,60,0.14285714285714285,1,4
mcall.com,kptv.com,1,0,0.0,0.0,21,0.0,2,3
leftword.blogdig.net,nydailynews.com,1,0,0.0,0.0,132,0.0,3,9
irishtimes.com,golivewire.com,1,1,0.07142857142857142,0.43429448190325176,54,0.1,0,5
ireport.com,reddit.com,1,0,0.0,0.0,240,0.0,9,4
insidebayarea.com,news.com.au,1,0,0.0,0.0,110,0.0,1,8
injesus.com,nhregister.com,1,0,0.0,0.0,21,0.0,1,3
injesus.com,marketwatch.com,1,0,0.0,0.0,69,0.0,1,3
injesus.com,daytondailynews.com,1,0,0.0,0.0,18,0.0,1,4
independent.ie,feedproxy.google.com,1,1,0.03333333333333333,0.2790553132756236,130,0.027777777777777776,1,10
in.answers.yahoo.com,pr-inside.com,1,0,0.0,0.0,84,0.0,3,6
in.answers.yahoo.com,huliq.com,1,0,0.0,0.0,70,0.0,3,5
in.answers.yahoo.com,earthtimes.org,1,0,0.0,0.0,77,0.0,3,5
ibdeditorials.com,noquarterusa.net,1,0,0.0,0.0,88,0.0,7,5
huffingtonpost.com,sportingnews.com,1,0,0.0,0.0,330,0.0,22,3
htrnews.com,spectator.org,1,0,0.0,0.0,4,0.0,0,1
hotair.com,thenation.com,1,0,0.0,0.0,50,0.0,6,3
hotair.com,thehawkeye.com,1,0,0.0,0.0,20,0.0,6,2
hispanicbusiness.com,sanluisobispo.com,1,0,0.0,0.0,40,0.0,0,5
hispanicbusiness.com,physorg.com,1,0,0.0,0.0,40,0.0,0,3
hispanicbusiness.com,bnd.com,1,0,0.0,0.0,20,0.0,0,1
gopusa.com,guardian.co.uk,1,1,0.058823529411764705,0.2710850306818168,65,0.025,0,7
goerie.com,theolympian.com,1,0,0.0,0.0,9,0.0,0,3
globalresearch.ca,sltrib.com,1,0,0.0,0.0,168,0.0,11,4
globalresearch.ca,commondreams.org,1,1,0.05,0.4170323914242463,98,0.09090909090909091,11,5
gather.com,politico.com,1,1,0.03225806451612903,0.35295612386476116,247,0.058823529411764705,11,2
gather.com,1800blogger.com,1,1,0.037037037037037035,0.2222316216158104,171,0.011111111111111112,11,6
forums.catholic.com,readingeagle.com,1,0,0.0,0.0,80,0.0,4,5
forums.catholic.com,freerepublic.com,1,0,0.0,0.0,530,0.0,4,8
forum.brokeroutpost.com,truthseeker2473.blogspot.com,1,0,0.0,0.0,28,0.0,0,2
forum.brokeroutpost.com,othersiderainbow.blogspot.com,1,0,0.0,0.0,32,0.0,0,3
feeds.feedblitz.com,uk.news.yahoo.com,1,2,0.05128205128205128,0.8559291402812225,180,0.21408450704225354,2,12
feeds.feedblitz.com,thehimalayantimes.com,1,0,0.0,0.0,35,0.0,2,4
feeds.feedblitz.com,nowpublic.com,1,0,0.0,0.0,75,0.0,2,4
feeds.feedblitz.com,news.theage.com.au,1,0,0.0,0.0,55,0.0,2,6
feeds.feedblitz.com,iafrica.com,1,1,0.08333333333333333,0.23459420572161058,40,0.014084507042253521,2,5
feeds.feedblitz.com,etaiwannews.com,1,0,0.0,0.0,30,0.0,2,4
feeds.feedblitz.com,bulletin.aarp.org,1,0,0.0,0.0,95,0.0,2,11
feeds.feedblitz.com,abs-cbnnews.com,1,1,0.09090909090909091,0.23459420572161058,35,0.014084507042253521,2,4
fanfiction.net,nbc12.com,1,0,0.0,0.0,0,0.0,9,0
examiner.com,uk.reuters.com,1,1,0.02,0.5581106265512472,440,0.16666666666666666,8,6
examiner.com,reuters.com,1,0,0.0,0.0,341,0.0,8,8
examiner.com,publicbroadcasting.net,1,1,0.030303030303030304,0.35295612386476116,253,0.058823529411764705,8,5
examiner.com,mashget.com,1,0,0.0,0.0,198,0.0,8,8
examiner.com,kare11.com,1,0,0.0,0.0,33,0.0,8,1
examiner.com,goozad.com,1,1,0.06666666666666667,0.7213475204444817,55,0.25,8,5
digg.com/politics,news.bbc.co.uk,1,0,0.0,0.0,240,0.0,4,5
detnews.com,blogs.myspace.com,1,0,0.0,0.0,154,0.0,1,5
deseretnews.com,truthseeker2473.blogspot.com,1,0,0.0,0.0,21,0.0,1,2
deseretnews.com,rebellenation.blogspot.com,1,0,0.0,0.0,27,0.0,1,4
denverpost.com,beltwayblips.dailyradar.com,1,0,0.0,0.0,48,0.0,1,6
delcotimes.com,freshnews.in,1,0,0.0,0.0,70,0.0,0,7
daytondailynews.com,nydailynews.com,1,0,0.0,0.0,72,0.0,2,9
columbiatribune.com,charlotteobserver.com,1,0,0.0,0.0,5,0.0,1,4
columbiatribune.com,charlotte.com,1,0,0.0,0.0,2,0.0,1,1
cnn.com,ottawasun.com,1,1,0.03225806451612903,0.36067376022224085,135,0.0625,19,4
cnn.com,nydailynews.com,1,2,0.05405405405405406,0.7152456293300486,324,0.12222222222222222,19,9
chronwatch-america.com,northjersey.com,1,0,0.0,0.0,75,0.0,2,10
chicagotribune.com,newser.com,1,0,0.0,0.0,63,0.0,4,4
chicagotribune.com,media.star-telegram.com,1,0,0.0,0.0,27,0.0,4,2
chacha.com,ph.answers.yahoo.com,1,0,0.0,0.0,18,0.0,7,1
cbs4.com,commondreams.org,1,0,0.0,0.0,28,0.0,0,5
cbs11tv.com,commondreams.org,1,0,0.0,0.0,14,0.0,0,5
care2.com,tthfanfic.org,1,0,0.0,0.0,5,0.0,0,1
canada.com,onlineathens.com,1,0,0.0,0.0,35,0.0,2,4
ca.eonline.com,article.wn.com,1,0,0.0,0.0,24,0.0,0,7
ca.answers.yahoo.com,features.csmonitor.com,1,0,0.0,0.0,20,0.0,5,2
ca.answers.yahoo.com,americanchronicle.com,1,0,0.0,0.0,120,0.0,5,9
bulletin.aarp.org,forums.somd.com,1,0,0.0,0.0,190,0.0,8,6
bulletin.aarp.org,eagletribune.com,1,0,0.0,0.0,0,0.0,8,0
bulletin.aarp.org,britanniaradio.blogspot.com,1,0,0.0,0.0,95,0.0,8,4
buffalonews.com,altweeklies.com,1,0,0.0,0.0,8,0.0,1,1
britanniaradio.blogspot.com,uncyclopedia.wikia.com,1,0,0.0,0.0,30,0.0,1,3
brisbanetimes.com.au,msnbc.msn.com,1,0,0.0,0.0,104,0.0,1,11
blogs.myspace.com,starpulse.com,1,0,0.0,0.0,220,0.0,17,3
blogs.myspace.com,sfgate.com,1,1,0.020833333333333332,0.48089834696298783,594,0.125,17,13
blognetnews.com,ocregister.com,1,0,0.0,0.0,64,0.0,2,4
blogher.com,quizilla.com,1,0,0.0,0.0,120,0.0,5,5
belfasttelegraph.co.uk,sacbee.com,1,1,0.01818181818181818,0.318928988903801,748,0.043478260869565216,29,8
bbc.co.uk,themonitor.com,1,0,0.0,0.0,33,0.0,1,4
avaxhome.ws,wotarticle.com,1,0,0.0,0.0,12,0.0,1,0
avaxhome.ws,blog.sina.com.cn,1,0,0.0,0.0,24,0.0,1,4
au.answers.yahoo.com,pr-inside.com,1,0,0.0,0.0,84,0.0,1,6
area52hkh.net,kansascity.com,1,0,0.0,0.0,108,0.0,2,9
answerbag.com,accessatlanta.com,1,0,0.0,0.0,12,0.0,1,4
americanchronicle.com,freerepublic.com,1,1,0.015625,0.9102392266268373,636,0.3333333333333333,3,8
amazon.com,scrippsnews.net,1,0,0.0,0.0,63,0.0,0,4
amazon.com,scrippsnews.com,1,0,0.0,0.0,49,0.0,0,5
allvoices.com,vh1.com,1,0,0.0,0.0,56,0.0,1,3
allvoices.com,pheedo.com,1,0,0.0,0.0,88,0.0,1,1
abs-cbnnews.com,bleacherreport.com,1,0,0.0,0.0,49,0.0,3,5
411mania.com,startribune.com,1,0,0.0,0.0,810,0.0,3,10
1800blogger.com,smh.com.au,1,0,0.0,0.0,639,0.0,3,9
pastebin.ca,nwherald.com,1,0,0.0,0.0,20,0.0,1,1
news.cnet.com,bostonherald.com,1,0,0.0,0.0,132,0.0,8,10
lubbockonline.com,bostonherald.com,1,0,0.0,0.0,66,0.0,2,10
feeds.feedblitz.com,news.bbc.co.uk,1,1,0.022727272727272728,0.23459420572161058,200,0.014084507042253521,2,5
theglobeandmail.com,freerepublic.com,1,5,0.056179775280898875,1.6817585690748982,2173,0.2705128205128205,31,8
newsok.com,tahoedailytribune.com,1,0,0.0,0.0,18,0.0,4,2
news.theage.com.au,leftword.blogdig.net,1,0,0.0,0.0,121,0.0,5,9
news.smh.com.au,leftword.blogdig.net,1,0,0.0,0.0,154,0.0,8,9
star-telegram.com,nwherald.com,1,1,0.14285714285714285,0.48089834696298783,15,0.125,1,1
bizjournals.com,siouxcityjournal.com,1,0,0.0,0.0,4,0.0,2,1
startribune.com,chicagotribune.com,1,3,0.03125,1.065357077768725,810,0.18535353535353535,83,5
washingtonpost.com,news.yahoo.com,1,0,0.0,0.0,792,0.0,26,9
freerepublic.com,feeds.cbsnews.com,1,1,0.017857142857142856,0.6213349345596119,212,0.2,45,2
smh.com.au,news.ninemsn.com.au,1,3,0.03896103896103896,1.399682733736476,639,0.35416666666666663,63,5
latimes.com,feedproxy.google.com,1,2,0.06060606060606061,0.5941157322956192,234,0.06904761904761905,6,10
news.yahoo.com,dailybreeze.com,1,0,0.0,0.0,24,0.0,15,1
leftword.blogdig.net,usnews.com,1,0,0.0,0.0,88,0.0,3,2
examiner.com,wgnradio.com,1,0,0.0,0.0,44,0.0,8,0
celebrityblend.com,newser.com,1,0,0.0,0.0,70,0.0,3,4
celebitchy.com,newser.com,1,0,0.0,0.0,63,0.0,4,4
showhype.com,ca.eonline.com,1,0,0.0,0.0,90,0.0,22,3
gather.com,blognetnews.com,1,1,0.038461538461538464,0.3789231816899512,152,0.07142857142857142,11,6
in.news.yahoo.com,sltrib.com,1,1,0.03571428571428571,0.3898712452512801,204,0.07692307692307693,7,4
smh.com.au,abc.net.au,1,2,0.02531645569620253,0.9163279467515955,710,0.22619047619047616,63,6
washingtonpost.com,blogher.com,1,0,0.0,0.0,396,0.0,26,7
truthout.org,countercurrents.org,1,2,0.07142857142857142,0.8928215240597019,209,0.21428571428571427,11,3
startribune.com,townhall.com,1,1,0.009345794392523364,0.35295612386476116,1620,0.058823529411764705,83,5
people.com,examiner.com,1,1,0.03571428571428571,0.5138983423697507,198,0.14285714285714285,14,3
open.salon.com,reddit.com,1,0,0.0,0.0,264,0.0,15,4
news.smh.com.au,brandonsun.com,1,0,0.0,0.0,56,0.0,8,1
huffingtonpost.com,newsvine.com,1,6,0.13333333333333333,1.8577319753697101,630,0.2514957264957265,22,8
hotair.com,usnews.com,1,0,0.0,0.0,80,0.0,6,2
firstread.msnbc.msn.com,abluteau.wordpress.com,1,0,0.0,0.0,90,0.0,3,8
feeds.feedburner.com,pheedo.com,1,0,0.0,0.0,55,0.0,2,1
elpais.com,diariovasco.com,1,1,0.5,0.48089834696298783,2,0.125,1,1
blog.taragana.com,facebook.com,1,0,0.0,0.0,169,0.0,6,5
biz.yahoo.com,moneycentral.msn.com,1,0,0.0,0.0,0,0.0,0,2
articleslide.com,philly.com,1,1,0.043478260869565216,0.318928988903801,44,0.043478260869565216,0,10
amazon.com,feedproxy.google.com,1,0,0.0,0.0,182,0.0,0,10
accesshollywood.com,celebitchy.com,1,2,0.125,0.7412221583333867,81,0.13846153846153847,2,5
sfgate.com,mercurynews.com,1,0,0.0,0.0,297,0.0,14,7
usatoday.com,sltrib.com,1,0,0.0,0.0,192,0.0,11,4
gazette.com,examiner.com,1,0,0.0,0.0,121,0.0,3,3
blogs.abcnews.com,realclearpolitics.com,1,0,0.0,0.0,250,0.0,23,4
thestar.com,mashget.com,1,0,0.0,0.0,234,0.0,8,8
kansascity.com,voices.washingtonpost.com,1,0,0.0,0.0,414,0.0,10,0
freerepublic.com,denverpost.com,1,1,0.017241379310344827,0.2222316216158104,318,0.011111111111111112,45,5
theglobeandmail.com,ottawasun.com,1,0,0.0,0.0,205,0.0,31,4
open.salon.com,news.google.com,1,0,0.0,0.0,22,0.0,15,0
nwi.com,bismarcktribune.com,1,2,0.1111111111111111,0.5248290691610971,91,0.04450895016932753,2,6
bismarcktribune.com,macombdaily.com,1,0,0.0,0.0,26,0.0,7,2
washingtonpost.com,newsday.com,1,1,0.02564102564102564,0.33380820069533407,231,0.05,26,5
theglobeandmail.com,slam.canoe.ca,1,1,0.022222222222222223,0.45511961331341866,205,0.1111111111111111,31,3
techchuck.com,smallbusiness.itworld.com,1,0,0.0,0.0,20,0.0,17,1
techchuck.com,security.itworld.com,1,0,0.0,0.0,60,0.0,17,2
techchuck.com,open.itworld.com,1,0,0.0,0.0,40,0.0,17,2
open.salon.com,theragblog.blogspot.com,1,0,0.0,0.0,132,0.0,15,4
kansascity.com,cbc.ca,1,2,0.08,0.579949975344197,162,0.06439024390243903,10,7
cbc.ca,thestar.com,1,2,0.1,0.6717121124462357,117,0.10772357723577236,2,5
businessweek.com,scouty.de,1,2,0.08333333333333333,0.6680820106481598,105,0.10025062656641603,0,7
nytimes.com,facebook.com,1,1,0.03333333333333333,0.3898712452512801,234,0.07692307692307693,12,5
patdollard.com,post-gazette.com,1,0,0.0,0.0,230,0.0,6,11
noquarterusa.net,sott.net,1,0,0.0,0.0,352,0.0,6,13
baltimoresun.com,smartgirlpolitics.ning.com,1,0,0.0,0.0,17,0.0,10,1
washingtonpost.com,time.com,1,0,0.0,0.0,99,0.0,26,2
salon.com,olympics.thestar.com,1,0,0.0,0.0,400,0.0,32,6
guardian.co.uk,independent.co.uk,1,0,0.0,0.0,91,0.0,6,4
thevelvethottub.com,showhype.com,1,6,0.13953488372093023,2.2318293476998683,570,0.41797091797091795,13,10
elpais.com,elecodiario.es,1,0,0.0,0.0,0,0.0,1,0
wikio.com,cnn.com,1,2,0.02531645569620253,0.8423570811228018,1458,0.19047619047619047,47,9
blog.taragana.com,gather.com,1,1,0.03225806451612903,0.35295612386476116,247,0.058823529411764705,6,8
startribune.com,feeds.gawker.com,1,2,0.0196078431372549,0.67619704949899,1260,0.10512820512820513,83,7
coventrytelegraph.net,blog.taragana.com,1,1,0.058823529411764705,0.23459420572161058,65,0.014084507042253521,0,7
boston.com,realclearpolitics.com,1,0,0.0,0.0,200,0.0,11,4
blogs.myspace.com,conservapedia.com,1,0,0.0,0.0,176,0.0,17,3
news.yahoo.com,tucsoncitizen.com,1,0,0.0,0.0,336,0.0,15,7
washingtonpost.com,freerepublic.com,1,1,0.011764705882352941,0.5138983423697507,1749,0.14285714285714285,26,8
voices.washingtonpost.com,statesmanjournal.com,1,0,0.0,0.0,92,0.0,23,1
usatoday.com,mashget.com,1,1,0.030303030303030304,0.3789231816899512,288,0.07142857142857142,11,8
tennessean.com,blogs.myspace.com,1,0,0.0,0.0,66,0.0,1,5
startribune.com,theolympian.com,1,1,0.010869565217391304,0.5138983423697507,270,0.14285714285714285,83,3
politicalticker.blogs.cnn.com,nowpublic.com,1,0,0.0,0.0,285,0.0,16,4
feedproxy.google.com,in.answers.yahoo.com,1,0,0.0,0.0,182,0.0,17,4
denverpost.com,syracuse.com,1,0,0.0,0.0,6,0.0,1,0
articleslide.com,news.yahoo.com,1,0,0.0,0.0,48,0.0,0,9
wyomingnews.com,q13fox.com,1,0,0.0,0.0,0,0.0,23,0
sports.yahoo.com,usatoday.com,1,0,0.0,0.0,512,0.0,29,5
news.cnet.com,economictimes.indiatimes.com,1,1,0.05555555555555555,0.36926937306885504,84,0.06666666666666667,8,6
huffingtonpost.com,prairiepundit.blogspot.com,1,0,0.0,0.0,300,0.0,22,3
freshnews.in,broadwayworld.com,1,0,0.0,0.0,56,0.0,7,2
examiner.com,ph.answers.yahoo.com,1,0,0.0,0.0,22,0.0,8,1
blog.taragana.com,blog.sina.com.cn,1,0,0.0,0.0,78,0.0,6,4
uk.news.yahoo.com,sltrib.com,1,1,0.02127659574468085,0.23459420572161058,432,0.014084507042253521,25,4
news4jax.com,heraldtribune.com,1,0,0.0,0.0,35,0.0,1,4
elecodiario.es,farodevigo.es,1,0,0.0,0.0,0,0.0,0,5
diarioinformacion.com,eldiariomontanes.es,1,1,0.1111111111111111,0.5581106265512472,16,0.16666666666666666,4,0
wusa9.com,southcoasttoday.com,1,1,0.017241379310344827,0.33380820069533407,738,0.05,14,6
patdollard.com,nowpublic.com,1,0,0.0,0.0,150,0.0,6,4
sltrib.com,post-gazette.com,1,0,0.0,0.0,276,0.0,8,11
youtube.com,amazon.com,1,0,0.0,0.0,21,0.0,1,7
x.techwheat.com,sfgate.com,1,0,0.0,0.0,108,0.0,0,13
wsls.com,newonlinearticles.com,1,1,0.037037037037037035,0.40242960438184466,147,0.08333333333333333,18,4
wsls.com,digitalspy.co.uk,1,0,0.0,0.0,168,0.0,18,8
wrex.com,kswo.com,1,0,0.0,0.0,40,0.0,1,0
wrex.com,fox4now.com,1,0,0.0,0.0,4,0.0,1,1
wral.com,stltoday.com,1,0,0.0,0.0,480,0.0,56,5
wotarticle.com,modernghana.com,1,0,0.0,0.0,15,0.0,3,2
weblogs.baltimoresun.com,sports.espn.go.com,1,0,0.0,0.0,224,0.0,10,5
washingtonmonthly.com,globalresearch.ca,1,0,0.0,0.0,98,0.0,5,4
uncyclopedia.wikia.com,open.salon.com,1,0,0.0,0.0,132,0.0,3,7
turkishpress.com,sg.news.yahoo.com,1,0,0.0,0.0,10,0.0,1,2
turkishpress.com,couriermail.news.com.au,1,1,0.1111111111111111,0.2506903984389969,25,0.018518518518518517,1,5
tucsoncitizen.com,startribune.com,1,0,0.0,0.0,1260,0.0,7,10
tucsoncitizen.com,freep.com,1,0,0.0,0.0,126,0.0,7,7
tucsoncitizen.com,conservapedia.com,1,1,0.047619047619047616,0.32351545314867247,112,0.045454545454545456,7,3
tthfanfic.org,golivewire.com,1,0,0.0,0.0,9,0.0,0,5
truthout.org,jpost.com,1,0,0.0,0.0,57,0.0,11,0
todayszaman.com,feeds.gawker.com,1,0,0.0,0.0,84,0.0,4,7
timesofmalta.com,thestar.com,1,0,0.0,0.0,65,0.0,0,5
timesofmalta.com,money.canoe.ca,1,0,0.0,0.0,10,0.0,0,1
timesofmalta.com,macleans.ca,1,0,0.0,0.0,5,0.0,0,1
timesofmalta.com,ctv.ca,1,0,0.0,0.0,50,0.0,0,8
timesofmalta.com,cnews.canoe.ca,1,0,0.0,0.0,25,0.0,0,5
timesdaily.com,weblogs.baltimoresun.com,1,0,0.0,0.0,48,0.0,2,6
thinkprogress.org,sun-sentinel.com,1,0,0.0,0.0,22,0.0,6,1
thereporteronline.com,ajc.com,1,0,0.0,0.0,44,0.0,2,7
theolympian.com,wgnradio.com,1,0,0.0,0.0,12,0.0,0,0
theolympian.com,lubbockonline.com,1,0,0.0,0.0,18,0.0,0,4
theolympian.com,guardian.co.uk,1,0,0.0,0.0,39,0.0,0,7
thehour.com,reuters.com,1,0,0.0,0.0,124,0.0,2,8
thehimalayantimes.com,uk.eonline.com,1,0,0.0,0.0,112,0.0,3,4
thehimalayantimes.com,au.eonline.com,1,0,0.0,0.0,28,0.0,3,4
theglobeandmail.com,mlive.com,1,1,0.020833333333333332,0.2222316216158104,328,0.011111111111111112,31,2
theglobeandmail.com,hattiesburgamerican.com,1,0,0.0,0.0,246,0.0,31,2
theaustralian.news.com.au,thechronicleherald.ca,1,0,0.0,0.0,156,0.0,5,8
tennessean.com,mcclatchydc.com,1,1,0.07692307692307693,0.3396232718951086,33,0.05263157894736842,1,2
telegraph.co.uk,vosizneias.com,1,1,0.03225806451612903,0.3396232718951086,231,0.05263157894736842,12,4
telegraph.co.uk,slate.com,1,0,0.0,0.0,42,0.0,12,1
techchuck.com,theage.com.au,1,0,0.0,0.0,160,0.0,17,8
sunherald.com,theaustralian.news.com.au,1,0,0.0,0.0,52,0.0,1,8
starpulse.com,nydailynews.com,1,0,0.0,0.0,120,0.0,8,9
squidoo.com,groups.google.com,1,1,0.07692307692307693,0.2518706487516997,48,0.018867924528301886,5,3
squidoo.com,embeds.blogs.foxnews.com,1,0,0.0,0.0,16,0.0,5,1
spectator.org,sermoncentral.com,1,0,0.0,0.0,10,0.0,1,3
sott.net,timesonline.co.uk,1,1,0.018518518518518517,0.36926937306885504,736,0.06666666666666667,22,6
sott.net,nj.com,1,1,0.027777777777777776,0.45511961331341866,160,0.1111111111111111,22,3
smartgirlpolitics.ning.com,tulsaworld.com,1,0,0.0,0.0,4,0.0,0,2
sg.answers.yahoo.com,chicagotribune.com,1,0,0.0,0.0,63,0.0,4,5
semissourian.com,star-telegram.com,1,0,0.0,0.0,18,0.0,2,2
semissourian.com,media.star-telegram.com,1,0,0.0,0.0,18,0.0,2,2
seattlepi.nwsource.com,physorg.com,1,0,0.0,0.0,264,0.0,26,3
seattlepi.nwsource.com,huliq.com,1,0,0.0,0.0,330,0.0,26,5
seacoastonline.com,lasvegassun.com,1,0,0.0,0.0,32,0.0,1,2
sdpnoticias.com,article.wn.com,1,0,0.0,0.0,48,0.0,4,7
sandiego.craigslist.org,post-gazette.com,1,0,0.0,0.0,138,0.0,3,11
salon.com,malaysia.news.yahoo.com,1,1,0.024390243902439025,0.2222316216158104,80,0.011111111111111112,32,2
reddit.com,minnesota.publicradio.org,1,0,0.0,0.0,36,0.0,8,1
reddit.com,alternet.org,1,0,0.0,0.0,192,0.0,8,10
reason.com,realclearpolitics.com,1,1,0.06666666666666667,0.5138983423697507,60,0.14285714285714285,3,4
realclearpolitics.com,luxlibertas.com,1,0,0.0,0.0,130,0.0,7,7
readingeagle.com,nbcsandiego.com,1,0,0.0,0.0,16,0.0,3,2
readingeagle.com,nbcchicago.com,1,0,0.0,0.0,32,0.0,3,2
prospect.org,wattpad.com,1,0,0.0,0.0,54,0.0,3,2
prospect.org,techchuck.com,1,0,0.0,0.0,120,0.0,3,3
prospect.org,feeds.gawker.com,1,0,0.0,0.0,84,0.0,3,7
propeller.com,chronwatch-america.com,1,0,0.0,0.0,50,0.0,4,3
progressivenewsdaily.com,wraithbait.com,1,0,0.0,0.0,42,0.0,1,2
prevuze.blogspot.com,sermoncentral.com,1,0,0.0,0.0,25,0.0,1,3
popwatch.ew.com,mahalo.com,1,0,0.0,0.0,98,0.0,2,4
popmatters.com,injesus.com,1,0,0.0,0.0,9,0.0,1,2
pfblogs.org,latimes.com,1,0,0.0,0.0,45,0.0,1,3
pbs.org,prnewswire.com,1,1,0.045454545454545456,0.40242960438184466,120,0.08333333333333333,6,5
pbs.org,cnbc.com,1,0,0.0,0.0,40,0.0,6,4
pastebin.ca,newsvine.com,1,0,0.0,0.0,84,0.0,1,8
open.salon.com,livenews.com.au,1,0,0.0,0.0,220,0.0,15,6
open.salon.com,asia.news.yahoo.com,1,0,0.0,0.0,66,0.0,15,3
nytimes.com,telegraph.co.uk,1,0,0.0,0.0,378,0.0,12,9
nytimes.com,news.bbc.co.uk,1,0,0.0,0.0,720,0.0,12,5
nypost.com,zanesvilletimesrecorder.com,1,0,0.0,0.0,27,0.0,7,1
npr.org,tucsoncitizen.com,1,0,0.0,0.0,56,0.0,2,7
npr.org,recordpub.com,1,0,0.0,0.0,16,0.0,2,3
npr.org,newsmeat.com,1,0,0.0,0.0,36,0.0,2,2
npr.org,news.yahoo.com,1,0,0.0,0.0,96,0.0,2,9
npr.org,news.bbc.co.uk,1,0,0.0,0.0,160,0.0,2,5
npr.org,japantoday.com,1,0,0.0,0.0,8,0.0,2,1
northjersey.com,nowpublic.com,1,1,0.034482758620689655,0.2222316216158104,225,0.011111111111111112,5,4
northjersey.com,blog.beliefnet.com,1,0,0.0,0.0,60,0.0,5,3
northjersey.com,altweeklies.com,1,1,0.0625,0.45511961331341866,30,0.1111111111111111,5,1
nj.com,columbian.com,1,0,0.0,0.0,5,0.0,2,1
newser.com,wmtw.com,1,0,0.0,0.0,56,0.0,3,4
newser.com,wjactv.com,1,0,0.0,0.0,21,0.0,3,3
newser.com,whiotv.com,1,0,0.0,0.0,28,0.0,3,4
newser.com,thewbalchannel.com,1,0,0.0,0.0,28,0.0,3,4
newser.com,thepittsburghchannel.com,1,0,0.0,0.0,21,0.0,3,3
newser.com,theksbwchannel.com,1,0,0.0,0.0,21,0.0,3,3
newser.com,theindychannel.com,1,0,0.0,0.0,35,0.0,3,5
newser.com,thehawaiichannel.com,1,0,0.0,0.0,28,0.0,3,4
newser.com,thedenverchannel.com,1,0,0.0,0.0,56,0.0,3,6
newser.com,local6.com,1,1,0.1,0.2442393366759723,28,0.016666666666666666,3,4
newser.com,local10.com,1,0,0.0,0.0,42,0.0,3,5
newser.com,ktvu.com,1,0,0.0,0.0,35,0.0,3,5
newser.com,ketv.com,1,0,0.0,0.0,35,0.0,3,3
newser.com,kcra.com,1,0,0.0,0.0,105,0.0,3,5
newser.com,foxcarolina.com,1,0,0.0,0.0,21,0.0,3,3
newser.com,cbs46.com,1,0,0.0,0.0,63,0.0,3,9
newsbusters.org,registercitizen.com,1,0,0.0,0.0,36,0.0,1,3
news.com.au,upi.com,1,1,0.022222222222222223,0.318928988903801,528,0.043478260869565216,15,8
news-record.com,ctv.ca,1,0,0.0,0.0,120,0.0,6,8
news-press.com,torontosun.com,1,0,0.0,0.0,12,0.0,1,3
news-press.com,cnews.canoe.ca,1,0,0.0,0.0,15,0.0,1,5
newonlinearticles.com,sott.net,1,0,0.0,0.0,224,0.0,3,13
newonlinearticles.com,seekingalpha.com,1,0,0.0,0.0,105,0.0,3,5
newonlinearticles.com,leftword.blogdig.net,1,1,0.058823529411764705,0.33380820069533407,77,0.05,3,9
mycentraljersey.com,newsvine.com,1,1,0.03333333333333333,0.7213475204444817,210,0.25,7,8
msn.foxsports.com,sportsnet.ca,1,0,0.0,0.0,16,0.0,1,2
msn.foxsports.com,freerepublic.com,1,0,0.0,0.0,424,0.0,1,8
mlive.com,blognetwork.knoxnews.com,1,0,0.0,0.0,32,0.0,6,3
mininova.org,demonoid.com,1,0,0.0,0.0,3,0.0,2,1
mercurynews.com,news-record.com,1,1,0.045454545454545456,0.3396232718951086,132,0.05263157894736842,4,6
medlogs.com,sfgate.com,1,0,0.0,0.0,135,0.0,1,13
mashget.com,jpost.com,1,1,0.05,0.36926937306885504,54,0.06666666666666667,10,0
mashget.com,docstalk.blogspot.com,1,3,0.1,0.9735238885200413,270,0.14976851851851852,10,9
lonelyplanet.com,wikio.es,1,0,0.0,0.0,10,0.0,1,2
latimes.com,heraldtribune.com,1,0,0.0,0.0,45,0.0,6,4
knoxnews.com,news-record.com,1,0,0.0,0.0,12,0.0,0,6
kansascity.com,politicalticker.blogs.cnn.com,1,0,0.0,0.0,342,0.0,10,3
jezebel.com,ireport.com,1,0,0.0,0.0,100,0.0,1,11
ireport.com,npr.org,1,1,0.043478260869565216,0.40242960438184466,80,0.08333333333333333,9,2
ibloga.blogspot.com,washingtonexaminer.com,1,0,0.0,0.0,56,0.0,2,7
iafrica.com,english.aljazeera.net,1,0,0.0,0.0,72,0.0,3,1
huliq.com,scouty.de,1,0,0.0,0.0,210,0.0,5,7
guardian.co.uk,squidoo.com,1,1,0.05,0.43429448190325176,104,0.1,6,3
greenbaypressgazette.com,annistonstar.com,1,0,0.0,0.0,6,0.0,1,2
golivewire.com,carnageandculture.blogspot.com,1,0,0.0,0.0,45,0.0,4,3
gather.com,canadafreepress.com,1,0,0.0,0.0,95,0.0,11,4
fresnobee.com,media.sacbee.com,1,0,0.0,0.0,6,0.0,0,3
feeds.digg.com/~r/digg/container/world_business,prisonplanet.com,1,1,0.034482758620689655,0.43429448190325176,200,0.1,6,8
feeds.digg.com/~r/digg/container/world_business,365gay.com,1,0,0.0,0.0,40,0.0,6,3
farodevigo.es,article.wn.com,1,0,0.0,0.0,48,0.0,1,7
facebook.com,pheedcontent.com,1,0,0.0,0.0,78,0.0,8,4
facebook.com,capecodonline.com,1,0,0.0,0.0,52,0.0,8,2
elmundo.es,eldiariomontanes.es,1,0,0.0,0.0,0,0.0,0,0
earthtimes.org,physorg.com,1,0,0.0,0.0,88,0.0,7,3
denverpost.com,thewest.com.au,1,0,0.0,0.0,96,0.0,1,6
denverpost.com,thedaily.com.au,1,1,0.1111111111111111,0.2222316216158104,24,0.011111111111111112,1,4
denverpost.com,news.theage.com.au,1,1,0.0625,0.2222316216158104,66,0.011111111111111112,1,6
denverpost.com,news.smh.com.au,1,1,0.05263157894736842,0.2222316216158104,84,0.011111111111111112,1,7
denverpost.com,news.ninemsn.com.au,1,0,0.0,0.0,54,0.0,1,5
denverpost.com,news.brisbanetimes.com.au,1,0,0.0,0.0,18,0.0,1,2
denverpost.com,nationalpost.com,1,0,0.0,0.0,30,0.0,1,5
demonoid.com,blogs.myspace.com,1,0,0.0,0.0,22,0.0,0,5
daytondailynews.com,thehour.com,1,0,0.0,0.0,24,0.0,2,2
dailykos.com,money.cnn.com,1,0,0.0,0.0,36,0.0,5,2
cnnpoliticalticker.wordpress.com,popwatch.ew.com,1,0,0.0,0.0,28,0.0,1,5
chronicle.augusta.com,pantagraph.com,1,0,0.0,0.0,30,0.0,1,3
chacha.com,answerbag.com,1,0,0.0,0.0,27,0.0,7,2
chacha.com,ajc.com,1,0,0.0,0.0,99,0.0,7,7
catholicexchange.com,chacha.com,1,0,0.0,0.0,36,0.0,1,2
care2.com,sott.net,1,1,0.027777777777777776,0.36926937306885504,160,0.06666666666666667,0,13
cantonrep.com,journalstandard.com,1,0,0.0,0.0,2,0.0,0,0
cantonrep.com,durangoherald.com,1,0,0.0,0.0,12,0.0,0,5
canada.com,nola.com,1,0,0.0,0.0,42,0.0,2,4
californiachronicle.com,newser.com,1,0,0.0,0.0,42,0.0,3,4
californiachronicle.com,64.90.166.18,1,0,0.0,0.0,156,0.0,3,4
bostonherald.com,hattiesburgamerican.com,1,0,0.0,0.0,66,0.0,1,2
boards.historychannel.com,gretawire.foxnews.com,1,0,0.0,0.0,50,0.0,0,4
blogs.myspace.com,reddit.com,1,0,0.0,0.0,264,0.0,17,4
blogs.chron.com,wattpad.com,1,0,0.0,0.0,54,0.0,2,2
blogher.com,rebellenation.blogspot.com,1,0,0.0,0.0,108,0.0,5,4
birminghampost.net,groups.google.com,1,0,0.0,0.0,42,0.0,0,3
baltimoresun.com,starnewsonline.com,1,0,0.0,0.0,68,0.0,10,3
baltimoresun.com,iht.com,1,1,0.02857142857142857,0.40242960438184466,323,0.08333333333333333,10,8
baltimoresun.com,commondreams.org,1,0,0.0,0.0,119,0.0,10,5
au.rd.yahoo.com,uncyclopedia.wikia.com,1,0,0.0,0.0,18,0.0,0,3
article.wn.com,smartgirlpolitics.ning.com,1,0,0.0,0.0,8,0.0,1,1
area52hkh.net,prevuze.blogspot.com,1,0,0.0,0.0,30,0.0,2,4
amazon.com,nymag.com,1,0,0.0,0.0,35,0.0,0,3
amazon.com,dandelionsalad.wordpress.com,1,0,0.0,0.0,56,0.0,0,6
altweeklies.com,free-ebooks.tistory.com,1,0,0.0,0.0,4,0.0,1,2
allafrica.com,nytimes.com,1,0,0.0,0.0,54,0.0,0,6
abcnews.go.com,jam.canoe.ca,1,0,0.0,0.0,27,0.0,3,3
abclocal.go.com,gather.com,1,0,0.0,0.0,76,0.0,0,8
lohud.com,baynews9.com,1,0,0.0,0.0,0,0.0,4,0
avaxhome.ws,mercurynews.com,1,1,0.07142857142857142,0.3459762562611936,44,0.05555555555555555,1,7
freerepublic.com,americanconservativedaily.com,1,1,0.017543859649122806,0.30341307554227914,265,0.037037037037037035,45,2
firstread.msnbc.msn.com,leftword.blogdig.net,1,0,0.0,0.0,55,0.0,3,9
mercurynews.com,freep.com,1,0,0.0,0.0,99,0.0,4,7
eluniversal.com,wikio.es,1,1,0.25,0.5581106265512472,6,0.16666666666666666,2,2
rssjunky.com,hotair.com,1,0,0.0,0.0,40,0.0,1,5
amazon.com,readingeagle.com,1,0,0.0,0.0,56,0.0,0,5
sott.net,prisonplanet.com,1,4,0.08333333333333333,1.7346548246723308,640,0.39924242424242423,22,8
denverpost.com,daytondailynews.com,1,0,0.0,0.0,36,0.0,1,4
sportsillustrated.cnn.com,thenation.com,1,0,0.0,0.0,15,0.0,0,3
kansascity.com,news.xinhuanet.com,1,0,0.0,0.0,144,0.0,10,5
feedproxy.google.com,amazon.com,1,0,0.0,0.0,182,0.0,17,7
seattlepi.nwsource.com,mercurynews.com,1,1,0.023255813953488372,0.45511961331341866,363,0.1111111111111111,26,7
guardian.co.uk,gatesofvienna.blogspot.com,1,1,0.038461538461538464,0.2710850306818168,182,0.025,6,6
afterdowningstreet.org,opednews.com,1,1,0.06666666666666667,0.28853900817779266,63,0.03125,2,5
news.bbc.co.uk,abc.es,1,0,0.0,0.0,40,0.0,35,1
huffingtonpost.com,cedarcreekvoice.wordpress.com,1,0,0.0,0.0,60,0.0,22,1
telegraph.co.uk,freerepublic.com,1,2,0.027777777777777776,0.5903136703341054,1113,0.07115009746588694,12,8
techchuck.com,storage.itworld.com,1,0,0.0,0.0,260,0.0,17,1
afterdowningstreet.org,commondreams.org,1,1,0.07692307692307693,0.3396232718951086,49,0.05263157894736842,2,5
nowpublic.com,articleslide.com,1,1,0.0625,0.318928988903801,30,0.043478260869565216,11,2
forbes.com,nydailynews.com,1,0,0.0,0.0,192,0.0,5,9
diarioinformacion.com,elpais.com,1,0,0.0,0.0,8,0.0,4,0
online.wsj.com,seekingalpha.com,1,0,0.0,0.0,315,0.0,16,5
boston.com,docudharma.com,1,0,0.0,0.0,20,0.0,11,1
othersiderainbow.blogspot.com,newsvine.com,1,1,0.03571428571428571,0.2710850306818168,168,0.025,5,8
forums.somd.com,ibdeditorials.com,1,0,0.0,0.0,80,0.0,4,1
examiner.com,app.com,1,0,0.0,0.0,44,0.0,8,4
blogs.myspace.com,feeds.digg.com/~r/digg/container/world_business,1,0,0.0,0.0,220,0.0,17,4
uspolitics.tribe.net,ireport.com,1,1,0.03571428571428571,0.48089834696298783,180,0.125,5,11
thestar.com,sott.net,1,0,0.0,0.0,416,0.0,8,13
thenation.com,truthout.org,1,0,0.0,0.0,95,0.0,2,8
startribune.com,jezebel.com,1,0,0.0,0.0,450,0.0,83,4
soccerblogs.net,icliverpool.icnetwork.co.uk,1,2,0.2857142857142857,0.5546635227331502,20,0.054411764705882354,1,5
seattlepi.nwsource.com,corner.nationalreview.com,1,1,0.02564102564102564,0.5138983423697507,231,0.14285714285714285,26,2
rss.cnn.com,againstobama.com,1,1,0.043478260869565216,0.33380820069533407,63,0.05,14,3
news.cnet.com,gle.am,1,0,0.0,0.0,96,0.0,8,4
kansascity.com,timesanddemocrat.com,1,0,0.0,0.0,18,0.0,10,1
iafrica.com,news.com.au,1,0,0.0,0.0,176,0.0,3,8
g1.globo.com,prnewswire.com,1,0,0.0,0.0,60,0.0,2,5
chron.com,pbs.org,1,0,0.0,0.0,96,0.0,6,2
bulletin.aarp.org,mlive.com,1,0,0.0,0.0,152,0.0,8,2
blog.taragana.com,brownsvilleherald.com,1,0,0.0,0.0,13,0.0,6,1
articleslide.com,newonlinearticles.com,1,1,0.125,0.318928988903801,14,0.043478260869565216,0,4
reddit.com,feedproxy.google.com,1,0,0.0,0.0,312,0.0,8,10
ireport.com,baltimoresun.com,1,1,0.027777777777777776,0.6213349345596119,340,0.2,9,7
thinkprogress.org,prisonplanet.com,1,3,0.10714285714285714,1.2952511284415467,220,0.2976190476190476,6,8
truthout.org,sott.net,1,1,0.02,0.5138983423697507,608,0.14285714285714285,11,13
feeds.gawker.com,daily-herald.com,1,0,0.0,0.0,56,0.0,7,3
drudge.com,pajamasmedia.com,1,0,0.0,0.0,90,0.0,5,7
medlogs.com,news.theage.com.au,1,0,0.0,0.0,55,0.0,1,6
farodevigo.es,elmundo.es,1,0,0.0,0.0,0,0.0,1,0
sdpnoticias.com,wikio.es,1,0,0.0,0.0,12,0.0,4,2
washingtonpost.com,instablogs.com,1,0,0.0,0.0,132,0.0,26,1
theglobeandmail.com,nwherald.com,1,0,0.0,0.0,205,0.0,31,1
smh.com.au,stuff.co.nz,1,6,0.06896551724137931,2.147415587885287,1562,0.3824615647196292,63,15
sanluisobispo.com,thenewstribune.com,1,0,0.0,0.0,64,0.0,3,5
reuters.com,feeds.stlouisnews.net,1,0,0.0,0.0,341,0.0,23,5
diarioinformacion.com,farodevigo.es,1,3,0.2727272727272727,3.1564751124597437,48,1.025,4,5
clipmarks.com,sacbee.com,1,0,0.0,0.0,660,0.0,15,8
blog.taragana.com,famelist.info,1,0,0.0,0.0,221,0.0,6,7
theglobeandmail.com,thestar.com,1,3,0.058823529411764705,1.3384475646582512,533,0.3194444444444444,31,5
iht.com,usatoday.com,1,0,0.0,0.0,304,0.0,11,5
wikio.es,abc.es,1,1,0.5,0.5581106265512472,2,0.16666666666666666,0,1
luxlibertas.com,columbiatribune.com,1,0,0.0,0.0,13,0.0,6,0
boston.com,blog.taragana.com,1,1,0.03125,0.23459420572161058,260,0.014084507042253521,11,7
freep.com,newsday.com,1,1,0.06666666666666667,0.269282508064391,63,0.024390243902439025,2,5
eldiariomontanes.es,elpais.com,1,1,0.5,0.48089834696298783,2,0.125,2,0
prairiepundit.blogspot.com,redstate.com,1,0,0.0,0.0,90,0.0,7,7
nowpublic.com,amazon.com,1,0,0.0,0.0,105,0.0,11,7
golivewire.com,guardian.co.uk,1,0,0.0,0.0,117,0.0,4,7
blogs.myspace.com,wattpad.com,1,1,0.03333333333333333,0.7213475204444817,198,0.25,17,2
townhall.com,kxnet.com,1,0,0.0,0.0,18,0.0,13,1
insidebayarea.com,physorg.com,1,0,0.0,0.0,40,0.0,1,3
amazon.com,reddit.com,1,1,0.05555555555555555,0.5581106265512472,84,0.16666666666666666,0,4
wvgazette.com,freerepublic.com,1,0,0.0,0.0,159,0.0,3,8
techchuck.com,feeds.gothamistllc.com,1,1,0.043478260869565216,0.2710850306818168,80,0.025,17,2
stltoday.com,open.salon.com,1,0,0.0,0.0,176,0.0,4,7
sfgate.com,open.salon.com,1,0,0.0,0.0,594,0.0,14,7
search.japantimes.co.jp,dailyindia.com,1,0,0.0,0.0,84,0.0,3,11
riverdaughter.wordpress.com,azstarnet.com,1,0,0.0,0.0,24,0.0,1,4
news.yahoo.com,therearenosunglasses.wordpress.com,1,0,0.0,0.0,264,0.0,15,4
news.theage.com.au,turkishpress.com,1,1,0.06666666666666667,0.40242960438184466,55,0.08333333333333333,5,4
news.smh.com.au,turkishpress.com,1,3,0.1875,0.8382407280253686,70,0.09142655497253674,8,4
in.news.yahoo.com,ksdk.com,1,1,0.047619047619047616,0.2518706487516997,85,0.018867924528301886,7,2
golivewire.com,stltoday.com,1,0,0.0,0.0,72,0.0,4,5
gather.com,investorsiraq.com,1,2,0.07692307692307693,0.7318793055547124,171,0.13025210084033612,11,6
feeds.washingtonpost.com,jpost.com,1,0,0.0,0.0,15,0.0,2,0
cnsnews.com,americanconservativedaily.com,1,1,0.05,0.3001016285004131,80,0.03571428571428571,9,2
cbc.ca,heraldnet.com,1,0,0.0,0.0,72,0.0,2,3
articleslide.com,lonelyplanet.com,1,0,0.0,0.0,10,0.0,0,4
townhall.com,gatesofvienna.blogspot.com,1,1,0.03225806451612903,0.36067376022224085,252,0.0625,13,6
telegraph.co.uk,independent.ie,1,1,0.04,0.2518706487516997,105,0.018867924528301886,12,4
mashget.com,blog.taragana.com,1,0,0.0,0.0,234,0.0,10,7
theage.com.au,seattlepi.nwsource.com,1,0,0.0,0.0,264,0.0,0,7
search.japantimes.co.jp,topnews.in,1,0,0.0,0.0,273,0.0,3,9
yorkdispatch.inyork.com,pheedcontent.com,1,0,0.0,0.0,36,0.0,5,4
wwww.examiner.com,sandiego.craigslist.org,1,0,0.0,0.0,42,0.0,7,3
wwww.examiner.com,demonoid.com,1,0,0.0,0.0,7,0.0,7,1
www2.journalnow.com,spectator.org,1,0,0.0,0.0,38,0.0,11,1
www2.journalnow.com,money.cnn.com,1,0,0.0,0.0,76,0.0,11,2
wtopnews.com,islandpacket.com,1,0,0.0,0.0,0,0.0,3,0
wrcbtv.com,wtxl.com,1,0,0.0,0.0,10,0.0,0,0
wrcbtv.com,weht.com,1,0,0.0,0.0,0,0.0,0,0
wrcbtv.com,kpax.com,1,0,0.0,0.0,2,0.0,0,1
wrcbtv.com,kivitv.com,1,1,0.2,0.32351545314867247,8,0.045454545454545456,0,3
wrcbtv.com,kgun9.com,1,0,0.0,0.0,4,0.0,0,2
wmtw.com,ocregister.com,1,0,0.0,0.0,64,0.0,4,4
wjactv.com,ocregister.com,1,0,0.0,0.0,24,0.0,0,4
weblogs.baltimoresun.com,freerepublic.com,1,1,0.014705882352941176,0.48089834696298783,848,0.125,10,8
wattpad.com,helenair.com,1,0,0.0,0.0,9,0.0,7,1
washingtontimes.com,soccerblogs.net,1,0,0.0,0.0,76,0.0,8,3
washingtonpost.com,kolotv.com,1,0,0.0,0.0,66,0.0,26,2
washingtonpost.com,brandonsun.com,1,0,0.0,0.0,132,0.0,26,1
vnnforum.com,nydailynews.com,1,0,0.0,0.0,84,0.0,3,9
upi.com,answerbag.com,1,0,0.0,0.0,72,0.0,16,2
twincities.com,open.salon.com,1,0,0.0,0.0,110,0.0,2,7
truthseeker2473.blogspot.com,dailytimes.com.pk,1,0,0.0,0.0,28,0.0,5,3
topnews.in,thisfuckingwar.blogspot.com,1,0,0.0,0.0,117,0.0,31,3
timesleader.com,famelist.info,1,0,0.0,0.0,136,0.0,4,7
timesfreepress.com,blognetwork.knoxnews.com,1,0,0.0,0.0,4,0.0,0,3
thewest.com.au,leftword.blogdig.net,1,0,0.0,0.0,176,0.0,13,9
thestar.com,latimes.com,1,0,0.0,0.0,117,0.0,8,3
theolympian.com,rutlandherald.com,1,0,0.0,0.0,27,0.0,0,7
thenation.com,bleacherreport.com,1,0,0.0,0.0,35,0.0,2,5
thelife.com,feeds.feedburner.com,1,0,0.0,0.0,0,0.0,0,3
thehour.com,columbiatribune.com,1,0,0.0,0.0,4,0.0,2,0
thehindu.com,upi.com,1,0,0.0,0.0,120,0.0,0,8
thehindu.com,postchronicle.com,1,1,0.041666666666666664,0.3284587387530511,100,0.047619047619047616,0,12
telegraph.co.uk,omaha.com,1,1,0.041666666666666664,0.6213349345596119,84,0.2,12,1
statesmanjournal.com,detnews.com,1,0,0.0,0.0,28,0.0,3,6
squidoo.com,in.answers.yahoo.com,1,0,0.0,0.0,56,0.0,5,4
sportsnet.ca,uspolitics.tribe.net,1,0,0.0,0.0,18,0.0,0,4
spectator.org,squidoo.com,1,0,0.0,0.0,16,0.0,1,3
sltrib.com,areavoices.com,1,0,0.0,0.0,72,0.0,8,3
singaporejobstoday.com,in.answers.yahoo.com,1,0,0.0,0.0,35,0.0,2,4
shreveporttimes.com,kcbs.com,1,0,0.0,0.0,0,0.0,1,0
showhype.com,chinadaily.com.cn,1,0,0.0,0.0,150,0.0,22,4
search.japantimes.co.jp,vosizneias.com,1,0,0.0,0.0,77,0.0,3,4
scrippsnews.net,blueridgenow.com,1,1,0.0625,0.5138983423697507,72,0.14285714285714285,5,5
scrippsnews.com,blueridgenow.com,1,1,0.07142857142857142,0.5138983423697507,56,0.14285714285714285,2,5
scdfa.org,cnsnews.com,1,1,0.043478260869565216,0.31465798044412485,128,0.041666666666666664,3,8
readingeagle.com,thedenverchannel.com,1,0,0.0,0.0,64,0.0,3,6
quizilla.com,tthfanfic.org,1,0,0.0,0.0,10,0.0,5,1
prospect.org,uncyclopedia.wikia.com,1,0,0.0,0.0,36,0.0,3,3
prisonplanet.com,sports.yahoo.com,1,0,0.0,0.0,640,0.0,12,5
prisonplanet.com,in.answers.yahoo.com,1,0,0.0,0.0,140,0.0,12,4
prevuze.blogspot.com,minx.cc,1,0,0.0,0.0,40,0.0,1,4
pr-inside.com,wattpad.com,1,1,0.05,0.36067376022224085,108,0.0625,7,2
pr-inside.com,redstate.com,1,0,0.0,0.0,108,0.0,7,7
pr-inside.com,bbc.co.uk,1,0,0.0,0.0,36,0.0,7,2
post-gazette.com,themoneytimes.com,1,0,0.0,0.0,368,0.0,12,12
popwatch.ew.com,wattpad.com,1,0,0.0,0.0,63,0.0,2,2
popwatch.ew.com,philly.com,1,0,0.0,0.0,154,0.0,2,10
popwatch.ew.com,othersiderainbow.blogspot.com,1,0,0.0,0.0,56,0.0,2,3
popwatch.ew.com,nydailynews.com,1,0,0.0,0.0,84,0.0,2,9
popmatters.com,stltoday.com,1,0,0.0,0.0,24,0.0,1,5
popmatters.com,sg.answers.yahoo.com,1,0,0.0,0.0,21,0.0,1,3
physorg.com,goerie.com,1,0,0.0,0.0,24,0.0,5,3
pfblogs.org,scouty.de,1,0,0.0,0.0,105,0.0,1,7
pbs.org,rockymounttelegram.com,1,0,0.0,0.0,24,0.0,6,2
pastebin.ca,washingtonpost.com,1,0,0.0,0.0,132,0.0,1,7
othersiderainbow.blogspot.com,nydailynews.com,1,0,0.0,0.0,96,0.0,5,9
othersiderainbow.blogspot.com,myfoxdfw.com,1,0,0.0,0.0,16,0.0,5,2
othersiderainbow.blogspot.com,ksdk.com,1,1,0.08333333333333333,0.2710850306818168,40,0.025,5,2
othersiderainbow.blogspot.com,answerbag.com,1,0,0.0,0.0,24,0.0,5,2
orlandosentinel.com,daytondailynews.com,1,0,0.0,0.0,42,0.0,2,4
opednews.com,docudharma.com,1,1,0.1111111111111111,0.28853900817779266,9,0.03125,4,1
nytimes.com,wntp.townhall.com,1,1,0.045454545454545456,0.36067376022224085,90,0.0625,12,3
nytimes.com,krla870.townhall.com,1,1,0.05,0.36067376022224085,54,0.0625,12,3
nytimes.com,860wgul.townhall.com,1,1,0.05,0.36067376022224085,54,0.0625,12,3
nytimes.com,560wind.townhall.com,1,1,0.043478260869565216,0.36067376022224085,108,0.0625,12,4
nymag.com,mycentraljersey.com,1,0,0.0,0.0,50,0.0,2,3
nst.com.my,winnipegsun.com,1,0,0.0,0.0,16,0.0,0,4
nst.com.my,au.answers.yahoo.com,1,0,0.0,0.0,14,0.0,0,6
newsok.com,stltoday.com,1,1,0.0625,0.5581106265512472,72,0.16666666666666666,4,5
news.ninemsn.com.au,dailykos.com,1,0,0.0,0.0,81,0.0,4,4
news.ninemsn.com.au,americannonsense.com,1,0,0.0,0.0,45,0.0,4,2
news.cnet.com,marketwatch.com,1,0,0.0,0.0,276,0.0,8,3
mywesttexas.com,chicagotribune.com,1,0,0.0,0.0,9,0.0,0,5
motherjones.com,prairiepundit.blogspot.com,1,1,0.07142857142857142,0.28853900817779266,50,0.03125,1,3
motherjones.com,ireport.com,1,0,0.0,0.0,100,0.0,1,11
mercurynews.com,tulsaworld.com,1,1,0.07142857142857142,0.28853900817779266,44,0.03125,4,2
medlogs.com,baltimoresun.com,1,0,0.0,0.0,85,0.0,1,7
media.kentucky.com,heraldnet.com,1,0,0.0,0.0,16,0.0,0,3
mcclatchydc.com,denverpost.com,1,0,0.0,0.0,66,0.0,9,5
mashget.com,townhall.com,1,0,0.0,0.0,324,0.0,10,5
mashget.com,pheedcontent.com,1,1,0.043478260869565216,0.36926937306885504,108,0.06666666666666667,10,4
marketwatch.com,prnewswire.com,1,0,0.0,0.0,345,0.0,20,5
mahalo.com,jam.canoe.ca,1,0,0.0,0.0,42,0.0,10,3
mahalo.com,brandonsun.com,1,0,0.0,0.0,56,0.0,10,1
lansingstatejournal.com,investorsiraq.com,1,0,0.0,0.0,27,0.0,2,6
krqe.com,theglobeandmail.com,1,0,0.0,0.0,82,0.0,0,12
kansas.com,mercurynews.com,1,0,0.0,0.0,33,0.0,1,7
kansas.com,herald-mail.com,1,0,0.0,0.0,9,0.0,1,2
kansas.com,goupstate.com,1,0,0.0,0.0,6,0.0,1,2
jpost.com,blogs.myspace.com,1,0,0.0,0.0,66,0.0,3,5
journalstandard.com,theage.com.au,1,0,0.0,0.0,8,0.0,1,8
jacksonville.com,readingeagle.com,1,0,0.0,0.0,56,0.0,6,5
ireport.com,elpais.com,1,0,0.0,0.0,20,0.0,9,0
ireport.com,elecodiario.es,1,0,0.0,0.0,0,0.0,9,0
independent.ie,au.rd.yahoo.com,1,0,0.0,0.0,15,0.0,1,3
independent.co.uk,huffingtonpost.com,1,0,0.0,0.0,210,0.0,3,8
in.answers.yahoo.com,sg.answers.yahoo.com,1,0,0.0,0.0,49,0.0,3,3
huffingtonpost.com,sg.answers.yahoo.com,1,0,0.0,0.0,210,0.0,22,3
huffingtonpost.com,au.answers.yahoo.com,1,0,0.0,0.0,210,0.0,22,6
hotair.com,techchuck.com,1,0,0.0,0.0,200,0.0,6,3
heraldonline.com,abc.net.au,1,0,0.0,0.0,70,0.0,1,6
herald-mail.com,islandpacket.com,1,0,0.0,0.0,0,0.0,1,0
guardian.co.uk,investorsiraq.com,1,0,0.0,0.0,117,0.0,6,6
groups.google.com,realclearpolitics.com,1,0,0.0,0.0,60,0.0,3,4
gretawire.foxnews.com,countercurrents.org,1,0,0.0,0.0,110,0.0,6,3
golivewire.com,herald-zeitung.com,1,0,0.0,0.0,18,0.0,4,0
g1.globo.com,avaxhome.ws,1,0,0.0,0.0,16,0.0,2,3
freerepublic.com,collegian.com,1,0,0.0,0.0,53,0.0,45,1
free-ebooks.tistory.com,gather.com,1,0,0.0,0.0,38,0.0,0,8
forum.dvdtalk.com,singaporejobstoday.com,1,0,0.0,0.0,55,0.0,4,3
forum.dvdtalk.com,ca.answers.yahoo.com,1,0,0.0,0.0,110,0.0,4,5
forum.brokeroutpost.com,avaxhome.ws,1,0,0.0,0.0,16,0.0,0,3
firstread.msnbc.msn.com,scdfa.org,1,0,0.0,0.0,40,0.0,3,5
firstread.msnbc.msn.com,dailykos.com,1,0,0.0,0.0,45,0.0,3,4
feeds.reuters.com,sports.yahoo.com,1,0,0.0,0.0,160,0.0,0,5
feeds.feedburner.com,fresnobee.com,1,0,0.0,0.0,10,0.0,2,2
feeds.digg.com/~r/digg/container/world_business,blog.sina.com.cn,1,0,0.0,0.0,60,0.0,6,4
elmundo.es,sdpnoticias.com,1,0,0.0,0.0,0,0.0,0,2
elmundo.es,diarioinformacion.com,1,0,0.0,0.0,0,0.0,0,4
dprogram.net,irishtimes.com,1,0,0.0,0.0,72,0.0,3,6
detnews.com,registercitizen.com,1,0,0.0,0.0,28,0.0,1,3
daytondailynews.com,opednews.com,1,0,0.0,0.0,54,0.0,2,5
dailybreeze.com,modernghana.com,1,0,0.0,0.0,5,0.0,0,2
dailybreeze.com,cnn.com,1,0,0.0,0.0,27,0.0,0,9
daily-herald.com,alternet.org,1,0,0.0,0.0,64,0.0,1,10
commondreams.org,seacoastonline.com,1,0,0.0,0.0,56,0.0,2,7
canada.com,news.google.com,1,0,0.0,0.0,7,0.0,2,0
californiachronicle.com,sltrib.com,1,0,0.0,0.0,72,0.0,3,4
californiachronicle.com,othersiderainbow.blogspot.com,1,0,0.0,0.0,48,0.0,3,3
californiachronicle.com,althouse.blogspot.com,1,0,0.0,0.0,6,0.0,3,1
brisbanetimes.com.au,baltimoresun.com,1,0,0.0,0.0,136,0.0,1,7
bostonherald.com,thevelvethottub.com,1,1,0.034482758620689655,0.30692767643013485,209,0.038461538461538464,1,6
bostonherald.com,jezebel.com,1,0,0.0,0.0,55,0.0,1,4
boards.historychannel.com,gjsentinel.com,1,0,0.0,0.0,0,0.0,0,0
blogs.chron.com,suntimes.com,1,0,0.0,0.0,12,0.0,2,2
blogher.com,aceshowbiz.com,1,1,0.0625,0.3789231816899512,60,0.07142857142857142,5,5
blogcritics.org,thestate.com,1,0,0.0,0.0,14,0.0,0,3
blog.sina.com.cn,reddit.com,1,1,0.058823529411764705,0.4170323914242463,72,0.09090909090909091,2,4
bizjournals.com,startribune.com,1,1,0.010752688172043012,0.31465798044412485,360,0.041666666666666664,2,10
bizjournals.com,sports.yahoo.com,1,1,0.02857142857142857,0.31465798044412485,128,0.041666666666666664,2,5
bizjournals.com,newsvine.com,1,0,0.0,0.0,84,0.0,2,8
bizjournals.com,nbcsports.msnbc.com,1,0,0.0,0.0,12,0.0,2,2
bizjournals.com,instablogs.com,1,0,0.0,0.0,16,0.0,2,1
biz.yahoo.com,northjersey.com,1,0,0.0,0.0,0,0.0,0,10
avaxhome.ws,blogcritics.org,1,0,0.0,0.0,8,0.0,1,2
articleslide.com,seekingalpha.com,1,0,0.0,0.0,30,0.0,0,5
articleslide.com,infowars.com,1,0,0.0,0.0,28,0.0,0,9
articleslide.com,chicagotribune.com,1,0,0.0,0.0,18,0.0,0,5
articleslide.com,blogher.com,1,0,0.0,0.0,24,0.0,0,7
app.com,themoneytimes.com,1,0,0.0,0.0,64,0.0,0,12
altweeklies.com,whitesoap.com,1,0,0.0,0.0,14,0.0,1,3
altweeklies.com,cqpolitics.com,1,0,0.0,0.0,6,0.0,1,0
altweeklies.com,bulletin.aarp.org,1,0,0.0,0.0,38,0.0,1,11
abc.net.au,countercurrents.org,1,1,0.05,0.29401410379520604,110,0.03333333333333333,4,3
abc.net.au,afterdowningstreet.org,1,0,0.0,0.0,70,0.0,4,5
abc.es,feedproxy.google.com,1,0,0.0,0.0,26,0.0,0,10
411mania.com,thenation.com,1,0,0.0,0.0,45,0.0,3,3
freerepublic.com,kansascity.com,1,2,0.028985507246376812,0.7803422481670577,954,0.17777777777777776,45,9
rollingstone.com,celebritygossip.epicureforum.com,1,0,0.0,0.0,56,0.0,0,6
newsok.com,ph.answers.yahoo.com,1,0,0.0,0.0,18,0.0,4,1
brownsvilleherald.com,uk.reuters.com,1,0,0.0,0.0,40,0.0,0,6
bostonherald.com,uk.reuters.com,1,2,0.04081632653061224,0.6246612259976551,440,0.09444444444444444,1,6
earthtimes.org,marketwatch.com,1,0,0.0,0.0,253,0.0,7,3
boston.com,chicagotribune.com,1,2,0.07407407407407407,0.6960877046998699,180,0.11868686868686869,11,5
politico.com,noquarterusa.net,1,0,0.0,0.0,143,0.0,11,5
mashget.com,mahalo.com,1,0,0.0,0.0,252,0.0,10,4
freerepublic.com,townhall.com,1,3,0.04411764705882353,1.0640026190842136,954,0.18306595365418893,45,5
elpais.com,eldiariomontanes.es,1,1,0.5,0.48089834696298783,2,0.125,1,0
bostonherald.com,indeonline.com,1,0,0.0,0.0,22,0.0,1,1
nydailynews.com,singaporejobstoday.com,1,0,0.0,0.0,60,0.0,3,3
huffingtonpost.com,columbiatribune.com,1,0,0.0,0.0,30,0.0,22,0
newsok.com,sacbee.com,1,1,0.03333333333333333,0.269282508064391,198,0.024390243902439025,4,8
iht.com,stltoday.com,1,0,0.0,0.0,152,0.0,11,5
theglobeandmail.com,chicagotribune.com,1,0,0.0,0.0,369,0.0,31,5
elpais.com,abc.es,1,0,0.0,0.0,1,0.0,1,1
washingtontimes.com,feeds.feedblitz.com,1,0,0.0,0.0,95,0.0,8,3
vnnforum.com,heraldextra.com,1,0,0.0,0.0,21,0.0,3,1
tulsaworld.com,startribune.com,1,0,0.0,0.0,360,0.0,2,10
storage.itworld.com,open.salon.com,1,0,0.0,0.0,286,0.0,12,7
stltoday.com,sermoncentral.com,1,0,0.0,0.0,40,0.0,4,3
startribune.com,capitolhillblue.com,1,2,0.02127659574468085,0.7813527860717959,540,0.15476190476190477,83,5
sott.net,gather.com,1,1,0.02,0.35295612386476116,608,0.058823529411764705,22,8
sacbee.com,inforum.com,1,0,0.0,0.0,44,0.0,14,1
readingeagle.com,thehour.com,1,0,0.0,0.0,32,0.0,3,2
postchronicle.com,chron.com,1,1,0.03225806451612903,0.2222316216158104,240,0.011111111111111112,9,6
physorg.com,thehour.com,1,0,0.0,0.0,32,0.0,5,2
pantagraph.com,courierpostonline.com,1,0,0.0,0.0,0,0.0,3,0
indybay.org,uspolitics.tribe.net,1,1,0.0625,0.3789231816899512,72,0.07142857142857142,5,4
freerepublic.com,rssjunky.com,1,0,0.0,0.0,212,0.0,45,3
freep.com,tennessean.com,1,1,0.09090909090909091,0.3396232718951086,27,0.05263157894736842,2,2
fanfiction.net,free-ebooks.tistory.com,1,0,0.0,0.0,26,0.0,9,2
facebook.com,feeds.stlouisnews.net,1,1,0.043478260869565216,0.48089834696298783,143,0.125,8,5
cnsnews.com,gopusa.com,1,0,0.0,0.0,80,0.0,9,5
boston.com,facebook.com,1,0,0.0,0.0,260,0.0,11,5
blognetnews.com,origin.theaustralian.news.com.au,1,0,0.0,0.0,8,0.0,2,1
cbc.ca,olympics.thestar.com,1,1,0.05555555555555555,0.3898712452512801,90,0.07692307692307693,2,6
motherjones.com,opinionsource.com,1,0,0.0,0.0,70,0.0,1,7
prnewswire.com,ireport.com,1,0,0.0,0.0,300,0.0,10,11
iol.co.za,economictimes.indiatimes.com,1,0,0.0,0.0,84,0.0,4,6
forum.dvdtalk.com,partisan.blogs.hopelesslypartisan.com,1,0,0.0,0.0,33,0.0,4,3
countercurrents.org,sott.net,1,3,0.075,1.4292473807245685,352,0.3761904761904762,8,13
counterpunch.org,prisonplanet.com,1,0,0.0,0.0,80,0.0,3,8
wikio.es,elpais.com,1,1,0.5,0.48089834696298783,2,0.125,0,0
freerepublic.com,cbs11tv.com,1,0,0.0,0.0,106,0.0,45,2
conservapedia.com,blogs.myspace.com,1,0,0.0,0.0,176,0.0,5,5
elmundo.es,abc.es,1,0,0.0,0.0,0,0.0,0,1
fanfiction.net,facebook.com,1,0,0.0,0.0,169,0.0,9,5
farodevigo.es,eluniversal.com,1,0,0.0,0.0,18,0.0,1,1
boston.com,vnnforum.com,1,0,0.0,0.0,140,0.0,11,4
amazon.com,youtube.com,1,0,0.0,0.0,21,0.0,0,2
startribune.com,showhype.com,1,3,0.02564102564102564,1.5271285822344165,2700,0.42063492063492064,83,10
gather.com,online.wsj.com,1,1,0.02564102564102564,0.48089834696298783,399,0.125,11,7
townhall.com,opinionsource.com,1,1,0.03225806451612903,0.3284587387530511,252,0.047619047619047616,13,7
startribune.com,bbc.co.uk,1,0,0.0,0.0,270,0.0,83,2
showhype.com,alanat.com,1,0,0.0,0.0,150,0.0,22,3
reddit.com,uncyclopedia.wikia.com,1,0,0.0,0.0,72,0.0,8,3
politico.com,dailypress.com,1,1,0.05263157894736842,0.35295612386476116,91,0.058823529411764705,11,6
thevelvethottub.com,bostonherald.com,1,1,0.034482758620689655,0.30692767643013485,209,0.038461538461538464,13,10
sott.net,vnnforum.com,1,0,0.0,0.0,224,0.0,22,4
scouty.de,informador.com.mx,1,0,0.0,0.0,63,0.0,14,2
sacbee.com,lubbockonline.com,1,0,0.0,0.0,132,0.0,14,4
post-gazette.com,ocregister.com,1,1,0.03333333333333333,0.3459762562611936,184,0.05555555555555555,12,4
ottawasun.com,celebritymound.com,1,0,0.0,0.0,45,0.0,1,8
nowpublic.com,etonline.com,1,0,0.0,0.0,105,0.0,11,2
news24.com,mcclatchydc.com,1,0,0.0,0.0,110,0.0,1,2
news.bbc.co.uk,semissourian.com,1,0,0.0,0.0,240,0.0,35,4
latimes.com,allvoices.com,1,1,0.0625,0.33380820069533407,72,0.05,6,7
kxan.com,azcentral.com,1,0,0.0,0.0,30,0.0,0,6
irishtimes.com,411mania.com,1,1,0.07142857142857142,0.2222316216158104,54,0.011111111111111112,0,6
insidebayarea.com,southtownstar.com,1,0,0.0,0.0,10,0.0,1,1
icelebz.com,thestar.com,1,1,0.047619047619047616,0.29401410379520604,117,0.03333333333333333,2,5
icelebz.com,olympics.thestar.com,1,0,0.0,0.0,90,0.0,2,6
elpais.com,feeds.aol.com,1,1,0.5,0.48089834696298783,2,0.125,1,2
eldiariomontanes.es,informador.com.mx,1,0,0.0,0.0,6,0.0,2,2
earthtimes.org,startribune.com,1,1,0.01,0.40242960438184466,990,0.08333333333333333,7,10
earthtimes.org,forums.slickdeals.net,1,0,0.0,0.0,33,0.0,7,3
digg.com/politics,alternet.org,1,0,0.0,0.0,96,0.0,4,10
boston.com,variety.com,1,1,0.04,0.3284587387530511,120,0.047619047619047616,11,3
area52hkh.net,dailylocal.com,1,0,0.0,0.0,42,0.0,2,6
seattletimes.nwsource.com,dailyherald.com,1,1,0.02702702702702703,0.318928988903801,280,0.043478260869565216,20,8
eluniversal.com,diarioinformacion.com,1,1,0.1,0.5581106265512472,24,0.16666666666666666,2,4
uncyclopedia.wikia.com,guardian.co.uk,1,0,0.0,0.0,78,0.0,3,7
injesus.com,in.answers.yahoo.com,1,0,0.0,0.0,21,0.0,1,4
www2.journalnow.com,kansas.com,1,0,0.0,0.0,57,0.0,11,2
wjz.com,jg-tc.com,1,0,0.0,0.0,2,0.0,0,1
weblogs.baltimoresun.com,wattpad.com,1,1,0.041666666666666664,0.6213349345596119,144,0.2,10,2
weblogs.baltimoresun.com,post-gazette.com,1,0,0.0,0.0,368,0.0,10,11
wacotrib.com,news-press.com,1,0,0.0,0.0,0,0.0,0,2
uncyclopedia.wikia.com,www2.journalnow.com,1,0,0.0,0.0,114,0.0,3,8
twocircles.net,dailyherald.com,1,0,0.0,0.0,150,0.0,2,8
tthfanfic.org,wattpad.com,1,0,0.0,0.0,9,0.0,0,2
tthfanfic.org,rssjunky.com,1,0,0.0,0.0,4,0.0,0,3
tthfanfic.org,news.bbc.co.uk,1,0,0.0,0.0,40,0.0,0,5
timesreporter.com,nwherald.com,1,0,0.0,0.0,15,0.0,0,1
timesreporter.com,northjersey.com,1,0,0.0,0.0,45,0.0,0,10
timesonline.co.uk,news.cnet.com,1,2,0.06060606060606061,0.8928215240597019,276,0.21428571428571427,18,4
timesofmalta.com,uncyclopedia.wikia.com,1,0,0.0,0.0,30,0.0,0,3
timesofmalta.com,forum.dvdtalk.com,1,0,0.0,0.0,55,0.0,0,7
theoaklandpress.com,wattpad.com,1,0,0.0,0.0,0,0.0,0,2
thenation.com,nytimes.com,1,1,0.045454545454545456,0.43429448190325176,90,0.1,2,6
theledger.com,rutlandherald.com,1,0,0.0,0.0,108,0.0,4,7
thehour.com,pr-inside.com,1,0,0.0,0.0,48,0.0,2,6
theaustralian.news.com.au,slate.com,1,0,0.0,0.0,26,0.0,5,1
theage.com.au,article.wn.com,1,0,0.0,0.0,64,0.0,0,7
techchuck.com,mininova.org,1,0,0.0,0.0,60,0.0,17,1
taipeitimes.com,dnaindia.com,1,0,0.0,0.0,66,0.0,1,5
stuff.co.nz,brisbanetimes.com.au,1,3,0.1111111111111111,1.019484825380228,176,0.16687016687016687,7,7
story.seattlebulletin.com,sfgate.com,1,0,0.0,0.0,54,0.0,0,13
sott.net,realclearpolitics.com,1,0,0.0,0.0,320,0.0,22,4
sott.net,groups.google.com,1,0,0.0,0.0,192,0.0,22,3
soccerblogs.net,washingtonmonthly.com,1,0,0.0,0.0,28,0.0,1,2
smh.com.au,gopusa.com,1,1,0.013333333333333334,0.36926937306885504,355,0.06666666666666667,63,5
smh.com.au,capitolhillcoffeehouse.com,1,0,0.0,0.0,213,0.0,63,2
sltrib.com,weblogs.baltimoresun.com,1,0,0.0,0.0,192,0.0,8,6
singaporejobstoday.com,contactmusic.com,1,0,0.0,0.0,50,0.0,2,4
sg.answers.yahoo.com,sportsnipe.com,1,0,0.0,0.0,28,0.0,4,3
sg.answers.yahoo.com,amazon.com,1,0,0.0,0.0,49,0.0,4,7
sermoncentral.com,blogs.chron.com,1,0,0.0,0.0,30,0.0,2,4
seekingalpha.com,feeds.feedburner.com,1,1,0.05263157894736842,0.36926937306885504,75,0.06666666666666667,10,3
seekingalpha.com,amazon.com,1,0,0.0,0.0,105,0.0,10,7
scouty.de,alanat.com,1,0,0.0,0.0,105,0.0,14,3
sandiego.craigslist.org,timesonline.co.uk,1,0,0.0,0.0,138,0.0,3,6
sandiego.craigslist.org,560wind.townhall.com,1,0,0.0,0.0,36,0.0,3,4
registercitizen.com,cleveland.com,1,0,0.0,0.0,28,0.0,1,4
quizilla.com,mysanantonio.com,1,0,0.0,0.0,20,0.0,5,1
prevuze.blogspot.com,philly.com,1,0,0.0,0.0,110,0.0,1,10
philly.com,star-telegram.com,1,1,0.041666666666666664,0.2222316216158104,66,0.011111111111111112,12,2
ph.answers.yahoo.com,britanniaradio.blogspot.com,1,0,0.0,0.0,10,0.0,1,4
pfblogs.org,washingtonpost.com,1,0,0.0,0.0,165,0.0,1,7
pfblogs.org,timesoftheinternet.com,1,2,0.11764705882352941,0.8241657271545318,70,0.17692307692307693,1,8
pfblogs.org,sports.espn.go.com,1,0,0.0,0.0,70,0.0,1,5
pfblogs.org,forbes.com,1,0,0.0,0.0,80,0.0,1,11
open.salon.com,seacoastonline.com,1,0,0.0,0.0,176,0.0,15,7
nytimes.com,nola.com,1,0,0.0,0.0,108,0.0,12,4
nytimes.com,chacha.com,1,0,0.0,0.0,162,0.0,12,2
nowpublic.com,smh.com.au,1,0,0.0,0.0,1065,0.0,11,9
nowpublic.com,news.com.au,1,1,0.027777777777777776,0.2222316216158104,330,0.011111111111111112,11,8
newsvine.com,sg.answers.yahoo.com,1,0,0.0,0.0,147,0.0,14,3
newsday.com,wvgazette.com,1,0,0.0,0.0,21,0.0,3,0
news.bbc.co.uk,bulletin.aarp.org,1,0,0.0,0.0,760,0.0,35,11
news-record.com,thelife.com,1,0,0.0,0.0,0,0.0,6,0
newonlinearticles.com,squidoo.com,1,0,0.0,0.0,56,0.0,3,3
motherjones.com,carnageandculture.blogspot.com,1,0,0.0,0.0,25,0.0,1,3
modernghana.com,othersiderainbow.blogspot.com,1,0,0.0,0.0,40,0.0,3,3
mirror.co.uk,telegraph.co.uk,1,4,0.07692307692307693,1.2511703665807248,735,0.17761264557039205,27,9
mercurynews.com,gulflive.com,1,0,0.0,0.0,22,0.0,4,2
marketplace.publicradio.org,amazon.com,1,0,0.0,0.0,0,0.0,0,7
leftword.blogdig.net,golivewire.com,1,0,0.0,0.0,99,0.0,3,5
latimes.com,wraithbait.com,1,0,0.0,0.0,54,0.0,6,2
kstp.com,canada.com,1,0,0.0,0.0,14,0.0,0,5
ksl.com,thinkprogress.org,1,0,0.0,0.0,0,0.0,0,5
krla870.townhall.com,features.csmonitor.com,1,0,0.0,0.0,6,0.0,0,2
kansascity.com,digg.com/politics,1,0,0.0,0.0,108,0.0,10,2
journalstar.com,ajc.com,1,1,0.05555555555555555,0.4170323914242463,88,0.09090909090909091,6,7
journalstandard.com,dailyherald.com,1,0,0.0,0.0,10,0.0,1,8
ireport.com,truthdig.com,1,0,0.0,0.0,20,0.0,9,1
informador.com.mx,eluniversal.com,1,0,0.0,0.0,9,0.0,1,1
iht.com,sfgate.com,1,1,0.022222222222222223,0.7213475204444817,513,0.25,11,13
herald-zeitung.com,quizilla.com,1,0,0.0,0.0,20,0.0,2,5
guardian.co.uk,mysanantonio.com,1,1,0.07142857142857142,0.3396232718951086,26,0.05263157894736842,6,1
guardian.co.uk,chron.com,1,0,0.0,0.0,156,0.0,6,6
fremonttribune.com,siouxcityjournal.com,1,0,0.0,0.0,1,0.0,0,1
fremonttribune.com,gjsentinel.com,1,0,0.0,0.0,0,0.0,0,0
fremonttribune.com,columbustelegram.com,1,0,0.0,0.0,1,0.0,0,1
fremonttribune.com,beatricedailysun.com,1,0,0.0,0.0,1,0.0,0,1
fremontneb.com,beatricedailysun.com,1,0,0.0,0.0,1,0.0,0,1
feeds.aol.com,techchuck.com,1,0,0.0,0.0,40,0.0,0,3
feedproxy.google.com,eluniversal.com,1,0,0.0,0.0,78,0.0,17,1
fayobserver.com,partisan.blogs.hopelesslypartisan.com,1,0,0.0,0.0,24,0.0,3,3
fayobserver.com,ibloga.blogspot.com,1,1,0.06666666666666667,0.3396232718951086,64,0.05263157894736842,3,6
facebook.com,wcpo.com:80,1,0,0.0,0.0,104,0.0,8,2
eluniversal.com,elmundo.es,1,0,0.0,0.0,0,0.0,2,0
eastvalleytribune.com,knoxnews.com,1,0,0.0,0.0,4,0.0,1,1
docudharma.com,truthseeker2473.blogspot.com,1,0,0.0,0.0,7,0.0,0,2
docudharma.com,othersiderainbow.blogspot.com,1,0,0.0,0.0,8,0.0,0,3
digitalspy.co.uk,seekingalpha.com,1,0,0.0,0.0,120,0.0,1,5
denverpost.com,sports.espn.go.com,1,1,0.05263157894736842,0.31465798044412485,84,0.041666666666666664,1,5
daytondailynews.com,vaildaily.com,1,0,0.0,0.0,54,0.0,2,5
daytondailynews.com,lasvegassun.com,1,0,0.0,0.0,24,0.0,2,2
dailystar.com.lb,dissidentvoice.org,1,0,0.0,0.0,16,0.0,0,1
dailypost.co.uk,news.cnet.com,1,0,0.0,0.0,132,0.0,5,4
dailyherald.com,greenbaypressgazette.com,1,0,0.0,0.0,30,0.0,2,2
dailyherald.com,greeleytribune.com,1,0,0.0,0.0,70,0.0,2,6
cnews.canoe.ca,msnbc.msn.com,1,0,0.0,0.0,65,0.0,0,11
chron.com,uncyclopedia.wikia.com,1,0,0.0,0.0,72,0.0,6,3
chron.com,in.answers.yahoo.com,1,0,0.0,0.0,84,0.0,6,4
care2.com,huffingtonpost.com,1,0,0.0,0.0,150,0.0,0,8
bsimmons.wordpress.com,thenation.com,1,0,0.0,0.0,20,0.0,1,3
broadwayworld.com,seacoastonline.com,1,0,0.0,0.0,32,0.0,2,7
bloomberg.com,blognetnews.com,1,0,0.0,0.0,160,0.0,14,6
blogs.myspace.com,online.wsj.com,1,1,0.023809523809523808,0.3459762562611936,462,0.05555555555555555,17,7
blogs.myspace.com,local10.com,1,0,0.0,0.0,132,0.0,17,5
blogs.myspace.com,citizen-times.com,1,0,0.0,0.0,66,0.0,17,3
blogs.chron.com,squidoo.com,1,0,0.0,0.0,48,0.0,2,3
blognetnews.com,cbsnews.com,1,0,0.0,0.0,160,0.0,2,11
blogher.com,pastebin.ca,1,0,0.0,0.0,48,0.0,5,3
blog.taragana.com,cqpolitics.com,1,0,0.0,0.0,39,0.0,6,0
blackpoliticsontheweb.com,latimes.com,1,0,0.0,0.0,18,0.0,0,3
bit.ly,bizjournals.com,1,0,0.0,0.0,32,0.0,2,2
au.answers.yahoo.com,post-gazette.com,1,1,0.034482758620689655,0.318928988903801,161,0.043478260869565216,1,11
altweeklies.com,earthtimes.org,1,0,0.0,0.0,22,0.0,1,5
alternet.org,taipeitimes.com,1,0,0.0,0.0,176,0.0,7,10
allvoices.com,journalstandard.com,1,0,0.0,0.0,8,0.0,1,0
seattlepi.nwsource.com,freep.com,1,0,0.0,0.0,297,0.0,26,7
clkurl.com,cedarcreekvoice.wordpress.com,1,0,0.0,0.0,40,0.0,14,1
seattlepi.nwsource.com,washingtonpost.com,1,1,0.015384615384615385,0.29401410379520604,1089,0.03333333333333333,26,7
startribune.com,toledoblade.com,1,1,0.010638297872340425,0.25562221863533147,450,0.02,83,4
sacbee.com,bostonherald.com,1,0,0.0,0.0,242,0.0,14,10
farodevigo.es,elpais.com,1,1,0.16666666666666666,0.48089834696298783,6,0.125,1,0
uk.news.yahoo.com,canada.com,1,1,0.023809523809523808,0.23459420572161058,252,0.014084507042253521,25,5
vosizneias.com,rawstory.com,1,0,0.0,0.0,22,0.0,8,2
theglobeandmail.com,smh.com.au,1,3,0.027522935779816515,1.157973927849866,2911,0.22692307692307695,31,9
sermoncentral.com,forums.catholic.com,1,0,0.0,0.0,50,0.0,2,6
blogs.myspace.com,cnn.com,1,1,0.020833333333333332,0.9102392266268373,594,0.3333333333333333,17,9
blogs.abcnews.com,voxverax.blogspot.com,1,0,0.0,0.0,175,0.0,23,5
wraithbait.com,news.cnet.com,1,0,0.0,0.0,72,0.0,4,4
washingtonmonthly.com,usnews.com,1,0,0.0,0.0,56,0.0,5,2
therearenosunglasses.wordpress.com,countercurrents.org,1,1,0.047619047619047616,0.3789231816899512,121,0.07142857142857142,7,3
thechronicleherald.ca,scdfa.org,1,0,0.0,0.0,96,0.0,4,5
telegraph.co.uk,idahostatesman.com,1,1,0.03571428571428571,0.2506903984389969,168,0.018518518518518517,12,6
smh.com.au,news.com.au,1,6,0.06896551724137931,2.5255593629927,1562,0.5608516483516484,63,8
smh.com.au,au.rd.yahoo.com,1,3,0.04225352112676056,1.2204952888751799,213,0.2589285714285714,63,3
nymag.com,politico.com,1,0,0.0,0.0,65,0.0,2,2
mahalo.com,facebook.com,1,0,0.0,0.0,182,0.0,10,5
latimes.com,hotair.com,1,0,0.0,0.0,90,0.0,6,5
blogher.com,latimes.com,1,0,0.0,0.0,108,0.0,5,3
weblogs.baltimoresun.com,popmatters.com,1,0,0.0,0.0,48,0.0,10,2
uncyclopedia.wikia.com,wraithbait.com,1,0,0.0,0.0,36,0.0,3,2
sfgate.com,javno.com,1,1,0.027777777777777776,0.32351545314867247,270,0.045454545454545456,14,4
post-gazette.com,lewrockwell.com,1,0,0.0,0.0,161,0.0,12,4
informador.com.mx,whatsonwinnipeg.com,1,0,0.0,0.0,15,0.0,1,3
freerepublic.com,news.com.au,1,2,0.0273972602739726,0.5368896020599352,1166,0.05277777777777778,45,8
cnbc.com,article.wn.com,1,0,0.0,0.0,40,0.0,1,7
blogs.myspace.com,msnbc.msn.com,1,0,0.0,0.0,286,0.0,17,11
patdollard.com,gatesofvienna.blogspot.com,1,0,0.0,0.0,140,0.0,6,6
vh1.com,etonline.com,1,0,0.0,0.0,49,0.0,4,2
golivewire.com,open.salon.com,1,0,0.0,0.0,198,0.0,4,7
nbcsandiego.com,facebook.com,1,0,0.0,0.0,26,0.0,0,5
mtv.com,variety.com,1,0,0.0,0.0,30,0.0,2,3
wikio.es,sdpnoticias.com,1,0,0.0,0.0,12,0.0,0,2
elecodiario.es,informador.com.mx,1,0,0.0,0.0,0,0.0,0,2
vh1.com,popmatters.com,1,0,0.0,0.0,21,0.0,4,2
nydailynews.com,mercurynews.com,1,0,0.0,0.0,132,0.0,3,7
scouty.de,marketwatch.com,1,1,0.023255813953488372,0.6213349345596119,483,0.2,14,3
abc.es,diarioinformacion.com,1,0,0.0,0.0,8,0.0,0,4
farodevigo.es,elecodiario.es,1,0,0.0,0.0,0,0.0,1,0
huffingtonpost.com,mahalo.com,1,1,0.023255813953488372,0.5138983423697507,420,0.14285714285714285,22,4
open.salon.com,prnewswire.com,1,0,0.0,0.0,330,0.0,15,5
facebook.com,bbc.co.uk,1,0,0.0,0.0,39,0.0,8,2
blogs.myspace.com,tfponline.com,1,0,0.0,0.0,44,0.0,17,2
belfasttelegraph.co.uk,independent.co.uk,1,2,0.05128205128205128,0.6982988054869746,238,0.11948051948051948,29,4
wraithbait.com,wattpad.com,1,0,0.0,0.0,54,0.0,4,2
vnnforum.com,feeds.gothamistllc.com,1,0,0.0,0.0,28,0.0,3,2
tucsoncitizen.com,timesonline.co.uk,1,0,0.0,0.0,322,0.0,7,6
townhall.com,statesmanjournal.com,1,0,0.0,0.0,72,0.0,13,1
reuters.com,ottawasun.com,1,0,0.0,0.0,155,0.0,23,4
news.bbc.co.uk,sacbee.com,1,0,0.0,0.0,880,0.0,35,8
hotair.com,variety.com,1,0,0.0,0.0,60,0.0,6,3
feedproxy.google.com,kansascity.com,1,2,0.047619047619047616,0.5162457254110164,468,0.044444444444444446,17,9
facebook.com,golivewire.com,1,1,0.047619047619047616,0.36926937306885504,117,0.06666666666666667,8,5
amazon.com,propeller.com,1,0,0.0,0.0,70,0.0,0,6
truthout.org,digg.com/politics,1,0,0.0,0.0,114,0.0,11,2
squidoo.com,theglobeandmail.com,1,0,0.0,0.0,328,0.0,5,12
scouty.de,g1.globo.com,1,0,0.0,0.0,84,0.0,14,2
mobile.reuters.com,telegraph.co.uk,1,1,0.029411764705882353,0.23459420572161058,294,0.014084507042253521,8,9
in.answers.yahoo.com,ca.answers.yahoo.com,1,0,0.0,0.0,70,0.0,3,5
in.answers.yahoo.com,au.answers.yahoo.com,1,0,0.0,0.0,49,0.0,3,6
mcclatchydc.com,sacbee.com,1,1,0.03125,0.318928988903801,242,0.043478260869565216,9,8
freerepublic.com,blogs.myspace.com,1,2,0.0273972602739726,0.8979307383872341,1166,0.2159090909090909,45,5
zanesvilletimesrecorder.com,theage.com.au,1,0,0.0,0.0,24,0.0,2,8
zanesvilletimesrecorder.com,smh.com.au,1,1,0.0136986301369863,0.2506903984389969,213,0.018518518518518517,2,9
www3.signonsandiego.com,businessweek.com,1,0,0.0,0.0,60,0.0,12,5
wtxl.com,wbtv.com,1,0,0.0,0.0,0,0.0,5,0
wtxl.com,ktvz.com,1,0,0.0,0.0,10,0.0,5,1
wtxl.com,kltv.com,1,0,0.0,0.0,5,0.0,5,1
wraithbait.com,thevelvethottub.com,1,1,0.041666666666666664,0.29401410379520604,114,0.03333333333333333,4,6
wraithbait.com,nationalpost.com,1,0,0.0,0.0,30,0.0,4,5
wraithbait.com,canada.com,1,0,0.0,0.0,42,0.0,4,5
wraithbait.com,blogher.com,1,0,0.0,0.0,72,0.0,4,7
wcco.com,gainesville.com,1,0,0.0,0.0,30,0.0,5,3
wattpad.com,townhall.com,1,0,0.0,0.0,162,0.0,7,5
wattpad.com,sermoncentral.com,1,0,0.0,0.0,45,0.0,7,3
wattpad.com,readingeagle.com,1,0,0.0,0.0,72,0.0,7,5
usnews.com,seekingalpha.com,1,1,0.045454545454545456,0.32351545314867247,120,0.045454545454545456,6,5
usatoday.com,thepoliticalcarnival.blogspot.com,1,0,0.0,0.0,208,0.0,11,1
uncyclopedia.wikia.com,theglobeandmail.com,1,0,0.0,0.0,246,0.0,3,12
uk.news.yahoo.com,app.com,1,0,0.0,0.0,144,0.0,25,4
truthout.org,infowars.com,1,0,0.0,0.0,266,0.0,11,9
truthout.org,indybay.org,1,0,0.0,0.0,152,0.0,11,3
truthout.org,globalresearch.ca,1,2,0.06451612903225806,1.0277966847395015,266,0.2857142857142857,11,4
truthout.org,dprogram.net,1,0,0.0,0.0,228,0.0,11,10
truthout.org,afterdowningstreet.org,1,0,0.0,0.0,133,0.0,11,5
timesofindia.indiatimes.com,stltoday.com,1,0,0.0,0.0,96,0.0,8,5
thesouthern.com,bulletin.aarp.org,1,0,0.0,0.0,19,0.0,0,11
theragblog.blogspot.com,voxverax.blogspot.com,1,1,0.08333333333333333,0.3396232718951086,42,0.05263157894736842,2,5
thenewstribune.com,area52hkh.net,1,0,0.0,0.0,48,0.0,3,4
theindychannel.com,news-press.com,1,0,0.0,0.0,15,0.0,0,2
thebostonchannel.com,detnews.com,1,0,0.0,0.0,49,0.0,0,6
theage.com.au,feedproxy.google.com,1,1,0.030303030303030304,0.3898712452512801,208,0.07692307692307693,0,10
tfponline.com,articleslide.com,1,0,0.0,0.0,4,0.0,0,2
techchuck.com,online.wsj.com,1,2,0.05128205128205128,0.8035638549721068,420,0.16666666666666669,17,7
startribune.com,quizilla.com,1,2,0.02040816326530612,0.5859829897057585,900,0.06623931623931624,83,5
star-telegram.com,bellinghamherald.com,1,0,0.0,0.0,45,0.0,1,8
sports.espn.go.com,wsoctv.com,1,0,0.0,0.0,112,0.0,10,5
sports.espn.go.com,irishtimes.com,1,0,0.0,0.0,84,0.0,10,6
sltrib.com,sott.net,1,0,0.0,0.0,384,0.0,8,13
sltrib.com,lewrockwell.com,1,0,0.0,0.0,84,0.0,8,4
siouxcityjournal.com,goupstate.com,1,0,0.0,0.0,2,0.0,0,2
sg.answers.yahoo.com,theleafchronicle.com,1,0,0.0,0.0,56,0.0,4,5
sg.answers.yahoo.com,ph.answers.yahoo.com,1,0,0.0,0.0,14,0.0,4,1
sg.answers.yahoo.com,in.answers.yahoo.com,1,0,0.0,0.0,49,0.0,4,4
sg.answers.yahoo.com,ca.answers.yahoo.com,1,0,0.0,0.0,70,0.0,4,5
sfgate.com,thesouthern.com,1,0,0.0,0.0,27,0.0,14,1
saukvalley.com,blog.beliefnet.com,1,0,0.0,0.0,12,0.0,1,3
rightwingnews.com,forum.dvdtalk.com,1,1,0.05555555555555555,0.3396232718951086,88,0.05263157894736842,4,7
reflector.com,wjz.com,1,0,0.0,0.0,14,0.0,5,2
reason.com,dissidentvoice.org,1,0,0.0,0.0,48,0.0,3,1
pr-inside.com,luxlibertas.com,1,0,0.0,0.0,156,0.0,7,7
popmatters.com,youtube.com,1,0,0.0,0.0,9,0.0,1,2
politicalforum.com,reason.com,1,0,0.0,0.0,30,0.0,2,3
pheedo.com,storage.itworld.com,1,0,0.0,0.0,143,0.0,10,1
pheedo.com,smallbusiness.itworld.com,1,0,0.0,0.0,11,0.0,10,1
pheedo.com,security.itworld.com,1,0,0.0,0.0,33,0.0,10,2
pheedo.com,open.itworld.com,1,0,0.0,0.0,22,0.0,10,2
pantagraph.com,sltrib.com,1,0,0.0,0.0,72,0.0,3,4
pajamasmedia.com,redstate.com,1,0,0.0,0.0,90,0.0,4,7
olympics.thestar.com,seattletimes.nwsource.com,1,1,0.02702702702702703,0.28853900817779266,280,0.03125,5,10
nytimes.com,articleslide.com,1,1,0.05263157894736842,0.318928988903801,36,0.043478260869565216,12,2
news-record.com,heraldtribune.com,1,0,0.0,0.0,60,0.0,6,4
newonlinearticles.com,pheedcontent.com,1,0,0.0,0.0,42,0.0,3,4
nationalpost.com,news.brisbanetimes.com.au,1,0,0.0,0.0,15,0.0,1,2
mtv.com,wsbradio.com,1,0,0.0,0.0,20,0.0,2,2
msnbc.msn.com,injesus.com,1,0,0.0,0.0,39,0.0,2,2
media.sacbee.com,news.com.au,1,0,0.0,0.0,66,0.0,0,8
mcclatchydc.com,uspolitics.tribe.net,1,0,0.0,0.0,99,0.0,9,4
mashget.com,sfgate.com,1,0,0.0,0.0,486,0.0,10,13
lonelyplanet.com,blogs.abcnews.com,1,0,0.0,0.0,125,0.0,1,4
kcbs.com,washtimes.com,1,0,0.0,0.0,0,0.0,0,3
kcbs.com,washingtontimes.com,1,0,0.0,0.0,0,0.0,0,11
kansascity.com,sanluisobispo.com,1,0,0.0,0.0,144,0.0,10,5
kansascity.com,postcrescent.com,1,0,0.0,0.0,36,0.0,10,1
kansascity.com,mcclatchydc.com,1,0,0.0,0.0,198,0.0,10,2
journalgazette.net,fanfiction.net,1,0,0.0,0.0,39,0.0,0,4
injesus.com,sg.answers.yahoo.com,1,0,0.0,0.0,21,0.0,1,3
injesus.com,semissourian.com,1,0,0.0,0.0,18,0.0,1,4
informador.com.mx,sdpnoticias.com,1,0,0.0,0.0,18,0.0,1,2
informador.com.mx,feeds.aol.com,1,0,0.0,0.0,6,0.0,1,2
iht.com,articleslide.com,1,1,0.05,0.318928988903801,38,0.043478260869565216,11,2
huliq.com,washingtonpost.com,1,0,0.0,0.0,330,0.0,5,7
huliq.com,californiachronicle.com,1,0,0.0,0.0,60,0.0,5,3
huffingtonpost.com,guardian.co.uk,1,2,0.04878048780487805,0.7262046439952354,390,0.1361111111111111,22,7
hotair.com,mcall.com,1,0,0.0,0.0,70,0.0,6,5
gulflive.com,feeds.cbsnews.com,1,0,0.0,0.0,8,0.0,0,2
gulflive.com,cbsnews.com,1,0,0.0,0.0,40,0.0,0,11
guardian.co.uk,wwww.examiner.com,1,0,0.0,0.0,91,0.0,6,0
goupstate.com,popwatch.ew.com,1,0,0.0,0.0,14,0.0,0,5
gatesofvienna.blogspot.com,megite.com,1,0,0.0,0.0,210,0.0,8,9
freep.com,theage.com.au,1,0,0.0,0.0,72,0.0,2,8
freep.com,smh.com.au,1,1,0.012658227848101266,0.3789231816899512,639,0.07142857142857142,2,9
forums.slickdeals.net,daytondailynews.com,1,0,0.0,0.0,18,0.0,0,4
feeds.gothamistllc.com,politicalforum.com,1,0,0.0,0.0,20,0.0,2,3
informador.com.mx,eldiariomontanes.es,1,0,0.0,0.0,6,0.0,1,0
nationalpost.com,canada.com,1,1,0.09090909090909091,0.29120667621996243,35,0.03225806451612903,1,5
informador.com.mx,wikio.es,1,0,0.0,0.0,6,0.0,1,2
newsday.com,siouxcityjournal.com,1,0,0.0,0.0,7,0.0,3,1
huffingtonpost.com,politico.com,1,0,0.0,0.0,390,0.0,22,2
abc.es,feeds.aol.com,1,0,0.0,0.0,2,0.0,0,2
theglobeandmail.com,progressivenewsdaily.com,1,2,0.043478260869565216,0.5457470747644828,287,0.05656565656565657,31,6
telegraph.co.uk,boston.com,1,1,0.025,0.23459420572161058,420,0.014084507042253521,12,9
seattletimes.nwsource.com,thenation.com,1,0,0.0,0.0,140,0.0,20,3
reddit.com,post-gazette.com,1,0,0.0,0.0,276,0.0,8,11
pr-inside.com,prnewswire.com,1,2,0.08,0.9605402309330919,180,0.25,7,5
napavalleyregister.com,singaporejobstoday.com,1,0,0.0,0.0,15,0.0,0,3
journalstar.com,thetimesonline.com,1,0,0.0,0.0,16,0.0,6,2
free-ebooks.tistory.com,youtube.com,1,0,0.0,0.0,6,0.0,0,2
blogs.myspace.com,kansascity.com,1,0,0.0,0.0,396,0.0,17,9
area52hkh.net,freerepublic.com,1,0,0.0,0.0,318,0.0,2,8
nowpublic.com,chron.com,1,1,0.038461538461538464,0.2222316216158104,180,0.011111111111111112,11,6
alternet.org,mahalo.com,1,0,0.0,0.0,224,0.0,7,4
haaretz.com,vnnforum.com,1,0,0.0,0.0,21,0.0,1,4
feedproxy.google.com,showhype.com,1,2,0.037037037037037035,1.039008973514235,780,0.29166666666666663,17,10
feedproxy.google.com,sfgate.com,1,3,0.06,1.164783696009474,702,0.23525641025641025,17,13
prospect.org,docudharma.com,1,0,0.0,0.0,6,0.0,3,1
wikio.es,elmundo.es,1,0,0.0,0.0,0,0.0,0,0
singaporejobstoday.com,huffingtonpost.com,1,0,0.0,0.0,150,0.0,2,8
articleslide.com,open.salon.com,1,0,0.0,0.0,44,0.0,0,7
wattpad.com,blogs.myspace.com,1,1,0.03333333333333333,0.7213475204444817,198,0.25,7,5
freerepublic.com,catholicexchange.com,1,0,0.0,0.0,212,0.0,45,3
elpais.com,elmundo.es,1,0,0.0,0.0,0,0.0,1,0
tucsoncitizen.com,feeds.reuters.com,1,0,0.0,0.0,70,0.0,7,5
telegraph.co.uk,edition.cnn.com,1,2,0.058823529411764705,0.7585326888556978,315,0.14814814814814814,12,6
latimes.com,gainesville.com,1,0,0.0,0.0,27,0.0,6,3
freerepublic.com,hotair.com,1,1,0.016129032258064516,0.2222316216158104,530,0.011111111111111112,45,5
etonline.com,celebritygossip.epicureforum.com,1,0,0.0,0.0,98,0.0,5,6
alertnet.org,news.bbc.co.uk,1,0,0.0,0.0,80,0.0,1,5
usnews.com,thenorthwestern.com,1,0,0.0,0.0,24,0.0,6,2
townhall.com,au.answers.yahoo.com,1,0,0.0,0.0,126,0.0,13,6
seekingalpha.com,ibloga.blogspot.com,1,0,0.0,0.0,120,0.0,10,6
popmatters.com,wcax.com,1,0,0.0,0.0,6,0.0,1,1
nytimes.com,open.salon.com,1,0,0.0,0.0,396,0.0,12,7
msnbc.msn.com,cnbc.com,1,1,0.058823529411764705,0.318928988903801,65,0.043478260869565216,2,4
luxlibertas.com,uspolitics.tribe.net,1,0,0.0,0.0,117,0.0,6,4
iol.co.za,reuters.com,1,3,0.075,0.9370328405602343,372,0.1309676239253704,4,8
mirror.co.uk,birminghammail.net,1,4,0.1111111111111111,1.0926708039970399,175,0.1055333087851729,27,4
delcotimes.com,propeller.com,1,0,0.0,0.0,50,0.0,0,6
bismarcktribune.com,politico.com,1,0,0.0,0.0,169,0.0,7,2
popwatch.ew.com,open.salon.com,1,0,0.0,0.0,154,0.0,2,7
huffingtonpost.com,mcclatchydc.com,1,1,0.025,0.30341307554227914,330,0.037037037037037035,22,2
blogher.com,blogs.myspace.com,1,1,0.030303030303030304,0.3789231816899512,264,0.07142857142857142,5,5
facebook.com,gather.com,1,1,0.03225806451612903,0.48089834696298783,247,0.125,8,8
abc.es,elecodiario.es,1,0,0.0,0.0,0,0.0,0,0
philly.com,open.salon.com,1,1,0.023255813953488372,0.40242960438184466,484,0.08333333333333333,12,7
blogs.myspace.com,uncyclopedia.wikia.com,1,0,0.0,0.0,132,0.0,17,3
prnewswire.com,docstalk.blogspot.com,1,0,0.0,0.0,225,0.0,10,9
newsday.com,theglobeandmail.com,1,1,0.02127659574468085,0.33380820069533407,287,0.05,3,12
seekingalpha.com,lewrockwell.com,1,0,0.0,0.0,105,0.0,10,4
seattletimes.nwsource.com,ktvq.com,1,0,0.0,0.0,28,0.0,20,1
newsinfo.inquirer.net,canada.com,1,0,0.0,0.0,14,0.0,0,5
newser.com,uk.eonline.com,1,1,0.045454545454545456,0.36067376022224085,112,0.0625,3,4
newser.com,ca.eonline.com,1,0,0.0,0.0,21,0.0,3,3
newser.com,au.eonline.com,1,0,0.0,0.0,28,0.0,3,4
latimes.com,motherjones.com,1,0,0.0,0.0,45,0.0,6,4
kentucky.com,deseretnews.com,1,0,0.0,0.0,36,0.0,6,2
kansascity.com,baynews9.com,1,0,0.0,0.0,0,0.0,10,0
independent.co.uk,uk.reuters.com,1,0,0.0,0.0,280,0.0,3,6
feeds.gawker.com,statesman.com,1,1,0.02702702702702703,0.35295612386476116,336,0.058823529411764705,7,10
feedproxy.google.com,feeds.gawker.com,1,0,0.0,0.0,364,0.0,17,7
feedproxy.google.com,feeds.aol.com,1,0,0.0,0.0,52,0.0,17,2
blogs.myspace.com,nwherald.com,1,1,0.038461538461538464,0.4170323914242463,110,0.09090909090909091,17,1
abc.net.au,news.brisbanetimes.com.au,1,0,0.0,0.0,30,0.0,4,2
uspolitics.tribe.net,open.salon.com,1,0,0.0,0.0,198,0.0,5,7
statesman.com,examiner.com,1,1,0.029411764705882353,0.35295612386476116,264,0.058823529411764705,14,3
statesman.com,clarionledger.com,1,0,0.0,0.0,0,0.0,14,0
sfgate.com,clarionledger.com,1,0,0.0,0.0,0,0.0,14,0
golivewire.com,fanfiction.net,1,0,0.0,0.0,117,0.0,4,4
elecodiario.es,diariovasco.com,1,0,0.0,0.0,0,0.0,0,1
diariovasco.com,abc.es,1,0,0.0,0.0,2,0.0,1,1
article.wn.com,chacha.com,1,0,0.0,0.0,72,0.0,1,2
stltoday.com,hispanicbusiness.com,1,1,0.08333333333333333,0.32351545314867247,40,0.045454545454545456,4,5
blogs.myspace.com,huffingtonpost.com,1,0,0.0,0.0,660,0.0,17,8
mlive.com,feedproxy.google.com,1,1,0.030303030303030304,0.2222316216158104,208,0.011111111111111112,6,10
blogs.myspace.com,prisonplanet.com,1,1,0.024390243902439025,0.4170323914242463,440,0.09090909090909091,17,8
blogs.myspace.com,demonoid.com,1,0,0.0,0.0,22,0.0,17,1
wikio.com,opinionsource.com,1,1,0.014925373134328358,0.3459762562611936,756,0.05555555555555555,47,7
blogs.myspace.com,freerepublic.com,1,2,0.0273972602739726,0.8979307383872341,1166,0.2159090909090909,17,8
guardian.co.uk,avaxhome.ws,1,1,0.0625,0.43429448190325176,52,0.1,6,3
amazon.com,nytimes.com,1,0,0.0,0.0,126,0.0,0,6
blog.taragana.com,feedproxy.google.com,1,1,0.02631578947368421,0.3898712452512801,338,0.07692307692307693,6,10
stuff.co.nz,timesonline.co.uk,1,1,0.022727272727272728,0.3898712452512801,506,0.07692307692307693,7,6
sott.net,seattlepi.nwsource.com,1,1,0.015625,0.29401410379520604,1056,0.03333333333333333,22,7
post-gazette.com,freerepublic.com,1,0,0.0,0.0,1219,0.0,12,8
facebook.com,pbs.org,1,0,0.0,0.0,104,0.0,8,2
blog.taragana.com,timesoftheinternet.com,1,3,0.125,0.8749486094722825,182,0.10575117370892019,6,8
articleslide.com,wotarticle.com,1,0,0.0,0.0,6,0.0,0,0
opinionsource.com,chicagotribune.com,1,1,0.045454545454545456,0.40242960438184466,126,0.08333333333333333,8,5
americanchronicle.com,blogs.myspace.com,1,1,0.030303030303030304,0.3789231816899512,264,0.07142857142857142,3,5
miamiherald.com,herald-mail.com,1,0,0.0,0.0,15,0.0,1,2
eldiariomontanes.es,abc.es,1,0,0.0,0.0,2,0.0,2,1
eldiariomontanes.es,elecodiario.es,1,0,0.0,0.0,0,0.0,2,0
uncyclopedia.wikia.com,blogs.myspace.com,1,0,0.0,0.0,132,0.0,3,5
uncyclopedia.wikia.com,huffingtonpost.com,1,0,0.0,0.0,180,0.0,3,8
huffingtonpost.com,open.salon.com,1,0,0.0,0.0,660,0.0,22,7
youtube.com,facebook.com,1,0,0.0,0.0,39,0.0,1,5
open.salon.com,nymag.com,1,0,0.0,0.0,110,0.0,15,3
mercedsunstar.com,readingeagle.com,1,0,0.0,0.0,48,0.0,3,5
dailyindia.com,uncyclopedia.wikia.com,1,0,0.0,0.0,72,0.0,1,3
blogs.myspace.com,open.salon.com,1,2,0.047619047619047616,0.9690179556831694,484,0.25396825396825395,17,7
wikio.es,facebook.com,1,0,0.0,0.0,26,0.0,0,5
feeds.aol.com,mahalo.com,1,0,0.0,0.0,28,0.0,0,4
greeleytribune.com,tucsoncitizen.com,1,0,0.0,0.0,98,0.0,1,7
guardian.co.uk,prairiepundit.blogspot.com,1,0,0.0,0.0,130,0.0,6,3
facebook.com,amazon.com,1,1,0.05263157894736842,0.5581106265512472,91,0.16666666666666666,8,7
prisonplanet.com,therearenosunglasses.wordpress.com,1,1,0.03333333333333333,0.5138983423697507,220,0.14285714285714285,12,4
amazon.com,chacha.com,1,0,0.0,0.0,63,0.0,0,2
elecodiario.es,elmundo.es,1,0,0.0,0.0,0,0.0,0,0
smh.com.au,news.brisbanetimes.com.au,1,3,0.04225352112676056,1.0922625056242254,213,0.20601851851851852,63,2
sfgate.com,californiachronicle.com,1,0,0.0,0.0,162,0.0,14,3
open.salon.com,americanchronicle.com,1,0,0.0,0.0,264,0.0,15,9
whitesoap.com,tthfanfic.org,1,0,0.0,0.0,7,0.0,4,1
mercurynews.com,mashget.com,1,0,0.0,0.0,198,0.0,4,8
prnewswire.com,pr-inside.com,1,2,0.08,0.9605402309330919,180,0.25,10,6
prevuze.blogspot.com,ph.answers.yahoo.com,1,0,0.0,0.0,10,0.0,1,1
phillyburbs.com,mlb.mlb.com,1,0,0.0,0.0,35,0.0,1,2
chron.com,vnnforum.com,1,0,0.0,0.0,84,0.0,6,4
blogher.com,othersiderainbow.blogspot.com,1,0,0.0,0.0,96,0.0,5,3
960werc.com,open.salon.com,1,0,0.0,0.0,88,0.0,0,7
kansascity.com,sacbee.com,1,2,0.05263157894736842,0.7501808550273789,396,0.14939024390243902,10,8
guardian.co.uk,examiner.com,1,0,0.0,0.0,143,0.0,6,3
alternet.org,examiner.com,1,0,0.0,0.0,176,0.0,7,3
feedproxy.google.com,fanfiction.net,1,0,0.0,0.0,338,0.0,17,4
abc.es,diariovasco.com,1,0,0.0,0.0,2,0.0,0,1
open.salon.com,feedproxy.google.com,1,0,0.0,0.0,572,0.0,15,10
blog.taragana.com,in.news.yahoo.com,1,0,0.0,0.0,221,0.0,6,10
facebook.com,bit.ly,1,0,0.0,0.0,104,0.0,8,6
prnewswire.com,au.answers.yahoo.com,1,0,0.0,0.0,105,0.0,10,6
chicagotribune.com,feedproxy.google.com,1,1,0.029411764705882353,0.2790553132756236,234,0.027777777777777776,4,10
reason.com,alternet.org,1,0,0.0,0.0,96,0.0,3,10
ireport.com,facebook.com,1,1,0.03125,0.48089834696298783,260,0.125,9,5
abc.es,eldiariomontanes.es,1,0,0.0,0.0,2,0.0,0,0
quizilla.com,feedproxy.google.com,1,1,0.02857142857142857,0.2790553132756236,260,0.027777777777777776,5,10
nytimes.com,feedproxy.google.com,1,1,0.023255813953488372,0.48089834696298783,468,0.125,12,10
sermoncentral.com,area52hkh.net,1,0,0.0,0.0,30,0.0,2,4
sfgate.com,blogs.myspace.com,1,1,0.020833333333333332,0.48089834696298783,594,0.125,14,5
althouse.blogspot.com,9wsyr.com:80,0,0,0.0,0.0,2,0.0,0,1
kdvr.com,leadertelegram.com,0,0,0.0,0.0,0,0.0,0,1
clkurl.com,lohud.com,0,0,0.0,0.0,120,0.0,14,2
kdka.com,thepittsburghchannel.com,0,0,0.0,0.0,9,0.0,0,3
sunherald.com,sunjournal.com,0,0,0.0,0.0,12,0.0,1,2
eonline.com,rss.cnn.com,0,0,0.0,0.0,252,0.0,6,7
timesdispatch.com,pheedo.msnbc.msn.com,0,0,0.0,0.0,5,0.0,0,1
waff.com,cbs2.com,0,0,0.0,0.0,24,0.0,2,4
freep.com,baltimoresun.com,0,2,0.08333333333333333,0.9448503877082843,153,0.24545454545454548,2,7
timesfreepress.com,myrtlebeachonline.com,0,0,0.0,0.0,3,0.0,0,3
1800blogger.com,mercedsunstar.com,0,0,0.0,0.0,54,0.0,3,3
wsoctv.com,singaporejobstoday.com,0,0,0.0,0.0,40,0.0,3,3
mohavedailynews.com,fremontneb.com,0,0,0.0,0.0,1,0.0,0,1
forum.brokeroutpost.com,propeller.com,0,0,0.0,0.0,40,0.0,0,6
tennessean.com,feeds.washingtonpost.com,0,0,0.0,0.0,15,0.0,1,3
dnaindia.com,techchuck.com,0,2,0.08333333333333333,0.6604760492888175,120,0.0989247311827957,1,3
wftv.com,sanfranciscosentinel.com,0,0,0.0,0.0,6,0.0,0,2
wralsportsfan.com,features.csmonitor.com,0,0,0.0,0.0,6,0.0,1,2
thenorthwestern.com,kuwaittimes.net,0,0,0.0,0.0,3,0.0,1,1
pantagraph.com,themoderatevoice.com,0,0,0.0,0.0,84,0.0,3,7
feeds.foxnews.com,wtnh.com,0,0,0.0,0.0,15,0.0,3,1
knoxnews.com,helenair.com,0,0,0.0,0.0,1,0.0,0,1
tri-cityherald.com,dailymail.com,0,0,0.0,0.0,21,0.0,0,3
themoderatevoice.com,southernledger.com,0,0,0.0,0.0,14,0.0,7,1
losangeles.craigslist.org,asia.news.yahoo.com,0,0,0.0,0.0,3,0.0,1,3
stltoday.com,iccheshireonline.icnetwork.co.uk,0,0,0.0,0.0,40,0.0,4,5
vnnforum.com,feeds.latimes.com,0,0,0.0,0.0,14,0.0,3,2
britanniaradio.blogspot.com,facebook.com,0,0,0.0,0.0,65,0.0,1,5
allafrica.com,dailyindia.com,0,0,0.0,0.0,36,0.0,0,11
thenorthwestern.com,zeenews.com,0,0,0.0,0.0,51,0.0,1,3
ichuddersfield.icnetwork.co.uk,theday.com,0,0,0.0,0.0,15,0.0,0,1
edition.cnn.com,fox8.com,0,0,0.0,0.0,30,0.0,9,2
bostonherald.com,the-two-malcontents.com,0,0,0.0,0.0,143,0.0,1,6
thehawaiichannel.com,courierpostonline.com,0,0,0.0,0.0,0,0.0,0,0
delmarvanow.com,wvgazette.com,0,0,0.0,0.0,12,0.0,0,0
ksl.com,g1.globo.com,0,0,0.0,0.0,0,0.0,0,2
heraldtribune.com,dailylocal.com,0,0,0.0,0.0,35,0.0,1,6
seattletimes.nwsource.com,brisbanetimes.com.au,0,0,0.0,0.0,224,0.0,20,7
forbes.com,ksby.com,0,1,0.058823529411764705,0.2442393366759723,32,0.016666666666666666,5,1
twocircles.net,soccerblogs.net,0,0,0.0,0.0,60,0.0,2,3
fox41.com,iowastatedaily.com,0,0,0.0,0.0,4,0.0,0,2
sportingnews.com,search.japantimes.co.jp,0,0,0.0,0.0,77,0.0,8,4
boards.historychannel.com,topnews.in,0,0,0.0,0.0,195,0.0,0,9
michaelmoore.com,hollywoodreporter.com,0,0,0.0,0.0,12,0.0,1,1
heraldtribune.com,feeds.aol.com,0,0,0.0,0.0,10,0.0,1,2
walesonline.co.uk,590klbj.com,0,0,0.0,0.0,30,0.0,8,2
pe.com,dailypost.co.uk,0,0,0.0,0.0,22,0.0,1,6
mahalo.com,theage.com.au,0,0,0.0,0.0,112,0.0,10,8
feeds.latimes.com,nj.com,0,1,0.16666666666666666,0.45511961331341866,10,0.1111111111111111,0,3
newsvine.com,greeleytribune.com,0,0,0.0,0.0,147,0.0,14,6
newsx.com,cbs2.com,0,0,0.0,0.0,8,0.0,0,4
thehindu.com,groups.google.com,0,0,0.0,0.0,30,0.0,0,3
essenceofpolitics.blogspot.com,trentonian.com,0,0,0.0,0.0,8,0.0,0,2
statesmanjournal.com,answerbag.com,0,0,0.0,0.0,12,0.0,3,2
open.itworld.com,partisan.blogs.hopelesslypartisan.com,0,0,0.0,0.0,6,0.0,0,3
wral.com,wrcbtv.com,0,0,0.0,0.0,120,0.0,56,2
leadertelegram.com,ibloga.blogspot.com,0,0,0.0,0.0,8,0.0,0,6
collegian.com,ledger-enquirer.com,0,0,0.0,0.0,3,0.0,0,3
carnageandculture.blogspot.com,channelnewsasia.com,0,0,0.0,0.0,30,0.0,2,6
thepoliticalcarnival.blogspot.com,wrex.com,0,0,0.0,0.0,52,0.0,12,3
sportingnews.com,chacha.com,0,0,0.0,0.0,99,0.0,8,2
helenair.com,macombdaily.com,0,0,0.0,0.0,2,0.0,0,2
celebritymound.com,pfblogs.org,0,0,0.0,0.0,45,0.0,1,4
ktnv.com,grandforksherald.com,0,0,0.0,0.0,32,0.0,1,4
isavesmart.com,townhall.com,0,0,0.0,0.0,72,0.0,0,5
azstarnet.com,alertnet.org,0,0,0.0,0.0,8,0.0,0,1
kttc.com,chinadaily.com.cn,0,0,0.0,0.0,5,0.0,0,4
theage.com.au,idahostatesman.com,0,0,0.0,0.0,64,0.0,0,6
wsvn.com,feeds.newyorkcitynews.net,0,0,0.0,0.0,12,0.0,0,2
myfoxchicago.com,infowars.com,0,0,0.0,0.0,42,0.0,0,9
htrnews.com,onlineathens.com,0,0,0.0,0.0,10,0.0,0,4
rep-am.com,news.scotsman.com,0,0,0.0,0.0,54,0.0,0,2
ca.answers.yahoo.com,abc40.com,0,0,0.0,0.0,20,0.0,5,2
iccoventry.icnetwork.co.uk,goerie.com,0,0,0.0,0.0,15,0.0,0,3
collegian.com,pjstar.com,0,0,0.0,0.0,2,0.0,0,1
diarioinformacion.com,prevuze.blogspot.com,0,0,0.0,0.0,40,0.0,4,4
othersiderainbow.blogspot.com,facebook.com,0,0,0.0,0.0,104,0.0,5,5
couriermail.news.com.au,beaufortgazette.com,0,0,0.0,0.0,5,0.0,0,1
blogs.wsj.com,actualteam.com,0,0,0.0,0.0,12,0.0,1,4
wgnradio.com,feeds.cbsnews.com,0,0,0.0,0.0,16,0.0,4,2
nashuatelegraph.com,marketwatch.com,0,0,0.0,0.0,92,0.0,1,3
mercedsunstar.com,pfblogs.org,0,0,0.0,0.0,30,0.0,3,4
wjactv.com,feeds.feedblitz.com,0,0,0.0,0.0,15,0.0,0,3
sdpnoticias.com,techchuck.com,0,0,0.0,0.0,120,0.0,4,3
contactmusic.com,feeds.feedblitz.com,0,0,0.0,0.0,50,0.0,6,3
icnorthwales.icnetwork.co.uk,dynamic.cnn.com,0,0,0.0,0.0,6,0.0,0,1
wdtn.com,nst.com.my,0,0,0.0,0.0,2,0.0,0,2
moneycentral.msn.com,seattletimes.nwsource.com,0,0,0.0,0.0,84,0.0,1,10
570news.com,prospect.org,0,0,0.0,0.0,6,0.0,0,3
odt.co.nz,mlive.com,0,0,0.0,0.0,24,0.0,2,2
uspolitics.tribe.net,wotarticle.com,0,0,0.0,0.0,27,0.0,5,0
wcpo.com:80,570news.com,0,0,0.0,0.0,8,0.0,6,1
truthseeker2473.blogspot.com,sacbee.com,0,0,0.0,0.0,154,0.0,5,8
facebook.com,wsvn.com,0,0,0.0,0.0,78,0.0,8,6
fremontneb.com,thehour.com,0,0,0.0,0.0,4,0.0,0,2
2theadvocate.com,wikio.es,0,0,0.0,0.0,2,0.0,0,2
noquarterusa.net,g1.globo.com,0,0,0.0,0.0,44,0.0,6,2
southernillinoisan.com,jacksonville.com,0,0,0.0,0.0,35,0.0,2,1
ksdk.com,wcfcourier.com,0,0,0.0,0.0,5,0.0,3,1
dprogram.net,primebuzz.kcstar.com,0,0,0.0,0.0,12,0.0,3,1
nydailynews.com,wdnweb.com,0,0,0.0,0.0,12,0.0,3,1
yidwithlid.blogspot.com,honoluluadvertiser.com,0,0,0.0,0.0,12,0.0,1,1
nbcsandiego.com,instablogs.com,0,0,0.0,0.0,8,0.0,0,1
fremontneb.com,answerbag.com,0,0,0.0,0.0,3,0.0,0,2
blogs.wsj.com,fremontneb.com,0,0,0.0,0.0,3,0.0,1,1
examiner.co.uk,thewbalchannel.com,0,0,0.0,0.0,20,0.0,0,4
cbs13.com,news.brisbanetimes.com.au,0,1,0.14285714285714285,0.2506903984389969,15,0.018518518518518517,1,2
channelnewsasia.com,santamariatimes.com,0,0,0.0,0.0,6,0.0,0,1
publicbroadcasting.net,primebuzz.kcstar.com,0,0,0.0,0.0,23,0.0,20,1
columbustelegram.com,nbcchicago.com,0,0,0.0,0.0,4,0.0,0,2
newsobserver.com,680news.com,0,0,0.0,0.0,9,0.0,2,1
stuff.co.nz,960werc.com,0,0,0.0,0.0,88,0.0,7,4
southernledger.com,ksdk.com,0,1,0.2,0.2710850306818168,5,0.025,0,2
chinadaily.com.cn,ph.answers.yahoo.com,0,0,0.0,0.0,10,0.0,1,1
thestate.com,brandonsun.com,0,0,0.0,0.0,28,0.0,4,1
clarionledger.com,baltimoresun.com,0,0,0.0,0.0,0,0.0,0,7
capecodonline.com,macleans.ca,0,0,0.0,0.0,4,0.0,2,1
blogher.com,lewrockwell.com,0,0,0.0,0.0,84,0.0,5,4
pastebin.ca,delcotimes.com,0,0,0.0,0.0,20,0.0,1,5
demonoid.com,prevuze.blogspot.com,0,0,0.0,0.0,5,0.0,0,4
wvgazette.com,news.sympatico.msn.ctv.ca,0,0,0.0,0.0,9,0.0,3,1
care2.com,syracuse.com,0,0,0.0,0.0,5,0.0,0,0
kgun9.com,celebritygossip.epicureforum.com,0,0,0.0,0.0,28,0.0,0,6
post-gazette.com,cbs13.com,0,0,0.0,0.0,115,0.0,12,4
freep.com,gctelegram.com,0,0,0.0,0.0,9,0.0,2,1
livenews.com.au,iht.com,0,1,0.03571428571428571,0.6213349345596119,190,0.2,5,8
au.answers.yahoo.com,entertainment.msn.com,0,0,0.0,0.0,14,0.0,1,2
thejakartapost.com,timesunion.com,0,0,0.0,0.0,12,0.0,3,1
ajc.com,thebostonchannel.com,0,0,0.0,0.0,77,0.0,4,7
hosted.ap.org,news.aol.com,0,1,0.16666666666666666,0.2222316216158104,10,0.011111111111111112,0,4
capecodonline.com,app.com,0,0,0.0,0.0,16,0.0,2,4
open.itworld.com,capitolhillblue.com,0,0,0.0,0.0,12,0.0,0,5
localnews8.com,starnewsonline.com,0,0,0.0,0.0,4,0.0,0,3
860wgul.townhall.com,drudge.com,0,0,0.0,0.0,27,0.0,0,4
modbee.com,news.cnet.com,0,0,0.0,0.0,36,0.0,1,4
fox59.com,oanow.com,0,0,0.0,0.0,1,0.0,0,1
wvec.com,spokesman.com,0,0,0.0,0.0,8,0.0,1,4
wcax.com,goerie.com,0,0,0.0,0.0,6,0.0,1,3
torontosun.com,cjad.com,0,0,0.0,0.0,8,0.0,1,2
swamppolitics.com,kmir6.com,0,0,0.0,0.0,6,0.0,1,2
darthchaosofrspw.wordpress.com,origin.theaustralian.news.com.au,0,0,0.0,0.0,7,0.0,3,1
thejakartapost.com,wtkr.com,0,0,0.0,0.0,36,0.0,3,2
kvia.com,daily-jeff.com,0,0,0.0,0.0,10,0.0,2,2
delmarvanow.com,in.news.yahoo.com,0,1,0.05,0.2518706487516997,68,0.018867924528301886,0,10
canadafreepress.com,600wrec.com,0,0,0.0,0.0,40,0.0,1,8
islandpacket.com,forum.brokeroutpost.com,0,0,0.0,0.0,0,0.0,0,4
usnews.com,news.theage.com.au,0,0,0.0,0.0,88,0.0,6,6
krqe.com,blogs.wsj.com,0,0,0.0,0.0,6,0.0,0,2
news24.com,hindustantimes.com,0,0,0.0,0.0,70,0.0,1,5
cbn.com,seekingalpha.com,0,0,0.0,0.0,45,0.0,0,5
mlive.com,fox4now.com,0,0,0.0,0.0,8,0.0,6,1
clickorlando.com,nymag.com,0,0,0.0,0.0,20,0.0,0,3
sportsillustrated.cnn.com,wotarticle.com,0,0,0.0,0.0,9,0.0,0,0
businessweek.com,politicalticker.blogs.cnn.com,0,0,0.0,0.0,95,0.0,0,3
abclocal.go.com,whas11.com,0,0,0.0,0.0,40,0.0,0,1
dailytimes.com.pk,forums.catholic.com,0,0,0.0,0.0,40,0.0,1,6
chron.com,phillyburbs.com,0,0,0.0,0.0,60,0.0,6,4
newschannel10.com,coventrytelegraph.net,0,0,0.0,0.0,5,0.0,0,5
clkurl.com,allafrica.com,0,0,0.0,0.0,60,0.0,14,3
biz.yahoo.com,us.cnn.com,0,0,0.0,0.0,0,0.0,0,1
canadianbusiness.com,money.canoe.ca,0,0,0.0,0.0,10,0.0,2,1
newsinfo.inquirer.net,elmundo.es,0,0,0.0,0.0,0,0.0,0,0
magicvalley.com,pjstar.com,0,0,0.0,0.0,40,0.0,19,1
cgi.cnn.com,news.ninemsn.com.au,0,0,0.0,0.0,18,0.0,0,5
the-dispatch.com,daily-jeff.com,0,0,0.0,0.0,4,0.0,1,2
democraticunderground.com,au.eonline.com,0,0,0.0,0.0,44,0.0,5,4
darthchaosofrspw.wordpress.com,postchronicle.com,0,0,0.0,0.0,140,0.0,3,12
wthr.com,lansingstatejournal.com,0,0,0.0,0.0,3,0.0,0,1
althouse.blogspot.com,kvia.com,0,0,0.0,0.0,5,0.0,0,3
detnews.com,rgj.com,0,0,0.0,0.0,42,0.0,1,6
chronicle.augusta.com,heraldnet.com,0,1,0.08333333333333333,0.28853900817779266,40,0.03125,1,3
topics.edition.cnn.com,greenbaypressgazette.com,0,0,0.0,0.0,9,0.0,0,2
sportsillustrated.cnn.com,golivewire.com,0,0,0.0,0.0,27,0.0,0,5
sportsnipe.com,adn.com,0,0,0.0,0.0,20,0.0,1,4
globalresearch.ca,timesofmalta.com,0,0,0.0,0.0,70,0.0,11,5
toledoblade.com,fox4now.com,0,0,0.0,0.0,5,0.0,1,1
freerepublic.com,scdfa.org,0,1,0.016666666666666666,0.29401410379520604,424,0.03333333333333333,45,5
metrowestdailynews.com,macon.com,0,0,0.0,0.0,12,0.0,2,2
postchronicle.com,www2.journalnow.com,0,1,0.02631578947368421,0.2222316216158104,380,0.011111111111111112,9,8
marketplace.publicradio.org,altweeklies.com,0,0,0.0,0.0,0,0.0,0,1
gazette.com,dailytimes.com.pk,0,0,0.0,0.0,44,0.0,3,3
thedailynewsonline.com,wusa9.com,0,0,0.0,0.0,126,0.0,3,4
39online.com,actualteam.com,0,1,0.25,0.30692767643013485,4,0.038461538461538464,0,4
profit.ndtv.com,wralsportsfan.com,0,0,0.0,0.0,3,0.0,0,2
kduhtv.com,heraldnet.com,0,0,0.0,0.0,8,0.0,0,3
iccheshireonline.icnetwork.co.uk,icnewcastle.icnetwork.co.uk,0,4,0.6666666666666666,1.0926708039970399,25,0.1055333087851729,0,5
charlotteobserver.com,rss.cnn.com,0,0,0.0,0.0,105,0.0,1,7
gather.com,cbs2chicago.com,0,1,0.034482758620689655,0.2222316216158104,209,0.011111111111111112,11,4
feeds.feedburner.com,oanow.com,0,0,0.0,0.0,5,0.0,2,1
embeds.blogs.foxnews.com,farodevigo.es,0,0,0.0,0.0,12,0.0,1,5
cbn.com,digg.com/politics,0,0,0.0,0.0,18,0.0,0,2
app.com,thewest.com.au,0,0,0.0,0.0,64,0.0,0,6
newsobserver.com,dcexaminer.com,0,0,0.0,0.0,18,0.0,2,2
wfaa.com,fox4now.com,0,0,0.0,0.0,4,0.0,3,1
msn.foxsports.com,clipmarks.com,0,0,0.0,0.0,240,0.0,1,17
crooksandliars.com,chronwatch-america.com,0,0,0.0,0.0,30,0.0,1,3
amazon.com,bsimmons.wordpress.com,0,0,0.0,0.0,28,0.0,0,3
lubbockonline.com,bismarcktribune.com,0,0,0.0,0.0,78,0.0,2,6
ap.google.com,brownsvilleherald.com,0,0,0.0,0.0,2,0.0,0,1
elpais.com,azcentral.com,0,0,0.0,0.0,15,0.0,1,6
thenewstribune.com,blog.sina.com.cn,0,0,0.0,0.0,48,0.0,3,4
au.rd.yahoo.com,star-telegram.com,0,0,0.0,0.0,9,0.0,0,2
heraldextra.com,nctimes.com,0,0,0.0,0.0,9,0.0,2,2
foxcarolina.com,sdpnoticias.com,0,0,0.0,0.0,18,0.0,0,2
reason.com,blognetwork.knoxnews.com,0,0,0.0,0.0,24,0.0,3,3
wtvm.com,actualteam.com,0,0,0.0,0.0,20,0.0,4,4
media.adn.com,toledoblade.com,0,0,0.0,0.0,10,0.0,0,4
ocregister.com,pe.com,0,0,0.0,0.0,16,0.0,4,1
sg.answers.yahoo.com,truthdig.com,0,0,0.0,0.0,7,0.0,4,1
truthseeker2473.blogspot.com,chesterchronicle.co.uk,0,0,0.0,0.0,42,0.0,5,6
thewest.com.au,olympics.thestar.com,0,0,0.0,0.0,160,0.0,13,6
news.cnet.com,nhregister.com,0,0,0.0,0.0,84,0.0,8,3
oanow.com,theaustralian.news.com.au,0,0,0.0,0.0,13,0.0,0,8
gopusa.com,wgntv.com,0,0,0.0,0.0,15,0.0,0,2
topnews.in,kypost.com,0,0,0.0,0.0,117,0.0,31,2
katu.com,cbs13.com,0,0,0.0,0.0,5,0.0,0,4
azstarnet.com,charlotteobserver.com,0,0,0.0,0.0,20,0.0,0,4
independent.ie,sportsnet.ca,0,0,0.0,0.0,10,0.0,1,2
fremonttribune.com,foxnews.com,0,0,0.0,0.0,15,0.0,0,8
ksby.com,timesoftheinternet.com,0,0,0.0,0.0,28,0.0,1,8
gunnyg.wordpress.com,uk.news.yahoo.com,0,1,0.023809523809523808,0.2710850306818168,252,0.025,3,12
kvia.com,cbs5.com,0,0,0.0,0.0,15,0.0,2,3
examiner.co.uk,macombdaily.com,0,0,0.0,0.0,10,0.0,0,2
truthdig.com,rssjunky.com,0,0,0.0,0.0,4,0.0,0,3
iht.com,in.news.yahoo.com,0,0,0.0,0.0,323,0.0,11,10
au.answers.yahoo.com,celebitchy.com,0,1,0.06666666666666667,0.3789231816899512,63,0.07142857142857142,1,5
newschannel10.com,docstalk.blogspot.com,0,0,0.0,0.0,15,0.0,0,9
timesfreepress.com,theautomaticearth.blogspot.com,0,0,0.0,0.0,9,0.0,0,4
9news.com,in.answers.yahoo.com,0,0,0.0,0.0,14,0.0,1,4
cbn.com,kansascity.com,0,0,0.0,0.0,54,0.0,0,9
blogs.myspace.com,foxreno.com,0,0,0.0,0.0,66,0.0,17,3
theadvertiser.com,presstelegram.com,0,0,0.0,0.0,2,0.0,0,1
wbtv.com,npr.org,0,0,0.0,0.0,0,0.0,0,2
wjla.com,wyomingnews.com,0,1,0.038461538461538464,0.32351545314867247,26,0.045454545454545456,0,3
beaufortgazette.com,www3.signonsandiego.com,0,0,0.0,0.0,12,0.0,0,0
lasvegassun.com,guardian.co.uk,0,0,0.0,0.0,52,0.0,2,7
story.seattlebulletin.com,sunjournal.com,0,0,0.0,0.0,6,0.0,0,2
hotair.com,leftword.blogdig.net,0,0,0.0,0.0,110,0.0,6,9
kuwaittimes.net,wesh.com,0,0,0.0,0.0,7,0.0,0,5
media.adn.com,cnsnews.com,0,0,0.0,0.0,32,0.0,0,8
napavalleyregister.com,themoneytimes.com,0,0,0.0,0.0,48,0.0,0,12
blog.taragana.com,kcra.com,0,0,0.0,0.0,195,0.0,6,5
wikio.es,voices.washingtonpost.com,0,0,0.0,0.0,46,0.0,0,0
cbc.ca,leftword.blogdig.net,0,0,0.0,0.0,99,0.0,2,9
forums.catholic.com,toledoblade.com,0,0,0.0,0.0,50,0.0,4,4
2theadvocate.com,rawstory.com,0,0,0.0,0.0,2,0.0,0,2
news.smh.com.au,wyomingnews.com,0,0,0.0,0.0,364,0.0,8,3
scouty.de,gather.com,0,0,0.0,0.0,399,0.0,14,8
odt.co.nz,alanat.com,0,0,0.0,0.0,15,0.0,2,3
fayobserver.com,msn.foxsports.com,0,0,0.0,0.0,64,0.0,3,7
pheedcontent.com,nytimes.com,0,0,0.0,0.0,108,0.0,2,6
eluniversal.com,jezebel.com,0,0,0.0,0.0,15,0.0,2,4
newschannel10.com,statesmanjournal.com,0,0,0.0,0.0,4,0.0,0,1
abcnews.go.com,shreveporttimes.com,0,0,0.0,0.0,54,0.0,3,5
news.google.com,memphisdailynews.com,0,0,0.0,0.0,2,0.0,1,2
cbs13.com,gle.am,0,0,0.0,0.0,40,0.0,1,4
au.rd.yahoo.com,newsgazette.com,0,0,0.0,0.0,3,0.0,0,1
telegram.com,care2.com,0,0,0.0,0.0,5,0.0,0,5
masslive.com,newsobserver.com,0,0,0.0,0.0,27,0.0,1,7
newsobserver.com,forum.dvdtalk.com,0,0,0.0,0.0,99,0.0,2,7
ktla.com,kare11.com,0,0,0.0,0.0,9,0.0,1,1
blueridgenow.com,thestate.com,0,0,0.0,0.0,56,0.0,3,3
washingtonmonthly.com,wcco.com,0,1,0.0625,0.33380820069533407,70,0.05,5,5
fox4kc.com,rightwingnews.com,0,0,0.0,0.0,8,0.0,0,4
ksl.com,nypost.com,0,0,0.0,0.0,0,0.0,0,2
wacotrib.com,money.cnn.com,0,0,0.0,0.0,0,0.0,0,2
wwww.examiner.com,money.cnn.com,0,0,0.0,0.0,28,0.0,7,2
ocregister.com,amazon.com,0,0,0.0,0.0,56,0.0,4,7
lasvegassun.com,news.brisbanetimes.com.au,0,0,0.0,0.0,12,0.0,2,2
cjad.com,news.smh.com.au,0,0,0.0,0.0,28,0.0,0,7
nymag.com,daytondailynews.com,0,0,0.0,0.0,30,0.0,2,4
wftv.com,modernghana.com,0,0,0.0,0.0,15,0.0,0,2
timesanddemocrat.com,macombdaily.com,0,0,0.0,0.0,2,0.0,0,2
media.adn.com,news.xinhuanet.com,0,1,0.1111111111111111,0.318928988903801,16,0.043478260869565216,0,5
themoderatevoice.com,newsgazette.com,0,0,0.0,0.0,14,0.0,7,1
cbs2.com,vnnforum.com,0,0,0.0,0.0,28,0.0,0,4
theage.com.au,hindustantimes.com,0,0,0.0,0.0,56,0.0,0,5
economictimes.indiatimes.com,redstate.com,0,0,0.0,0.0,63,0.0,1,7
blog.taragana.com,bostonherald.com,0,1,0.043478260869565216,0.45511961331341866,143,0.1111111111111111,6,10
sg.answers.yahoo.com,heraldonline.com,0,0,0.0,0.0,49,0.0,4,6
nbcchicago.com,wftv.com,0,1,0.16666666666666666,0.7213475204444817,12,0.25,2,3
1800blogger.com,clarionledger.com,0,0,0.0,0.0,0,0.0,3,0
wesh.com,wbt.com,0,1,0.017857142857142856,0.2442393366759723,350,0.016666666666666666,2,2
mercurynews.com,beaufortgazette.com,0,0,0.0,0.0,11,0.0,4,1
moneycentral.msn.com,pastebin.ca,0,0,0.0,0.0,12,0.0,1,3
leadertelegram.com,contactmusic.com,0,0,0.0,0.0,10,0.0,0,4
newschannel10.com,dispatch.com,0,0,0.0,0.0,3,0.0,0,2
modernghana.com,sg.news.yahoo.com,0,0,0.0,0.0,10,0.0,3,2
trentonian.com,pantagraph.com,0,1,0.1111111111111111,0.30341307554227914,24,0.037037037037037035,2,3
jihadwatch.org,feeds.newyorkcitynews.net,0,0,0.0,0.0,20,0.0,4,2
nowpublic.com,journalgazette.net,0,0,0.0,0.0,45,0.0,11,3
wraithbait.com,etaiwannews.com,0,0,0.0,0.0,36,0.0,4,4
leftword.blogdig.net,delcotimes.com,0,0,0.0,0.0,55,0.0,3,5
wwww.examiner.com,fox47news.com,0,0,0.0,0.0,21,0.0,7,3
breakingnews.nypost.com,myfox47.com,0,0,0.0,0.0,3,0.0,0,3
wvgazette.com,timesreporter.com,0,0,0.0,0.0,9,0.0,3,3
columbiamissourian.com,sermoncentral.com,0,1,0.1111111111111111,0.3396232718951086,25,0.05263157894736842,2,3
mlb.mlb.com,scouty.de,0,0,0.0,0.0,147,0.0,5,7
chicagotribune.com,jam.canoe.ca,0,0,0.0,0.0,27,0.0,4,3
denverpost.com,860wgul.townhall.com,0,0,0.0,0.0,18,0.0,1,3
wsls.com,profit.ndtv.com,0,0,0.0,0.0,21,0.0,18,1
mtv.com,channel3000.com,0,0,0.0,0.0,10,0.0,2,2
truthseeker2473.blogspot.com,macombdaily.com,0,0,0.0,0.0,14,0.0,5,2
hosted.ap.org,theleafchronicle.com,0,0,0.0,0.0,16,0.0,0,5
whatsonwinnipeg.com,icscotland.icnetwork.co.uk,0,0,0.0,0.0,25,0.0,2,5
etaiwannews.com,patdollard.com,0,0,0.0,0.0,60,0.0,2,5
q13fox.com,oanow.com,0,0,0.0,0.0,0,0.0,0,1
heraldnet.com,cbs3.com,0,0,0.0,0.0,32,0.0,5,4
youtube.com,cbsnews.com,0,0,0.0,0.0,60,0.0,1,11
kcra.com,wcfcourier.com,0,0,0.0,0.0,15,0.0,10,1
entertainment.msn.com,eastvalleytribune.com,0,0,0.0,0.0,8,0.0,0,3
news-record.com,news.yahoo.com,0,0,0.0,0.0,288,0.0,6,9
kirotv.com,wbtv.com,0,0,0.0,0.0,0,0.0,3,0
the-two-malcontents.com,tucsoncitizen.com,0,0,0.0,0.0,182,0.0,7,7
canadafreepress.com,muscatinejournal.com,0,0,0.0,0.0,25,0.0,1,2
care2.com,news.brisbanetimes.com.au,0,0,0.0,0.0,15,0.0,0,2
pr-inside.com,lobbytools.com,0,0,0.0,0.0,24,0.0,7,2
reflector.com,news.sympatico.msn.cbc.ca,0,0,0.0,0.0,28,0.0,5,2
greeleytribune.com,wpix.com,0,0,0.0,0.0,28,0.0,1,2
blackpoliticsontheweb.com,wsoctv.com,0,0,0.0,0.0,16,0.0,0,5
congresscheck.com,nytimes.com,0,0,0.0,0.0,126,0.0,0,6
king5.com,spokesman.com,0,0,0.0,0.0,4,0.0,0,4
myfoxchicago.com,greenbaypressgazette.com,0,0,0.0,0.0,9,0.0,0,2
isavesmart.com,heraldonline.com,0,0,0.0,0.0,28,0.0,0,6
capitolhillcoffeehouse.com,blogher.com,0,0,0.0,0.0,36,0.0,1,7
ksl.com,news.sympatico.msn.ctv.ca,0,0,0.0,0.0,0,0.0,0,1
cbs13.com,buckinghamshireadvertiser.co.uk,0,0,0.0,0.0,30,0.0,1,6
news.brisbanetimes.com.au,courierpostonline.com,0,0,0.0,0.0,0,0.0,2,0
sweetness-light.com,news.ninemsn.com.au,0,0,0.0,0.0,45,0.0,2,5
kvia.com,wrex.com,0,1,0.125,0.3284587387530511,20,0.047619047619047616,2,3
beaufortgazette.com,dispatchpolitics.com,0,0,0.0,0.0,3,0.0,0,3
canada.com,losangeles.craigslist.org,0,0,0.0,0.0,7,0.0,2,0
miamiherald.com,kmph.com,0,1,0.14285714285714285,0.3284587387530511,15,0.047619047619047616,1,2
thepittsburghchannel.com,mg.co.za,0,0,0.0,0.0,21,0.0,0,5
timesdaily.com,gadsdentimes.com,0,0,0.0,0.0,15,0.0,2,5
kmir6.com,sg.answers.yahoo.com,0,0,0.0,0.0,14,0.0,0,3
journallive.co.uk,dailymail.com,0,0,0.0,0.0,49,0.0,2,3
dailypress.com,weht.com,0,0,0.0,0.0,0,0.0,1,0
kionrightnow.com,allvoices.com,0,0,0.0,0.0,16,0.0,0,7
app.com,wntp.townhall.com,0,0,0.0,0.0,20,0.0,0,3
fanfiction.net,post-gazette.com,0,3,0.09090909090909091,1.235390351477864,299,0.26666666666666666,9,11
weblogs.chicagotribune.com,dailypress.com,0,0,0.0,0.0,63,0.0,6,6
odt.co.nz,kansas.com,0,0,0.0,0.0,9,0.0,2,2
feeds.gothamistllc.com,chesterchronicle.co.uk,0,0,0.0,0.0,24,0.0,2,6
wtopnews.com,airamerica.com,0,0,0.0,0.0,40,0.0,3,6
uk.reuters.com,truthdig.com,0,0,0.0,0.0,40,0.0,35,1
cnnwire.blogs.cnn.com,au.answers.yahoo.com,0,1,0.06666666666666667,0.3396232718951086,63,0.05263157894736842,7,6
wwww.examiner.com,news4jax.com,0,0,0.0,0.0,49,0.0,7,6
courier-journal.com,msnbc.msn.com,0,0,0.0,0.0,65,0.0,1,11
azstarnet.com,chronwatch-america.com,0,0,0.0,0.0,20,0.0,0,3
lonelyplanet.com,transcripts.cnn.com,0,0,0.0,0.0,10,0.0,1,2
dailyindia.com,dailykos.com,0,0,0.0,0.0,108,0.0,1,4
thedenverchannel.com,rssjunky.com,0,0,0.0,0.0,32,0.0,2,3
gulflive.com,beatricedailysun.com,0,0,0.0,0.0,2,0.0,0,1
santamariatimes.com,delmarvanow.com,0,0,0.0,0.0,4,0.0,0,4
tthfanfic.org,komonews.com,0,0,0.0,0.0,1,0.0,0,1
thehawkeye.com,kxnet.com,0,0,0.0,0.0,2,0.0,0,1
freshnews.in,bostonherald.com,0,0,0.0,0.0,154,0.0,7,10
whitesoap.com,frontpagenews.us,0,0,0.0,0.0,14,0.0,4,2
edition.cnn.com,krqe.com,0,0,0.0,0.0,30,0.0,9,2
againstobama.com,fremonttribune.com,0,0,0.0,0.0,3,0.0,0,1
wraithbait.com,theksbwchannel.com,0,0,0.0,0.0,18,0.0,4,3
ca.eonline.com,iccheshireonline.icnetwork.co.uk,0,0,0.0,0.0,15,0.0,0,5
accessatlanta.com,blog.luciolepress.com,0,0,0.0,0.0,12,0.0,0,3
thebostonchannel.com,au.eonline.com,0,0,0.0,0.0,28,0.0,0,4
cjad.com,farodevigo.es,0,0,0.0,0.0,12,0.0,0,5
cnnpoliticalticker.wordpress.com,canadafreepress.com,0,0,0.0,0.0,20,0.0,1,4
theoaklandpress.com,cbs5.com,0,0,0.0,0.0,0,0.0,0,3
thedailynewsonline.com,altweeklies.com,0,0,0.0,0.0,14,0.0,3,1
themoneytimes.com,wesh.com,0,0,0.0,0.0,112,0.0,4,5
idahostatesman.com,uk.reuters.com,0,0,0.0,0.0,320,0.0,2,6
washingtonpost.com,indybay.org,0,0,0.0,0.0,264,0.0,26,3
thestar.com.my,pajamasmedia.com,0,1,0.06666666666666667,0.31066746727980593,60,0.04,3,7
onlineathens.com,slate.com,0,0,0.0,0.0,10,0.0,1,1
uspolitics.tribe.net,reflector.com,0,0,0.0,0.0,63,0.0,5,2
firstread.msnbc.msn.com,thewest.com.au,0,0,0.0,0.0,80,0.0,3,6
ktvu.com,starnewsonline.com,0,0,0.0,0.0,20,0.0,0,3
groups.google.com,lonelyplanet.com,0,1,0.1,0.5581106265512472,30,0.16666666666666666,3,4
wcpo.com,megite.com,0,0,0.0,0.0,15,0.0,0,9
wsav.com,isavesmart.com,0,0,0.0,0.0,4,0.0,1,4
congresscheck.com,transcripts.cnn.com,0,0,0.0,0.0,14,0.0,0,2
grandforksherald.com,toledoblade.com,0,0,0.0,0.0,40,0.0,4,4
icbirmingham.icnetwork.co.uk,whatsonwinnipeg.com,0,0,0.0,0.0,25,0.0,0,3
mercurynews.com,stltoday.com,0,1,0.05555555555555555,0.3459762562611936,88,0.05555555555555555,4,5
mcall.com,ibtimes.com,0,0,0.0,0.0,70,0.0,2,7
online.wsj.com,lewrockwell.com,0,0,0.0,0.0,147,0.0,16,4
greenvilleonline.com,partisan.blogs.hopelesslypartisan.com,0,0,0.0,0.0,3,0.0,0,3
farodevigo.es,jacksonville.com,0,0,0.0,0.0,42,0.0,1,1
dailypress.com,money.aol.com,0,0,0.0,0.0,7,0.0,1,1
wtkr.com,liverpooldailypost.co.uk,0,0,0.0,0.0,54,0.0,4,6
chinadaily.com.cn,open.salon.com,0,0,0.0,0.0,110,0.0,1,7
thewbalchannel.com,localnews8.com,0,0,0.0,0.0,4,0.0,0,1
theleafchronicle.com,q13fox.com,0,0,0.0,0.0,0,0.0,4,0
feeds.gawker.com,archives.cnn.com,0,0,0.0,0.0,56,0.0,7,3
bizjournals.com,wbztv.com,0,0,0.0,0.0,16,0.0,2,4
charlotte.com,icwolverhampton.icnetwork.co.uk,0,0,0.0,0.0,8,0.0,1,4
goerie.com,wbztv.com,0,0,0.0,0.0,12,0.0,0,4
chinadaily.com.cn,winnipegfreepress.com,0,0,0.0,0.0,65,0.0,1,5
nationalpost.com,blog.beliefnet.com,0,0,0.0,0.0,20,0.0,1,3
canada.com,opednews.com,0,0,0.0,0.0,63,0.0,2,5
nctimes.com,kxan.com,0,0,0.0,0.0,6,0.0,1,2
ksdk.com,baltimoresun.com,0,0,0.0,0.0,85,0.0,3,7
galesburg.com,dnaindia.com,0,0,0.0,0.0,12,0.0,0,5
icelebz.com,kivitv.com,0,0,0.0,0.0,36,0.0,2,3
famelist.info,cnnwire.blogs.cnn.com,0,0,0.0,0.0,153,0.0,11,2
theleafchronicle.com,cbs5.com,0,0,0.0,0.0,24,0.0,4,3
ocala.com,fox4now.com,0,0,0.0,0.0,4,0.0,2,1
emilianodorego.blogspot.com,theodoresworld.net,0,0,0.0,0.0,5,0.0,0,4
cbs2.com,fox59.com,0,1,0.25,0.25562221863533147,4,0.02,0,1
americannonsense.com,article.wn.com,0,0,0.0,0.0,40,0.0,3,7
mlive.com,gainesville.com,0,0,0.0,0.0,24,0.0,6,3
celebitchy.com,abs-cbnnews.com,0,0,0.0,0.0,63,0.0,4,4
kolotv.com,scrippsnews.net,0,0,0.0,0.0,18,0.0,0,4
thestar.com,kltv.com,0,0,0.0,0.0,13,0.0,8,1
fresnobee.com,whas11.com,0,0,0.0,0.0,20,0.0,0,1
sun-sentinel.com,brandonsun.com,0,0,0.0,0.0,8,0.0,1,1
daytondailynews.com,timesreporter.com,0,0,0.0,0.0,18,0.0,2,3
newsgazette.com,abcactionnews.com:80,0,0,0.0,0.0,4,0.0,0,3
hattiesburgamerican.com,freeinternetpress.com,0,0,0.0,0.0,60,0.0,4,5
wjla.com,wtkr.com,0,0,0.0,0.0,6,0.0,0,2
ottawasun.com,lfpress.ca,0,1,0.16666666666666666,0.43429448190325176,10,0.1,1,2
partisan.blogs.hopelesslypartisan.com,sermoncentral.com,0,0,0.0,0.0,15,0.0,0,3
wftv.com,alertnet.org,0,0,0.0,0.0,6,0.0,0,1
knoxnews.com,kduhtv.com,0,0,0.0,0.0,1,0.0,0,1
edition.cnn.com,ksl.com,0,0,0.0,0.0,0,0.0,9,0
www3.signonsandiego.com,kltv.com,0,0,0.0,0.0,12,0.0,12,1
insidebayarea.com,origin.theaustralian.news.com.au,0,0,0.0,0.0,5,0.0,1,1
theage.com.au,kuwaittimes.net,0,0,0.0,0.0,8,0.0,0,1
motherjones.com,iowastatedaily.com,0,0,0.0,0.0,10,0.0,1,2
fox4now.com,icliverpool.icnetwork.co.uk,0,0,0.0,0.0,5,0.0,0,5
postcrescent.com,omaha.com,0,0,0.0,0.0,8,0.0,1,1
theaustralian.news.com.au,daytondailynews.com,0,0,0.0,0.0,78,0.0,5,4
belfasttelegraph.co.uk,nwi.com,0,0,0.0,0.0,238,0.0,29,5
eagletribune.com,tennessean.com,0,0,0.0,0.0,0,0.0,0,2
fox5vegas.com,farodevigo.es,0,0,0.0,0.0,102,0.0,13,5
wbt.com,sg.news.yahoo.com,0,1,0.0196078431372549,0.2222316216158104,100,0.011111111111111112,49,2
boards.historychannel.com,9news.com,0,0,0.0,0.0,10,0.0,0,1
birminghammail.net,adn.com,0,0,0.0,0.0,25,0.0,1,4
collegian.com,mercurynews.com,0,0,0.0,0.0,11,0.0,0,7
in.news.yahoo.com,kcra.com,0,0,0.0,0.0,255,0.0,7,5
9wsyr.com:80,birminghammail.net,0,0,0.0,0.0,10,0.0,1,4
scrippsnews.net,popmatters.com,0,0,0.0,0.0,27,0.0,5,2
pajamasmedia.com,kypost.com,0,0,0.0,0.0,30,0.0,4,2
news.google.com,opinionsource.com,0,0,0.0,0.0,14,0.0,1,7
whatsonwinnipeg.com,kttc.com,0,0,0.0,0.0,5,0.0,2,1
nst.com.my,npr.org,0,0,0.0,0.0,8,0.0,0,2
onlineathens.com,feeds.stlouisnews.net,0,0,0.0,0.0,55,0.0,1,5
seattlepi.nwsource.com,connpolitics.tv,0,0,0.0,0.0,33,0.0,26,1
features.csmonitor.com,cbs8.com,0,0,0.0,0.0,4,0.0,0,2
napavalleyregister.com,cbc.ca,0,0,0.0,0.0,27,0.0,0,7
ksat.com,cnsnews.com,0,1,0.05,0.28599966750267436,80,0.030303030303030304,0,8
cantonrep.com,cleveland.com,0,0,0.0,0.0,14,0.0,0,4
sermoncentral.com,cnews.canoe.ca,0,0,0.0,0.0,25,0.0,2,5
wikio.es,64.90.166.18,0,0,0.0,0.0,52,0.0,0,4
timesunion.com,modbee.com,0,0,0.0,0.0,6,0.0,1,2
clickondetroit.com,usnews.com,0,0,0.0,0.0,32,0.0,0,2
kyivpost.com,365gay.com,0,0,0.0,0.0,12,0.0,0,3
japantoday.com,noquarterusa.net,0,0,0.0,0.0,22,0.0,1,5
congresscheck.com,kpax.com,0,0,0.0,0.0,7,0.0,0,1
wikio.co.uk,isavesmart.com,0,0,0.0,0.0,76,0.0,11,4
diarioinformacion.com,allafrica.com,0,0,0.0,0.0,24,0.0,4,3
theolympian.com,brandonsun.com,0,0,0.0,0.0,12,0.0,0,1
open.salon.com,au.rd.yahoo.com,0,0,0.0,0.0,66,0.0,15,3
365gay.com,thewest.com.au,0,0,0.0,0.0,64,0.0,1,6
money.cnn.com,wmal.com,0,0,0.0,0.0,24,0.0,2,1
seattlepi.com,timesdispatch.com,0,0,0.0,0.0,110,0.0,18,5
alanat.com,free-ebooks.tistory.com,0,0,0.0,0.0,10,0.0,2,2
rgj.com,lubbockonline.com,0,0,0.0,0.0,36,0.0,0,4
newsx.com,grandforksherald.com,0,0,0.0,0.0,16,0.0,0,4
miamiherald.com,wmal.com,0,0,0.0,0.0,30,0.0,1,1
myfoxchicago.com,bulletin.aarp.org,0,0,0.0,0.0,57,0.0,0,11
brownpelicanla.com,thehour.com,0,0,0.0,0.0,24,0.0,0,2
suntimes.com,theaustralian.news.com.au,0,0,0.0,0.0,26,0.0,0,8
newsmeat.com,telegraph.co.uk,0,0,0.0,0.0,189,0.0,7,9
darthchaosofrspw.wordpress.com,tthfanfic.org,0,0,0.0,0.0,7,0.0,3,1
iol.co.za,seacoastonline.com,0,0,0.0,0.0,96,0.0,4,7
localnews8.com,smartgirlpolitics.ning.com,0,0,0.0,0.0,1,0.0,0,1
michaelmoore.com,whotv.com,0,0,0.0,0.0,18,0.0,1,1
vh1.com,sportsillustrated.cnn.com,0,1,0.1111111111111111,0.318928988903801,21,0.043478260869565216,4,3
primebuzz.kcstar.com,singaporejobstoday.com,0,0,0.0,0.0,5,0.0,0,3
cnsnews.com,smdailyjournal.com,0,0,0.0,0.0,16,0.0,9,1
politicalforum.com,fox14tv.com,0,0,0.0,0.0,20,0.0,2,4
durangoherald.com,connpolitics.tv,0,0,0.0,0.0,6,0.0,1,1
ksl.com,news4jax.com,0,0,0.0,0.0,0,0.0,0,6
clarionledger.com,clickondetroit.com,0,0,0.0,0.0,0,0.0,0,4
sdpnoticias.com,wftv.com,0,0,0.0,0.0,18,0.0,4,3
sefermpost.com,news.bbc.co.uk,0,1,0.022727272727272728,0.2729584204093974,200,0.02564102564102564,0,5
usatoday.com,tucsoncitizen.com,0,0,0.0,0.0,224,0.0,11,7
buckinghamshireadvertiser.co.uk,clipmarks.com,0,0,0.0,0.0,180,0.0,0,17
nhregister.com,newsmeat.com,0,0,0.0,0.0,63,0.0,4,2
americanconservativedaily.com,cqpolitics.com,0,0,0.0,0.0,15,0.0,3,0
iowastatedaily.com,chinadaily.com.cn,0,0,0.0,0.0,10,0.0,0,4
hotair.com,news.ninemsn.com.au,0,0,0.0,0.0,90,0.0,6,5
wtxl.com,kxan.com,0,0,0.0,0.0,10,0.0,5,2
bnd.com,scouty.de,0,0,0.0,0.0,84,0.0,3,7
nwherald.com,afterdowningstreet.org,0,1,0.09090909090909091,0.45511961331341866,35,0.1111111111111111,4,5
santamariatimes.com,diariovasco.com,0,0,0.0,0.0,2,0.0,0,1
chesterchronicle.co.uk,clipmarks.com,0,0,0.0,0.0,180,0.0,0,17
iol.co.za,reddit.com,0,0,0.0,0.0,144,0.0,4,4
570news.com,bsimmons.wordpress.com,0,0,0.0,0.0,4,0.0,0,3
blogs.myspace.com,bostonherald.com,0,0,0.0,0.0,242,0.0,17,10
metrowestdailynews.com,icnewcastle.icnetwork.co.uk,0,0,0.0,0.0,30,0.0,2,5
blogs.abcnews.com,brownsvilleherald.com,0,0,0.0,0.0,25,0.0,23,1
jihadwatch.org,sports.yahoo.com,0,0,0.0,0.0,320,0.0,4,5
themoderatevoice.com,casperstartribune.net,0,0,0.0,0.0,14,0.0,7,1
newschannel10.com,seattletimes.nwsource.com,0,0,0.0,0.0,28,0.0,0,10
firstread.msnbc.msn.com,myrtlebeachonline.com,0,0,0.0,0.0,15,0.0,3,3
dandelionsalad.wordpress.com,democraticunderground.com,0,1,0.05555555555555555,0.33380820069533407,88,0.05,2,6
www2.ljworld.com,news.sympatico.msn.ctv.ca,0,0,0.0,0.0,21,0.0,2,1
blogs.myspace.com,cbs2.com,0,0,0.0,0.0,88,0.0,17,4
abcnews.go.com,timesleader.com,0,1,0.0625,0.33380820069533407,72,0.05,3,4
whotv.com,thenation.com,0,0,0.0,0.0,15,0.0,2,3
javno.com,nwherald.com,0,0,0.0,0.0,50,0.0,6,1
sanluisobispo.com,galesburg.com,0,0,0.0,0.0,16,0.0,3,2
statesman.com,media.sacbee.com,0,1,0.038461538461538464,0.33380820069533407,72,0.05,14,3
news.aol.com,npr.org,0,0,0.0,0.0,20,0.0,1,2
counterpunch.org,truthseeker2473.blogspot.com,0,0,0.0,0.0,28,0.0,3,2
torontosun.com,groups.google.com,0,0,0.0,0.0,24,0.0,1,3
amazon.com,kstp.com,0,0,0.0,0.0,14,0.0,0,2
mywesttexas.com,adn.com,0,0,0.0,0.0,5,0.0,0,4
wikio.co.uk,inforum.com,0,0,0.0,0.0,38,0.0,11,1
wwww.examiner.com,feeds.feedblitz.com,0,0,0.0,0.0,35,0.0,7,3
gopusa.com,rockymounttelegram.com,0,0,0.0,0.0,15,0.0,0,2
javno.com,detnews.com,0,0,0.0,0.0,70,0.0,6,6
bradenton.com,gjsentinel.com,0,0,0.0,0.0,0,0.0,0,0
nhregister.com,eurweb.com,0,1,0.05263157894736842,0.3789231816899512,91,0.07142857142857142,4,6
nbc12.com,demonoid.com,0,0,0.0,0.0,0,0.0,0,1
thechronicleherald.ca,au.rd.yahoo.com,0,0,0.0,0.0,36,0.0,4,3
media.star-telegram.com,uspolitics.tribe.net,0,0,0.0,0.0,27,0.0,1,4
independent.co.uk,edition.cnn.com,0,0,0.0,0.0,105,0.0,3,6
cgi.cnn.com,kirotv.com,0,0,0.0,0.0,12,0.0,0,3
jezebel.com,news-record.com,0,0,0.0,0.0,60,0.0,1,6
torontosun.com,thebostonchannel.com,0,0,0.0,0.0,28,0.0,1,7
jezebel.com,delcotimes.com,0,0,0.0,0.0,25,0.0,1,5
mlive.com,cleveland.com,0,0,0.0,0.0,56,0.0,6,4
wral.com,wlsam.com,0,1,0.01639344262295082,0.25562221863533147,120,0.02,56,1
nevadaappeal.com,thenewstribune.com,0,0,0.0,0.0,40,0.0,2,5
apnews.myway.com,topics.cnn.com,0,0,0.0,0.0,4,0.0,0,2
kfoxtv.com,wrex.com,0,0,0.0,0.0,80,0.0,19,3
forbes.com,whatsonwinnipeg.com,0,0,0.0,0.0,80,0.0,5,3
bsimmons.wordpress.com,dailykos.com,0,0,0.0,0.0,36,0.0,1,4
post-gazette.com,macon.com,0,0,0.0,0.0,46,0.0,12,2
vnnforum.com,wsls.com,0,0,0.0,0.0,147,0.0,3,3
townhall.com,californiachronicle.com,0,1,0.043478260869565216,0.45511961331341866,108,0.1111111111111111,13,3
timesofindia.indiatimes.com,kptv.com,0,0,0.0,0.0,36,0.0,8,3
timesonline.co.uk,grandforksherald.com,0,0,0.0,0.0,184,0.0,18,4
www1.whdh.com,eastvalleytribune.com,0,0,0.0,0.0,52,0.0,12,3
wyomingnews.com,zeenews.com,0,0,0.0,0.0,442,0.0,23,3
freedomeden.blogspot.com,ibdeditorials.com,0,0,0.0,0.0,40,0.0,2,1
durangoherald.com,herald-zeitung.com,0,0,0.0,0.0,12,0.0,1,0
blogher.com,news4jax.com,0,0,0.0,0.0,84,0.0,5,6
english.aljazeera.net,independent.co.uk,0,0,0.0,0.0,63,0.0,8,4
elmundo.es,icnewcastle.icnetwork.co.uk,0,0,0.0,0.0,0,0.0,0,5
news.sympatico.msn.ctv.ca,people.com,0,0,0.0,0.0,54,0.0,2,4
huffingtonpost.com,vnnforum.com,0,0,0.0,0.0,210,0.0,22,4
foxnews.com,news.cnet.com,0,0,0.0,0.0,180,0.0,7,4
clarionledger.com,santamariatimes.com,0,0,0.0,0.0,0,0.0,0,1
ocregister.com,magicvalley.com,0,0,0.0,0.0,160,0.0,4,1
columbiatribune.com,asia.news.yahoo.com,0,0,0.0,0.0,3,0.0,1,3
feeds.feedburner.com,2theadvocate.com,0,0,0.0,0.0,5,0.0,2,1
michnews.com,accessatlanta.com,0,0,0.0,0.0,20,0.0,0,4
x.techwheat.com,tucsoncitizen.com,0,0,0.0,0.0,56,0.0,0,7
www1.whdh.com,rollingstone.com,0,0,0.0,0.0,52,0.0,12,4
feeds.cbsnews.com,courierpostonline.com,0,0,0.0,0.0,0,0.0,2,0
icbirmingham.icnetwork.co.uk,nbcsandiego.com,0,0,0.0,0.0,10,0.0,0,2
bit.ly,thinkprogress.org,0,0,0.0,0.0,88,0.0,2,5
newser.com,buckinghamshireadvertiser.co.uk,0,1,0.08333333333333333,0.2710850306818168,42,0.025,3,6
therearenosunglasses.wordpress.com,dailylocal.com,0,0,0.0,0.0,77,0.0,7,6
dcexaminer.com,brisbanetimes.com.au,0,0,0.0,0.0,16,0.0,0,7
alanat.com,theksbwchannel.com,0,0,0.0,0.0,15,0.0,2,3
thehimalayantimes.com,gatesofvienna.blogspot.com,0,0,0.0,0.0,98,0.0,3,6
roguegovernment.com,3news.co.nz,0,1,0.06666666666666667,0.2442393366759723,63,0.016666666666666666,2,8
startribune.com,kentucky.com,0,2,0.02,0.5995437694348679,1080,0.07261904761904761,83,6
forums.slickdeals.net,stltoday.com,0,0,0.0,0.0,24,0.0,0,5
starpulse.com,clkurl.com,0,0,0.0,0.0,200,0.0,8,6
features.csmonitor.com,wftv.com,0,0,0.0,0.0,6,0.0,0,3
theday.com,msn.foxsports.com,0,0,0.0,0.0,24,0.0,2,7
kctv5.com,wcbstv.com,0,0,0.0,0.0,63,0.0,0,4
telegraph.co.uk,nhregister.com,0,0,0.0,0.0,147,0.0,12,3
truthseeker2473.blogspot.com,redstate.com,0,0,0.0,0.0,63,0.0,5,7
ca.eonline.com,kctv5.com,0,0,0.0,0.0,21,0.0,0,7
cbs5.com,yidwithlid.blogspot.com,0,0,0.0,0.0,18,0.0,0,5
dissidentvoice.org,wcax.com,0,0,0.0,0.0,16,0.0,7,1
wjz.com,origin.theaustralian.news.com.au,0,0,0.0,0.0,2,0.0,0,1
beltwayblips.dailyradar.com,upi.com,0,0,0.0,0.0,192,0.0,2,8
rutlandherald.com,forum.dvdtalk.com,0,0,0.0,0.0,99,0.0,2,7
baltimoresun.com,mohavedailynews.com,0,0,0.0,0.0,17,0.0,10,1
feeds.digg.com/~r/digg/container/world_business,wyomingnews.com,0,0,0.0,0.0,260,0.0,6,3
javno.com,theaustralian.news.com.au,0,3,0.15,0.8816251120189555,130,0.10499359795134443,6,8
feeds.washingtonpost.com,herald-mail.com,0,0,0.0,0.0,15,0.0,2,2
accessatlanta.com,contactmusic.com,0,0,0.0,0.0,40,0.0,0,4
wdnweb.com,blog.luciolepress.com,0,0,0.0,0.0,3,0.0,0,3
thedaily.com.au,nj.com,0,0,0.0,0.0,20,0.0,0,3
dispatchpolitics.com,theautomaticearth.blogspot.com,0,0,0.0,0.0,27,0.0,0,4
golivewire.com,tfponline.com,0,0,0.0,0.0,18,0.0,4,2
cbs46.com,theunion.com,0,1,0.09090909090909091,0.4170323914242463,27,0.09090909090909091,0,1
gctelegram.com,pheedcontent.com,0,0,0.0,0.0,6,0.0,0,4
truthdig.com,swamppolitics.com,0,0,0.0,0.0,3,0.0,0,2
nola.com,pajamasmedia.com,0,0,0.0,0.0,60,0.0,2,7
winnipegsun.com,wral.com,0,1,0.014925373134328358,0.25562221863533147,480,0.02,6,4
kstp.com,herald-mail.com,0,0,0.0,0.0,6,0.0,0,2
cbs11tv.com,fox14tv.com,0,0,0.0,0.0,8,0.0,0,4
infowars.com,masslive.com,0,0,0.0,0.0,42,0.0,6,2
avaxhome.ws,reddit.com,0,0,0.0,0.0,48,0.0,1,4
mysanantonio.com,vnnforum.com,0,0,0.0,0.0,14,0.0,1,4
kvia.com,wsoctv.com,0,0,0.0,0.0,40,0.0,2,5
vh1.com,sfgate.com,0,1,0.030303030303030304,0.31465798044412485,189,0.041666666666666664,4,13
feeds.foxnews.com,reuters.com,0,1,0.02857142857142857,0.2222316216158104,155,0.011111111111111112,3,8
sun-sentinel.com,clkurl.com,0,0,0.0,0.0,40,0.0,1,6
independent.ie,usnews.com,0,0,0.0,0.0,40,0.0,1,2
politicalforum.com,azdailysun.com,0,0,0.0,0.0,10,0.0,2,2
macleans.ca,timesonline.co.uk,0,0,0.0,0.0,23,0.0,0,6
news.xinhuanet.com,michaelmoore.com,0,0,0.0,0.0,48,0.0,3,5
ibloga.blogspot.com,holycoast.blogspot.com,0,0,0.0,0.0,32,0.0,2,3
rss.cnn.com,q13fox.com,0,0,0.0,0.0,0,0.0,14,0
canadaeast.com,ktvz.com,0,0,0.0,0.0,8,0.0,2,1
dailypost.co.uk,journalstar.com,0,0,0.0,0.0,88,0.0,5,2
wntp.townhall.com,gatesofvienna.blogspot.com,0,1,0.05555555555555555,0.36067376022224085,70,0.0625,3,6
thenation.com,money.canoe.ca,0,0,0.0,0.0,10,0.0,2,1
ledger-enquirer.com,feeds.huffingtonpost.com,0,0,0.0,0.0,3,0.0,0,1
kxan.com,marketplace.publicradio.org,0,0,0.0,0.0,0,0.0,0,0
todayszaman.com,bostonherald.com,0,0,0.0,0.0,66,0.0,4,10
kdwn.com,examiner.co.uk,0,0,0.0,0.0,40,0.0,4,5
freedomeden.blogspot.com,media.star-telegram.com,0,0,0.0,0.0,15,0.0,2,2
wfaa.com,dnaindia.com,0,0,0.0,0.0,24,0.0,3,5
abc40.com,news24.com,0,0,0.0,0.0,20,0.0,0,9
phillyburbs.com,philly.com,0,1,0.038461538461538464,0.30692767643013485,110,0.038461538461538464,1,10
dailytimes.com.pk,news.bbc.co.uk,0,0,0.0,0.0,160,0.0,1,5
globalresearch.ca,mywesttexas.com,0,0,0.0,0.0,14,0.0,11,1
mg.co.za,onlineathens.com,0,0,0.0,0.0,35,0.0,2,4
cbs5.com,wsls.com,0,1,0.043478260869565216,0.2222316216158104,63,0.011111111111111112,0,3
thewest.com.au,newsmax.com,0,1,0.03125,0.3789231816899512,272,0.07142857142857142,13,9
mcclatchydc.com,theautomaticearth.blogspot.com,0,1,0.05263157894736842,0.32351545314867247,99,0.045454545454545456,9,4
thehimalayantimes.com,prairiepundit.blogspot.com,0,1,0.0625,0.40242960438184466,70,0.08333333333333333,3,3
wsvn.com,allafrica.com,0,0,0.0,0.0,18,0.0,0,3
news.sky.com,herald-zeitung.com,0,0,0.0,0.0,26,0.0,11,0
roguegovernment.com,ksawtv.com,0,1,0.125,0.2442393366759723,14,0.016666666666666666,2,1
wotarticle.com,uk.reuters.com,0,0,0.0,0.0,120,0.0,3,6
islandpacket.com,huliq.com,0,0,0.0,0.0,0,0.0,0,5
kuwaittimes.net,independent.ie,0,0,0.0,0.0,5,0.0,0,4
ksat.com,600wrec.com,0,0,0.0,0.0,40,0.0,0,8
canadaeast.com,kivitv.com,0,0,0.0,0.0,16,0.0,2,3
560wind.townhall.com,emilianodorego.blogspot.com,0,0,0.0,0.0,6,0.0,2,1
thestate.com,buckinghamshireadvertiser.co.uk,0,0,0.0,0.0,42,0.0,4,6
clkurl.com,americannonsense.com,0,0,0.0,0.0,100,0.0,14,2
thepittsburghchannel.com,myfoxdfw.com,0,0,0.0,0.0,6,0.0,0,2
hindustantimes.com,images.salon.com,0,0,0.0,0.0,7,0.0,2,1
partisan.blogs.hopelesslypartisan.com,myfoxchicago.com,0,0,0.0,0.0,9,0.0,0,3
phillyburbs.com,in.answers.yahoo.com,0,0,0.0,0.0,35,0.0,1,4
uk.reuters.com,jg-tc.com,0,0,0.0,0.0,40,0.0,35,1
nwi.com,people.com,0,0,0.0,0.0,126,0.0,2,4
lasvegassun.com,hindustantimes.com,0,0,0.0,0.0,28,0.0,2,5
ktvq.com,thesouthern.com,0,0,0.0,0.0,1,0.0,0,1
search.japantimes.co.jp,americanconservativedaily.com,0,0,0.0,0.0,35,0.0,3,2
mercurynews.com,ktvz.com,0,0,0.0,0.0,22,0.0,4,1
wsls.com,sweetness-light.com,0,0,0.0,0.0,105,0.0,18,3
gunnyg.wordpress.com,topics.cnn.com,0,0,0.0,0.0,14,0.0,3,2
wntp.townhall.com,kxnet.com,0,0,0.0,0.0,5,0.0,3,1
icbirmingham.icnetwork.co.uk,docudharma.com,0,0,0.0,0.0,5,0.0,0,1
nypost.com,post-gazette.com,0,2,0.06666666666666667,0.7053795125850686,207,0.125,7,11
fresnobee.com,dailylocal.com,0,1,0.125,0.3789231816899512,14,0.07142857142857142,0,6
blogher.com,kxan.com,0,0,0.0,0.0,24,0.0,5,2
feeds.gawker.com,elpais.com,0,0,0.0,0.0,14,0.0,7,0
cedarcreekvoice.wordpress.com,kltv.com,0,0,0.0,0.0,2,0.0,1,1
960werc.com,icwolverhampton.icnetwork.co.uk,0,1,0.14285714285714285,0.23459420572161058,16,0.014084507042253521,0,4
npr.org,thelife.com,0,0,0.0,0.0,0,0.0,2,0
2theadvocate.com,blogs.wsj.com,0,0,0.0,0.0,3,0.0,0,2
icwolverhampton.icnetwork.co.uk,wikio.es,0,0,0.0,0.0,8,0.0,0,2
actualteam.com,blog.beliefnet.com,0,0,0.0,0.0,16,0.0,0,3
apnews.myway.com,abcactionnews.com:80,0,0,0.0,0.0,8,0.0,0,3
macombdaily.com,malaysia.news.yahoo.com,0,0,0.0,0.0,4,0.0,0,2
people.com,abc.es,0,0,0.0,0.0,18,0.0,14,1
nwitimes.com,mlb.mlb.com,0,0,0.0,0.0,28,0.0,1,2
ca.answers.yahoo.com,gle.am,0,0,0.0,0.0,80,0.0,5,4
nationalpost.com,news.sympatico.msn.cbc.ca,0,1,0.125,0.3898712452512801,20,0.07692307692307693,1,2
860wgul.townhall.com,latimes.com,0,0,0.0,0.0,27,0.0,0,3
nwitimes.com,feeds.feedblitz.com,0,0,0.0,0.0,20,0.0,1,3
star-telegram.com,cbs5.com,0,1,0.2,0.2222316216158104,9,0.011111111111111112,1,3
luxlibertas.com,timesofmalta.com,0,0,0.0,0.0,65,0.0,6,5
brownpelicanla.com,goerie.com,0,0,0.0,0.0,18,0.0,0,3
statesman.com,kltv.com,0,0,0.0,0.0,24,0.0,14,1
abc40.com,fox4now.com,0,1,0.5,0.2442393366759723,2,0.016666666666666666,0,1
ktvn.com,apnews.myway.com,0,0,0.0,0.0,4,0.0,1,2
local6.com,adn.com,0,0,0.0,0.0,20,0.0,0,4
mlive.com,gatesofvienna.blogspot.com,0,0,0.0,0.0,112,0.0,6,6
youtube.com,freep.com,0,0,0.0,0.0,27,0.0,1,7
kxnet.com,mcall.com,0,0,0.0,0.0,7,0.0,0,5
ktvz.com,military.com,0,0,0.0,0.0,4,0.0,1,2
pantagraph.com,theday.com,0,0,0.0,0.0,18,0.0,3,1
jg-tc.com,wcpo.com,0,0,0.0,0.0,1,0.0,0,1
annistonstar.com,nashville.metromix.com,0,0,0.0,0.0,2,0.0,0,1
600wrec.com,wdnweb.com,0,0,0.0,0.0,8,0.0,0,1
cnsnews.com,belleville.com,0,0,0.0,0.0,48,0.0,9,2
stuff.co.nz,independent.ie,0,0,0.0,0.0,110,0.0,7,4
wtopnews.com,couriermail.news.com.au,0,0,0.0,0.0,25,0.0,3,5
cbs4.com,columbustelegram.com,0,0,0.0,0.0,4,0.0,0,1
reflector.com,wsoctv.com,0,0,0.0,0.0,56,0.0,5,5
squidoo.com,medlogs.com,0,0,0.0,0.0,40,0.0,5,4
icwolverhampton.icnetwork.co.uk,telegram.com,0,0,0.0,0.0,4,0.0,0,1
southernillinoisan.com,icelebz.com,0,0,0.0,0.0,45,0.0,2,7
broadwayworld.com,blogher.com,0,0,0.0,0.0,48,0.0,2,7
kgun9.com,celebritymound.com,0,0,0.0,0.0,18,0.0,0,8
thevelvethottub.com,quizilla.com,0,0,0.0,0.0,190,0.0,13,5
digg.com/politics,salon.com,0,0,0.0,0.0,240,0.0,4,8
blogcritics.org,firstcoastnews.com,0,0,0.0,0.0,2,0.0,0,1
gle.am,freshnews.in,0,0,0.0,0.0,112,0.0,4,7
mohavedailynews.com,newsmeat.com,0,0,0.0,0.0,9,0.0,0,2
blogs.wsj.com,kyivpost.com,0,0,0.0,0.0,9,0.0,1,3
elecodiario.es,annistonstar.com,0,0,0.0,0.0,0,0.0,0,2
premium.cnn.com,theodoresworld.net,0,0,0.0,0.0,10,0.0,0,4
iccoventry.icnetwork.co.uk,560wind.townhall.com,0,0,0.0,0.0,30,0.0,0,4
sportsnipe.com,pr-inside.com,0,0,0.0,0.0,48,0.0,1,6
macombdaily.com,redstate.com,0,0,0.0,0.0,18,0.0,0,7
scouty.de,kfoxtv.com,0,0,0.0,0.0,420,0.0,14,1
wthr.com,abcactionnews.com:80,0,0,0.0,0.0,4,0.0,0,3
examiner.co.uk,kansas.com,0,0,0.0,0.0,15,0.0,0,2
moneycentral.msn.com,injesus.com,0,0,0.0,0.0,9,0.0,1,2
news.ninemsn.com.au,wlsam.com,0,0,0.0,0.0,18,0.0,4,1
shreveporttimes.com,feeds.stlouisnews.net,0,0,0.0,0.0,66,0.0,1,5
mysinchew.com,reflector.com,0,1,0.05555555555555555,0.2506903984389969,84,0.018518518518518517,3,2
washingtonpost.com,farodevigo.es,0,0,0.0,0.0,198,0.0,26,5
thestar.com.my,dandelionsalad.wordpress.com,0,0,0.0,0.0,48,0.0,3,6
nst.com.my,feeds.foxnews.com,0,0,0.0,0.0,10,0.0,0,2
profit.ndtv.com,cbs46.com,0,0,0.0,0.0,9,0.0,0,9
pressdemocrat.com,javno.com,0,0,0.0,0.0,50,0.0,2,4
althouse.blogspot.com,alertnet.org,0,0,0.0,0.0,2,0.0,0,1
stuff.co.nz,californiachronicle.com,0,1,0.037037037037037035,0.45511961331341866,132,0.1111111111111111,7,3
media.star-telegram.com,presstelegram.com,0,0,0.0,0.0,3,0.0,1,1
ace.new.mu.nu,online.wsj.com,0,1,0.037037037037037035,0.269282508064391,147,0.024390243902439025,2,7
pfblogs.org,kentucky.com,0,0,0.0,0.0,60,0.0,1,6
modbee.com,dailypost.co.uk,0,0,0.0,0.0,33,0.0,1,6
instablogs.com,thehawkeye.com,0,0,0.0,0.0,8,0.0,3,2
gadsdentimes.com,etonline.com,0,0,0.0,0.0,35,0.0,0,2
honoluluadvertiser.com,open.salon.com,0,0,0.0,0.0,44,0.0,1,7
feeds.cbsnews.com,canadaeast.com,0,0,0.0,0.0,16,0.0,2,2
feeds.stlouisnews.net,iowastatedaily.com,0,0,0.0,0.0,22,0.0,6,2
wgntv.com,lansingstatejournal.com,0,0,0.0,0.0,9,0.0,1,1
sacbee.com,digg.com/politics,0,0,0.0,0.0,132,0.0,14,2
bbc.co.uk,kgun9.com,0,0,0.0,0.0,6,0.0,1,2
kpax.com,feeds.reuters.com,0,0,0.0,0.0,5,0.0,0,5
king5.com,firstread.msnbc.msn.com,0,0,0.0,0.0,5,0.0,0,2
magicvalley.com,khou.com,0,0,0.0,0.0,20,0.0,19,1
bit.ly,wcpo.com:80,0,1,0.06666666666666667,0.4170323914242463,64,0.09090909090909091,2,2
wvgazette.com,mohavedailynews.com,0,0,0.0,0.0,3,0.0,3,1
answerbag.com,wwww.examiner.com,0,0,0.0,0.0,21,0.0,1,0
clickondetroit.com,tri-cityherald.com,0,0,0.0,0.0,12,0.0,0,3
blogcritics.org,ksl.com,0,0,0.0,0.0,0,0.0,0,0
alternet.org,cbs8.com,0,0,0.0,0.0,32,0.0,7,2
nbcchicago.com,popwatch.ew.com,0,0,0.0,0.0,28,0.0,2,5
cedarcreekvoice.wordpress.com,wbay.com,0,0,0.0,0.0,26,0.0,1,1
au.eonline.com,groups.google.com,0,0,0.0,0.0,24,0.0,0,3
ca.answers.yahoo.com,seattlepi.nwsource.com,0,0,0.0,0.0,330,0.0,5,7
theday.com,citizen-times.com,0,1,0.2,0.3396232718951086,9,0.05263157894736842,2,3
winnipegsun.com,iol.co.za,0,0,0.0,0.0,96,0.0,6,9
open.salon.com,daily-jeff.com,0,0,0.0,0.0,44,0.0,15,2
riverdaughter.wordpress.com,dailyprogress.com,0,0,0.0,0.0,18,0.0,1,2
feeds.feedblitz.com,ireport.com,0,0,0.0,0.0,100,0.0,2,11
kttc.com,vh1.com,0,0,0.0,0.0,7,0.0,0,3
inforum.com,590klbj.com,0,0,0.0,0.0,4,0.0,1,2
960werc.com,wcfcourier.com,0,0,0.0,0.0,4,0.0,0,1
the-dispatch.com,galesburg.com,0,0,0.0,0.0,4,0.0,1,2
nashuatelegraph.com,demonoid.com,0,0,0.0,0.0,4,0.0,1,1
icelebz.com,fox8.com,0,0,0.0,0.0,18,0.0,2,2
dynamic.cnn.com,in.news.yahoo.com,0,0,0.0,0.0,17,0.0,0,10
alertnet.org,slate.com,0,0,0.0,0.0,4,0.0,1,1
nwi.com,the-two-malcontents.com,0,0,0.0,0.0,91,0.0,2,6
capitolhillcoffeehouse.com,wacotrib.com,0,0,0.0,0.0,0,0.0,1,0
origin.theaustralian.news.com.au,deseretnews.com,0,0,0.0,0.0,3,0.0,0,2
prevuze.blogspot.com,farodevigo.es,0,0,0.0,0.0,30,0.0,1,5
greenvilleonline.com,newonlinearticles.com,0,0,0.0,0.0,7,0.0,0,4
chicagotribune.com,msnbc.msn.com,0,0,0.0,0.0,117,0.0,4,11
carnageandculture.blogspot.com,sportingnews.com,0,1,0.06666666666666667,0.40242960438184466,55,0.08333333333333333,2,3
darthchaosofrspw.wordpress.com,bnd.com,0,0,0.0,0.0,28,0.0,3,1
seekingalpha.com,kxan.com,0,0,0.0,0.0,30,0.0,10,2
voxverax.blogspot.com,boston.com,0,0,0.0,0.0,140,0.0,2,9
cgi.cnn.com,media.adn.com,0,0,0.0,0.0,4,0.0,0,2
singaporejobstoday.com,wctv.tv,0,0,0.0,0.0,25,0.0,2,1
insidebayarea.com,fanfiction.net,0,0,0.0,0.0,65,0.0,1,4
wrex.com,deseretnews.com,0,0,0.0,0.0,12,0.0,1,2
wesh.com,wsls.com,0,1,0.037037037037037035,0.35295612386476116,147,0.058823529411764705,2,3
myfoxchicago.com,570news.com,0,0,0.0,0.0,3,0.0,0,1
dispatchpolitics.com,whotv.com,0,0,0.0,0.0,9,0.0,0,1
blogcritics.org,kvia.com,0,0,0.0,0.0,10,0.0,0,3
jacksonville.com,journalstar.com,0,0,0.0,0.0,56,0.0,6,2
altweeklies.com,storage.itworld.com,0,0,0.0,0.0,26,0.0,1,1
postchronicle.com,thedailynewsonline.com,0,1,0.038461538461538464,0.2222316216158104,140,0.011111111111111112,9,4
capecodonline.com,journalstar.com,0,0,0.0,0.0,32,0.0,2,2
people.com,daily-jeff.com,0,0,0.0,0.0,36,0.0,14,2
greeleytribune.com,starpulse.com,0,0,0.0,0.0,70,0.0,1,3
javno.com,3news.co.nz,0,1,0.05555555555555555,0.32351545314867247,90,0.045454545454545456,6,8
chronicle.augusta.com,app.com,0,0,0.0,0.0,20,0.0,1,4
nctimes.com,investorsiraq.com,0,0,0.0,0.0,27,0.0,1,6
images.salon.com,tdn.com,0,0,0.0,0.0,27,0.0,0,6
knx1070.com,kcbs.com,0,0,0.0,0.0,0,0.0,0,0
wsbtv.com,bnd.com,0,0,0.0,0.0,36,0.0,2,1
celebritymound.com,feeds.foxnews.com,0,1,0.07692307692307693,0.6213349345596119,45,0.2,1,2
etaiwannews.com,bizjournals.com,0,0,0.0,0.0,24,0.0,2,2
ottawasun.com,area52hkh.net,0,0,0.0,0.0,30,0.0,1,4
icnewcastle.icnetwork.co.uk,x.techwheat.com,0,0,0.0,0.0,20,0.0,0,4
wralsportsfan.com,tuscaloosanews.com,0,0,0.0,0.0,12,0.0,1,2
feeds.newyorkcitynews.net,blog.luciolepress.com,0,0,0.0,0.0,6,0.0,0,3
clkurl.com,greeleytribune.com,0,0,0.0,0.0,140,0.0,14,6
ibdeditorials.com,mashget.com,0,1,0.04,0.36926937306885504,144,0.06666666666666667,7,8
gadsdentimes.com,southernledger.com,0,0,0.0,0.0,5,0.0,0,1
wsbradio.com,topics.edition.cnn.com,0,0,0.0,0.0,12,0.0,2,3
hollywoodreporter.com,profit.ndtv.com,0,0,0.0,0.0,2,0.0,1,1
timesofmalta.com,asia.news.yahoo.com,0,0,0.0,0.0,15,0.0,0,3
onlineathens.com,ktvn.com,0,0,0.0,0.0,10,0.0,1,1
businessweek.com,scdfa.org,0,0,0.0,0.0,40,0.0,0,5
usatoday.com,conservapedia.com,0,0,0.0,0.0,128,0.0,11,3
wacotrib.com,kentucky.com,0,0,0.0,0.0,0,0.0,0,6
fox41.com,timesoftheinternet.com,0,0,0.0,0.0,28,0.0,0,8
nbc12.com,newser.com,0,0,0.0,0.0,0,0.0,0,4
area52hkh.net,timesanddemocrat.com,0,0,0.0,0.0,6,0.0,2,1
areavoices.com,thenewstribune.com,0,1,0.07692307692307693,0.2710850306818168,48,0.025,3,5
leftword.blogdig.net,galesburg.com,0,0,0.0,0.0,22,0.0,3,2
spokesman.com,dailyherald.com,0,0,0.0,0.0,40,0.0,0,8
goerie.com,abclocal.go.com,0,1,0.16666666666666666,0.25562221863533147,12,0.02,0,4
commondreams.org,eastvalleytribune.com,0,0,0.0,0.0,28,0.0,2,3
news-press.com,kfoxtv.com,0,0,0.0,0.0,60,0.0,1,1
feeds.gawker.com,kdka.com,0,0,0.0,0.0,42,0.0,7,3
zeenews.com,wcpo.com:80,0,0,0.0,0.0,136,0.0,14,2
examiner.com,topnews.in,0,2,0.041666666666666664,0.8615237020935264,429,0.2037037037037037,8,9
isavesmart.com,forum.brokeroutpost.com,0,0,0.0,0.0,16,0.0,0,4
nwotruth.com,tulsaworld.com,0,0,0.0,0.0,20,0.0,0,2
kmph.com,kansas.com,0,0,0.0,0.0,9,0.0,1,2
icscotland.icnetwork.co.uk,wthr.com,0,0,0.0,0.0,5,0.0,0,1
eluniversal.com,swamppolitics.com,0,0,0.0,0.0,9,0.0,2,2
whiotv.com,pe.com,0,0,0.0,0.0,8,0.0,0,1
tahoedailytribune.com,www3.signonsandiego.com,0,0,0.0,0.0,24,0.0,0,0
dailyadvance.com,fremontneb.com,0,0,0.0,0.0,2,0.0,0,1
nashville.metromix.com,dynamic.cnn.com,0,0,0.0,0.0,1,0.0,0,1
nctimes.com,goozad.com,0,0,0.0,0.0,15,0.0,1,5
southtownstar.com,honoluluadvertiser.com,0,1,0.3333333333333333,0.3459762562611936,4,0.05555555555555555,1,1
sportsillustrated.cnn.com,sg.news.yahoo.com,0,0,0.0,0.0,6,0.0,0,2
iccheshireonline.icnetwork.co.uk,rss.cnn.com,0,0,0.0,0.0,105,0.0,0,7
mywesttexas.com,sanfranciscosentinel.com,0,0,0.0,0.0,2,0.0,0,2
casperstartribune.net,wsav.com,0,0,0.0,0.0,1,0.0,0,0
freedomeden.blogspot.com,www1.whdh.com,0,0,0.0,0.0,65,0.0,2,1
ibloga.blogspot.com,statesman.com,0,0,0.0,0.0,192,0.0,2,10
mcclatchydc.com,clipmarks.com,0,0,0.0,0.0,330,0.0,9,17
ledger-enquirer.com,tthfanfic.org,0,0,0.0,0.0,3,0.0,0,1
cbs8.com,asia.news.yahoo.com,0,0,0.0,0.0,6,0.0,0,3
lonelyplanet.com,lobbytools.com,0,0,0.0,0.0,10,0.0,1,2
articleslide.com,libertylounge.net,0,0,0.0,0.0,4,0.0,0,2
thechronicleherald.ca,wattpad.com,0,1,0.05,0.28853900817779266,108,0.03125,4,2
wdtn.com,journallive.co.uk,0,0,0.0,0.0,7,0.0,0,5
airamerica.com,timesleader.com,0,0,0.0,0.0,64,0.0,2,4
sanfranciscosentinel.com,nwotruth.com,0,0,0.0,0.0,10,0.0,0,5
pajamasmedia.com,nydailynews.com,0,0,0.0,0.0,120,0.0,4,9
timesargus.com,readingeagle.com,0,0,0.0,0.0,48,0.0,0,5
eluniversal.com,thisfuckingwar.blogspot.com,0,0,0.0,0.0,9,0.0,2,3
feeds.cbsnews.com,sandiego.craigslist.org,0,0,0.0,0.0,24,0.0,2,3
philly.com,breakingnews.nypost.com,0,0,0.0,0.0,22,0.0,12,1
docstalk.blogspot.com,images.salon.com,0,0,0.0,0.0,15,0.0,6,1
sfexaminer.com,ocala.com,0,0,0.0,0.0,4,0.0,0,2
lfpress.ca,khaleejtimes.com,0,0,0.0,0.0,6,0.0,0,3
mysanantonio.com,q13fox.com,0,0,0.0,0.0,0,0.0,1,0
altweeklies.com,weblogs.baltimoresun.com,0,0,0.0,0.0,32,0.0,1,6
zanesvilletimesrecorder.com,nwitimes.com,0,0,0.0,0.0,12,0.0,2,3
apnews.myway.com,lohud.com,0,0,0.0,0.0,12,0.0,0,2
mysinchew.com,denverpost.com,0,0,0.0,0.0,72,0.0,3,5
elpais.com,kansascity.com,0,0,0.0,0.0,18,0.0,1,9
islandpacket.com,eonline.com,0,0,0.0,0.0,0,0.0,0,6
timesdispatch.com,pbs.org,0,0,0.0,0.0,40,0.0,0,2
olympics.thestar.com,hattiesburgamerican.com,0,0,0.0,0.0,60,0.0,5,2
fox5vegas.com,570news.com,0,0,0.0,0.0,17,0.0,13,1
journaltimes.com,nwherald.com,0,0,0.0,0.0,5,0.0,0,1
daily-jeff.com,news.brisbanetimes.com.au,0,0,0.0,0.0,6,0.0,0,2
images.salon.com,businessweek.com,0,0,0.0,0.0,5,0.0,0,5
salon.com,bnd.com,0,1,0.023255813953488372,0.2222316216158104,160,0.011111111111111112,32,1
wdnweb.com,opednews.com,0,0,0.0,0.0,9,0.0,0,5
tahoedailytribune.com,bulletin.aarp.org,0,0,0.0,0.0,38,0.0,0,11
nowpublic.com,seattlepi.nwsource.com,0,0,0.0,0.0,495,0.0,11,7
aikenstandard.com,omaha.com,0,0,0.0,0.0,8,0.0,0,1
kxnet.com,amazon.com,0,0,0.0,0.0,7,0.0,0,7
media.adn.com,transcripts.cnn.com,0,0,0.0,0.0,4,0.0,0,2
cbn.com,nymag.com,0,0,0.0,0.0,15,0.0,0,3
statesmanjournal.com,wtnh.com,0,0,0.0,0.0,12,0.0,3,1
buckinghamshireadvertiser.co.uk,saukvalley.com,0,0,0.0,0.0,18,0.0,0,2
canadafreepress.com,popwatch.ew.com,0,0,0.0,0.0,35,0.0,1,5
news.xinhuanet.com,pbs.org,0,1,0.06666666666666667,0.318928988903801,64,0.043478260869565216,3,2
edmontonsun.com,canada.com,0,0,0.0,0.0,49,0.0,2,5
weblogs.baltimoresun.com,thepoliticalcarnival.blogspot.com,0,0,0.0,0.0,208,0.0,10,1
kdka.com,thenewstribune.com,0,0,0.0,0.0,24,0.0,0,5
newonlinearticles.com,hindustantimes.com,0,0,0.0,0.0,49,0.0,3,5
waff.com,politicalforum.com,0,0,0.0,0.0,30,0.0,2,3
feeds.reuters.com,eluniversal.com,0,0,0.0,0.0,15,0.0,0,1
search.japantimes.co.jp,blackpoliticsontheweb.com,0,0,0.0,0.0,14,0.0,3,2
etaiwannews.com,charlotteobserver.com,0,0,0.0,0.0,30,0.0,2,4
forums.catholic.com,daytondailynews.com,0,0,0.0,0.0,60,0.0,4,4
cgi.cnn.com,facebook.com,0,0,0.0,0.0,26,0.0,0,5
canadaeast.com,abs-cbnnews.com,0,0,0.0,0.0,28,0.0,2,4
baynews9.com,ksdk.com,0,0,0.0,0.0,0,0.0,0,2
articleslide.com,shreveporttimes.com,0,0,0.0,0.0,12,0.0,0,5
channelnewsasia.com,tsn.ca,0,0,0.0,0.0,48,0.0,0,3
denverpost.com,thesouthern.com,0,0,0.0,0.0,6,0.0,1,1
carnageandculture.blogspot.com,smh.com.au,0,0,0.0,0.0,355,0.0,2,9
inforum.com,cbs46.com,0,0,0.0,0.0,18,0.0,1,9
timesanddemocrat.com,scrippsnews.com,0,0,0.0,0.0,7,0.0,0,5
kolotv.com,ksdk.com,0,0,0.0,0.0,10,0.0,0,2
washingtonmonthly.com,wcpo.com:80,0,0,0.0,0.0,56,0.0,5,2
whotv.com,etaiwannews.com,0,0,0.0,0.0,18,0.0,2,4
daytondailynews.com,lobbytools.com,0,0,0.0,0.0,12,0.0,2,2
wcco.com,64.90.166.18,0,0,0.0,0.0,260,0.0,5,4
twincities.com,wbt.com,0,0,0.0,0.0,250,0.0,2,2
newsgazette.com,blogher.com,0,0,0.0,0.0,12,0.0,0,7
zeenews.com,darthchaosofrspw.wordpress.com,0,0,0.0,0.0,119,0.0,14,5
investorsiraq.com,cleveland.com,0,0,0.0,0.0,63,0.0,3,4
demonoid.com,citizen-times.com,0,0,0.0,0.0,3,0.0,0,3
tri-cityherald.com,fox47news.com,0,0,0.0,0.0,9,0.0,0,3
voxverax.blogspot.com,vnnforum.com,0,0,0.0,0.0,49,0.0,2,4
timesdispatch.com,torontosun.com,0,0,0.0,0.0,20,0.0,0,3
patdollard.com,kansas.com,0,0,0.0,0.0,30,0.0,6,2
dailybreeze.com,patdollard.com,0,0,0.0,0.0,10,0.0,0,5
chinadaily.com.cn,bloomberg.com,0,0,0.0,0.0,100,0.0,1,7
islandpacket.com,ktnv.com,0,0,0.0,0.0,0,0.0,0,3
thenorthwestern.com,icnorthwales.icnetwork.co.uk,0,0,0.0,0.0,18,0.0,1,6
marketwatch.com,canadafreepress.com,0,0,0.0,0.0,115,0.0,20,4
kypost.com,slam.canoe.ca,0,0,0.0,0.0,15,0.0,1,3
origin.theaustralian.news.com.au,ksby.com,0,0,0.0,0.0,2,0.0,0,1
prospect.org,southernledger.com,0,0,0.0,0.0,6,0.0,3,1
javno.com,motherjones.com,0,0,0.0,0.0,50,0.0,6,4
ktvz.com,examiner.com,0,0,0.0,0.0,22,0.0,1,3
abcactionnews.com:80,themonitor.com,0,0,0.0,0.0,44,0.0,1,4
ksat.com,iht.com,0,0,0.0,0.0,95,0.0,0,8
blogs.myspace.com,phillyburbs.com,0,0,0.0,0.0,110,0.0,17,4
hindustantimes.com,ktvu.com,0,0,0.0,0.0,35,0.0,2,5
firstcoastnews.com,celebitchy.com,0,0,0.0,0.0,9,0.0,0,5
youtube.com,nwi.com,0,0,0.0,0.0,21,0.0,1,5
theleafchronicle.com,ktla.trb.com,0,0,0.0,0.0,8,0.0,4,0
click2houston.com,prnewswire.com,0,0,0.0,0.0,60,0.0,0,5
baltimoresun.com,riverdaughter.wordpress.com,0,0,0.0,0.0,102,0.0,10,5
hounslowchronicle.co.uk,kctv5.com,0,0,0.0,0.0,35,0.0,0,7
statesman.com,greenvilleonline.com,0,0,0.0,0.0,24,0.0,14,1
seattlepi.com,wibw.com,0,0,0.0,0.0,110,0.0,18,4
sfexaminer.com,etaiwannews.com,0,0,0.0,0.0,6,0.0,0,4
2theadvocate.com,beatricedailysun.com,0,0,0.0,0.0,1,0.0,0,1
ottawasun.com,lubbockonline.com,0,0,0.0,0.0,30,0.0,1,4
kgun9.com,buckinghamshireadvertiser.co.uk,0,0,0.0,0.0,12,0.0,0,6
weblogs.chicagotribune.com,couriermail.news.com.au,0,0,0.0,0.0,45,0.0,6,5
modernghana.com,nwi.com,0,0,0.0,0.0,35,0.0,3,5
bradenton.com,khou.com,0,0,0.0,0.0,3,0.0,0,1
demonoid.com,komonews.com,0,0,0.0,0.0,1,0.0,0,1
zanesvilletimesrecorder.com,tri-cityherald.com,0,1,0.2,0.2506903984389969,9,0.018518518518518517,2,3
news1130.com,amazon.com,0,0,0.0,0.0,21,0.0,1,7
sportsnet.ca,open.salon.com,0,0,0.0,0.0,44,0.0,0,7
nydailynews.com,winnipegfreepress.com,0,0,0.0,0.0,156,0.0,3,5
prairiepundit.blogspot.com,ktla.com,0,0,0.0,0.0,30,0.0,7,2
hindustantimes.com,cleveland.com,0,0,0.0,0.0,49,0.0,2,4
delmarvanow.com,media.star-telegram.com,0,0,0.0,0.0,12,0.0,0,2
nhregister.com,spokesman.com,0,0,0.0,0.0,28,0.0,4,4
sunherald.com,gazette.com,0,1,0.07142857142857142,0.32351545314867247,44,0.045454545454545456,1,8
lompocrecord.com,partisan.blogs.hopelesslypartisan.com,0,0,0.0,0.0,3,0.0,0,3
dailybreeze.com,herald-mail.com,0,0,0.0,0.0,3,0.0,0,2
fox8.com,860wgul.townhall.com,0,0,0.0,0.0,6,0.0,0,3
thisfuckingwar.blogspot.com,nationalpost.com,0,0,0.0,0.0,15,0.0,0,5
sun-sentinel.com,crooksandliars.com,0,0,0.0,0.0,12,0.0,1,5
au.eonline.com,allvoices.com,0,0,0.0,0.0,32,0.0,0,7
feeds.newyorkcitynews.net,tulsaworld.com,0,0,0.0,0.0,8,0.0,0,2
washtimes.com,latimes.com,0,0,0.0,0.0,27,0.0,0,3
wtvm.com,cbs46.com,0,0,0.0,0.0,45,0.0,4,9
dailypress.com,knx1070.com,0,0,0.0,0.0,21,0.0,1,3
thejakartapost.com,military.com,0,0,0.0,0.0,12,0.0,3,2
digitalspy.co.uk,motherjones.com,0,0,0.0,0.0,40,0.0,1,4
ksat.com,lasvegassun.com,0,0,0.0,0.0,20,0.0,0,2
wtkr.com,brownpelicanla.com,0,0,0.0,0.0,36,0.0,4,6
washingtonmonthly.com,opednews.com,0,0,0.0,0.0,63,0.0,5,5
kswo.com,icwolverhampton.icnetwork.co.uk,0,0,0.0,0.0,40,0.0,10,4
images.salon.com,herald-zeitung.com,0,0,0.0,0.0,2,0.0,0,0
feeds.foxnews.com,allvoices.com,0,0,0.0,0.0,40,0.0,3,7
search.japantimes.co.jp,famelist.info,0,0,0.0,0.0,119,0.0,3,7
www2.journalnow.com,mlive.com,0,1,0.038461538461538464,0.2222316216158104,152,0.011111111111111112,11,2
news.scotsman.com,grandforksherald.com,0,0,0.0,0.0,216,0.0,25,4
x.techwheat.com,dailypress.com,0,0,0.0,0.0,28,0.0,0,6
belleville.com,khou.com,0,0,0.0,0.0,3,0.0,1,1
thewest.com.au,breakingnews.nypost.com,0,0,0.0,0.0,16,0.0,13,1
theautomaticearth.blogspot.com,feeds.stlouisnews.net,0,0,0.0,0.0,99,0.0,6,5
statesman.com,fox47news.com,0,0,0.0,0.0,72,0.0,14,3
news-press.com,cbs4denver.com,0,0,0.0,0.0,12,0.0,1,4
bleacherreport.com,gctelegram.com,0,0,0.0,0.0,7,0.0,2,1
thedaily.com.au,altweeklies.com,0,0,0.0,0.0,8,0.0,0,1
whiotv.com,yidwithlid.blogspot.com,0,0,0.0,0.0,24,0.0,0,5
nhregister.com,digg.com/politics,0,0,0.0,0.0,42,0.0,4,2
channelnewsasia.com,gctelegram.com,0,0,0.0,0.0,6,0.0,0,1
nwherald.com,thehawkeye.com,0,0,0.0,0.0,10,0.0,4,2
timesreporter.com,media.star-telegram.com,0,0,0.0,0.0,9,0.0,0,2
sportingnews.com,nwi.com,0,0,0.0,0.0,77,0.0,8,5
minnesota.publicradio.org,blogcritics.org,0,0,0.0,0.0,6,0.0,2,2
news.brisbanetimes.com.au,fresnobee.com,0,0,0.0,0.0,6,0.0,2,2
afterdowningstreet.org,brownsvilleherald.com,0,0,0.0,0.0,7,0.0,2,1
ibdeditorials.com,vaildaily.com,0,0,0.0,0.0,72,0.0,7,5
ottawasun.com,scrippsnews.net,0,0,0.0,0.0,45,0.0,1,4
denverpost.com,kdvr.com,0,0,0.0,0.0,0,0.0,1,0
sefermpost.com,wtkr.com,0,1,0.1,0.2729584204093974,30,0.02564102564102564,0,2
dailylocal.com,semissourian.com,0,0,0.0,0.0,42,0.0,1,4
cnnpoliticalticker.wordpress.com,thenewstribune.com,0,0,0.0,0.0,32,0.0,1,5
dissidentvoice.org,wsbradio.com,0,0,0.0,0.0,32,0.0,7,2
daily-herald.com,rawstory.com,0,0,0.0,0.0,8,0.0,1,2
injesus.com,newsday.com,0,0,0.0,0.0,21,0.0,1,5
modernghana.com,soccerblogs.net,0,0,0.0,0.0,20,0.0,3,3
cbs46.com,bloomberg.com,0,1,0.03571428571428571,0.4170323914242463,180,0.09090909090909091,0,7
pheedo.com,cjad.com,0,0,0.0,0.0,22,0.0,10,2
azdailysun.com,bleacherreport.com,0,0,0.0,0.0,14,0.0,0,5
dispatchpolitics.com,timesfreepress.com,0,0,0.0,0.0,3,0.0,0,1
pheedcontent.com,cbs2chicago.com,0,0,0.0,0.0,66,0.0,2,4
tthfanfic.org,sportsnet.ca,0,0,0.0,0.0,2,0.0,0,2
1800blogger.com,cnnwire.blogs.cnn.com,0,0,0.0,0.0,81,0.0,3,2
wrcbtv.com,quizilla.com,0,0,0.0,0.0,20,0.0,0,5
chroniclelive.co.uk,hollywoodreporter.com,0,0,0.0,0.0,12,0.0,1,1
kansascity.com,brisbanetimes.com.au,0,0,0.0,0.0,144,0.0,10,7
wibw.com,kare11.com,0,0,0.0,0.0,15,0.0,1,1
adn.com,amazon.com,0,0,0.0,0.0,35,0.0,1,7
allafrica.com,kare11.com,0,0,0.0,0.0,9,0.0,0,1
roguegovernment.com,vh1.com,0,1,0.07692307692307693,0.40242960438184466,49,0.08333333333333333,2,3
hotair.com,smh.com.au,0,0,0.0,0.0,710,0.0,6,9
brownpelicanla.com,1800blogger.com,0,0,0.0,0.0,54,0.0,0,6
postchronicle.com,holycoast.blogspot.com,0,0,0.0,0.0,80,0.0,9,3
fox5vegas.com,charlotteobserver.com,0,0,0.0,0.0,85,0.0,13,4
wsvn.com,newsgazette.com,0,0,0.0,0.0,6,0.0,0,1
progressivenewsdaily.com,collegian.com,0,0,0.0,0.0,7,0.0,1,1
news.xinhuanet.com,3news.co.nz,0,0,0.0,0.0,72,0.0,3,8
ksdk.com,macon.com,0,0,0.0,0.0,10,0.0,3,2
wctv.tv,southcoasttoday.com,0,0,0.0,0.0,205,0.0,4,6
commondreams.org,cbs5.com,0,0,0.0,0.0,21,0.0,2,3
hollywoodreporter.com,canada.com,0,1,0.125,0.29120667621996243,14,0.03225806451612903,1,5
kmph.com,thedenverchannel.com,0,0,0.0,0.0,24,0.0,1,6
ottawasun.com,guardian.co.uk,0,0,0.0,0.0,65,0.0,1,7
au.eonline.com,news.xinhuanet.com,0,0,0.0,0.0,32,0.0,0,5
reflector.com,rawstory.com,0,0,0.0,0.0,14,0.0,5,2
tulsaworld.com,diariovasco.com,0,0,0.0,0.0,8,0.0,2,1
malaysia.news.yahoo.com,pheedo.msnbc.msn.com,0,0,0.0,0.0,2,0.0,0,1
kcbs.com,spectator.org,0,0,0.0,0.0,0,0.0,0,1
feeds.reuters.com,startribune.com,0,2,0.021505376344086023,0.5900140195856178,450,0.06847826086956521,0,10
cbsnews.com,9news.com,0,0,0.0,0.0,40,0.0,9,1
globalresearch.ca,myrtlebeachonline.com,0,0,0.0,0.0,42,0.0,11,3
vaildaily.com,counterpunch.org,0,0,0.0,0.0,36,0.0,4,2
news.ninemsn.com.au,gadsdentimes.com,0,0,0.0,0.0,45,0.0,4,5
heraldnet.com,indeonline.com,0,0,0.0,0.0,16,0.0,5,1
ocregister.com,celebrityblend.com,0,0,0.0,0.0,80,0.0,4,7
starnewsonline.com,feeds.latimes.com,0,0,0.0,0.0,8,0.0,1,2
theeagle.com,collegian.com,0,0,0.0,0.0,1,0.0,0,1
capecodonline.com,knoxnews.com,0,0,0.0,0.0,4,0.0,2,1
journalgazette.net,bulletin.aarp.org,0,1,0.047619047619047616,0.7213475204444817,57,0.25,0,11
fox47news.com,sanluisobispo.com,0,0,0.0,0.0,24,0.0,0,5
media.sacbee.com,jacksonville.com,0,0,0.0,0.0,21,0.0,0,1
opednews.com,iol.co.za,0,0,0.0,0.0,108,0.0,4,9
wikio.es,nbcchicago.com,0,0,0.0,0.0,8,0.0,0,2
buckinghamshireadvertiser.co.uk,sun-sentinel.com,0,0,0.0,0.0,12,0.0,0,1
accesshollywood.com,sportingnews.com,0,0,0.0,0.0,99,0.0,2,3
newsmeat.com,kcbs.com,0,0,0.0,0.0,0,0.0,7,0
topnews.in,rawstory.com,0,1,0.025,0.3898712452512801,78,0.07692307692307693,31,2
features.csmonitor.com,truthout.org,0,0,0.0,0.0,38,0.0,0,8
cbs4denver.com,kypost.com,0,0,0.0,0.0,12,0.0,0,2
thehindu.com,miamiherald.com,0,0,0.0,0.0,25,0.0,0,4
clickorlando.com,icliverpool.icnetwork.co.uk,0,0,0.0,0.0,20,0.0,0,5
cbs13.com,dprogram.net,0,0,0.0,0.0,60,0.0,1,10
gadsdentimes.com,mashget.com,0,0,0.0,0.0,90,0.0,0,8
wgnradio.com,fox5vegas.com,0,0,0.0,0.0,68,0.0,4,4
counterpunch.org,biz.yahoo.com,0,0,0.0,0.0,0,0.0,3,0
sermoncentral.com,haaretz.com,0,0,0.0,0.0,15,0.0,2,2
themoderatevoice.com,jezebel.com,0,0,0.0,0.0,70,0.0,7,4
feeds.washingtonpost.com,businessweek.com,0,0,0.0,0.0,25,0.0,2,5
sefermpost.com,fox8.com,0,0,0.0,0.0,10,0.0,0,2
iht.com,icscotland.icnetwork.co.uk,0,0,0.0,0.0,95,0.0,11,5
zeenews.com,mywesttexas.com,0,0,0.0,0.0,17,0.0,14,1
heraldnet.com,sunjournal.com,0,0,0.0,0.0,24,0.0,5,2
blogher.com,feeds.feedburner.com,0,0,0.0,0.0,60,0.0,5,3
brownsvilleherald.com,theday.com,0,0,0.0,0.0,3,0.0,0,1
money.canoe.ca,premium.cnn.com,0,0,0.0,0.0,4,0.0,1,2
news.brisbanetimes.com.au,wesh.com,0,0,0.0,0.0,21,0.0,2,5
cbs13.com,oanow.com,0,0,0.0,0.0,5,0.0,1,1
topics.cnn.com,whiotv.com,0,0,0.0,0.0,8,0.0,0,4
chroniclet.com,feeds.foxnews.com,0,0,0.0,0.0,5,0.0,0,2
goupstate.com,journaltimes.com,0,0,0.0,0.0,2,0.0,0,1
globalresearch.ca,isavesmart.com,0,0,0.0,0.0,56,0.0,11,4
mtv.com,kfoxtv.com,0,0,0.0,0.0,100,0.0,2,1
americanconservativedaily.com,capitolhillblue.com,0,0,0.0,0.0,30,0.0,3,5
military.com,msnbc.msn.com,0,0,0.0,0.0,26,0.0,0,11
capecodonline.com,golivewire.com,0,0,0.0,0.0,36,0.0,2,5
americannonsense.com,rep-am.com,0,0,0.0,0.0,10,0.0,3,2
knoxnews.com,wacotrib.com,0,0,0.0,0.0,0,0.0,0,0
khaleejtimes.com,theglobeandmail.com,0,0,0.0,0.0,123,0.0,0,12
physorg.com,alternet.org,0,0,0.0,0.0,128,0.0,5,10
eastvalleytribune.com,wralsportsfan.com,0,0,0.0,0.0,12,0.0,1,2
thepittsburghchannel.com,counterpunch.org,0,0,0.0,0.0,12,0.0,0,2
cnn.com,osmoothie.com,0,0,0.0,0.0,81,0.0,19,2
accesshollywood.com,news.xinhuanet.com,0,0,0.0,0.0,72,0.0,2,5
apnews.myway.com,idahostatesman.com,0,1,0.1111111111111111,0.2442393366759723,16,0.016666666666666666,0,6
toledoblade.com,minx.cc,0,0,0.0,0.0,40,0.0,1,4
rebellenation.blogspot.com,youtube.com,0,0,0.0,0.0,27,0.0,5,2
sportingnews.com,tulsaworld.com,0,0,0.0,0.0,44,0.0,8,2
abcnews.go.com,cnsnews.com,0,0,0.0,0.0,144,0.0,3,8
wvgazette.com,prisonplanet.com,0,0,0.0,0.0,60,0.0,3,8
smdailyjournal.com,thedailynewsonline.com,0,0,0.0,0.0,7,0.0,0,4
ace.new.mu.nu,amazon.com,0,0,0.0,0.0,49,0.0,2,7
golivewire.com,newsgazette.com,0,0,0.0,0.0,9,0.0,4,1
pheedo.com,accessatlanta.com,0,0,0.0,0.0,44,0.0,10,4
960werc.com,annistonstar.com,0,0,0.0,0.0,8,0.0,0,2
washingtontimes.com,wcpo.com:80,0,0,0.0,0.0,152,0.0,8,2
thetimesonline.com,articleslide.com,0,0,0.0,0.0,4,0.0,0,2
telegraph.co.uk,courant.com,0,0,0.0,0.0,21,0.0,12,1
nola.com,g1.globo.com,0,0,0.0,0.0,24,0.0,2,2
airamerica.com,capecodonline.com,0,0,0.0,0.0,32,0.0,2,2
wjactv.com,counterpunch.org,0,0,0.0,0.0,12,0.0,0,2
article.wn.com,opednews.com,0,0,0.0,0.0,72,0.0,1,5
bsimmons.wordpress.com,sandiego.craigslist.org,0,0,0.0,0.0,24,0.0,1,3
abc.es,dailylocal.com,0,0,0.0,0.0,7,0.0,0,6
media.sacbee.com,usnews.com,0,0,0.0,0.0,24,0.0,0,2
clickondetroit.com,seekingalpha.com,0,0,0.0,0.0,60,0.0,0,5
reuters.com,fayobserver.com,0,0,0.0,0.0,248,0.0,23,5
cantonrep.com,images.salon.com,0,1,0.5,0.2442393366759723,2,0.016666666666666666,0,1
belfasttelegraph.co.uk,huliq.com,0,0,0.0,0.0,340,0.0,29,5
othersiderainbow.blogspot.com,prnewswire.com,0,0,0.0,0.0,120,0.0,5,5
fox4now.com,gulflive.com,0,1,0.5,0.2442393366759723,2,0.016666666666666666,0,2
couriermail.news.com.au,wfaa.com,0,0,0.0,0.0,20,0.0,0,1
au.rd.yahoo.com,canadafreepress.com,0,0,0.0,0.0,15,0.0,0,4
cbs46.com,kptv.com,0,2,0.2,0.6144584062557255,27,0.07792207792207792,0,3
bit.ly,eldiariomontanes.es,0,0,0.0,0.0,16,0.0,2,0
taipeitimes.com,techchuck.com,0,0,0.0,0.0,220,0.0,1,3
heraldnet.com,miamiherald.com,0,0,0.0,0.0,40,0.0,5,4
onlineathens.com,x.techwheat.com,0,0,0.0,0.0,20,0.0,1,4
heraldnet.com,hattiesburgamerican.com,0,0,0.0,0.0,48,0.0,5,2
nzherald.co.nz,ctv.ca,0,1,0.07692307692307693,0.30341307554227914,40,0.037037037037037035,2,8
theadvertiser.com,capitolhillblue.com,0,0,0.0,0.0,12,0.0,0,5
blog.sina.com.cn,freep.com,0,0,0.0,0.0,54,0.0,2,7
theeagle.com,nypost.com,0,0,0.0,0.0,9,0.0,0,2
fremonttribune.com,msn.foxsports.com,0,0,0.0,0.0,8,0.0,0,7
timesargus.com,beatricedailysun.com,0,0,0.0,0.0,6,0.0,0,1
seekingalpha.com,krla870.townhall.com,0,1,0.058823529411764705,0.48089834696298783,45,0.125,10,3
timesdaily.com,free-ebooks.tistory.com,0,0,0.0,0.0,6,0.0,2,2
feeds.huffingtonpost.com,idahostatesman.com,0,0,0.0,0.0,8,0.0,0,6
lompocrecord.com,timesofindia.indiatimes.com,0,0,0.0,0.0,12,0.0,0,4
citizen-times.com,squidoo.com,0,0,0.0,0.0,24,0.0,0,3
prisonplanet.com,theoaklandpress.com,0,0,0.0,0.0,0,0.0,12,0
theragblog.blogspot.com,edmontonsun.com,0,0,0.0,0.0,42,0.0,2,5
articleslide.com,popwatch.ew.com,0,0,0.0,0.0,14,0.0,0,5
whas11.com,newsvine.com,0,0,0.0,0.0,210,0.0,9,8
brandonsun.com,syracuse.com,0,0,0.0,0.0,4,0.0,3,0
bleacherreport.com,guardian.co.uk,0,1,0.05263157894736842,0.2710850306818168,91,0.025,2,7
icnewcastle.icnetwork.co.uk,usnews.com,0,0,0.0,0.0,40,0.0,0,2
free-ebooks.tistory.com,variety.com,0,0,0.0,0.0,12,0.0,0,3
local6.com,wbtv.com,0,0,0.0,0.0,0,0.0,0,0
spectator.org,au.rd.yahoo.com,0,0,0.0,0.0,6,0.0,1,3
feeds.gawker.com,rightwingnews.com,0,0,0.0,0.0,112,0.0,7,4
entertainment.msn.com,blueridgenow.com,0,0,0.0,0.0,16,0.0,0,5
pheedo.msnbc.msn.com,onlineathens.com,0,0,0.0,0.0,5,0.0,0,4
firstcoastnews.com,washingtonmonthly.com,0,0,0.0,0.0,7,0.0,0,2
philly.com,fremonttribune.com,0,0,0.0,0.0,22,0.0,12,1
news.xinhuanet.com,onlineathens.com,0,0,0.0,0.0,40,0.0,3,4
alertnet.org,entertainment.msn.com,0,0,0.0,0.0,4,0.0,1,2
azdailysun.com,wtnh.com,0,0,0.0,0.0,6,0.0,0,1
sefermpost.com,aikenstandard.com,0,0,0.0,0.0,10,0.0,0,2
newsmax.com,630wpro.com,0,0,0.0,0.0,17,0.0,8,1
wbay.com,drudge.com,0,0,0.0,0.0,117,0.0,12,4
singaporejobstoday.com,dailybreeze.com,0,0,0.0,0.0,5,0.0,2,1
king5.com,pajamasmedia.com,0,0,0.0,0.0,10,0.0,0,7
iccoventry.icnetwork.co.uk,washingtonpost.com,0,0,0.0,0.0,165,0.0,0,7
630wpro.com,wcfcourier.com,0,0,0.0,0.0,1,0.0,0,1
kcbs.com,heraldnet.com,0,0,0.0,0.0,0,0.0,0,3
icscotland.icnetwork.co.uk,vaildaily.com,0,0,0.0,0.0,45,0.0,0,5
feeds.reuters.com,kltv.com,0,0,0.0,0.0,5,0.0,0,1
columbustelegram.com,chinapost.com.tw,0,0,0.0,0.0,1,0.0,0,1
theaustralian.news.com.au,capecodonline.com,0,0,0.0,0.0,52,0.0,5,2
oanow.com,calgarysun.com,0,0,0.0,0.0,2,0.0,0,2
nwi.com,seattlepi.com,0,0,0.0,0.0,154,0.0,2,5
ksat.com,sportsillustrated.cnn.com,0,0,0.0,0.0,15,0.0,0,3
kionrightnow.com,lasvegassun.com,0,0,0.0,0.0,8,0.0,0,2
politicalticker.blogs.cnn.com,news.xinhuanet.com,0,0,0.0,0.0,152,0.0,16,5
abc.net.au,counterpunch.org,0,0,0.0,0.0,40,0.0,4,2
themonitor.com,sun-sentinel.com,0,0,0.0,0.0,22,0.0,7,1
10news.com,propeller.com,0,0,0.0,0.0,20,0.0,0,6
icnorthwales.icnetwork.co.uk,freshnews.in,0,0,0.0,0.0,84,0.0,0,7
breakingnews.ie,memphisdailynews.com,0,0,0.0,0.0,16,0.0,3,2
abcactionnews.com:80,kxnet.com,0,0,0.0,0.0,4,0.0,1,1
krqe.com,walesonline.co.uk,0,0,0.0,0.0,30,0.0,0,7
zanesvilletimesrecorder.com,crap713three.blogspot.com,0,0,0.0,0.0,9,0.0,2,3
app.com,usnews.com,0,0,0.0,0.0,32,0.0,0,2
guardian.co.uk,azcentral.com,0,0,0.0,0.0,195,0.0,6,6
transcripts.cnn.com,gatesofvienna.blogspot.com,0,0,0.0,0.0,28,0.0,0,6
freerepublic.com,icbirmingham.icnetwork.co.uk,0,0,0.0,0.0,265,0.0,45,5
rgj.com,click2houston.com,0,0,0.0,0.0,24,0.0,0,4
nwotruth.com,smdailyjournal.com,0,0,0.0,0.0,5,0.0,0,1
590klbj.com,ibtimes.com,0,0,0.0,0.0,20,0.0,0,7
wjactv.com,960werc.com,0,0,0.0,0.0,12,0.0,0,4
kcra.com,soccerblogs.net,0,0,0.0,0.0,60,0.0,10,3
foxcarolina.com,leadertelegram.com,0,0,0.0,0.0,3,0.0,0,1
kypost.com,delcotimes.com,0,0,0.0,0.0,15,0.0,1,5
ktla.com,kxnet.com,0,0,0.0,0.0,3,0.0,1,1
app.com,thehour.com,0,0,0.0,0.0,16,0.0,0,2
michaelmoore.com,olympics.thestar.com,0,0,0.0,0.0,60,0.0,1,6
themonitor.com,topics.edition.cnn.com,0,0,0.0,0.0,33,0.0,7,3
motherjones.com,chronwatch-america.com,0,0,0.0,0.0,25,0.0,1,3
prisonplanet.com,ctv.ca,0,0,0.0,0.0,200,0.0,12,8
blueridgenow.com,star-telegram.com,0,0,0.0,0.0,24,0.0,3,2
uncyclopedia.wikia.com,napavalleyregister.com,0,0,0.0,0.0,18,0.0,3,3
nj.com,seattlepi.nwsource.com,0,0,0.0,0.0,165,0.0,2,7
minnesota.publicradio.org,ichuddersfield.icnetwork.co.uk,0,0,0.0,0.0,15,0.0,2,5
canadaeast.com,mashget.com,0,0,0.0,0.0,72,0.0,2,8
postcrescent.com,articleslide.com,0,0,0.0,0.0,4,0.0,1,2
dailyprogress.com,news.xinhuanet.com,0,0,0.0,0.0,24,0.0,1,5
nwotruth.com,daytondailynews.com,0,0,0.0,0.0,30,0.0,0,4
clipmarks.com,thewest.com.au,0,2,0.045454545454545456,0.7508405921195804,480,0.14090909090909093,15,6
southtownstar.com,themoneytimes.com,0,0,0.0,0.0,32,0.0,1,12
gunnyg.wordpress.com,haaretz.com,0,0,0.0,0.0,21,0.0,3,2
allafrica.com,theolympian.com,0,0,0.0,0.0,9,0.0,0,3
profit.ndtv.com,huffingtonpost.com,0,0,0.0,0.0,30,0.0,0,8
sg.news.yahoo.com,pajamasmedia.com,0,0,0.0,0.0,20,0.0,0,7
kptv.com,clickondetroit.com,0,0,0.0,0.0,12,0.0,0,4
sfexaminer.com,tthfanfic.org,0,0,0.0,0.0,1,0.0,0,1
walesonline.co.uk,theunion.com,0,0,0.0,0.0,45,0.0,8,1
beatricedailysun.com,news.scotsman.com,0,0,0.0,0.0,27,0.0,0,2
politicalforum.com,timesofmalta.com,0,0,0.0,0.0,25,0.0,2,5
scouty.de,minnesota.publicradio.org,0,0,0.0,0.0,63,0.0,14,1
ctv.ca,kolotv.com,0,1,0.09090909090909091,0.6213349345596119,20,0.2,2,2
fanfiction.net,forbes.com,0,1,0.03571428571428571,0.45511961331341866,208,0.1111111111111111,9,11
news.google.com,gctelegram.com,0,0,0.0,0.0,1,0.0,1,1
the-dispatch.com,calgarysun.com,0,0,0.0,0.0,4,0.0,1,2
rawstory.com,nwitimes.com,0,0,0.0,0.0,8,0.0,0,3
39online.com,etonline.com,0,0,0.0,0.0,7,0.0,0,2
pheedo.msnbc.msn.com,opednews.com,0,0,0.0,0.0,9,0.0,0,5
theksbwchannel.com,news.com.au,0,0,0.0,0.0,66,0.0,0,8
wsbradio.com,liverpooldailypost.co.uk,0,0,0.0,0.0,36,0.0,2,6
fox41.com,hindustantimes.com,0,0,0.0,0.0,14,0.0,0,5
ketv.com,kansascity.com,0,0,0.0,0.0,90,0.0,2,9
pressdemocrat.com,myfoxatlanta.com,0,0,0.0,0.0,5,0.0,2,1
michnews.com,journaltimes.com,0,0,0.0,0.0,5,0.0,0,1
goozad.com,www1.whdh.com,0,0,0.0,0.0,65,0.0,0,1
ap.google.com,investorsiraq.com,0,0,0.0,0.0,18,0.0,0,6
hattiesburgamerican.com,edition.cnn.com,0,0,0.0,0.0,90,0.0,4,6
ajc.com,fanfiction.net,0,1,0.043478260869565216,0.3459762562611936,143,0.05555555555555555,4,4
patdollard.com,eonline.com,0,0,0.0,0.0,120,0.0,6,6
feeds.aol.com,media.sacbee.com,0,0,0.0,0.0,6,0.0,0,3
publicbroadcasting.net,bostonherald.com,0,1,0.030303030303030304,0.2222316216158104,253,0.011111111111111112,20,10
blogcritics.org,bleacherreport.com,0,0,0.0,0.0,14,0.0,0,5
thedenverchannel.com,rep-am.com,0,0,0.0,0.0,16,0.0,2,2
dailykos.com,wmtw.com,0,0,0.0,0.0,72,0.0,5,4
brownpelicanla.com,timesofmalta.com,0,0,0.0,0.0,30,0.0,0,5
gle.am,goupstate.com,0,0,0.0,0.0,16,0.0,4,2
timesdispatch.com,lansingstatejournal.com,0,0,0.0,0.0,15,0.0,0,1
wrcbtv.com,thehindu.com,0,0,0.0,0.0,10,0.0,0,5
theeagle.com,aikenstandard.com,0,0,0.0,0.0,2,0.0,0,2
mlive.com,macon.com,0,0,0.0,0.0,16,0.0,6,2
sfexaminer.com,feeds.gawker.com,0,0,0.0,0.0,14,0.0,0,7
profit.ndtv.com,sltrib.com,0,0,0.0,0.0,12,0.0,0,4
komonews.com,entertainment.msn.com,0,0,0.0,0.0,2,0.0,0,2
ktnv.com,ca.eonline.com,0,0,0.0,0.0,12,0.0,1,3
ocala.com,truthdig.com,0,0,0.0,0.0,4,0.0,2,1
liverpoolecho.co.uk,britanniaradio.blogspot.com,0,0,0.0,0.0,35,0.0,2,4
stuff.co.nz,thevelvethottub.com,0,5,0.1388888888888889,1.8343151800479454,418,0.3410569105691057,7,6
canada.com,channelnewsasia.com,0,1,0.08333333333333333,0.23459420572161058,42,0.014084507042253521,2,6
tahoedailytribune.com,media.adn.com,0,0,0.0,0.0,4,0.0,0,2
metrowestdailynews.com,herald-mail.com,0,0,0.0,0.0,18,0.0,2,2
scrippsnews.net,39online.com,0,0,0.0,0.0,9,0.0,5,1
scdfa.org,gjsentinel.com,0,0,0.0,0.0,0,0.0,3,0
thepoliticalcarnival.blogspot.com,feeds.gawker.com,0,1,0.038461538461538464,0.30692767643013485,182,0.038461538461538464,12,7
partisan.blogs.hopelesslypartisan.com,wralsportsfan.com,0,0,0.0,0.0,9,0.0,0,2
durangoherald.com,uk.reuters.com,0,0,0.0,0.0,240,0.0,1,6
courierpostonline.com,g1.globo.com,0,0,0.0,0.0,0,0.0,0,2
sdpnoticias.com,startribune.com,0,0,0.0,0.0,540,0.0,4,10
news.sky.com,hollywoodreporter.com,0,0,0.0,0.0,26,0.0,11,1
katu.com,dnaindia.com,0,0,0.0,0.0,6,0.0,0,5
1800blogger.com,wlsam.com,0,0,0.0,0.0,18,0.0,3,1
gctelegram.com,beatricedailysun.com,0,0,0.0,0.0,1,0.0,0,1
winnipegsun.com,kltv.com,0,0,0.0,0.0,8,0.0,6,1
sacbee.com,wotarticle.com,0,0,0.0,0.0,66,0.0,14,0
abluteau.wordpress.com,celebrityblend.com,0,0,0.0,0.0,180,0.0,10,7
canada.com,myfoxatlanta.com,0,0,0.0,0.0,7,0.0,2,1
cgi.cnn.com,ctv.ca,0,0,0.0,0.0,20,0.0,0,8
kuwaittimes.net,delcotimes.com,0,0,0.0,0.0,5,0.0,0,5
swamppolitics.com,diarioinformacion.com,0,0,0.0,0.0,24,0.0,1,4
pheedo.msnbc.msn.com,macleans.ca,0,0,0.0,0.0,1,0.0,0,1
presstelegram.com,tahoedailytribune.com,0,0,0.0,0.0,2,0.0,0,2
thewbalchannel.com,aikenstandard.com,0,0,0.0,0.0,8,0.0,0,2
feeds.cbsnews.com,groups.google.com,0,0,0.0,0.0,24,0.0,2,3
azcentral.com,edmontonsun.com,0,0,0.0,0.0,105,0.0,10,5
bnd.com,alertnet.org,0,0,0.0,0.0,8,0.0,3,1
cnews.canoe.ca,wraithbait.com,0,0,0.0,0.0,30,0.0,0,2
nbcsandiego.com,tahoedailytribune.com,0,0,0.0,0.0,4,0.0,0,2
minnesota.publicradio.org,click2houston.com,0,0,0.0,0.0,12,0.0,2,4
freeinternetpress.com,gather.com,0,2,0.07407407407407407,0.5751877454805716,190,0.06993464052287582,5,8
cbs3.com,carnageandculture.blogspot.com,0,1,0.125,0.2518706487516997,20,0.018867924528301886,0,3
elmundo.es,icelebz.com,0,0,0.0,0.0,0,0.0,0,7
firstcoastnews.com,greeleytribune.com,0,0,0.0,0.0,7,0.0,0,6
premium.cnn.com,cbs13.com,0,0,0.0,0.0,10,0.0,0,4
winnipegfreepress.com,wibw.com,0,0,0.0,0.0,65,0.0,9,4
media.star-telegram.com,indybay.org,0,0,0.0,0.0,24,0.0,1,3
realclearpolitics.com,860wgul.townhall.com,0,0,0.0,0.0,30,0.0,7,3
thedailynewsonline.com,orlandosentinel.com,0,0,0.0,0.0,49,0.0,3,5
techchuck.com,dandelionsalad.wordpress.com,0,0,0.0,0.0,160,0.0,17,6
thestate.com,techchuck.com,0,0,0.0,0.0,140,0.0,4,3
clkurl.com,globalresearch.ca,0,0,0.0,0.0,280,0.0,14,4
newsgazette.com,nhregister.com,0,0,0.0,0.0,7,0.0,0,3
popwatch.ew.com,myrtlebeachonline.com,0,0,0.0,0.0,21,0.0,2,3
physorg.com,turkishpress.com,0,0,0.0,0.0,40,0.0,5,4
wcpo.com:80,wrex.com,0,0,0.0,0.0,32,0.0,6,3
chacha.com,wrex.com,0,0,0.0,0.0,36,0.0,7,3
hispanicbusiness.com,elecodiario.es,0,0,0.0,0.0,0,0.0,0,0
sports.espn.go.com,9wsyr.com:80,0,0,0.0,0.0,28,0.0,10,1
winnipegfreepress.com,ktvq.com,0,0,0.0,0.0,13,0.0,9,1
wntp.townhall.com,nowpublic.com,0,0,0.0,0.0,75,0.0,3,4
huffingtonpost.com,yorkdispatch.inyork.com,0,0,0.0,0.0,180,0.0,22,1
washingtontimes.com,opednews.com,0,1,0.037037037037037035,0.28853900817779266,171,0.03125,8,5
feeds.newyorkcitynews.net,thenewstribune.com,0,0,0.0,0.0,16,0.0,0,5
pjstar.com,kyivpost.com,0,0,0.0,0.0,6,0.0,1,3
abcnews.go.com,yorkdispatch.inyork.com,0,0,0.0,0.0,54,0.0,3,1
biz.yahoo.com,wtvm.com,0,0,0.0,0.0,0,0.0,0,1
dailystar.com.lb,newsdaily.com,0,0,0.0,0.0,6,0.0,0,3
rebellenation.blogspot.com,timesargus.com,0,0,0.0,0.0,54,0.0,5,6
rockymounttelegram.com,bostonherald.com,0,0,0.0,0.0,33,0.0,1,10
journalgazette.net,macleans.ca,0,0,0.0,0.0,3,0.0,0,1
dailytimes.com.pk,leftword.blogdig.net,0,0,0.0,0.0,44,0.0,1,9
theleafchronicle.com,injesus.com,0,0,0.0,0.0,24,0.0,4,2
pheedo.com,gainesville.com,0,0,0.0,0.0,33,0.0,10,3
firstread.msnbc.msn.com,cbs4denver.com,0,0,0.0,0.0,20,0.0,3,4
kfoxtv.com,iccoventry.icnetwork.co.uk,0,0,0.0,0.0,100,0.0,19,5
am1070wdia.com,darthchaosofrspw.wordpress.com,0,0,0.0,0.0,56,0.0,1,5
news.yahoo.com,10news.com,0,0,0.0,0.0,48,0.0,15,2
ibtimes.com,dailybreeze.com,0,0,0.0,0.0,10,0.0,3,1
santamariatimes.com,modernghana.com,0,0,0.0,0.0,5,0.0,0,2
wacotrib.com,960werc.com,0,0,0.0,0.0,0,0.0,0,4
abluteau.wordpress.com,wral.com,0,2,0.02631578947368421,1.179445561110859,1080,0.3666666666666667,10,4
congresscheck.com,daytondailynews.com,0,0,0.0,0.0,42,0.0,0,4
gle.am,the-two-malcontents.com,0,0,0.0,0.0,104,0.0,4,6
bbc.co.uk,earthtimes.org,0,0,0.0,0.0,33,0.0,1,5
celebritymound.com,newsbusters.org,0,1,0.058823529411764705,0.269282508064391,81,0.024390243902439025,1,8
thehimalayantimes.com,cbs8.com,0,1,0.125,0.2506903984389969,14,0.018518518518518517,3,2
squidoo.com,wibw.com,0,0,0.0,0.0,40,0.0,5,4
wtkr.com,dailyindia.com,0,1,0.058823529411764705,0.2518706487516997,72,0.018867924528301886,4,11
etaiwannews.com,nbcsandiego.com,0,0,0.0,0.0,12,0.0,2,2
weblogs.baltimoresun.com,timesargus.com,0,0,0.0,0.0,96,0.0,10,6
wntp.townhall.com,citizen-times.com,0,0,0.0,0.0,15,0.0,3,3
clipmarks.com,theksbwchannel.com,0,0,0.0,0.0,90,0.0,15,3
msnbc.msn.com,icnewcastle.icnetwork.co.uk,0,0,0.0,0.0,65,0.0,2,5
the-two-malcontents.com,blackamericaweb.com,0,0,0.0,0.0,65,0.0,7,5
roguegovernment.com,katu.com,0,0,0.0,0.0,7,0.0,2,1
shreveporttimes.com,timesdaily.com,0,0,0.0,0.0,18,0.0,1,1
firstcoastnews.com,the-two-malcontents.com,0,0,0.0,0.0,13,0.0,0,6
foxnews.com,mycentraljersey.com,0,0,0.0,0.0,150,0.0,7,3
kansas.com,in.news.yahoo.com,0,0,0.0,0.0,51,0.0,1,10
sefermpost.com,dailykos.com,0,0,0.0,0.0,45,0.0,0,4
newschannel10.com,thewbalchannel.com,0,0,0.0,0.0,4,0.0,0,4
kdwn.com,fox4now.com,0,0,0.0,0.0,8,0.0,4,1
theksbwchannel.com,kypost.com,0,0,0.0,0.0,9,0.0,0,2
mahalo.com,honoluluadvertiser.com,0,0,0.0,0.0,28,0.0,10,1
delmarvanow.com,stltoday.com,0,0,0.0,0.0,32,0.0,0,5
wvec.com,krqe.com,0,0,0.0,0.0,4,0.0,1,2
mercurynews.com,vaildaily.com,0,1,0.05263157894736842,0.3459762562611936,99,0.05555555555555555,4,5
icsolihull.icnetwork.co.uk,fox47news.com,0,0,0.0,0.0,15,0.0,0,3
beltwayblips.dailyradar.com,hispanicbusiness.com,0,0,0.0,0.0,40,0.0,2,5
abc3340.com,fox5vegas.com,0,0,0.0,0.0,34,0.0,0,4
theadvertiser.com,kttc.com,0,0,0.0,0.0,2,0.0,0,1
dandelionsalad.wordpress.com,wdtn.com,0,0,0.0,0.0,8,0.0,2,1
kmph.com,story.seattlebulletin.com,0,0,0.0,0.0,6,0.0,1,2
wjactv.com,wyomingnews.com,0,0,0.0,0.0,78,0.0,0,3
smartgirlpolitics.ning.com,myfox47.com,0,0,0.0,0.0,3,0.0,0,3
transcripts.cnn.com,altweeklies.com,0,0,0.0,0.0,4,0.0,0,1
cbs2chicago.com,blogs.abcnews.com,0,1,0.02857142857142857,0.2222316216158104,275,0.011111111111111112,8,4
wtxl.com,citizen-times.com,0,0,0.0,0.0,15,0.0,5,3
sacbee.com,gainesville.com,0,0,0.0,0.0,66,0.0,14,3
opinionsource.com,cnnpoliticalticker.wordpress.com,0,0,0.0,0.0,56,0.0,8,3
sg.news.yahoo.com,instablogs.com,0,0,0.0,0.0,8,0.0,0,1
napavalleyregister.com,kdwn.com,0,0,0.0,0.0,24,0.0,0,4
blueridgenow.com,icelebz.com,0,0,0.0,0.0,72,0.0,3,7
mymotherlode.com,prospect.org,0,0,0.0,0.0,6,0.0,0,3
570news.com,wsbt.com,0,0,0.0,0.0,10,0.0,0,1
elecodiario.es,dailypress.com,0,0,0.0,0.0,0,0.0,0,6
sanfranciscosentinel.com,celebritygossip.epicureforum.com,0,0,0.0,0.0,28,0.0,0,6
minx.cc,npr.org,0,0,0.0,0.0,32,0.0,4,2
nevadaappeal.com,alanat.com,0,0,0.0,0.0,25,0.0,2,3
charlotte.com,hotair.com,0,0,0.0,0.0,20,0.0,1,5
jacksonville.com,news.theage.com.au,0,0,0.0,0.0,77,0.0,6,6
americanchronicle.com,variety.com,0,1,0.058823529411764705,0.3284587387530511,72,0.047619047619047616,3,3
againstobama.com,clipmarks.com,0,0,0.0,0.0,90,0.0,0,17
open.salon.com,coventrytelegraph.net,0,0,0.0,0.0,110,0.0,15,5
feeds.feedburner.com,freerepublic.com,0,1,0.017543859649122806,0.3459762562611936,265,0.05555555555555555,2,8
instablogs.com,wcfcourier.com,0,0,0.0,0.0,4,0.0,3,1
abcactionnews.com:80,slate.com,0,0,0.0,0.0,8,0.0,1,1
fox4now.com,free-ebooks.tistory.com,0,0,0.0,0.0,2,0.0,0,2
nwotruth.com,nbc12.com,0,0,0.0,0.0,0,0.0,0,0
tucsoncitizen.com,sg.news.yahoo.com,0,0,0.0,0.0,28,0.0,7,2
forum.brokeroutpost.com,brisbanetimes.com.au,0,0,0.0,0.0,32,0.0,0,7
celebrityblend.com,newsdaily.com,0,0,0.0,0.0,30,0.0,3,3
9wsyr.com:80,gadsdentimes.com,0,0,0.0,0.0,10,0.0,1,5
registercitizen.com,lewrockwell.com,0,0,0.0,0.0,28,0.0,1,4
kgun9.com,drudge.com,0,0,0.0,0.0,18,0.0,0,4
wgntv.com,news.theage.com.au,0,0,0.0,0.0,33,0.0,1,6
ctv.ca,myrtlebeachonline.com,0,0,0.0,0.0,30,0.0,2,3
minnesota.publicradio.org,feeds.gawker.com,0,0,0.0,0.0,42,0.0,2,7
theksbwchannel.com,newschannel10.com,0,0,0.0,0.0,3,0.0,0,1
thepoliticalcarnival.blogspot.com,gctelegram.com,0,0,0.0,0.0,13,0.0,12,1
wtkr.com,slate.com,0,0,0.0,0.0,12,0.0,4,1
blogher.com,haaretz.com,0,0,0.0,0.0,36,0.0,5,2
sanluisobispo.com,yorkdispatch.inyork.com,0,0,0.0,0.0,48,0.0,3,1
rollingstone.com,alternet.org,0,1,0.05263157894736842,0.3396232718951086,64,0.05263157894736842,0,10
iafrica.com,cbs4.com,0,0,0.0,0.0,32,0.0,3,4
kmir6.com,thepittsburghchannel.com,0,0,0.0,0.0,6,0.0,0,3
asia.news.yahoo.com,ksl.com,0,0,0.0,0.0,0,0.0,0,0
hollywoodreporter.com,chacha.com,0,1,0.1,0.29120667621996243,18,0.03225806451612903,1,2
marketplace.publicradio.org,jpost.com,0,0,0.0,0.0,0,0.0,0,0
allafrica.com,informador.com.mx,0,1,0.2,0.2790553132756236,9,0.027777777777777776,0,2
catholicexchange.com,luxlibertas.com,0,0,0.0,0.0,52,0.0,1,7
diariovasco.com,kivitv.com,0,0,0.0,0.0,8,0.0,1,3
prevuze.blogspot.com,timesargus.com,0,0,0.0,0.0,30,0.0,1,6
news.cnet.com,chesterchronicle.co.uk,0,0,0.0,0.0,72,0.0,8,6
alternet.org,telegram.com,0,0,0.0,0.0,16,0.0,7,1
fox47news.com,sportsnipe.com,0,0,0.0,0.0,12,0.0,0,3
care2.com,timesofindia.indiatimes.com,0,0,0.0,0.0,60,0.0,0,4
krla870.townhall.com,columbustelegram.com,0,0,0.0,0.0,3,0.0,0,1
propeller.com,dailypost.co.uk,0,0,0.0,0.0,110,0.0,4,6
rgj.com,feeds.latimes.com,0,0,0.0,0.0,12,0.0,0,2
michnews.com,popmatters.com,0,0,0.0,0.0,15,0.0,0,2
nhregister.com,reuters.com,0,0,0.0,0.0,217,0.0,4,8
local10.com,cgi.cnn.com,0,0,0.0,0.0,12,0.0,1,2
napavalleyregister.com,star-telegram.com,0,0,0.0,0.0,9,0.0,0,2
icbirmingham.icnetwork.co.uk,foxreno.com,0,0,0.0,0.0,15,0.0,0,3
cbs2.com,independent.co.uk,0,0,0.0,0.0,28,0.0,0,4
phillyburbs.com,gainesville.com,0,1,0.14285714285714285,0.30692767643013485,15,0.038461538461538464,1,3
news.smh.com.au,sports.yahoo.com,0,0,0.0,0.0,448,0.0,8,5
moneycentral.msn.com,dailyexpress.co.uk,0,0,0.0,0.0,9,0.0,1,3
buffalonews.com,mysanantonio.com,0,0,0.0,0.0,8,0.0,1,1
dailypost.co.uk,charlotte.com,0,0,0.0,0.0,22,0.0,5,1
bit.ly,hindustantimes.com,0,0,0.0,0.0,56,0.0,2,5
icwolverhampton.icnetwork.co.uk,mysanantonio.com,0,0,0.0,0.0,8,0.0,0,1
truthout.org,freep.com,0,0,0.0,0.0,171,0.0,11,7
bbc.co.uk,malaysia.news.yahoo.com,0,0,0.0,0.0,6,0.0,1,2
firstread.msnbc.msn.com,yorkdispatch.inyork.com,0,0,0.0,0.0,30,0.0,3,1
prisonplanet.com,drudge.com,0,1,0.03571428571428571,0.3789231816899512,180,0.07142857142857142,12,4
newschannel10.com,northjersey.com,0,0,0.0,0.0,15,0.0,0,10
goozad.com,timesreporter.com,0,0,0.0,0.0,15,0.0,0,3
theksbwchannel.com,mirror.co.uk,0,0,0.0,0.0,105,0.0,0,8
mycentraljersey.com,tuscaloosanews.com,0,1,0.07692307692307693,0.40242960438184466,40,0.08333333333333333,7,2
cbs11tv.com,newsinfo.inquirer.net,0,0,0.0,0.0,4,0.0,0,2
ibdeditorials.com,weblogs.chicagotribune.com,0,0,0.0,0.0,72,0.0,7,3
herald-zeitung.com,tsn.ca,0,0,0.0,0.0,16,0.0,2,3
kivitv.com,gazette.com,0,0,0.0,0.0,44,0.0,1,8
casperstartribune.net,wtnh.com,0,0,0.0,0.0,3,0.0,0,1
presstelegram.com,santamariatimes.com,0,0,0.0,0.0,1,0.0,0,1
clickondetroit.com,youtube.com,0,0,0.0,0.0,12,0.0,0,2
azdailysun.com,dispatchpolitics.com,0,0,0.0,0.0,6,0.0,0,3
feeds.stlouisnews.net,kansas.com,0,0,0.0,0.0,33,0.0,6,2
mercedsunstar.com,firstcoastnews.com,0,0,0.0,0.0,6,0.0,3,1
timesdispatch.com,chacha.com,0,0,0.0,0.0,45,0.0,0,2
starpulse.com,grandforksherald.com,0,0,0.0,0.0,80,0.0,8,4
theolympian.com,theunion.com,0,0,0.0,0.0,9,0.0,0,1
aceshowbiz.com,sfgate.com,0,1,0.03225806451612903,0.48089834696298783,135,0.125,0,13
theodoresworld.net,recordpub.com,0,0,0.0,0.0,20,0.0,1,3
news.sky.com,kptv.com,0,0,0.0,0.0,39,0.0,11,3
thebostonchannel.com,forum.dvdtalk.com,0,0,0.0,0.0,77,0.0,0,7
sandiego.craigslist.org,theadvertiser.com,0,0,0.0,0.0,12,0.0,3,2
jpost.com,mlive.com,0,0,0.0,0.0,24,0.0,3,2
icelebz.com,examiner.co.uk,0,0,0.0,0.0,45,0.0,2,5
nhregister.com,progressivenewsdaily.com,0,0,0.0,0.0,49,0.0,4,6
twocircles.net,myrtlebeachonline.com,0,0,0.0,0.0,45,0.0,2,3
dailyreportonline.com,the-dispatch.com,0,0,0.0,0.0,8,0.0,0,1
smartgirlpolitics.ning.com,area52hkh.net,0,0,0.0,0.0,6,0.0,0,4
kcbs.com,nashuatelegraph.com,0,0,0.0,0.0,0,0.0,0,3
latimes.com,timesfreepress.com,0,0,0.0,0.0,9,0.0,6,1
wraithbait.com,napavalleyregister.com,0,0,0.0,0.0,18,0.0,4,3
jam.canoe.ca,nevadaappeal.com,0,0,0.0,0.0,15,0.0,0,3
wyomingnews.com,squidoo.com,0,1,0.030303030303030304,0.2518706487516997,208,0.018867924528301886,23,3
thedaily.com.au,riverdaughter.wordpress.com,0,0,0.0,0.0,24,0.0,0,5
king5.com,megite.com,0,0,0.0,0.0,15,0.0,0,9
heraldnet.com,alternet.org,0,0,0.0,0.0,128,0.0,5,10
answerbag.com,nytimes.com,0,0,0.0,0.0,54,0.0,1,6
gle.am,torontosun.com,0,0,0.0,0.0,32,0.0,4,3
semissourian.com,scrippsnews.com,0,0,0.0,0.0,42,0.0,2,5
newsdaily.com,pr-inside.com,0,0,0.0,0.0,36,0.0,0,6
althouse.blogspot.com,560wind.townhall.com,0,0,0.0,0.0,6,0.0,0,4
sun-sentinel.com,dailybreeze.com,0,0,0.0,0.0,2,0.0,1,1
cnnwire.blogs.cnn.com,hispanicbusiness.com,0,1,0.07692307692307693,0.32351545314867247,45,0.045454545454545456,7,5
semissourian.com,wmal.com,0,0,0.0,0.0,36,0.0,2,1
examiner.com,weht.com,0,0,0.0,0.0,0,0.0,8,0
mlb.mlb.com,leftword.blogdig.net,0,0,0.0,0.0,77,0.0,5,9
yidwithlid.blogspot.com,daily-herald.com,0,0,0.0,0.0,24,0.0,1,3
gretawire.foxnews.com,myfoxatlanta.com,0,0,0.0,0.0,10,0.0,6,1
eldiariomontanes.es,localnews8.com,0,0,0.0,0.0,2,0.0,2,1
nymag.com,kdvr.com,0,0,0.0,0.0,0,0.0,2,0
sundaysun.co.uk,rightwingnews.com,0,0,0.0,0.0,64,0.0,2,4
pajamasmedia.com,sandiego.craigslist.org,0,0,0.0,0.0,60,0.0,4,3
theglobeandmail.com,fremonttribune.com,0,0,0.0,0.0,41,0.0,31,1
cbs11tv.com,freedomeden.blogspot.com,0,0,0.0,0.0,10,0.0,0,3
courierpostonline.com,todayszaman.com,0,0,0.0,0.0,0,0.0,0,2
blog.sina.com.cn,570news.com,0,0,0.0,0.0,6,0.0,2,1
crooksandliars.com,salon.com,0,0,0.0,0.0,240,0.0,1,8
thehindu.com,elecodiario.es,0,0,0.0,0.0,0,0.0,0,0
ace.new.mu.nu,blackpoliticsontheweb.com,0,0,0.0,0.0,14,0.0,2,2
wmtw.com,propeller.com,0,0,0.0,0.0,80,0.0,4,6
sportsillustrated.cnn.com,indeonline.com,0,0,0.0,0.0,6,0.0,0,1
twocircles.net,kpax.com,0,1,0.06666666666666667,0.2442393366759723,15,0.016666666666666666,2,1
trentonian.com,abs-cbnnews.com,0,0,0.0,0.0,28,0.0,2,4
the-dispatch.com,mohavedailynews.com,0,0,0.0,0.0,2,0.0,1,1
muscatinejournal.com,newsok.com,0,0,0.0,0.0,45,0.0,3,6
media.idahostatesman.com,wlsam.com,0,0,0.0,0.0,8,0.0,1,1
mlb.mlb.com,feeds.feedburner.com,0,0,0.0,0.0,35,0.0,5,3
herald-zeitung.com,local6.com,0,0,0.0,0.0,8,0.0,2,4
winnipegsun.com,beatricedailysun.com,0,0,0.0,0.0,8,0.0,6,1
denverpost.com,calgarysun.com,0,0,0.0,0.0,12,0.0,1,2
dandelionsalad.wordpress.com,elpais.com,0,0,0.0,0.0,8,0.0,2,0
blogcritics.org,thesouthern.com,0,0,0.0,0.0,2,0.0,0,1
